cod,depto,municipio,cep1v,abe1v,margen1v,cep2v,abe2v,margen2v,delta_margen,share_abe2v_pct,share_abe_esperado_pct,over_pp,over_votos,votant1v,votant2v,delta_votant,matched
01004,Antioquia,ABEJORRAL,924,4191,3267,1407,7216,5809,2542,83.68,83.22,0.46,39,7590,8879,1289,1
01007,Antioquia,ABRIAQUI,102,592,490,170,1011,841,351,85.61,87.72,-2.12,-25,1097,1214,117,1
01010,Antioquia,ALEJANDRIA,389,1811,1422,504,2450,1946,524,82.94,82.3,0.63,18,2760,3024,264,1
01013,Antioquia,AMAGA,3882,6531,2649,5478,8746,3268,619,61.49,64.25,-2.76,-392,13229,14691,1462,1
01016,Antioquia,AMALFI,1140,4087,2947,2147,6352,4205,1258,74.74,77.41,-2.68,-227,6760,9017,2257,1
01019,Antioquia,ANDES,2566,10148,7582,3773,15574,11801,4219,80.5,82.01,-1.51,-292,17719,19847,2128,1
01022,Antioquia,ANGELOPOLIS,544,1619,1075,835,2365,1530,455,73.91,76.22,-2.32,-74,2955,3318,363,1
01025,Antioquia,ANGOSTURA,559,1816,1257,1907,3959,2052,795,67.49,77.94,-10.45,-612,3667,6544,2877,1
01028,Antioquia,ANORI,1275,1811,536,3849,2820,-1029,-1565,42.29,60.4,-18.11,-1208,3813,7208,3395,1
01031,Antioquia,ANTIOQUIA,3261,5907,2646,4482,8535,4053,1407,65.57,67.42,-1.85,-240,12290,13524,1234,1
01034,Antioquia,ANZA,400,1811,1411,582,2837,2255,844,82.98,83.35,-0.38,-12,2953,3516,563,1
01035,Antioquia,APARTADO,32102,16661,-15441,41593,19891,-21702,-6261,32.35,36.27,-3.92,-2411,54916,63034,8118,1
01037,Antioquia,ARBOLETES,4120,4837,717,5318,6990,1672,955,56.79,55.49,1.3,159,9852,12504,2652,1
01039,Antioquia,ARGELIA,334,1946,1612,444,3006,2562,950,87.13,86.77,0.36,12,3202,3518,316,1
01040,Antioquia,ARMENIA,400,1311,911,544,1923,1379,468,77.95,79.38,-1.44,-35,2305,2521,216,1
01043,Antioquia,BARBOSA,6929,11617,4688,9313,15604,6291,1603,62.62,64.64,-2.02,-503,24555,26058,1503,1
01049,Antioquia,BELLO,63055,116690,53635,87019,144162,57143,3508,62.36,64.5,-2.14,-4948,228294,239132,10838,1
01046,Antioquia,BELMIRA,351,1611,1260,516,2509,1993,733,82.94,81.49,1.45,43,2771,3144,373,1
01052,Antioquia,BETANIA,494,2365,1871,704,3415,2711,840,82.91,83.18,-0.27,-11,3661,4217,556,1
01055,Antioquia,BETULIA,605,3581,2976,858,5607,4749,1773,86.73,86.49,0.24,15,5703,6637,934,1
01058,Antioquia,BOLIVAR,1642,7523,5881,2358,10287,7929,2048,81.35,83.18,-1.83,-231,11908,12964,1056,1
01062,Antioquia,BRICEÑO,437,1022,585,761,1588,827,242,67.6,71.04,-3.44,-80,1888,2487,599,1
01061,Antioquia,BURITICA,1075,1749,674,1469,2713,1244,570,64.87,64.84,0.03,1,3527,4322,795,1
01064,Antioquia,CACERES,3635,2099,-1536,5764,2806,-2958,-1422,32.74,38.91,-6.16,-528,6491,8800,2309,1
01067,Antioquia,CAICEDO,493,1363,870,765,2788,2023,1153,78.47,78.76,-0.29,-10,3096,3689,593,1
01070,Antioquia,CALDAS,13435,22385,8950,18478,28848,10370,1420,60.96,62.39,-1.43,-676,47528,49444,1916,1
01073,Antioquia,CAMPAMENTO,426,1131,705,2136,2227,91,-614,51.04,73.49,-22.45,-979,2074,4717,2643,1
01078,Antioquia,CARACOLI,445,1129,684,597,1658,1061,377,73.53,74.12,-0.6,-13,1991,2312,321,1
01079,Antioquia,CARAMANTA,387,1168,781,576,2152,1576,795,78.89,79.85,-0.96,-26,2420,2802,382,1
01080,Antioquia,CAREPA,12538,7089,-5449,16044,9119,-6925,-1476,36.24,38.78,-2.54,-638,22386,25857,3471,1
01082,Antioquia,CARMEN DE VIBORAL,7719,19259,11540,10601,23928,13327,1787,69.3,70.38,-1.08,-373,34724,35645,921,1
01085,Antioquia,CAROLINA,483,1350,867,672,1883,1211,344,73.7,74.41,-0.72,-18,2402,2630,228,1
01088,Antioquia,CAUCASIA,18877,14390,-4487,24556,17048,-7508,-3021,40.98,44.59,-3.61,-1503,37632,42817,5185,1
01076,Antioquia,CAÑASGORDAS,1044,4258,3214,1483,6839,5356,2142,82.18,83.52,-1.34,-111,7586,8511,925,1
01106,Antioquia,CHIGORODO,13171,8393,-4778,17140,10458,-6682,-1904,37.89,41.16,-3.27,-901,24689,28341,3652,1
01091,Antioquia,CISNEROS,1639,3523,1884,2267,4575,2308,424,66.87,70.09,-3.22,-220,6693,7093,400,1
01094,Antioquia,COCORNA,1017,5912,4895,1360,7935,6575,1680,85.37,85.45,-0.08,-7,8811,9522,711,1
01097,Antioquia,CONCEPCION,278,1902,1624,372,2546,2174,550,87.25,86.37,0.89,25,2761,2996,235,1
01100,Antioquia,CONCORDIA,901,4234,3333,1298,6379,5081,1748,83.09,83.76,-0.67,-51,6872,7906,1034,1
01103,Antioquia,COPACABANA,13240,23129,9889,18110,28709,10599,710,61.32,63.12,-1.8,-841,46373,48462,2089,1
01109,Antioquia,DABEIBA,2923,3711,788,4544,5194,650,-138,53.34,58.36,-5.02,-488,7842,9999,2157,1
01112,Antioquia,DON MATIAS,1263,6501,5238,1841,8160,6319,1081,81.59,82.59,-1.0,-99,9894,10362,468,1
01115,Antioquia,EBEJICO,946,3233,2287,1206,5020,3814,1527,80.63,79.49,1.14,71,5640,6396,756,1
01117,Antioquia,EL BAGRE,6230,5608,-622,10709,7847,-2862,-2240,42.29,49.4,-7.11,-1320,13919,19252,5333,1
01118,Antioquia,ENTRERRIOS,775,3765,2990,1154,4749,3595,605,80.45,80.58,-0.13,-7,5842,6111,269,1
01121,Antioquia,ENVIGADO,23934,106750,82816,35667,126432,90765,7949,78.0,78.87,-0.87,-1413,164295,166653,2358,1
01124,Antioquia,FREDONIA,2065,4536,2471,2890,6770,3880,1409,70.08,71.94,-1.86,-179,8864,9960,1096,1
01127,Antioquia,FRONTINO,2033,3173,1140,3352,4832,1480,340,59.04,64.11,-5.07,-414,6669,8460,1791,1
01130,Antioquia,GIRALDO,876,1446,570,1336,1902,566,-4,58.74,64.92,-6.18,-200,2869,3329,460,1
01133,Antioquia,GIRARDOTA,8511,16081,7570,11805,20635,8830,1260,63.61,65.24,-1.63,-528,32202,33813,1611,1
01136,Antioquia,GOMEZ PLATA,691,2944,2253,968,4070,3102,849,80.79,80.39,0.39,19,4741,5243,502,1
01139,Antioquia,GRANADA,589,4553,3964,857,5316,4459,495,86.12,87.27,-1.15,-71,5971,6289,318,1
01140,Antioquia,GUADALUPE,823,1028,205,1804,1683,-121,-326,48.26,57.81,-9.55,-332,2303,3749,1446,1
01142,Antioquia,GUARNE,6465,18974,12509,8833,23505,14672,2163,72.69,73.42,-0.74,-238,32368,33537,1169,1
01145,Antioquia,GUATAPE,799,3883,3084,1147,4816,3669,585,80.76,82.25,-1.48,-88,5982,6138,156,1
01148,Antioquia,HELICONIA,588,1471,883,791,2438,1647,764,75.5,75.42,0.08,2,2924,3335,411,1
01150,Antioquia,HISPANIA,476,1620,1144,651,2242,1591,447,77.5,77.41,0.09,2,2620,2958,338,1
01151,Antioquia,ITAGUI,39461,90656,51195,55270,109001,53731,2536,66.35,68.27,-1.92,-3151,163596,169903,6307,1
01154,Antioquia,ITUANGO,1547,2001,454,2499,3067,568,114,55.1,59.92,-4.82,-268,4928,5881,953,1
01157,Antioquia,JARDIN,1918,4799,2881,2594,6478,3884,1003,71.41,72.96,-1.55,-140,8601,9336,735,1
01160,Antioquia,JERICO,1228,4143,2915,1637,5634,3997,1082,77.49,78.35,-0.86,-62,7001,7494,493,1
01163,Antioquia,LA CEJA,8622,27398,18776,12236,33830,21594,2818,73.44,73.9,-0.47,-214,46829,47666,837,1
01166,Antioquia,LA ESTRELLA,10269,22579,12310,14566,28378,13812,1502,66.08,68.14,-2.06,-883,42562,44432,1870,1
01170,Antioquia,LA PINTADA,1191,1908,717,1504,2715,1211,494,64.35,64.37,-0.02,0,3779,4330,551,1
01169,Antioquia,LA UNION,2392,7448,5056,3632,10805,7173,2117,74.84,74.91,-0.07,-10,14120,14967,847,1
01172,Antioquia,LIBORINA,700,3029,2329,965,4466,3501,1172,82.23,81.95,0.28,15,4861,5540,679,1
01175,Antioquia,MACEO,867,2517,1650,1192,3650,2458,808,75.38,76.88,-1.5,-72,4441,4963,522,1
01178,Antioquia,MARINILLA,7013,23357,16344,10033,28755,18722,2378,74.13,75.13,-0.99,-385,38613,39781,1168,1
01001,Antioquia,MEDELLIN,300729,676358,375629,421839,819285,397446,21817,66.01,68.02,-2.01,-24914,1241123,1283039,41916,1
01181,Antioquia,MONTEBELLO,610,1580,970,854,2782,1928,958,76.51,76.72,-0.21,-7,3363,3785,422,1
01184,Antioquia,MURINDO,1491,73,-1418,1994,131,-1863,-445,6.16,6.41,-0.24,-5,1634,2142,508,1
01187,Antioquia,MUTATA,3065,2151,-914,4329,2879,-1450,-536,39.94,43.81,-3.87,-278,5876,7353,1477,1
01190,Antioquia,NARIÑO,315,2383,2068,416,3833,3417,1349,90.21,89.38,0.83,35,3797,4342,545,1
01191,Antioquia,NECHI,2469,3241,772,3641,5096,1455,683,58.33,58.75,-0.42,-36,6422,8915,2493,1
01192,Antioquia,NECOCLI,5919,7488,1569,8144,11647,3503,1934,58.85,58.53,0.32,64,15610,20273,4663,1
01193,Antioquia,OLAYA,259,938,679,374,1438,1064,385,79.36,81.19,-1.83,-33,1634,1843,209,1
01199,Antioquia,PEQUE,876,1188,312,1169,2264,1095,783,65.95,66.65,-0.7,-24,3060,3524,464,1
01196,Antioquia,PEÑOL,1624,7725,6101,2168,10194,8026,1925,82.46,81.49,0.97,120,11862,12620,758,1
01202,Antioquia,PUEBLORRICO,569,2251,1682,760,3350,2590,908,81.51,81.23,0.28,11,3650,4192,542,1
01205,Antioquia,PUERTO BERRIO,5517,7444,1927,7237,9100,1863,-64,55.7,58.79,-3.09,-505,15021,16875,1854,1
01168,Antioquia,PUERTO NARE-LA MAGDALENA,2584,2222,-362,3299,3302,3,365,50.02,51.15,-1.13,-74,5883,6750,867,1
01206,Antioquia,PUERTO TRIUNFO,2061,4688,2627,2523,6025,3502,875,70.48,70.48,0.0,0,7980,8745,765,1
01208,Antioquia,REMEDIOS,3584,3066,-518,6285,4312,-1973,-1455,40.69,48.02,-7.33,-776,8062,11415,3353,1
01211,Antioquia,RETIRO,2139,11323,9184,3019,14610,11591,2407,82.87,83.71,-0.83,-146,17666,18059,393,1
01214,Antioquia,RIONEGRO,18050,58712,40662,24993,74165,49172,8510,74.79,75.9,-1.1,-1091,100692,102328,1636,1
01217,Antioquia,SABANALARGA,504,2116,1612,788,3410,2622,1010,81.23,83.06,-1.83,-76,3546,4295,749,1
01218,Antioquia,SABANETA,11895,43977,32082,17612,52751,35139,3057,74.97,75.88,-0.91,-639,71369,72437,1068,1
01220,Antioquia,SALGAR,454,4025,3571,724,6243,5519,1948,89.61,89.92,-0.31,-21,5823,7108,1285,1
01223,Antioquia,SAN ANDRES,427,1202,775,677,1828,1151,376,72.97,74.75,-1.78,-44,2335,2664,329,1
01226,Antioquia,SAN CARLOS,1498,5447,3949,1937,7152,5215,1266,78.69,79.56,-0.87,-78,8801,9304,503,1
01227,Antioquia,SAN FRANCISCO,438,1686,1248,591,2561,1970,722,81.25,80.71,0.54,17,2827,3202,375,1
01229,Antioquia,SAN JERONIMO,1463,4532,3069,1882,6172,4290,1221,76.63,77.06,-0.42,-34,7670,8311,641,1
01230,Antioquia,SAN JOSE DE LA MONTAÑA,191,927,736,307,1358,1051,315,81.56,80.44,1.12,18,1602,1739,137,1
01231,Antioquia,SAN JUAN DE URABA,3097,3525,428,4318,5803,1485,1057,57.34,56.8,0.53,53,7710,10309,2599,1
01232,Antioquia,SAN LUIS,1045,4632,3587,1404,5866,4462,875,80.69,81.28,-0.59,-43,6844,7420,576,1
01235,Antioquia,SAN PEDRO,2106,9059,6953,3272,12054,8782,1829,78.65,79.56,-0.91,-140,14943,15937,994,1
01237,Antioquia,SAN PEDRO DE URABA,3017,6831,3814,3782,10061,6279,2465,72.68,71.14,1.54,213,11554,14123,2569,1
01238,Antioquia,SAN RAFAEL,1230,4376,3146,1845,6167,4322,1176,76.97,78.58,-1.61,-129,7555,8260,705,1
01241,Antioquia,SAN ROQUE,1201,4664,3463,1800,7385,5585,2122,80.4,82.59,-2.19,-201,8576,9456,880,1
01244,Antioquia,SAN VICENTE,1325,7424,6099,1877,10278,8401,2302,84.56,83.89,0.67,81,11730,12460,730,1
01247,Antioquia,SANTA BARBARA,2822,5987,3165,3810,8662,4852,1687,69.45,69.85,-0.4,-49,11636,12905,1269,1
01250,Antioquia,SANTA ROSA DE OSOS,2427,9396,6969,3677,13415,9738,2769,78.49,79.37,-0.88,-150,17437,17895,458,1
01253,Antioquia,SANTO DOMINGO,861,2965,2104,1164,4516,3352,1248,79.51,79.33,0.18,10,5376,5871,495,1
01256,Antioquia,SANTUARIO,2126,16197,14071,3195,19355,16160,2089,85.83,86.18,-0.35,-79,22139,23054,915,1
01259,Antioquia,SEGOVIA,6457,3588,-2869,10036,4826,-5210,-2341,32.47,38.73,-6.26,-930,12200,15626,3426,1
01262,Antioquia,SONSON,1679,9028,7349,2589,14596,12007,4658,84.93,85.7,-0.77,-132,16399,17663,1264,1
01265,Antioquia,SOPETRAN,1713,3047,1334,2359,5732,3373,2039,70.84,72.83,-1.98,-160,7446,8301,855,1
01268,Antioquia,TAMESIS,1964,4240,2276,2753,6343,3590,1314,69.73,71.95,-2.22,-201,8569,9377,808,1
01270,Antioquia,TARAZA,3594,2214,-1380,5938,3029,-2909,-1529,33.78,41.17,-7.39,-662,6812,9295,2483,1
01271,Antioquia,TARSO,754,1374,620,1010,2212,1202,582,68.65,69.8,-1.14,-36,2930,3301,371,1
01274,Antioquia,TITIRIBI,858,1933,1075,1161,3204,2043,968,73.4,73.43,-0.03,-1,4087,4496,409,1
01277,Antioquia,TOLEDO,426,822,396,646,1331,685,289,67.32,68.75,-1.43,-28,1820,2130,310,1
01280,Antioquia,TURBO,26437,13435,-13002,35181,17449,-17732,-4730,33.15,36.12,-2.97,-1562,44598,53889,9291,1
01282,Antioquia,URAMITA,610,1464,854,913,2509,1596,742,73.32,75.02,-1.7,-58,2862,3514,652,1
01283,Antioquia,URRAO,1979,6415,4436,2895,8951,6056,1620,75.56,77.15,-1.59,-188,10775,12217,1442,1
01286,Antioquia,VALDIVIA,1387,1495,108,2394,2183,-211,-319,47.69,54.0,-6.3,-288,3472,4742,1270,1
01289,Antioquia,VALPARAISO,937,1550,613,1098,2273,1175,562,67.43,67.01,0.42,14,3202,3470,268,1
01290,Antioquia,VEGACHI,722,3100,2378,1203,4600,3397,1019,79.27,80.84,-1.57,-90,4892,6073,1181,1
01292,Antioquia,VENECIA,1035,3500,2465,1373,4928,3555,1090,78.21,78.83,-0.62,-39,5735,6433,698,1
01291,Antioquia,VIGIA DEL FUERTE,1663,266,-1397,2493,522,-1971,-574,17.31,19.31,-1.99,-60,2220,3048,828,1
01293,Antioquia,YALI,506,1418,912,727,2265,1538,626,75.7,75.48,0.22,6,2427,3090,663,1
01295,Antioquia,YARUMAL,3096,9119,6023,4985,12617,7632,1609,71.68,73.64,-1.96,-344,16518,18465,1947,1
01298,Antioquia,YOLOMBO,1615,3987,2372,2071,6166,4095,1723,74.86,73.45,1.41,115,7718,8528,810,1
01300,Antioquia,YONDO-CASABE,3711,4286,575,4941,5186,245,-330,51.21,55.68,-4.47,-453,9397,10486,1089,1
01301,Antioquia,ZARAGOZA,3012,2263,-749,5276,3614,-1662,-913,40.65,46.74,-6.09,-541,6413,9259,2846,1
03004,Atlántico,BARANOA,17979,9686,-8293,23514,11462,-12052,-3759,32.77,35.83,-3.06,-1069,29388,35375,5987,1
03001,Atlántico,BARRANQUILLA,281123,272331,-8792,375178,309652,-65526,-56734,45.22,49.17,-3.96,-27112,601596,695177,93581,1
03007,Atlántico,CAMPO DE LA CRUZ,2878,4989,2111,4448,6764,2316,205,60.33,64.54,-4.22,-472,8526,11338,2812,1
03010,Atlántico,CANDELARIA,1964,3401,1437,3132,4579,1447,10,59.38,64.09,-4.71,-363,5753,7807,2054,1
03013,Atlántico,GALAPA,14528,6432,-8096,19739,7774,-11965,-3869,28.26,31.56,-3.3,-909,22326,27849,5523,1
03016,Atlántico,JUAN DE ACOSTA,3605,5145,1540,4980,6644,1664,124,57.16,58.94,-1.78,-207,9398,11747,2349,1
03019,Atlántico,LURUACO,5206,5096,-110,6915,6599,-316,-206,48.83,50.32,-1.49,-201,10990,13710,2720,1
03022,Atlántico,MALAMBO,29475,11621,-17854,40114,14368,-25746,-7892,26.37,29.24,-2.86,-1560,43419,55146,11727,1
03025,Atlántico,MANATI,1944,3508,1564,2755,4995,2240,676,64.45,65.04,-0.59,-45,5938,7848,1910,1
03028,Atlántico,PALMAR DE VARELA,7637,4074,-3563,10125,4711,-5414,-1851,31.75,35.35,-3.59,-533,12317,15019,2702,1
03031,Atlántico,PIOJO,1431,1167,-264,1883,1709,-174,90,47.58,47.9,-0.32,-11,2854,3624,770,1
03034,Atlántico,POLONUEVO,5660,2281,-3379,7171,2610,-4561,-1182,26.68,29.4,-2.71,-265,8298,9877,1579,1
03035,Atlántico,PONEDERA,4372,4083,-289,6437,5111,-1326,-1037,44.26,49.13,-4.87,-562,9040,11693,2653,1
03037,Atlántico,PUERTO COLOMBIA,11515,8590,-2925,15357,9728,-5629,-2704,38.78,43.24,-4.46,-1118,21653,25375,3722,1
03040,Atlántico,REPELON,4942,4475,-467,6553,5447,-1106,-639,45.39,48.46,-3.06,-367,10238,12186,1948,1
03043,Atlántico,SABANAGRANDE,7952,4633,-3319,10689,5535,-5154,-1835,34.12,37.41,-3.29,-533,13523,16437,2914,1
03046,Atlántico,SABANALARGA,24095,12642,-11453,32762,15432,-17330,-5877,32.02,35.92,-3.9,-1879,39333,48822,9489,1
03047,Atlántico,SANTA LUCIA,1596,2613,1017,2182,4550,2368,1351,67.59,69.69,-2.1,-141,5941,6807,866,1
03049,Atlántico,SANTO TOMAS,8522,4822,-3700,11140,5482,-5658,-1958,32.98,37.05,-4.07,-676,14225,16838,2613,1
03052,Atlántico,SOLEDAD,104590,54568,-50022,136134,63916,-72218,-22196,31.95,35.0,-3.05,-6091,169553,203039,33486,1
03055,Atlántico,SUAN,1661,3151,1490,2216,3672,1456,-34,62.36,65.64,-3.27,-192,5069,5973,904,1
03058,Atlántico,TUBARA,3576,2085,-1491,4890,2552,-2338,-847,34.29,38.04,-3.75,-279,6017,7512,1495,1
03061,Atlántico,USIACURI,2942,1391,-1551,4089,1799,-2290,-739,30.55,34.46,-3.91,-230,4752,5960,1208,1
05004,Bolívar,ACHI,2215,4658,2443,2866,7061,4195,1752,71.13,70.41,0.72,71,7992,10042,2050,1
05006,Bolívar,ALTOS DEL ROSARIO,1104,1954,850,1478,2556,1078,228,63.36,64.03,-0.67,-26,3221,4089,868,1
05005,Bolívar,ARENAL,1723,1103,-620,2292,1441,-851,-231,38.6,40.33,-1.73,-64,3030,3808,778,1
05007,Bolívar,ARJONA,17814,7380,-10434,23546,9366,-14180,-3746,28.46,30.81,-2.35,-774,27341,33552,6211,1
05009,Bolívar,ARROYO HONDO,982,2650,1668,1324,3525,2201,533,72.7,73.27,-0.57,-27,3913,4915,1002,1
05010,Bolívar,BARRANCO DE LOBA,1917,3084,1167,2518,3956,1438,271,61.11,62.4,-1.3,-84,5326,6549,1223,1
05013,Bolívar,CALAMAR,3427,4103,676,4619,5847,1228,552,55.87,55.84,0.02,2,8234,10674,2440,1
05014,Bolívar,CANTAGALLO,2519,1781,-738,3271,2041,-1230,-492,38.42,42.73,-4.3,-228,4571,5383,812,1
05001,Bolívar,CARTAGENA,239504,142674,-96830,324123,166049,-158074,-61244,33.88,38.44,-4.57,-22388,420599,498693,78094,1
05015,Bolívar,CICUCO,2873,1539,-1334,3631,2513,-1118,216,40.9,37.42,3.48,214,4809,6210,1401,1
05018,Bolívar,CLEMENCIA,3422,1831,-1591,4639,2530,-2109,-518,35.29,36.59,-1.3,-93,5674,7295,1621,1
05016,Bolívar,CORDOBA,4175,2778,-1397,5131,3659,-1472,-75,41.63,41.02,0.6,52,7321,8889,1568,1
05022,Bolívar,EL CARMEN DE BOLIVAR,10555,14641,4086,13045,19367,6322,2236,59.75,59.83,-0.07,-24,27903,33012,5109,1
05025,Bolívar,EL GUAMO,1458,1784,326,2016,2560,544,218,55.94,55.61,0.33,15,3428,4622,1194,1
05027,Bolívar,EL PEÑON,1257,1343,86,1580,1811,231,145,53.41,52.95,0.46,15,2762,3415,653,1
05026,Bolívar,HATILLO DE LOBA,1534,3349,1815,1994,4283,2289,474,68.23,69.41,-1.18,-73,5187,6336,1149,1
05028,Bolívar,MAGANGUE,27393,15168,-12225,34408,20048,-14360,-2135,36.82,37.29,-0.48,-259,45779,55218,9439,1
05031,Bolívar,MAHATES,4427,3564,-863,6164,5172,-992,-129,45.62,48.26,-2.64,-299,9125,11504,2379,1
05037,Bolívar,MARGARITA,1242,2779,1537,1603,3466,1863,326,68.38,69.82,-1.44,-72,4275,5111,836,1
05040,Bolívar,MARIA LA BAJA,10552,4495,-6057,14766,6184,-8582,-2525,29.52,32.57,-3.05,-639,16521,21267,4746,1
05043,Bolívar,MOMPOS,8271,7404,-867,10744,10185,-559,308,48.66,49.51,-0.85,-177,17182,21172,3990,1
05041,Bolívar,MONTECRISTO,1903,1514,-389,2558,2085,-473,-84,44.91,45.92,-1.01,-47,3687,4732,1045,1
05044,Bolívar,MORALES,2066,4284,2218,2778,5325,2547,329,65.72,68.13,-2.41,-195,6874,8244,1370,1
05050,Bolívar,NOROSI,1304,710,-594,1788,901,-887,-293,33.51,37.4,-3.9,-104,2182,2736,554,1
05059,Bolívar,PINILLOS,2291,4877,2586,2796,6479,3683,1097,69.85,68.98,0.88,81,7701,9361,1660,1
05063,Bolívar,REGIDOR,1431,969,-462,1639,1362,-277,185,45.38,41.35,4.04,121,2509,3033,524,1
05065,Bolívar,RIOVIEJO,1358,1701,343,1702,2249,547,204,56.92,56.77,0.15,6,3341,4014,673,1
05072,Bolívar,SAN CRISTOBAL,2285,1192,-1093,3039,1786,-1253,-160,37.02,35.35,1.66,80,3652,4877,1225,1
05070,Bolívar,SAN ESTANISLAO,3101,3494,393,4260,5070,810,417,54.34,54.66,-0.32,-29,7319,9483,2164,1
05073,Bolívar,SAN FERNANDO,1637,1899,262,2129,2636,507,245,55.32,54.76,0.56,26,3750,4812,1062,1
05076,Bolívar,SAN JACINTO,5173,5067,-106,6493,6710,217,323,50.82,51.49,-0.67,-88,11140,13357,2217,1
05078,Bolívar,SAN JACINTO DEL CAUCA,1134,1589,455,1345,2432,1087,632,64.39,60.92,3.47,130,3033,3809,776,1
05079,Bolívar,SAN JUAN NEPOMUCENO,5954,7609,1655,7728,9941,2213,558,56.26,56.76,-0.49,-87,14564,17980,3416,1
05082,Bolívar,SAN MARTIN DE LOBA,2589,2484,-105,3315,3446,131,236,50.97,50.45,0.52,35,5441,6829,1388,1
05084,Bolívar,SAN PABLO,4521,3802,-719,6645,4809,-1836,-1117,41.99,47.42,-5.43,-622,9262,11685,2423,1
05091,Bolívar,SANTA CATALINA,4011,1288,-2723,5675,1857,-3818,-1095,24.65,25.83,-1.18,-88,5635,7619,1984,1
05094,Bolívar,SANTA ROSA,5107,1575,-3532,7292,2374,-4918,-1386,24.56,25.65,-1.09,-104,7199,9811,2612,1
05095,Bolívar,SANTA ROSA DEL SUR,2799,10104,7305,3773,12161,8388,1083,76.32,78.23,-1.91,-304,14619,16373,1754,1
05097,Bolívar,SIMITI,2035,3770,1735,2842,4933,2091,356,63.45,66.15,-2.71,-210,6635,7914,1279,1
05106,Bolívar,SOPLAVIENTO,3669,969,-2700,4575,1298,-3277,-577,22.1,21.68,0.42,24,4821,5935,1114,1
05110,Bolívar,TALAIGUA NUEVO,2177,2840,663,2501,3599,1098,435,59.0,57.41,1.59,96,5259,6157,898,1
05113,Bolívar,TIQUISIO (PTO. RICO),2255,2490,235,3264,3518,254,19,51.87,53.91,-2.04,-138,5142,6893,1751,1
05118,Bolívar,TURBACO,22333,12311,-10022,30272,14803,-15469,-5447,32.84,36.84,-4.0,-1802,38023,45850,7827,1
05121,Bolívar,TURBANA,5995,2028,-3967,7877,2665,-5212,-1245,25.28,26.65,-1.37,-144,8532,10644,2112,1
05124,Bolívar,VILLANUEVA,3845,2916,-929,5216,4044,-1172,-243,43.67,45.03,-1.36,-126,7453,9432,1979,1
05127,Bolívar,ZAMBRANO,3889,1030,-2859,4610,1355,-3255,-396,22.72,21.56,1.16,69,5054,6024,970,1
07007,Boyacá,ALMEIDA,235,641,406,315,818,503,97,72.2,73.16,-0.96,-10,1008,1172,164,1
07008,Boyacá,AQUITANIA (PUEBLOVIEJO),1210,4882,3672,1760,7053,5293,1621,80.03,80.85,-0.82,-72,7555,8977,1422,1
07010,Boyacá,ARCABUCO,1019,1718,699,1259,2388,1129,430,65.48,64.67,0.81,29,3367,3748,381,1
07013,Boyacá,BELEN,1222,2430,1208,1594,3281,1687,479,67.3,67.97,-0.67,-32,4556,5020,464,1
07016,Boyacá,BERBEO,335,460,125,431,575,144,19,57.16,59.67,-2.51,-25,914,1031,117,1
07019,Boyacá,BETEITIVA,376,658,282,466,891,425,143,65.66,65.36,0.3,4,1225,1382,157,1
07022,Boyacá,BOAVITA,548,1704,1156,702,2187,1485,329,75.7,76.88,-1.18,-34,2713,2941,228,1
07025,Boyacá,BOYACA,673,1438,765,890,2199,1309,544,71.19,68.71,2.48,76,2446,3154,708,1
07028,Boyacá,BRICEÑO,192,1048,856,257,1349,1092,236,84.0,84.97,-0.97,-15,1439,1627,188,1
07031,Boyacá,BUENAVISTA,486,2257,1771,622,2780,2158,387,81.72,82.47,-0.76,-25,3120,3458,338,1
07034,Boyacá,BUSBANZA,169,404,235,194,546,352,117,73.78,71.68,2.1,15,687,752,65,1
07037,Boyacá,CALDAS,434,1193,759,574,1613,1039,280,73.75,74.38,-0.62,-13,1937,2246,309,1
07040,Boyacá,CAMPOHERMOSO,195,1060,865,253,1339,1086,221,84.11,84.33,-0.23,-3,1404,1620,216,1
07043,Boyacá,CERINZA,785,974,189,1055,1461,406,217,58.07,59.35,-1.28,-32,2352,2609,257,1
07064,Boyacá,CHINAVITA,353,1355,1002,468,1646,1178,176,77.86,79.72,-1.86,-39,1925,2139,214,1
07067,Boyacá,CHIQUINQUIRA,9233,15041,5808,11739,18637,6898,1090,61.35,62.95,-1.6,-485,29399,31250,1851,1
07068,Boyacá,CHIQUIZA,689,1480,791,904,2172,1268,477,70.61,68.67,1.95,59,2410,3127,717,1
07070,Boyacá,CHISCAS,209,1152,943,265,1498,1233,290,84.97,85.04,-0.07,-1,1592,1786,194,1
07073,Boyacá,CHITA,520,2402,1882,612,2967,2355,473,82.9,82.59,0.31,11,3235,3642,407,1
07076,Boyacá,CHITARAQUE,452,2043,1591,546,2955,2409,818,84.4,82.43,1.97,69,2922,3531,609,1
07077,Boyacá,CHIVATA,659,1067,408,928,1563,635,227,62.75,64.76,-2.02,-50,2268,2534,266,1
07078,Boyacá,CHIVOR,114,936,822,152,1091,939,117,87.77,88.43,-0.66,-8,1140,1262,122,1
07046,Boyacá,CIENEGA,280,1772,1492,377,2451,2074,582,86.67,85.91,0.76,21,2428,2875,447,1
07049,Boyacá,COMBITA,2125,2554,429,2873,3938,1065,636,57.82,58.28,-0.46,-31,6074,7023,949,1
07052,Boyacá,COPER,222,1424,1202,276,1791,1515,313,86.65,86.24,0.41,8,1798,2089,291,1
07055,Boyacá,CORRALES,524,931,407,659,1139,480,73,63.35,64.98,-1.63,-29,1735,1845,110,1
07058,Boyacá,COVARACHIA,195,1467,1272,250,1826,1576,304,87.96,88.58,-0.62,-12,1879,2097,218,1
07059,Boyacá,CUBARA,1679,1051,-628,2300,1288,-1012,-384,35.9,40.3,-4.41,-158,3042,3717,675,1
07060,Boyacá,CUCAITA,838,985,147,1091,1398,307,160,56.17,57.02,-0.85,-21,2212,2536,324,1
07061,Boyacá,CUITIVA,284,573,289,354,867,513,224,71.01,70.52,0.49,5,1108,1239,131,1
07079,Boyacá,DUITAMA,27239,29238,1999,35416,36015,599,-1400,50.42,53.2,-2.78,-1987,70029,73569,3540,1
07082,Boyacá,EL COCUY,271,1270,999,384,1622,1238,239,80.86,82.79,-1.93,-38,1845,2086,241,1
07085,Boyacá,EL ESPINO,154,916,762,196,1258,1062,300,86.52,86.84,-0.32,-4,1334,1480,146,1
07088,Boyacá,FIRAVITOBA,1384,1461,77,1860,2071,211,134,52.68,54.52,-1.84,-72,3595,4042,447,1
07091,Boyacá,FLORESTA,485,1578,1093,575,2002,1427,334,77.69,76.69,0.99,25,2446,2631,185,1
07094,Boyacá,GACHANTIVA,368,1176,808,481,1568,1087,279,76.53,77.52,-0.99,-20,1847,2095,248,1
07097,Boyacá,GAMEZA,387,1791,1404,520,2328,1808,404,81.74,82.38,-0.64,-18,2543,2889,346,1
07100,Boyacá,GARAGOA,2534,4280,1746,3271,5345,2074,328,62.04,63.39,-1.36,-116,8295,8876,581,1
07103,Boyacá,GUACAMAYAS,151,593,442,208,763,555,113,78.58,80.63,-2.05,-19,885,997,112,1
07106,Boyacá,GUATEQUE,1827,2901,1074,2380,3778,1398,324,61.35,63.33,-1.98,-121,5748,6339,591,1
07109,Boyacá,GUAYATA,378,1748,1370,485,2247,1762,392,82.25,82.72,-0.47,-12,2454,2765,311,1
07112,Boyacá,GUICAN,590,812,222,756,1063,307,85,58.44,60.01,-1.57,-28,1644,1876,232,1
07118,Boyacá,IZA,373,826,453,534,1041,507,54,66.1,69.81,-3.72,-58,1460,1616,156,1
07121,Boyacá,JENESANO,992,2441,1449,1323,3093,1770,321,70.04,71.38,-1.34,-59,3885,4495,610,1
07124,Boyacá,JERICO,166,1422,1256,198,1865,1667,411,90.4,89.55,0.85,17,1808,2086,278,1
07130,Boyacá,LA CAPILLA,315,1018,703,431,1302,871,168,75.13,76.63,-1.5,-26,1559,1762,203,1
07136,Boyacá,LA UVITA,164,1048,884,247,1326,1079,195,84.3,86.36,-2.06,-32,1428,1608,180,1
07137,Boyacá,LA VICTORIA,162,474,312,204,680,476,164,76.92,75.89,1.04,9,728,902,174,1
07127,Boyacá,LABRANZAGRANDE,299,1422,1123,397,1870,1473,350,82.49,82.53,-0.04,0,1886,2298,412,1
07142,Boyacá,MACANAL,394,1403,1009,514,1901,1387,378,78.72,77.94,0.78,18,2141,2480,339,1
07148,Boyacá,MARIPI,341,1996,1655,450,3020,2570,915,87.03,86.63,0.4,13,2840,3511,671,1
07151,Boyacá,MIRAFLORES,1900,2562,662,2332,3048,716,54,56.65,58.42,-1.77,-95,5073,5506,433,1
07154,Boyacá,MONGUA,375,2280,1905,474,2657,2183,278,84.86,85.8,-0.94,-29,2912,3160,248,1
07157,Boyacá,MONGUI,766,1546,780,962,1998,1036,256,67.5,68.77,-1.27,-37,2791,3027,236,1
07160,Boyacá,MONIQUIRA,3719,6697,2978,4714,8875,4161,1183,65.31,66.21,-0.9,-122,12702,13963,1261,1
07161,Boyacá,MOTAVITA,1528,1710,182,1921,2262,341,159,54.08,54.01,0.07,2,3702,4260,558,1
07163,Boyacá,MUZO,1160,2318,1158,1422,3005,1583,425,67.88,68.23,-0.35,-15,3994,4539,545,1
07166,Boyacá,NOBSA,5385,3101,-2284,6641,3984,-2657,-373,37.5,39.74,-2.24,-237,10169,10822,653,1
07169,Boyacá,NUEVO COLON,850,1873,1023,1083,2423,1340,317,69.11,69.12,-0.01,0,3088,3576,488,1
07173,Boyacá,OICATA,655,877,222,901,1196,295,73,57.03,59.74,-2.7,-56,1947,2161,214,1
07176,Boyacá,OTANCHE,643,3003,2360,919,3850,2931,571,80.73,82.87,-2.14,-102,4307,4832,525,1
07178,Boyacá,PACHAVITA,220,831,611,285,1099,814,203,79.41,79.56,-0.15,-2,1280,1414,134,1
07179,Boyacá,PAEZ,252,1178,926,305,1457,1152,226,82.69,81.9,0.79,13,1616,1804,188,1
07181,Boyacá,PAIPA,7950,9133,1183,10275,12342,2067,884,54.57,55.9,-1.33,-301,21582,23291,1709,1
07184,Boyacá,PAJARITO,187,776,589,344,864,520,-69,71.52,80.8,-9.27,-112,1079,1226,147,1
07187,Boyacá,PANQUEBA,145,584,439,179,770,591,152,81.14,81.79,-0.66,-6,884,971,87,1
07190,Boyacá,PAUNA,844,2325,1481,1045,3324,2279,798,76.08,75.18,0.9,39,3879,4441,562,1
07193,Boyacá,PAYA,115,755,640,174,1007,833,193,85.27,86.6,-1.33,-15,978,1202,224,1
07199,Boyacá,PAZ DE RIO,1103,854,-249,1433,1134,-299,-50,44.18,46.48,-2.3,-59,2381,2654,273,1
07202,Boyacá,PESCA,659,2246,1587,952,3215,2263,676,77.15,78.66,-1.5,-62,3590,4244,654,1
07205,Boyacá,PISBA,126,492,366,159,667,508,142,80.75,79.38,1.37,11,713,843,130,1
07214,Boyacá,PUERTO BOYACA,8243,12009,3766,10046,14527,4481,715,59.12,61.45,-2.33,-573,24642,25561,919,1
07215,Boyacá,QUIPAMA,445,1681,1236,544,2236,1692,456,80.43,80.05,0.38,10,2445,2833,388,1
07217,Boyacá,RAMIRIQUI,1504,3528,2024,1936,4634,2698,674,70.53,70.88,-0.35,-22,5865,6712,847,1
07220,Boyacá,RAQUIRA,884,2248,1364,1151,2884,1733,369,71.47,72.31,-0.83,-33,3786,4153,367,1
07223,Boyacá,RONDON,276,917,641,354,1188,834,193,77.04,77.63,-0.59,-9,1359,1568,209,1
07226,Boyacá,SABOYA,1767,3777,2010,2149,5118,2969,959,70.43,69.62,0.8,58,6565,7483,918,1
07232,Boyacá,SACHICA,837,1648,811,1021,2313,1292,481,69.38,65.25,4.13,137,3142,3426,284,1
07235,Boyacá,SAMACA,2519,5988,3469,3497,7955,4458,989,69.46,70.44,-0.97,-111,10612,11770,1158,1
07237,Boyacá,SAN EDUARDO,267,556,289,333,711,378,89,68.1,68.35,-0.24,-2,949,1074,125,1
07238,Boyacá,SAN JOSE DE PARE,528,1943,1415,677,2779,2102,687,80.41,79.67,0.74,25,3004,3504,500,1
07241,Boyacá,SAN LUIS DE GACENO,298,2132,1834,372,2451,2079,245,86.82,87.16,-0.34,-9,2650,2876,226,1
07247,Boyacá,SAN MATEO,219,1600,1381,280,1881,1601,220,87.04,87.72,-0.68,-14,2022,2198,176,1
07248,Boyacá,SAN MIGUEL DE SEMA,389,1105,716,517,1498,981,265,74.34,75.28,-0.94,-18,1845,2061,216,1
07249,Boyacá,SAN PABLO DE BORBUR,500,2415,1915,612,3257,2645,730,84.18,83.26,0.92,35,3485,3928,443,1
07251,Boyacá,SANTA MARIA,625,1072,447,776,1282,506,59,62.29,63.62,-1.33,-27,1951,2121,170,1
07253,Boyacá,SANTA ROSA DE VITERBO,1649,3449,1800,2274,4330,2056,256,65.57,67.42,-1.85,-122,6325,6766,441,1
07256,Boyacá,SANTA SOFIA,300,1505,1205,399,1875,1476,271,82.45,82.93,-0.48,-10,2127,2324,197,1
07250,Boyacá,SANTANA,935,2392,1457,1126,3320,2194,737,74.67,73.62,1.06,46,3903,4513,610,1
07259,Boyacá,SATIVANORTE,175,937,762,222,1314,1092,330,85.55,84.37,1.17,18,1351,1564,213,1
07262,Boyacá,SATIVASUR,134,371,237,190,582,392,155,75.39,74.49,0.9,6,612,789,177,1
07265,Boyacá,SIACHOQUE,854,1880,1026,1171,3129,1958,932,72.77,72.45,0.32,13,3740,4409,669,1
07268,Boyacá,SOATA,1301,2807,1506,1686,3541,1855,349,67.74,69.79,-2.04,-106,4952,5361,409,1
07274,Boyacá,SOCHA,1120,1879,759,1469,2853,1384,625,66.01,67.5,-1.49,-64,3964,4449,485,1
07271,Boyacá,SOCOTA,562,1997,1435,728,2837,2109,674,79.58,79.48,0.1,3,3157,3641,484,1
07277,Boyacá,SOGAMOSO,27481,29674,2193,35358,38009,2651,458,51.81,53.93,-2.12,-1557,71271,75552,4281,1
07280,Boyacá,SOMONDOCO,436,1009,573,509,1382,873,300,73.08,70.69,2.39,45,1728,1929,201,1
07281,Boyacá,SORA,612,910,298,797,1352,555,257,62.91,60.97,1.95,41,1851,2217,366,1
07282,Boyacá,SORACA,1207,1921,714,1643,2893,1250,536,63.78,65.13,-1.35,-61,4033,4644,611,1
07283,Boyacá,SOTAQUIRA,1132,2145,1013,1494,3133,1639,626,67.71,68.28,-0.57,-26,4207,4757,550,1
07286,Boyacá,SUSACON,219,892,673,286,1287,1001,328,81.82,81.66,0.16,2,1400,1614,214,1
07289,Boyacá,SUTAMARCHAN,1006,2519,1513,1256,3316,2060,547,72.53,72.22,0.31,14,4207,4684,477,1
07292,Boyacá,SUTATENZA,614,1349,735,836,1895,1059,324,69.39,70.48,-1.1,-29,2395,2811,416,1
07298,Boyacá,TASCO,787,1626,839,1023,2227,1204,365,68.52,69.44,-0.91,-29,2894,3311,417,1
07301,Boyacá,TENZA,513,1331,818,669,1797,1128,310,72.87,72.8,0.07,1,2238,2530,292,1
07304,Boyacá,TIBANA,944,2736,1792,1271,3652,2381,589,74.18,74.48,-0.3,-14,4212,5022,810,1
07307,Boyacá,TIBASOSA,2906,2825,-81,3676,3795,119,200,50.8,52.12,-1.33,-99,7010,7661,651,1
07310,Boyacá,TINJACA,732,1237,505,858,1526,668,163,64.01,63.61,0.4,9,2289,2437,148,1
07311,Boyacá,TIPACOQUE,394,1268,874,484,1747,1263,389,78.31,77.86,0.45,10,1981,2269,288,1
07313,Boyacá,TOCA,1443,2430,987,2014,3567,1553,566,63.91,65.12,-1.21,-67,4950,5776,826,1
07316,Boyacá,TOGUI,440,1471,1031,556,2129,1573,542,79.29,78.34,0.95,25,2326,2737,411,1
07319,Boyacá,TOPAGA,580,1460,880,716,1853,1137,257,72.13,72.52,-0.39,-9,2471,2640,169,1
07322,Boyacá,TOTA,411,1410,999,617,2202,1585,586,78.11,78.38,-0.27,-7,2180,2871,691,1
07001,Boyacá,TUNJA,44172,37018,-7154,57709,47609,-10100,-2946,45.2,47.55,-2.34,-2465,103635,108715,5080,1
07324,Boyacá,TUNUNGUA,230,645,415,279,775,496,81,73.53,74.4,-0.87,-9,957,1069,112,1
07325,Boyacá,TURMEQUE,909,2076,1167,1199,2656,1457,290,68.9,69.35,-0.45,-17,3602,3987,385,1
07328,Boyacá,TUTA,1947,2750,803,2559,3639,1080,277,58.71,60.33,-1.61,-99,5751,6370,619,1
07331,Boyacá,TUTAZA,336,727,391,433,1031,598,207,70.42,69.29,1.13,16,1322,1501,179,1
07334,Boyacá,UMBITA,632,2703,2071,798,3294,2496,425,80.5,80.7,-0.2,-8,3802,4154,352,1
07337,Boyacá,VENTAQUEMADA,2205,3623,1418,2968,5031,2063,645,62.9,63.12,-0.22,-17,7035,8216,1181,1
07139,Boyacá,VILLA DE LEIVA,3142,5160,2018,4000,6434,2434,416,61.66,62.54,-0.87,-91,10124,10740,616,1
07340,Boyacá,VIRACACHA,221,1073,852,325,1452,1127,275,81.71,82.46,-0.75,-13,1521,1808,287,1
07346,Boyacá,ZETAQUIRA,632,1889,1257,820,2337,1517,260,74.03,75.04,-1.01,-31,2831,3212,381,1
09004,Caldas,AGUADAS,1608,5965,4357,2232,9417,7185,2828,80.84,81.31,-0.47,-54,11026,12016,990,1
09007,Caldas,ANSERMA,3630,7569,3939,5312,11553,6241,2302,68.5,71.46,-2.96,-498,15704,17653,1949,1
09013,Caldas,ARANZAZU,679,2967,2288,1156,4905,3749,1461,80.93,84.14,-3.22,-195,6021,6332,311,1
09022,Caldas,BELALCAZAR,1331,1930,599,1976,3564,1588,989,64.33,70.08,-5.75,-318,5331,5754,423,1
09034,Caldas,CHINCHINA,8441,11936,3495,11820,16190,4370,875,57.8,61.91,-4.11,-1150,27154,29154,2000,1
09037,Caldas,FILADELFIA,744,2313,1569,1161,3909,2748,1179,77.1,79.45,-2.35,-119,4715,5237,522,1
09049,Caldas,LA DORADA,11685,13888,2203,14956,17285,2329,126,53.61,57.33,-3.72,-1198,31577,33410,1833,1
09052,Caldas,LA MERCED,657,1233,576,896,2127,1231,655,70.36,71.56,-1.2,-36,2862,3156,294,1
09001,Caldas,MANIZALES,73993,98540,24547,103619,128762,25143,596,55.41,59.04,-3.64,-8447,234757,242479,7722,1
09055,Caldas,MANZANARES,1188,3948,2760,1799,6580,4781,2021,78.53,81.04,-2.51,-210,7956,8693,737,1
09058,Caldas,MARMATO,1092,1261,169,1704,1992,288,119,53.9,58.88,-4.98,-184,3203,3845,642,1
09061,Caldas,MARQUETALIA,844,2878,2034,1438,5420,3982,1948,79.03,83.65,-4.62,-316,6787,7099,312,1
09067,Caldas,MARULANDA,129,661,532,219,1001,782,250,82.05,85.14,-3.09,-37,1186,1285,99,1
09076,Caldas,NEIRA,2333,5288,2955,3516,7790,4274,1319,68.9,72.23,-3.33,-376,10902,11834,932,1
09078,Caldas,NORCASIA,941,1622,681,1222,2112,890,209,63.35,66.05,-2.7,-89,3300,3487,187,1
09079,Caldas,PACORA,971,3463,2492,1344,5766,4422,1930,81.1,81.39,-0.29,-20,6982,7413,431,1
09082,Caldas,PALESTINA,2194,3180,986,3337,4846,1509,523,59.22,65.67,-6.45,-527,7871,8488,617,1
09085,Caldas,PENSILVANIA,1600,4035,2435,2237,6903,4666,2231,75.53,78.13,-2.61,-238,8985,9497,512,1
09103,Caldas,RIOSUCIO,9331,9843,512,12182,13483,1301,789,52.53,55.52,-2.98,-765,24143,26801,2658,1
09106,Caldas,RISARALDA,1112,2587,1475,1593,4096,2503,1028,72.0,74.62,-2.62,-149,5313,5908,595,1
09109,Caldas,SALAMINA,1495,3311,1816,2327,5713,3386,1570,71.06,74.99,-3.93,-316,7568,8398,830,1
09115,Caldas,SAMANA,1588,4743,3155,2155,7278,5123,1968,77.15,78.14,-0.99,-93,8893,9770,877,1
09120,Caldas,SAN JOSE,628,1075,447,925,1912,987,540,67.4,72.16,-4.77,-135,2686,2936,250,1
09124,Caldas,SUPIA,4159,5135,976,5780,7518,1738,762,56.53,60.55,-4.02,-534,12893,14067,1174,1
09127,Caldas,VICTORIA,1155,2285,1130,1492,3313,1821,691,68.95,70.36,-1.41,-67,4637,4974,337,1
09130,Caldas,VILLAMARIA,10967,13096,2129,15021,17700,2679,550,54.09,57.54,-3.45,-1128,32571,34113,1542,1
09133,Caldas,VITERBO,1707,4100,2393,2285,5600,3315,922,71.02,73.95,-2.93,-231,7784,8111,327,1
11004,Cauca,ALMAGUER,6708,434,-6274,9035,413,-8622,-2348,4.37,8.49,-4.12,-389,7677,9758,2081,1
11005,Cauca,ARGELIA,12563,1575,-10988,15849,1338,-14511,-3523,7.78,14.2,-6.41,-1101,16688,18034,1346,1
11006,Cauca,BALBOA,10892,1470,-9422,12408,1662,-10746,-1324,11.81,15.55,-3.74,-525,14522,14851,329,1
11007,Cauca,BOLIVAR,14031,1848,-12183,19406,1554,-17852,-5669,7.41,16.94,-9.52,-1995,18423,22372,3949,1
11010,Cauca,BUENOS AIRES,6162,2982,-3180,8688,4316,-4372,-1192,33.19,37.31,-4.12,-535,12110,14078,1968,1
11013,Cauca,CAJIBIO,8318,2875,-5443,13051,5898,-7153,-1710,31.13,33.44,-2.31,-438,14558,20002,5444,1
11016,Cauca,CALDONO,13997,1831,-12166,17364,2492,-14872,-2706,12.55,14.86,-2.31,-458,17512,20301,2789,1
11019,Cauca,CALOTO,11285,2194,-9091,13217,2966,-10251,-1160,18.33,19.59,-1.26,-204,15024,16572,1548,1
11022,Cauca,CORINTO,9918,1919,-7999,12017,2457,-9560,-1561,16.98,19.11,-2.13,-308,13063,14807,1744,1
11025,Cauca,EL TAMBO,16637,5627,-11010,22753,7713,-15040,-4030,25.32,31.94,-6.63,-2018,29758,32356,2598,1
11027,Cauca,FLORENCIA,1989,585,-1404,2925,813,-2112,-708,21.75,33.81,-12.06,-450,3435,4055,620,1
11029,Cauca,GUACHENE,7861,1082,-6779,9076,1691,-7385,-606,15.71,16.32,-0.62,-66,10123,11044,921,1
11028,Cauca,GUAPI,6723,343,-6380,10097,591,-9506,-3126,5.53,6.79,-1.26,-134,7481,10831,3350,1
11031,Cauca,INZA,8483,1714,-6769,10734,2578,-8156,-1387,19.37,20.93,-1.57,-208,11346,13542,2196,1
11034,Cauca,JAMBALO,7658,190,-7468,8766,200,-8566,-1098,2.23,3.16,-0.93,-83,8126,9071,945,1
11037,Cauca,LA SIERRA,3559,1436,-2123,4286,2003,-2283,-160,31.85,34.07,-2.22,-139,6119,6579,460,1
11040,Cauca,LA VEGA,6728,1046,-5682,8123,1771,-6352,-670,17.9,18.33,-0.43,-42,8657,10100,1443,1
11043,Cauca,LOPEZ (MICAY),4297,254,-4043,7871,549,-7322,-3279,6.52,7.46,-0.94,-79,4845,8634,3789,1
11046,Cauca,MERCADERES,6154,1206,-4948,7867,1366,-6501,-1553,14.79,20.36,-5.56,-513,8381,9686,1305,1
11049,Cauca,MIRANDA,11184,2523,-8661,12996,3072,-9924,-1263,19.12,20.82,-1.7,-272,15067,16396,1329,1
11052,Cauca,MORALES,9075,3359,-5716,12333,4747,-7586,-1870,27.79,32.21,-4.42,-754,15015,17759,2744,1
11053,Cauca,PADILLA,3114,685,-2429,3659,871,-2788,-359,19.23,20.14,-0.91,-41,4246,4674,428,1
11055,Cauca,PAEZ (BELALCAZAR),10517,1523,-8994,13475,2240,-11235,-2241,14.25,16.0,-1.75,-274,13166,16030,2864,1
11058,Cauca,PATIA (EL BORDO),12952,3450,-9502,15757,4244,-11513,-2011,21.22,26.15,-4.93,-986,20198,20914,716,1
11060,Cauca,PIAMONTE,1628,875,-753,2472,1112,-1360,-607,31.03,37.89,-6.86,-245,2848,3722,874,1
11061,Cauca,PIENDAMO,9752,5760,-3992,13317,8004,-5313,-1321,37.54,42.0,-4.46,-949,19225,22036,2811,1
11001,Cauca,POPAYAN,104468,49238,-55230,128296,66470,-61826,-6596,34.13,37.2,-3.07,-5984,187004,200345,13341,1
11064,Cauca,PUERTO TEJADA,17750,2387,-15363,20345,3063,-17282,-1919,13.09,14.08,-0.99,-232,21966,23886,1920,1
11067,Cauca,PURACE (COCONUCO),4123,1212,-2911,5077,1724,-3353,-442,25.35,26.56,-1.21,-82,5963,6954,991,1
11070,Cauca,ROSAS,3203,1369,-1834,3860,2045,-1815,19,34.63,36.36,-1.73,-101,5590,6121,531,1
11073,Cauca,SAN SEBASTIAN,2970,542,-2428,3823,852,-2971,-543,18.22,20.83,-2.6,-121,3983,4797,814,1
11079,Cauca,SANTA ROSA,1471,478,-993,1845,724,-1121,-128,28.18,28.23,-0.05,-1,2140,2615,475,1
11076,Cauca,SANTANDER DE QUILICHAO,36828,12819,-24009,45798,15831,-29967,-5958,25.69,28.82,-3.13,-1930,57034,63535,6501,1
11082,Cauca,SILVIA,9487,2030,-7457,13726,3012,-10714,-3257,17.99,21.73,-3.74,-625,13568,17269,3701,1
11085,Cauca,SOTARA (PAISPAMBA),3136,891,-2245,3633,1528,-2105,140,29.61,28.71,0.9,46,4807,5319,512,1
11087,Cauca,SUAREZ,6341,2638,-3703,9318,3751,-5567,-1864,28.7,33.95,-5.25,-686,11371,14088,2717,1
11086,Cauca,SUCRE,3332,251,-3081,4178,280,-3898,-817,6.28,10.39,-4.11,-183,4001,4594,593,1
11088,Cauca,TIMBIO,10696,5200,-5496,13067,7362,-5705,-209,36.04,38.05,-2.01,-410,19192,21180,1988,1
11091,Cauca,TIMBIQUI,6533,243,-6290,10101,254,-9847,-3557,2.45,4.76,-2.31,-239,6967,10398,3431,1
11094,Cauca,TORIBIO,14215,759,-13456,16826,1001,-15825,-2369,5.62,6.52,-0.9,-160,15768,18101,2333,1
11097,Cauca,TOTORO,6753,813,-5940,8488,1148,-7340,-1400,11.91,13.26,-1.35,-129,8188,9814,1626,1
11098,Cauca,VILLA RICA,8512,939,-7573,9556,1195,-8361,-788,11.12,12.21,-1.09,-117,10213,11009,796,1
12075,Cesar,AGUACHICA,14388,27327,12939,17595,31013,13418,479,63.8,65.88,-2.08,-1011,46530,49835,3305,1
12150,Cesar,AGUSTIN CODAZZI,13803,9641,-4162,17897,12009,-5888,-1726,40.16,42.43,-2.28,-681,25399,30494,5095,1
12170,Cesar,ASTREA,3664,4758,1094,4422,5624,1202,108,55.98,57.02,-1.04,-104,8807,10167,1360,1
12180,Cesar,BECERRIL,5299,3328,-1971,6965,4109,-2856,-885,37.1,39.65,-2.54,-281,9240,11283,2043,1
12200,Cesar,BOSCONIA,9008,6307,-2701,11165,7603,-3562,-861,40.51,42.3,-1.79,-335,16550,19101,2551,1
12300,Cesar,CHIMICHAGUA,4827,6143,1316,6288,7792,1504,188,55.34,56.84,-1.5,-211,11756,14234,2478,1
12375,Cesar,CHIRIGUANA,6579,4190,-2389,8359,5371,-2988,-599,39.12,40.38,-1.26,-172,11513,13933,2420,1
12225,Cesar,CURUMANI,7793,6565,-1228,9840,7753,-2087,-859,44.07,46.8,-2.73,-480,15623,18011,2388,1
12410,Cesar,EL COPEY,7212,4103,-3109,9404,5345,-4059,-950,36.24,38.34,-2.1,-309,12292,14964,2672,1
12415,Cesar,EL PASO,10256,4907,-5349,12596,5923,-6673,-1324,31.98,33.84,-1.86,-343,16240,18827,2587,1
12450,Cesar,GAMARRA,2163,3580,1417,2487,4469,1982,565,64.25,63.74,0.51,35,6283,7043,760,1
12525,Cesar,GONZALEZ,624,1539,915,848,1935,1087,172,69.53,71.23,-1.7,-47,2445,2886,441,1
12600,Cesar,LA GLORIA,2684,3945,1261,3274,4408,1134,-127,57.38,59.99,-2.61,-200,7003,7808,805,1
12608,Cesar,LA JAGUA DE IBIRICO,9472,5998,-3474,11855,7012,-4843,-1369,37.17,39.94,-2.77,-523,16783,19325,2542,1
12825,Cesar,LA PAZ,3932,6501,2569,5097,7943,2846,277,60.91,62.76,-1.85,-241,11202,13230,2028,1
12625,Cesar,MANAURE BALCON DEL CESAR (MANA,2434,2382,-52,2970,2892,-78,-26,49.33,50.39,-1.05,-61,5184,5952,768,1
12650,Cesar,PAILITAS,3360,4467,1107,4232,5494,1262,155,56.49,58.0,-1.51,-146,8484,9910,1426,1
12700,Cesar,PELAYA,2986,5447,2461,3795,6225,2430,-31,62.13,64.99,-2.87,-287,9117,10242,1125,1
12720,Cesar,PUEBLO BELLO,5910,3802,-2108,8345,4782,-3563,-1455,36.43,40.02,-3.59,-471,10358,13403,3045,1
12750,Cesar,RIO DE ORO,2560,5598,3038,3310,7045,3735,697,68.03,69.62,-1.59,-164,9333,10561,1228,1
12800,Cesar,SAN ALBERTO,4921,5419,498,5937,6418,481,-17,51.95,53.81,-1.86,-230,11688,12637,949,1
12850,Cesar,SAN DIEGO,3854,4457,603,5069,5510,441,-162,52.08,54.31,-2.23,-235,8918,10783,1865,1
12875,Cesar,SAN MARTIN,4333,6540,2207,5120,7667,2547,340,59.96,61.73,-1.78,-226,12423,13160,737,1
12900,Cesar,TAMALAMEQUE,2622,2246,-376,3166,3026,-140,236,48.87,47.41,1.46,90,5165,6267,1102,1
12001,Cesar,VALLEDUPAR,89773,84650,-5123,111694,98277,-13417,-8294,46.81,49.16,-2.36,-4950,190265,214446,24181,1
13004,Córdoba,AYAPEL,6663,6836,173,8727,9801,1074,901,52.9,51.69,1.2,223,14456,18844,4388,1
13007,Córdoba,BUENAVISTA,6031,2602,-3429,7271,3644,-3627,-198,33.39,30.97,2.42,263,9116,11075,1959,1
13009,Córdoba,CANALETE,4934,2822,-2112,6119,4166,-1953,159,40.51,37.43,3.08,316,8167,10389,2222,1
13010,Córdoba,CERETE,26771,14984,-11787,34007,18705,-15302,-3515,35.49,37.06,-1.58,-831,44885,53564,8679,1
13016,Córdoba,CHIMA,3737,2923,-814,4705,3986,-719,95,45.86,45.94,-0.08,-6,7125,8764,1639,1
13019,Córdoba,CHINU,9086,11401,2315,10780,15703,4923,2608,59.29,59.29,0.01,2,23972,26953,2981,1
13013,Córdoba,CIENAGA DE ORO,18890,6537,-12353,22968,8662,-14306,-1953,27.39,26.63,0.75,237,26593,32046,5453,1
13014,Córdoba,COTORRA (BONGO),5000,3216,-1784,6219,4589,-1630,154,42.46,42.41,0.05,4,9024,10926,1902,1
13020,Córdoba,LA APARTADA (FRONTERA),4263,1489,-2774,5479,1871,-3608,-834,25.46,27.14,-1.69,-124,6097,7490,1393,1
13022,Córdoba,LORICA,26216,15938,-10278,34173,21180,-12993,-2715,38.26,39.26,-0.99,-550,45014,56091,11077,1
13023,Córdoba,LOS CORDOBAS,3699,3416,-283,4576,4986,410,693,52.14,49.31,2.84,271,7656,9708,2052,1
13024,Córdoba,MOMIL,3785,3466,-319,4687,4707,20,339,50.11,49.48,0.62,58,7830,9540,1710,1
13025,Córdoba,MONTELIBANO,22618,7546,-15072,28685,9026,-19659,-4587,23.93,26.08,-2.15,-809,32050,38341,6291,1
13001,Córdoba,MONTERIA,104497,87885,-16612,132930,105626,-27304,-10692,44.28,46.6,-2.32,-5535,208585,242756,34171,1
13027,Córdoba,MOÑITOS,5012,4846,-166,6451,6560,109,275,50.42,50.19,0.22,29,10419,13150,2731,1
13028,Córdoba,PLANETA RICA,14570,10808,-3762,18347,13834,-4513,-751,42.99,43.44,-0.45,-144,27361,32768,5407,1
13031,Córdoba,PUEBLO NUEVO,6783,6801,18,8602,8442,-160,-178,49.53,50.74,-1.21,-206,14347,17308,2961,1
13033,Córdoba,PUERTO ESCONDIDO,4265,4129,-136,5444,6119,675,811,52.92,50.64,2.28,263,9013,11665,2652,1
13032,Córdoba,PUERTO LIBERTADOR,10511,3746,-6765,14208,4804,-9404,-2639,25.27,27.19,-1.93,-365,15195,19445,4250,1
13034,Córdoba,PURISIMA,2881,3679,798,3766,5020,1254,456,57.14,57.08,0.06,5,7068,8912,1844,1
13037,Córdoba,SAHAGUN,25022,17443,-7579,30173,21907,-8266,-687,42.06,42.45,-0.39,-201,45411,52893,7482,1
13040,Córdoba,SAN ANDRES DE SOTAVENTO,10960,4800,-6160,14114,7194,-6920,-760,33.76,33.08,0.68,145,17066,21601,4535,1
13043,Córdoba,SAN ANTERO,6315,5100,-1215,8112,7208,-904,311,47.05,46.48,0.57,87,12498,15553,3055,1
13046,Córdoba,SAN BERNARDO DEL VIENTO,8369,3764,-4605,10232,5173,-5059,-454,33.58,32.46,1.12,172,12831,15601,2770,1
13049,Córdoba,SAN CARLOS,4560,4098,-462,6105,6330,225,687,50.9,49.29,1.61,200,9470,12614,3144,1
13052,Córdoba,SAN JOSE DE URE,3228,740,-2488,4163,945,-3218,-730,18.5,20.24,-1.74,-89,4191,5173,982,1
13055,Córdoba,SAN PELAYO,11037,8642,-2395,13661,11358,-2303,92,45.4,44.69,0.71,176,20706,25311,4605,1
13058,Córdoba,TIERRALTA,17296,9331,-7965,24717,13482,-11235,-3270,35.29,36.65,-1.36,-518,28743,38895,10152,1
13060,Córdoba,TUCHIN,8706,4055,-4651,11745,6375,-5370,-719,35.18,35.09,0.09,15,14066,18430,4364,1
13061,Córdoba,VALENCIA,6175,5561,-614,7983,7787,-196,418,49.38,48.65,0.73,114,12616,15983,3367,1
15004,Cundinamarca,AGUA DE DIOS,2401,2712,311,2924,3392,468,157,53.7,54.88,-1.17,-73,5940,6470,530,1
15007,Cundinamarca,ALBAN,868,1883,1015,1188,2477,1289,274,67.59,69.95,-2.36,-86,3421,3790,369,1
15010,Cundinamarca,ANAPOIMA,2349,5012,2663,2976,6234,3258,595,67.69,69.51,-1.83,-168,8775,9411,636,1
15013,Cundinamarca,ANOLAIMA,1867,4389,2522,2370,5703,3333,811,70.64,71.34,-0.69,-56,7811,8282,471,1
15217,Cundinamarca,APULO,1292,2622,1330,1606,3282,1676,346,67.14,68.84,-1.69,-82,4585,4991,406,1
15016,Cundinamarca,ARBELAEZ,1781,3750,1969,2294,4748,2454,485,67.42,68.5,-1.07,-75,6728,7202,474,1
15019,Cundinamarca,BELTRAN,408,673,265,533,851,318,53,61.49,63.38,-1.89,-26,1192,1401,209,1
15022,Cundinamarca,BITUIMA,352,1079,727,455,1327,872,145,74.47,76.29,-1.82,-32,1718,1825,107,1
15025,Cundinamarca,BOJACA,2473,2056,-417,3126,2555,-571,-154,44.97,47.92,-2.95,-167,5605,5903,298,1
15029,Cundinamarca,CABRERA,1203,615,-588,1411,796,-615,-27,36.07,36.22,-0.15,-3,2002,2237,235,1
15030,Cundinamarca,CACHIPAY,1716,3574,1858,2282,4502,2220,362,66.36,69.41,-3.05,-206,6511,6948,437,1
15031,Cundinamarca,CAJICA,16176,25420,9244,21913,31004,9091,-153,58.59,61.25,-2.66,-1405,53818,54751,933,1
15034,Cundinamarca,CAPARRAPI,715,4269,3554,929,5516,4587,1033,85.59,85.62,-0.03,-2,5678,6559,881,1
15037,Cundinamarca,CAQUEZA,2764,5809,3045,3592,6875,3283,238,65.68,67.59,-1.91,-199,9951,10740,789,1
15040,Cundinamarca,CARMEN DE CARUPA,693,2448,1755,996,3461,2465,710,77.65,77.83,-0.18,-7,4022,4598,576,1
15052,Cundinamarca,CHAGUANI,412,1522,1110,554,1966,1412,302,78.02,79.42,-1.41,-35,2308,2560,252,1
15055,Cundinamarca,CHIA,26293,47983,21690,35917,57998,22081,391,61.76,64.1,-2.35,-2203,95544,96920,1376,1
15058,Cundinamarca,CHIPAQUE,1552,3497,1945,1982,4307,2325,380,68.48,69.28,-0.79,-49,5866,6433,567,1
15061,Cundinamarca,CHOACHI,1695,5595,3900,2195,6797,4602,702,75.59,76.51,-0.92,-82,8512,9178,666,1
15064,Cundinamarca,CHOCONTA,2791,6416,3625,3870,8225,4355,730,68.0,69.4,-1.39,-168,11344,12470,1126,1
15043,Cundinamarca,COGUA,4940,5245,305,6502,6772,270,-35,51.02,52.87,-1.85,-245,12868,13683,815,1
15046,Cundinamarca,COTA,6260,11715,5455,8575,14030,5455,0,62.07,65.15,-3.08,-696,22726,23376,650,1
15049,Cundinamarca,CUCUNUBA,509,2804,2295,722,3408,2686,391,82.52,84.05,-1.53,-63,4015,4240,225,1
15067,Cundinamarca,EL COLEGIO,5011,7349,2338,6314,9553,3239,901,60.21,61.89,-1.68,-267,15091,16241,1150,1
15070,Cundinamarca,EL PEÑON,327,1810,1483,447,2471,2024,541,84.68,85.12,-0.44,-12,2505,2970,465,1
15072,Cundinamarca,EL ROSAL,5587,6554,967,7298,7986,688,-279,52.25,55.77,-3.52,-537,15304,15923,619,1
15076,Cundinamarca,FACATATIVA,34701,24970,-9731,43913,30648,-13265,-3534,41.1,44.48,-3.38,-2519,74627,77489,2862,1
15079,Cundinamarca,FOMEQUE,991,4786,3795,1335,6007,4672,877,81.82,82.94,-1.13,-82,6771,7476,705,1
15085,Cundinamarca,FOSCA,765,2487,1722,595,3336,2741,1019,84.86,76.52,8.35,328,3502,3983,481,1
15088,Cundinamarca,FUNZA,25293,22662,-2631,33048,26702,-6346,-3715,44.69,48.57,-3.88,-2317,59358,61865,2507,1
15091,Cundinamarca,FUQUENE,825,1637,812,1076,2052,976,164,65.6,67.17,-1.57,-49,3018,3231,213,1
15094,Cundinamarca,FUSAGASUGA,27302,41650,14348,34662,50349,15687,1339,59.23,61.53,-2.3,-1955,83641,87351,3710,1
15097,Cundinamarca,GACHALA,712,1644,932,831,2216,1385,453,72.73,70.59,2.14,65,2749,3106,357,1
15100,Cundinamarca,GACHANCIPA,4679,3201,-1478,5831,3953,-1878,-400,40.4,43.25,-2.84,-278,9743,10129,386,1
15103,Cundinamarca,GACHETA,1284,3018,1734,1574,4072,2498,764,72.12,71.07,1.05,59,5268,5806,538,1
15106,Cundinamarca,GAMA,378,1330,952,488,1613,1125,173,76.77,77.09,-0.32,-6,1964,2150,186,1
15109,Cundinamarca,GIRARDOT,21283,26476,5193,26524,31519,4995,-198,54.3,57.06,-2.76,-1602,56007,59520,3513,1
15132,Cundinamarca,GRANADA,1785,2030,245,2282,2435,153,-92,51.62,55.21,-3.59,-169,4505,4834,329,1
15112,Cundinamarca,GUACHETA,1187,3635,2448,1662,4742,3080,632,74.05,75.83,-1.78,-114,6271,6689,418,1
15115,Cundinamarca,GUADUAS,4030,8064,4034,4941,9791,4850,816,66.46,67.61,-1.15,-168,14150,15132,982,1
15118,Cundinamarca,GUASCA,2859,3822,963,3838,5022,1184,221,56.68,59.93,-3.25,-287,8865,9289,424,1
15121,Cundinamarca,GUATAQUI,499,754,255,638,962,324,69,60.12,60.78,-0.66,-10,1359,1617,258,1
15124,Cundinamarca,GUATAVITA,851,2422,1571,1235,3039,1804,233,71.1,73.02,-1.92,-82,4155,4423,268,1
15127,Cundinamarca,GUAYABAL DE SIQUIMA,755,1730,975,998,2224,1226,251,69.03,71.37,-2.35,-75,3085,3314,229,1
15128,Cundinamarca,GUAYABETAL,671,2080,1409,858,2493,1635,226,74.4,75.98,-1.58,-52,3106,3400,294,1
15130,Cundinamarca,GUTIERREZ,210,1636,1426,269,1847,1578,152,87.29,88.0,-0.71,-15,1998,2136,138,1
15133,Cundinamarca,JERUSALEN,415,953,538,499,1306,807,269,72.35,71.5,0.85,15,1586,1819,233,1
15136,Cundinamarca,JUNIN,737,2193,1456,945,2661,1716,260,73.79,74.86,-1.07,-38,3383,3697,314,1
15139,Cundinamarca,LA CALERA,6218,7725,1507,8462,10072,1610,103,54.34,57.19,-2.84,-527,18287,19157,870,1
15142,Cundinamarca,LA MESA,5539,9127,3588,7192,11805,4613,1025,62.14,64.04,-1.9,-360,18128,19492,1364,1
15145,Cundinamarca,LA PALMA,1087,2358,1271,1352,3429,2077,806,71.72,70.2,1.52,72,4033,4868,835,1
15148,Cundinamarca,LA PEÑA,455,2456,2001,626,3496,2870,869,84.81,84.88,-0.07,-2,3560,4187,627,1
15151,Cundinamarca,LA VEGA,2079,6072,3993,2695,7360,4665,672,73.2,74.77,-1.57,-158,9644,10271,627,1
15154,Cundinamarca,LENGUAZAQUE,496,4162,3666,687,5188,4501,835,88.31,88.29,0.01,0,5601,6016,415,1
15157,Cundinamarca,MACHETA,640,2939,2299,869,3839,2970,671,81.54,82.17,-0.62,-29,4306,4802,496,1
15160,Cundinamarca,MADRID,31763,24614,-7149,40102,29486,-10616,-3467,42.37,45.36,-2.99,-2081,69475,72150,2675,1
15163,Cundinamarca,MANTA,426,1768,1342,565,2341,1776,434,80.56,81.41,-0.86,-24,2727,2960,233,1
15166,Cundinamarca,MEDINA,711,3176,2465,859,3727,2868,403,81.27,81.51,-0.25,-11,4303,4688,385,1
15169,Cundinamarca,MOSQUERA,31194,29147,-2047,40213,34410,-5803,-3756,46.11,49.53,-3.42,-2548,74839,77077,2238,1
15172,Cundinamarca,NARIÑO,647,697,50,894,988,94,44,52.5,55.11,-2.61,-49,1561,1908,347,1
15175,Cundinamarca,NEMOCON,3249,3786,537,4184,4547,363,-174,52.08,55.25,-3.17,-277,8560,9029,469,1
15178,Cundinamarca,NILO,1033,2133,1100,1270,2515,1245,145,66.45,68.52,-2.07,-78,3629,3867,238,1
15181,Cundinamarca,NIMAIMA,366,1579,1213,459,1973,1514,301,81.13,81.06,0.06,1,2260,2472,212,1
15184,Cundinamarca,NOCAIMA,1073,2080,1007,1306,2492,1186,179,65.61,66.87,-1.26,-47,3609,3870,261,1
15190,Cundinamarca,PACHO,2990,9225,6235,3939,11686,7747,1512,74.79,76.32,-1.53,-239,15015,16015,1000,1
15193,Cundinamarca,PAIME,510,1704,1194,608,2414,1806,612,79.88,78.21,1.67,50,2534,3062,528,1
15196,Cundinamarca,PANDI,893,1336,443,1104,1733,629,186,61.09,61.95,-0.87,-24,2586,2882,296,1
15198,Cundinamarca,PARATEBUENO (LA NAGUAYA),976,3221,2245,1291,3783,2492,247,74.56,77.35,-2.79,-141,4779,5170,391,1
15199,Cundinamarca,PASCA,2513,2160,-353,3131,2784,-347,6,47.07,48.28,-1.21,-71,5375,6036,661,1
15202,Cundinamarca,PUERTO SALGAR,2831,3757,926,3342,4421,1079,153,56.95,58.61,-1.66,-128,7603,7970,367,1
15205,Cundinamarca,PULI,336,825,489,421,1161,740,251,73.39,73.46,-0.08,-1,1447,1609,162,1
15208,Cundinamarca,QUEBRADANEGRA,408,2357,1949,492,2742,2250,301,84.79,84.96,-0.17,-5,3107,3302,195,1
15211,Cundinamarca,QUETAME,1202,2300,1098,1487,2827,1340,242,65.53,66.17,-0.64,-27,3968,4402,434,1
15214,Cundinamarca,QUIPILE,568,2428,1860,770,3230,2460,600,80.75,81.94,-1.19,-47,3693,4077,384,1
15218,Cundinamarca,RICAURTE,2654,4451,1797,3325,5352,2027,230,61.68,63.95,-2.27,-196,8306,8858,552,1
15220,Cundinamarca,SAN ANTONIO DEL TEQUENDAMA,1977,3165,1188,2520,4177,1657,469,62.37,63.65,-1.28,-85,6324,6827,503,1
15223,Cundinamarca,SAN BERNARDO,1349,2595,1246,1683,3220,1537,291,65.67,66.85,-1.17,-57,4523,4975,452,1
15226,Cundinamarca,SAN CAYETANO,276,1560,1284,388,2310,1922,638,85.62,85.99,-0.37,-9,2337,2743,406,1
15229,Cundinamarca,SAN FRANCISCO,1516,3805,2289,1923,4735,2812,523,71.12,72.35,-1.23,-81,6418,6822,404,1
15232,Cundinamarca,SAN JUAN DE RIOSECO,1390,3126,1736,1737,4020,2283,547,69.83,70.67,-0.84,-48,5342,5851,509,1
15235,Cundinamarca,SASAIMA,1390,3590,2200,1897,4557,2660,460,70.61,72.82,-2.21,-142,6148,6599,451,1
15238,Cundinamarca,SESQUILE,2779,2970,191,3601,3642,41,-150,50.28,52.9,-2.62,-189,7075,7544,469,1
15239,Cundinamarca,SIBATE,8296,7196,-1100,10706,9025,-1681,-581,45.74,49.11,-3.37,-664,19037,20342,1305,1
15241,Cundinamarca,SILVANIA,3962,7081,3119,4901,9142,4241,1122,65.1,66.29,-1.19,-167,13475,14393,918,1
15244,Cundinamarca,SIMIJACA,1679,4122,2443,2213,4971,2758,315,69.2,70.78,-1.58,-113,6891,7393,502,1
15247,Cundinamarca,SOACHA,139425,72606,-66819,175011,90273,-84738,-17919,34.03,37.53,-3.5,-9284,258904,272989,14085,1
15250,Cundinamarca,SOPO,7099,5829,-1270,9055,7334,-1721,-451,44.75,47.18,-2.43,-398,16417,16969,552,1
15256,Cundinamarca,SUBACHOQUE,2160,5771,3611,2904,7095,4191,580,70.96,72.82,-1.87,-186,9917,10332,415,1
15259,Cundinamarca,SUESCA,3958,2962,-996,5110,3814,-1296,-300,42.74,45.62,-2.88,-257,8800,9303,503,1
15262,Cundinamarca,SUPATA,529,2013,1484,656,2558,1902,418,79.59,79.43,0.16,5,3050,3284,234,1
15265,Cundinamarca,SUSA,795,2382,1587,1029,3073,2044,457,74.91,74.58,0.34,13,3774,4206,432,1
15268,Cundinamarca,SUTATAUSA,721,1775,1054,940,2239,1299,245,70.43,71.35,-0.92,-29,3114,3292,178,1
15271,Cundinamarca,TABIO,4373,6721,2348,5905,8154,2249,-99,58.0,60.82,-2.82,-396,14024,14556,532,1
15274,Cundinamarca,TAUSA,729,2936,2207,965,3792,2827,620,79.71,79.65,0.06,2,4554,4930,376,1
15277,Cundinamarca,TENA,1576,2862,1286,1921,3610,1689,403,65.27,66.04,-0.78,-42,5259,5639,380,1
15280,Cundinamarca,TENJO,4517,6939,2422,6157,8527,2370,-52,58.07,61.11,-3.04,-446,14852,15335,483,1
15283,Cundinamarca,TIBACUY,1021,1478,457,1232,1844,612,155,59.95,61.1,-1.15,-35,2956,3143,187,1
15286,Cundinamarca,TIBIRITA,483,1041,558,610,1384,774,216,69.41,69.93,-0.52,-10,1823,2035,212,1
15289,Cundinamarca,TOCAIMA,2157,3692,1535,2707,4961,2254,719,64.7,65.19,-0.49,-37,7129,7837,708,1
15292,Cundinamarca,TOCANCIPA,16891,9762,-7129,21023,12422,-8601,-1472,37.14,40.05,-2.91,-973,33627,34671,1044,1
15295,Cundinamarca,TOPAIPI,328,1420,1092,452,2062,1610,518,82.02,82.15,-0.13,-3,2144,2559,415,1
15298,Cundinamarca,UBALA,921,3154,2233,1140,4135,2995,762,78.39,78.06,0.33,17,4738,5388,650,1
15301,Cundinamarca,UBAQUE,951,2580,1629,1242,3357,2115,486,72.99,73.62,-0.62,-28,4227,4715,488,1
15304,Cundinamarca,UBATE,6787,13478,6691,9191,17178,7987,1296,65.14,66.98,-1.83,-483,26112,27420,1308,1
15307,Cundinamarca,UNE,992,2717,1725,1344,3598,2254,529,72.8,73.72,-0.92,-45,4542,5077,535,1
15316,Cundinamarca,UTICA,359,2504,2145,458,2994,2536,391,86.73,87.27,-0.54,-18,3146,3504,358,1
15318,Cundinamarca,VENECIA,823,1097,274,954,1419,465,191,59.8,59.31,0.49,11,2188,2408,220,1
15319,Cundinamarca,VERGARA,685,2837,2152,896,3671,2775,623,80.38,80.71,-0.32,-14,4180,4659,479,1
15322,Cundinamarca,VIANI,685,1643,958,864,2122,1258,300,71.06,72.32,-1.25,-37,2781,3034,253,1
15323,Cundinamarca,VILLAGOMEZ,300,784,484,364,1002,638,154,73.35,73.62,-0.26,-3,1251,1392,141,1
15325,Cundinamarca,VILLAPINZON,1564,7402,5838,2247,9087,6840,1002,80.17,81.1,-0.93,-105,10907,11672,765,1
15328,Cundinamarca,VILLETA,3650,10548,6898,4683,12552,7869,971,72.83,74.47,-1.65,-283,16559,17641,1082,1
15331,Cundinamarca,VIOTA,2554,3681,1127,3021,4677,1656,529,60.76,61.43,-0.68,-52,7233,7839,606,1
15334,Cundinamarca,YACOPI,795,3944,3149,980,5200,4220,1071,84.14,83.6,0.54,33,5392,6278,886,1
15337,Cundinamarca,ZIPACON,895,1444,549,1172,1823,651,102,60.87,65.1,-4.23,-126,2994,3098,104,1
15340,Cundinamarca,ZIPAQUIRA,39011,29209,-9802,49918,36062,-13856,-4054,41.94,44.83,-2.89,-2486,85160,88884,3724,1
16001,Bogotá D.C.,BOGOTA. D.C.,1706148,1543368,-162780,2235514,1933243,-302271,-139491,46.37,49.56,-3.19,-132921,4129804,4293241,163437,1
17004,Chocó,ACANDI,1944,1887,-57,2554,2537,-17,40,49.83,50.78,-0.95,-48,4201,5198,997,1
17006,Chocó,ALTO BAUDO (PIE DE PATO),4717,146,-4571,6345,208,-6137,-1566,3.17,4.15,-0.97,-63,4985,6572,1587,1
17002,Chocó,ATRATO (YUTO),2881,543,-2338,3936,683,-3253,-915,14.79,18.36,-3.58,-165,3765,4702,937,1
17007,Chocó,BAGADO,2410,289,-2121,3461,423,-3038,-917,10.89,13.08,-2.19,-84,2868,3912,1044,1
17008,Chocó,BAHIA SOLANO (MUTIS),2722,655,-2067,3860,930,-2930,-863,19.42,22.32,-2.9,-139,3669,4862,1193,1
17010,Chocó,BAJO BAUDO (PIZARRO),3409,263,-3146,4491,475,-4016,-870,9.57,11.11,-1.54,-76,4038,5027,989,1
17011,Chocó,BOJAYA (BELLAVISTA),2854,153,-2701,4002,277,-3725,-1024,6.47,7.84,-1.37,-58,3169,4292,1123,1
17015,Chocó,CARMEN DEL DARIEN,3436,478,-2958,4713,690,-4023,-1065,12.77,14.69,-1.92,-103,4205,5554,1349,1
17014,Chocó,CERTEGUI,1520,282,-1238,2353,600,-1753,-515,20.32,21.81,-1.49,-43,2110,3004,894,1
17013,Chocó,CONDOTO,3216,515,-2701,4964,882,-4082,-1381,15.09,17.88,-2.79,-163,4240,6004,1764,1
17017,Chocó,EL CANTON DEL SAN PABLO (MAN.,1709,406,-1303,2435,622,-1813,-510,20.35,21.69,-1.34,-41,2347,3106,759,1
17016,Chocó,EL CARMEN,1376,1862,486,1799,2518,719,233,58.33,59.89,-1.56,-67,3874,4432,558,1
17038,Chocó,EL LITORAL DEL SAN JUAN,4179,95,-4084,5343,91,-5252,-1168,1.67,2.62,-0.95,-51,4365,5459,1094,1
17019,Chocó,ISTMINA,6263,1230,-5033,9765,1764,-8001,-2968,15.3,20.34,-5.04,-581,8547,11822,3275,1
17022,Chocó,JURADO,1224,152,-1072,1514,188,-1326,-254,11.05,12.62,-1.57,-26,1451,1722,271,1
17025,Chocó,LLORO,2279,643,-1636,3435,983,-2452,-816,22.25,25.27,-3.02,-133,3349,4566,1217,1
17012,Chocó,MEDIO ATRATO (BETE),2070,226,-1844,3337,354,-2983,-1139,9.59,12.28,-2.69,-99,2462,3743,1281,1
17026,Chocó,MEDIO BAUDO (PUERTO MELUK),3138,158,-2980,4335,264,-4071,-1091,5.74,7.94,-2.2,-101,3515,4633,1118,1
17027,Chocó,MEDIO SAN JUAN,2728,239,-2489,3855,362,-3493,-1004,8.58,11.16,-2.57,-108,3283,4320,1037,1
17028,Chocó,NOVITA,1463,352,-1111,2509,583,-1926,-815,18.86,24.62,-5.77,-178,2167,3202,1035,1
17082,Chocó,NUEVO BELEN DE BAJIRA,3224,1453,-1771,4584,2012,-2572,-801,30.5,33.74,-3.24,-213,5196,6744,1548,1
17031,Chocó,NUQUI,2567,307,-2260,3250,363,-2887,-627,10.05,12.43,-2.39,-86,3025,3658,633,1
17001,Chocó,QUIBDO,29900,5914,-23986,39917,8423,-31494,-7508,17.42,21.2,-3.77,-1822,41145,49815,8670,1
17032,Chocó,RIO IRO,1078,316,-762,1484,458,-1026,-264,23.58,26.9,-3.32,-64,1622,2014,392,1
17035,Chocó,RIO QUITO (PAIMADO),2359,611,-1748,3498,957,-2541,-793,21.48,24.37,-2.89,-128,3408,4567,1159,1
17034,Chocó,RIOSUCIO,4914,655,-4259,6393,1025,-5368,-1109,13.82,13.71,0.11,7,5985,7525,1540,1
17037,Chocó,SAN JOSE DEL PALMAR,816,408,-408,1447,656,-791,-383,31.19,36.99,-5.8,-121,1422,2211,789,1
17040,Chocó,SIPI,939,83,-856,1511,156,-1355,-499,9.36,10.26,-0.9,-14,1100,1704,604,1
17043,Chocó,TADO,3771,839,-2932,6002,1525,-4477,-1545,20.26,22.92,-2.66,-200,5455,7854,2399,1
17048,Chocó,UNGUIA,2411,1221,-1190,3204,1698,-1506,-316,34.64,35.65,-1.01,-49,3910,4985,1075,1
17060,Chocó,UNION PANAMERICANA (LAS ANIMAS,1631,401,-1230,2378,653,-1725,-495,21.54,24.58,-3.03,-91,2378,3118,740,1
19004,Huila,ACEVEDO,2115,8820,6705,2963,11759,8796,2091,79.87,81.4,-1.52,-223,12903,15031,2128,1
19007,Huila,AGRADO,1086,3022,1936,1419,3941,2522,586,73.53,74.53,-1.01,-53,4795,5465,670,1
19010,Huila,AIPE,3058,4851,1793,3794,6347,2553,760,62.59,63.66,-1.07,-108,9266,10389,1123,1
19013,Huila,ALGECIRAS,2710,5261,2551,4749,8319,3570,1019,63.66,67.84,-4.18,-545,9648,13986,4338,1
19016,Huila,ALTAMIRA,772,1075,303,949,1343,394,91,58.6,58.73,-0.14,-3,2020,2337,317,1
19019,Huila,BARAYA,802,2084,1282,1231,2818,1587,305,69.6,73.51,-3.91,-158,3392,4167,775,1
19022,Huila,CAMPOALEGRE,5665,7645,1980,7282,9747,2465,485,57.24,59.44,-2.21,-375,15578,17619,2041,1
19028,Huila,COLOMBIA,604,2382,1778,871,3354,2483,705,79.38,80.79,-1.41,-59,3518,4291,773,1
19031,Huila,ELIAS,508,1482,974,665,1927,1262,288,74.34,75.09,-0.75,-19,2310,2643,333,1
19034,Huila,GARZON,10038,21897,11859,13153,26311,13158,1299,66.67,69.32,-2.65,-1044,37216,40563,3347,1
19037,Huila,GIGANTE,3264,7006,3742,4054,9221,5167,1425,69.46,69.52,-0.06,-7,12022,13617,1595,1
19040,Huila,GUADALUPE,1650,5302,3652,2401,6670,4269,617,73.53,76.53,-3.0,-272,8156,9350,1194,1
19043,Huila,HOBO,1153,1901,748,1568,2568,1000,252,62.09,64.24,-2.16,-89,3568,4272,704,1
19046,Huila,IQUIRA,1937,2119,182,2340,2922,582,400,55.53,55.76,-0.23,-11,4744,5361,617,1
19044,Huila,ISNOS,5078,6223,1145,6396,8340,1944,799,56.6,57.65,-1.05,-155,13431,15228,1797,1
19047,Huila,LA ARGENTINA (PLATA VIEJA),2210,3918,1708,2769,4925,2156,448,64.01,65.03,-1.02,-78,6975,7912,937,1
19049,Huila,LA PLATA,7829,14671,6842,10074,18686,8612,1770,64.97,67.11,-2.14,-614,26887,29590,2703,1
19050,Huila,NATAGA,899,1268,369,1272,1988,716,347,60.98,64.41,-3.43,-111,2878,3357,479,1
19001,Huila,NEIVA,71549,85998,14449,91103,103554,12451,-1998,53.2,56.05,-2.85,-5554,185948,199625,13677,1
19051,Huila,OPORAPA,808,3870,3062,1073,5101,4028,966,82.62,83.01,-0.39,-24,5505,6314,809,1
19052,Huila,PAICOL,569,2560,1991,692,3109,2417,426,81.79,82.13,-0.33,-12,3518,3866,348,1
19055,Huila,PALERMO,4008,7265,3257,5053,8950,3897,640,63.91,65.89,-1.98,-276,13021,14331,1310,1
19056,Huila,PALESTINA,1583,3491,1908,1940,4770,2830,922,71.09,70.39,0.7,46,6010,6953,943,1
19058,Huila,PITAL,1380,3926,2546,1829,5037,3208,662,73.36,75.04,-1.68,-115,6205,7026,821,1
19061,Huila,PITALITO,21913,34502,12589,28484,42899,14415,1826,60.1,62.32,-2.23,-1590,65462,73141,7679,1
19064,Huila,RIVERA,4708,6181,1473,6017,7728,1711,238,56.22,58.36,-2.14,-293,12595,14086,1491,1
19067,Huila,SALADOBLANCO,1028,4668,3640,1377,5776,4399,759,80.75,82.13,-1.38,-98,6342,7272,930,1
19070,Huila,SAN AGUSTIN,5217,8483,3266,6483,11191,4708,1442,63.32,63.58,-0.26,-46,15796,18108,2312,1
19074,Huila,SANTA MARIA,824,3457,2633,1101,4592,3491,858,80.66,81.61,-0.95,-54,5222,5810,588,1
19076,Huila,SUAZA,2001,6145,4144,2768,7711,4943,799,73.59,75.86,-2.27,-237,9179,10751,1572,1
19079,Huila,TARQUI,1693,5038,3345,2171,6424,4253,908,74.74,75.41,-0.67,-57,7663,8789,1126,1
19082,Huila,TELLO,1432,3536,2104,2307,4983,2676,572,68.35,72.68,-4.33,-315,5824,7554,1730,1
19085,Huila,TERUEL,648,2567,1919,894,3377,2483,564,79.07,81.08,-2.01,-85,3864,4343,479,1
19025,Huila,TESALIA (CARNICERIAS),968,3825,2857,1349,4512,3163,306,76.98,79.73,-2.75,-160,5531,6000,469,1
19088,Huila,TIMANA,1979,6361,4382,2662,8437,5775,1393,76.02,77.08,-1.07,-118,10041,11347,1306,1
19091,Huila,VILLAVIEJA,1608,1951,343,2034,2394,360,17,54.07,56.59,-2.53,-111,3993,4514,521,1
19094,Huila,YAGUARA,1427,2862,1435,1761,3301,1540,105,65.21,67.04,-1.83,-92,4830,5194,364,1
21008,Magdalena,ALGARROBO,3585,978,-2607,4539,1357,-3182,-575,23.02,23.99,-0.98,-57,4953,5978,1025,1
21010,Magdalena,ARACATACA,7645,3955,-3690,10482,5256,-5226,-1536,33.4,35.25,-1.86,-292,12494,15976,3482,1
21012,Magdalena,ARIGUANI (EL DIFICIL),5064,5232,168,6403,7058,655,487,52.43,52.9,-0.47,-63,11450,13734,2284,1
21013,Magdalena,CERRO DE SAN ANTONIO,1312,1769,457,1782,2565,783,326,59.01,58.64,0.37,15,3299,4396,1097,1
21015,Magdalena,CHIVOLO,2873,3685,812,3797,5094,1297,485,57.29,56.46,0.84,74,6929,8997,2068,1
21016,Magdalena,CIENAGA,25967,14136,-11831,34984,17610,-17374,-5543,33.48,36.65,-3.17,-1666,43832,53640,9808,1
21020,Magdalena,CONCORDIA,2414,1702,-712,3546,2386,-1160,-448,40.22,42.9,-2.68,-159,4418,5986,1568,1
21025,Magdalena,EL BANCO,9117,11876,2759,12209,14944,2735,-24,55.04,57.32,-2.28,-618,22571,27494,4923,1
21028,Magdalena,EL PIÑON,2868,2480,-388,3839,4029,190,578,51.21,48.76,2.45,192,5849,7947,2098,1
21030,Magdalena,EL RETEN,5223,1257,-3966,7069,1752,-5317,-1351,19.86,20.58,-0.71,-63,6939,8954,2015,1
21031,Magdalena,FUNDACION,11518,11406,-112,15238,13785,-1453,-1341,47.5,50.67,-3.18,-922,24745,29562,4817,1
21040,Magdalena,GUAMAL,3756,5965,2209,4512,7618,3106,897,62.8,62.01,0.8,96,10388,12242,1854,1
21042,Magdalena,NUEVA GRANADA,3055,4128,1073,3834,5671,1837,764,59.66,57.97,1.69,160,7678,9671,1993,1
21046,Magdalena,PEDRAZA,1430,2096,666,1792,3198,1406,740,64.09,60.38,3.71,185,3846,5024,1178,1
21048,Magdalena,PIJIÑO DEL CARMEN,1834,2588,754,2191,3522,1331,577,61.65,59.35,2.3,131,4729,5784,1055,1
21049,Magdalena,PIVIJAY,7442,4439,-3003,10012,6617,-3395,-392,39.79,39.95,-0.16,-26,13228,16891,3663,1
21052,Magdalena,PLATO,10745,7773,-2972,14214,9934,-4280,-1308,41.14,42.87,-1.73,-418,19713,24503,4790,1
21055,Magdalena,PUEBLOVIEJO,4940,2532,-2408,7164,3769,-3395,-987,34.47,35.69,-1.22,-132,8209,11142,2933,1
21058,Magdalena,REMOLINO,2364,1026,-1338,3015,1456,-1559,-221,32.57,31.05,1.52,67,3610,4525,915,1
21060,Magdalena,SABANAS DE SAN ANGEL,2162,2687,525,2648,4057,1409,884,60.51,58.4,2.1,141,5502,6804,1302,1
21067,Magdalena,SALAMINA,2013,1681,-332,2765,2304,-461,-129,45.45,46.24,-0.79,-39,3895,5139,1244,1
21070,Magdalena,SAN SEBASTIAN DE BUENAVISTA,3223,4425,1202,4055,5725,1670,468,58.54,58.86,-0.32,-31,8129,9877,1748,1
21073,Magdalena,SAN ZENON,1870,1888,18,2232,3041,809,791,57.67,55.97,1.7,89,4496,5315,819,1
21076,Magdalena,SANTA ANA,2457,5794,3337,3115,7368,4253,916,70.29,70.47,-0.19,-19,8699,10605,1906,1
21078,Magdalena,SANTA BARBARA DE PINTO,2323,1484,-839,2992,2126,-866,-27,41.54,40.43,1.11,56,4053,5181,1128,1
21001,Magdalena,SANTA MARTA,112812,79356,-33456,145942,97476,-48466,-15010,40.04,43.17,-3.12,-7597,217221,248462,31241,1
21079,Magdalena,SITIONUEVO,4427,2413,-2014,6651,3626,-3025,-1011,35.28,37.45,-2.17,-223,7533,10449,2916,1
21085,Magdalena,TENERIFE,2740,1911,-829,3774,2691,-1083,-254,41.62,42.3,-0.67,-43,5027,6557,1530,1
21090,Magdalena,ZAPAYAN,1200,2435,1235,1618,3467,1849,614,68.18,67.97,0.21,10,3940,5138,1198,1
21095,Magdalena,ZONA BANANERA (SEVILLA),14635,4436,-10199,20814,5596,-15218,-5019,21.19,24.59,-3.4,-899,20618,26852,6234,1
23004,Nariño,ALBAN (SAN JOSE),1674,1787,113,2322,2820,498,385,54.84,58.83,-3.98,-204,4515,5311,796,1
23007,Nariño,ALDANA,2718,1135,-1583,3495,1304,-2191,-608,27.17,31.4,-4.23,-202,4206,4874,668,1
23010,Nariño,ANCUYA,3033,526,-2507,4003,770,-3233,-726,16.13,18.26,-2.12,-101,3881,4829,948,1
23013,Nariño,ARBOLEDA (BERRUECOS),1711,1167,-544,2366,1539,-827,-283,39.41,44.94,-5.53,-215,3363,4026,663,1
23016,Nariño,BARBACOAS,6166,873,-5293,13026,1632,-11394,-6101,11.13,16.7,-5.57,-816,8089,15071,6982,1
23017,Nariño,BELEN,1828,786,-1042,2399,1168,-1231,-189,32.74,35.1,-2.36,-84,3127,3709,582,1
23019,Nariño,BUESACO,5091,3965,-1126,6449,5661,-788,338,46.75,48.34,-1.59,-193,10801,12419,1618,1
23038,Nariño,CHACHAGUI,5575,1807,-3768,6679,2166,-4513,-745,24.49,26.63,-2.14,-189,8027,8995,968,1
23022,Nariño,COLON (GENOVA),2515,704,-1811,3647,1084,-2563,-752,22.91,25.86,-2.94,-139,3754,4943,1189,1
23025,Nariño,CONSACA,3385,1500,-1885,4296,2129,-2167,-282,33.14,34.56,-1.42,-91,5629,6558,929,1
23028,Nariño,CONTADERO,2331,1140,-1191,3005,1491,-1514,-323,33.16,35.25,-2.09,-93,3804,4552,748,1
23031,Nariño,CORDOBA,5158,887,-4271,6837,1241,-5596,-1325,15.36,17.66,-2.29,-185,6586,8196,1610,1
23034,Nariño,CUASPUD (CARLOSAMA),3250,951,-2299,4472,1243,-3229,-930,21.75,25.1,-3.35,-191,4646,5805,1159,1
23037,Nariño,CUMBAL,12532,2485,-10047,16369,3239,-13130,-3083,16.52,19.06,-2.54,-498,16288,19868,3580,1
23039,Nariño,CUMBITARA,4107,378,-3729,5384,263,-5121,-1392,4.66,11.08,-6.42,-362,5163,5752,589,1
23041,Nariño,EL CHARCO,6194,618,-5576,9777,661,-9116,-3540,6.33,11.34,-5.01,-522,7415,10718,3303,1
23044,Nariño,EL PEÑOL,2600,1055,-1545,3446,1131,-2315,-770,24.71,30.62,-5.91,-270,4035,4697,662,1
23040,Nariño,EL ROSARIO,3564,475,-3089,4614,362,-4252,-1163,7.27,14.5,-7.22,-359,4490,5104,614,1
23043,Nariño,EL TABLON,3836,2024,-1812,5226,2914,-2312,-500,35.8,38.19,-2.4,-195,6642,8324,1682,1
23046,Nariño,EL TAMBO,4105,2594,-1511,5116,3611,-1505,6,41.38,42.25,-0.87,-75,7791,8990,1199,1
23047,Nariño,FRANCISCO PIZARRO (SALAHONDA),2781,154,-2627,4009,120,-3889,-1262,2.91,7.24,-4.33,-178,3104,4179,1075,1
23049,Nariño,FUNES,2138,624,-1514,2724,1506,-1218,296,35.6,36.62,-1.02,-43,3600,4271,671,1
23052,Nariño,GUACHUCAL,7263,1879,-5384,9035,2528,-6507,-1123,21.86,22.64,-0.78,-90,9905,11744,1839,1
23055,Nariño,GUAITARILLA,4863,906,-3957,6428,1463,-4965,-1008,18.54,19.17,-0.63,-49,6316,8011,1695,1
23058,Nariño,GUALMATAN,2183,1014,-1169,2747,1171,-1576,-407,29.89,33.08,-3.2,-125,3547,4015,468,1
23061,Nariño,ILES,2732,912,-1820,3808,1160,-2648,-828,23.35,27.22,-3.87,-192,3994,5048,1054,1
23064,Nariño,IMUES,2642,993,-1649,3473,1363,-2110,-461,28.18,30.57,-2.38,-115,4045,4922,877,1
23067,Nariño,IPIALES,35198,14914,-20284,48510,18284,-30226,-9942,27.37,32.41,-5.04,-3366,57283,68290,11007,1
23073,Nariño,LA CRUZ,5416,2226,-3190,7260,3003,-4257,-1067,29.26,32.7,-3.44,-353,8673,10520,1847,1
23076,Nariño,LA FLORIDA,4156,1386,-2770,5182,1802,-3380,-610,25.8,27.38,-1.58,-110,6027,7114,1087,1
23077,Nariño,LA LLANADA,1259,984,-275,1799,1160,-639,-364,39.2,45.25,-6.05,-179,2567,3095,528,1
23078,Nariño,LA TOLA,2132,211,-1921,2798,201,-2597,-676,6.7,11.02,-4.32,-129,2451,3040,589,1
23079,Nariño,LA UNION,6754,4651,-2103,9487,6664,-2823,-720,41.26,45.55,-4.29,-693,13900,16759,2859,1
23080,Nariño,LEIVA,4283,966,-3317,6086,337,-5749,-2432,5.25,21.73,-16.49,-1058,6135,6655,520,1
23082,Nariño,LINARES,3594,914,-2680,4803,1221,-3582,-902,20.27,22.2,-1.93,-116,4910,6190,1280,1
23085,Nariño,LOS ANDES (SOTOMAYOR),3502,1072,-2430,4811,1249,-3562,-1132,20.61,27.39,-6.78,-410,5521,6338,817,1
23088,Nariño,MAGUI (PAYAN),3005,92,-2913,4711,98,-4613,-1700,2.04,4.1,-2.06,-98,3221,4854,1633,1
23091,Nariño,MALLAMA (PIEDRANCHA),2775,486,-2289,3947,579,-3368,-1079,12.79,16.64,-3.85,-174,3541,4622,1081,1
23094,Nariño,MOSQUERA,2831,80,-2751,4065,74,-3991,-1240,1.79,3.89,-2.1,-87,2995,4160,1165,1
23096,Nariño,NARIÑO,2080,1034,-1046,2644,1242,-1402,-356,31.96,34.79,-2.83,-110,3442,3970,528,1
23095,Nariño,OLAYA HERRERA,6006,451,-5555,8401,502,-7899,-2344,5.64,8.84,-3.2,-284,6881,9009,2128,1
23097,Nariño,OSPINA,1862,945,-917,2557,1482,-1075,-158,36.69,37.93,-1.24,-50,3250,4148,898,1
23001,Nariño,PASTO,140673,49431,-91242,175744,59547,-116197,-24955,25.31,28.64,-3.33,-7837,215648,239763,24115,1
23098,Nariño,POLICARPA,6712,929,-5783,9012,470,-8542,-2759,4.96,15.21,-10.25,-972,8934,9737,803,1
23100,Nariño,POTOSI,3080,1630,-1450,4520,2216,-2304,-854,32.9,37.57,-4.67,-314,5225,6839,1614,1
23101,Nariño,PROVIDENCIA,2578,243,-2335,3535,358,-3177,-842,9.2,10.47,-1.27,-49,2997,3948,951,1
23103,Nariño,PUERRES,3227,1293,-1934,3852,1533,-2319,-385,28.47,30.51,-2.05,-110,4873,5473,600,1
23106,Nariño,PUPIALES,5072,3181,-1891,6708,4223,-2485,-594,38.63,42.26,-3.63,-396,9718,11223,1505,1
23109,Nariño,RICAURTE,5048,1241,-3807,10043,1567,-8476,-4669,13.5,23.19,-9.7,-1125,6949,11817,4868,1
23112,Nariño,ROBERTO PAYAN (SAN JOSE),4212,110,-4102,6464,120,-6344,-2242,1.82,3.62,-1.8,-118,4475,6627,2152,1
23115,Nariño,SAMANIEGO,10468,1870,-8598,14289,2226,-12063,-3465,13.48,16.9,-3.42,-565,13253,16897,3644,1
23120,Nariño,SAN BERNARDO,2020,1578,-442,2625,2299,-326,116,46.69,47.44,-0.75,-36,4209,5079,870,1
23121,Nariño,SAN LORENZO,4428,2213,-2215,5970,3442,-2528,-313,36.57,39.7,-3.13,-294,8275,9786,1511,1
23124,Nariño,SAN PABLO,5664,955,-4709,7442,1107,-6335,-1626,12.95,16.37,-3.42,-292,7177,8894,1717,1
23123,Nariño,SAN PEDRO DE CARTAGO,1193,1382,189,1811,2135,324,135,54.11,58.71,-4.61,-181,3222,4101,879,1
23118,Nariño,SANDONA,6899,2596,-4303,9121,3202,-5919,-1616,25.98,29.47,-3.49,-429,10528,12605,2077,1
23125,Nariño,SANTA BARBARA (ISCUANDE),2558,204,-2354,4684,200,-4484,-2130,4.1,10.38,-6.29,-307,2983,4988,2005,1
23127,Nariño,SANTACRUZ (GUACHAVES),3194,445,-2749,5074,620,-4454,-1705,10.89,14.26,-3.37,-191,3943,5809,1866,1
23130,Nariño,SAPUYES,2382,876,-1506,3008,1291,-1717,-211,30.03,30.54,-0.51,-22,3608,4375,767,1
23133,Nariño,TAMINANGO,7045,1302,-5743,8728,1677,-7051,-1308,16.12,17.39,-1.28,-132,8905,10602,1697,1
23136,Nariño,TANGUA,4032,1371,-2661,5331,1815,-3516,-855,25.4,27.79,-2.39,-171,5933,7257,1324,1
23139,Nariño,TUMACO,40642,7114,-33528,76219,8731,-67488,-33960,10.28,20.11,-9.84,-8354,54449,86769,32320,1
23142,Nariño,TUQUERRES,15394,3078,-12316,20310,4588,-15722,-3406,18.43,20.19,-1.77,-439,20713,25415,4702,1
23145,Nariño,YACUANQUER,4194,1236,-2958,5136,1614,-3522,-564,23.91,25.28,-1.37,-92,6022,6898,876,1
24008,Risaralda,APIA,1292,2667,1375,1785,4430,2645,1270,71.28,71.84,-0.56,-35,5648,6460,812,1
24013,Risaralda,BALBOA,978,1410,432,1242,1992,750,318,61.6,62.24,-0.65,-20,3040,3362,322,1
24021,Risaralda,BELEN DE UMBRIA,2824,5737,2913,3889,8634,4745,1832,68.95,70.37,-1.42,-178,11471,13039,1568,1
24025,Risaralda,DOSQUEBRADAS,40698,46881,6183,51929,58079,6150,-33,52.8,55.2,-2.4,-2643,109892,113870,3978,1
24029,Risaralda,GUATICA,1532,2805,1273,2070,4439,2369,1096,68.2,68.73,-0.53,-34,5912,6775,863,1
24038,Risaralda,LA CELIA,896,1806,910,1151,2608,1457,547,69.38,70.88,-1.5,-56,3567,3886,319,1
24046,Risaralda,LA VIRGINIA,7601,6093,-1508,9833,8135,-1698,-190,45.27,48.98,-3.7,-665,17328,18644,1316,1
24054,Risaralda,MARSELLA,2757,3818,1061,3611,5039,1428,367,58.25,61.33,-3.08,-266,8213,8958,745,1
24062,Risaralda,MISTRATO,3196,1887,-1309,4783,3083,-1700,-391,39.19,43.16,-3.97,-312,6337,8099,1762,1
24001,Risaralda,PEREIRA,96694,124834,28140,124754,155042,30288,2148,55.41,57.93,-2.52,-7037,278066,289316,11250,1
24070,Risaralda,PUEBLO RICO,3513,1410,-2103,5303,2066,-3237,-1134,28.04,33.18,-5.14,-379,5599,7518,1919,1
24078,Risaralda,QUINCHIA,5952,3278,-2674,7940,5096,-2844,-170,39.09,41.33,-2.24,-292,11817,13710,1893,1
24086,Risaralda,SANTA ROSA DE CABAL,13099,20631,7532,17643,25850,8207,675,59.43,62.39,-2.96,-1286,43151,45252,2101,1
24094,Risaralda,SANTUARIO,1236,3020,1784,1691,4187,2496,712,71.23,72.91,-1.68,-98,5638,6127,489,1
25004,N. de Santander,ABREGO,1960,10197,8237,2757,12862,10105,1868,82.35,83.36,-1.02,-158,13505,15866,2361,1
25007,N. de Santander,ARBOLEDAS,377,3650,3273,531,4736,4205,932,89.92,90.94,-1.02,-53,4880,5344,464,1
25010,N. de Santander,BOCHALEMA,569,3973,3404,770,4578,3808,404,85.6,86.71,-1.11,-59,5096,5433,337,1
25013,N. de Santander,BUCARASICA,124,2346,2222,195,2749,2554,332,93.38,94.14,-0.76,-22,2740,2992,252,1
25019,N. de Santander,CACHIRA,342,3885,3543,456,4636,4180,637,91.04,91.91,-0.86,-43,4677,5145,468,1
25016,N. de Santander,CACOTA,178,1226,1048,225,1524,1299,251,87.14,86.65,0.49,8,1594,1791,197,1
25028,N. de Santander,CHINACOTA,1455,7401,5946,1851,8316,6465,519,81.79,82.68,-0.88,-89,10058,10379,321,1
25031,N. de Santander,CHITAGA,480,4114,3634,660,5292,4632,998,88.91,88.47,0.44,25,5478,6076,598,1
25022,N. de Santander,CONVENCION,2594,3082,488,4036,3791,-245,-733,48.43,55.38,-6.94,-543,6391,8064,1673,1
25001,N. de Santander,CUCUTA,56294,267412,211118,76069,306536,230467,19349,80.12,81.12,-1.0,-3834,373636,390453,16817,1
25025,N. de Santander,CUCUTILLA,340,3403,3063,482,4401,3919,856,90.13,90.42,-0.29,-14,4376,4983,607,1
25034,N. de Santander,DURANIA,311,2251,1940,374,2875,2501,561,88.49,87.5,0.99,32,3050,3302,252,1
25037,N. de Santander,EL CARMEN,1468,3372,1904,2179,4082,1903,-1,65.2,69.58,-4.38,-274,5230,6364,1134,1
25036,N. de Santander,EL TARRA,4640,1275,-3365,6586,1444,-5142,-1777,17.98,23.39,-5.41,-434,6512,8233,1721,1
25038,N. de Santander,EL ZULIA,1716,11657,9941,2243,13511,11268,1327,85.76,86.55,-0.78,-123,14983,16044,1061,1
25040,N. de Santander,GRAMALOTE,277,2923,2646,358,3552,3194,548,90.84,90.56,0.28,11,3685,3953,268,1
25043,N. de Santander,HACARI,2076,955,-1121,3043,1286,-1757,-636,29.71,32.97,-3.26,-141,3259,4434,1175,1
25046,N. de Santander,HERRAN,76,1540,1464,86,1966,1880,416,95.81,94.17,1.64,33,1825,2082,257,1
25051,N. de Santander,LA ESPERANZA,1232,3797,2565,1484,4734,3250,685,76.13,76.34,-0.21,-13,5690,6350,660,1
25052,N. de Santander,LA PLAYA,536,2204,1668,953,2762,1809,141,74.35,80.2,-5.86,-217,3010,3772,762,1
25049,N. de Santander,LABATECA,290,2640,2350,371,3108,2737,387,89.34,89.66,-0.32,-11,3169,3519,350,1
25054,N. de Santander,LOS PATIOS,6987,33470,26483,9298,37492,28194,1711,80.13,81.21,-1.08,-504,46460,47732,1272,1
25055,N. de Santander,LOURDES,120,1973,1853,141,2540,2399,546,94.74,93.08,1.66,44,2393,2712,319,1
25058,N. de Santander,MUTISCUA,120,1765,1645,156,2225,2069,424,93.45,93.39,0.06,1,2114,2423,309,1
25061,N. de Santander,OCAÑA,13256,37018,23762,17477,42350,24873,1111,70.79,72.69,-1.9,-1139,56251,61194,4943,1
25064,N. de Santander,PAMPLONA,7507,16850,9343,10074,19734,9660,317,66.2,67.98,-1.78,-529,29627,30872,1245,1
25067,N. de Santander,PAMPLONITA,294,2471,2177,396,3010,2614,437,88.37,88.23,0.15,4,3292,3501,209,1
25069,N. de Santander,PUERTO SANTANDER,473,2829,2356,560,3568,3008,652,86.43,84.88,1.55,63,3687,4188,501,1
25070,N. de Santander,RAGONVALIA,185,2417,2232,217,2971,2754,522,93.19,92.13,1.07,34,2934,3233,299,1
25073,N. de Santander,SALAZAR,464,4599,4135,596,5397,4801,666,90.06,90.13,-0.07,-4,5639,6092,453,1
25076,N. de Santander,SAN CALIXTO,2998,441,-2557,4409,566,-3843,-1286,11.38,13.96,-2.58,-128,3635,5067,1432,1
25079,N. de Santander,SAN CAYETANO,623,3824,3201,775,4325,3550,349,84.8,85.05,-0.25,-12,4915,5169,254,1
25082,N. de Santander,SANTIAGO,255,1629,1374,314,1984,1670,296,86.34,86.19,0.15,3,2150,2324,174,1
25085,N. de Santander,SARDINATA,947,8716,7769,1313,10231,8918,1149,88.63,89.67,-1.05,-120,10734,11741,1007,1
25088,N. de Santander,SILOS,120,2628,2508,154,3180,3026,518,95.38,94.94,0.45,14,3032,3377,345,1
25091,N. de Santander,TEORAMA,4117,905,-3212,6016,1004,-5012,-1800,14.3,19.68,-5.38,-377,5433,7176,1743,1
25093,N. de Santander,TIBU,6001,9958,3957,8204,12065,3861,-96,59.52,64.33,-4.81,-974,19240,21006,1766,1
25094,N. de Santander,TOLEDO,771,6179,5408,1054,7364,6310,902,87.48,87.94,-0.46,-38,7846,8608,762,1
25097,N. de Santander,VILLA CARO,162,2030,1868,204,2488,2284,416,92.42,91.72,0.7,18,2363,2729,366,1
25100,N. de Santander,VILLA DEL ROSARIO,5353,36138,30785,7085,41417,34332,3547,85.39,85.67,-0.28,-135,47103,49311,2208,1
26001,Quindío,ARMENIA,53484,84364,30880,68992,102562,33570,2690,59.78,61.88,-2.09,-3587,171970,177378,5408,1
26005,Quindío,BUENAVISTA,472,815,343,596,1051,455,112,63.81,65.46,-1.65,-27,1550,1694,144,1
26010,Quindío,CALARCA,11800,17276,5476,15386,22596,7210,1734,59.49,62.02,-2.53,-961,37418,39456,2038,1
26020,Quindío,CIRCASIA,4582,7608,3026,5935,9865,3930,904,62.44,64.54,-2.11,-332,15389,16326,937,1
26025,Quindío,CORDOBA,1134,1305,171,1389,1713,324,153,55.22,57.38,-2.16,-66,2990,3200,210,1
26030,Quindío,FILANDIA,1496,3340,1844,1958,4460,2502,658,69.49,70.79,-1.3,-83,6292,6679,387,1
26040,Quindío,GENOVA,1028,1856,828,1373,2774,1401,573,66.89,68.12,-1.22,-50,3822,4292,470,1
26050,Quindío,LA TEBAIDA,7199,6653,-546,9104,8804,-300,246,49.16,51.49,-2.33,-416,17471,18662,1191,1
26060,Quindío,MONTENEGRO,5814,8369,2555,7813,11180,3367,812,58.86,62.46,-3.59,-682,18678,19908,1230,1
26070,Quindío,PIJAO,859,1578,719,1046,2168,1122,403,67.45,67.83,-0.38,-12,3075,3313,238,1
26080,Quindío,QUIMBAYA,5521,7320,1799,7233,9727,2494,695,57.35,60.4,-3.05,-517,16466,17573,1107,1
26090,Quindío,SALENTO,948,2102,1154,1243,2662,1419,265,68.17,70.41,-2.24,-87,3827,4022,195,1
27004,Santander,AGUADA,110,563,453,144,858,714,261,85.63,86.38,-0.75,-7,882,1019,137,1
27007,Santander,ALBANIA,396,1217,821,486,1782,1296,475,78.57,78.46,0.11,2,2025,2302,277,1
27010,Santander,ARATOCA,867,3154,2287,1022,4046,3024,737,79.83,79.35,0.48,24,4656,5169,513,1
27013,Santander,BARBOSA,5605,9002,3397,6975,10962,3987,590,61.11,63.4,-2.29,-410,17154,18344,1190,1
27016,Santander,BARICHARA,1157,3554,2397,1496,4393,2897,500,74.6,75.01,-0.41,-24,5594,6038,444,1
27019,Santander,BARRANCABERMEJA,69511,38355,-31156,83663,43584,-40079,-8923,34.25,37.47,-3.21,-4089,121378,130339,8961,1
27022,Santander,BETULIA,518,1695,1177,646,2276,1630,453,77.89,78.15,-0.26,-7,2746,3001,255,1
27025,Santander,BOLIVAR,1140,2487,1347,1342,3620,2278,931,72.95,71.76,1.19,59,4421,5053,632,1
27001,Santander,BUCARAMANGA,91324,198332,107008,117895,229851,111956,4948,66.1,67.96,-1.86,-6467,343539,356248,12709,1
27028,Santander,CABRERA,103,853,750,143,1155,1012,262,88.98,89.92,-0.93,-12,1182,1318,136,1
27031,Santander,CALIFORNIA,191,908,717,213,1074,861,144,83.45,82.12,1.33,17,1277,1314,37,1
27034,Santander,CAPITANEJO,402,2146,1744,641,2538,1897,153,79.84,84.46,-4.62,-146,2957,3230,273,1
27037,Santander,CARCASI,163,1610,1447,265,2058,1793,346,88.59,90.49,-1.9,-44,2057,2357,300,1
27040,Santander,CEPITA,195,989,794,217,1278,1061,267,85.48,83.9,1.58,23,1358,1515,157,1
27043,Santander,CERRITO,475,2366,1891,622,3041,2419,528,83.02,83.09,-0.07,-2,3348,3757,409,1
27061,Santander,CHARALA,1387,4201,2814,1706,5417,3711,897,76.05,76.12,-0.07,-4,6792,7253,461,1
27064,Santander,CHARTA,264,1587,1323,339,2234,1895,572,86.82,86.71,0.12,2,2382,2606,224,1
27067,Santander,CHIMA,207,1052,845,254,1502,1248,403,85.54,85.48,0.06,0,1639,1786,147,1
27070,Santander,CHIPATA,558,1288,730,709,1915,1206,476,72.98,71.62,1.36,35,2201,2693,492,1
27045,Santander,CIMITARRA,4749,8256,3507,5849,10524,4675,1168,64.28,65.99,-1.71,-280,15492,16878,1386,1
27046,Santander,CONCEPCION,497,2063,1566,636,2741,2105,539,81.17,81.56,-0.39,-13,3099,3456,357,1
27049,Santander,CONFINES,164,1450,1286,214,1874,1660,374,89.75,89.88,-0.12,-2,1906,2126,220,1
27052,Santander,CONTRATACION,400,1199,799,458,1528,1070,271,76.94,76.38,0.56,11,1854,2030,176,1
27055,Santander,COROMORO,297,2162,1865,351,2817,2466,601,88.92,88.12,0.8,25,2852,3205,353,1
27058,Santander,CURITI,1629,4951,3322,1938,6208,4270,948,76.21,76.13,0.08,6,7674,8312,638,1
27071,Santander,EL CARMEN,662,6433,5771,840,7670,6830,1059,90.13,90.56,-0.43,-36,7952,8674,722,1
27073,Santander,EL GUACAMAYO,76,504,428,116,895,779,351,88.53,90.98,-2.46,-24,982,1034,52,1
27075,Santander,EL PEÑON,327,1319,992,408,1846,1438,446,81.9,81.59,0.31,7,1945,2293,348,1
27074,Santander,EL PLAYON,1308,5301,3993,1675,6380,4705,712,79.21,80.79,-1.59,-127,7564,8246,682,1
27076,Santander,ENCINO,87,1087,1000,125,1465,1340,340,92.14,92.34,-0.2,-3,1346,1608,262,1
27079,Santander,ENCISO,303,1566,1263,361,2019,1658,395,84.83,84.36,0.47,11,2219,2421,202,1
27080,Santander,FLORIAN,888,1684,796,1060,2550,1490,694,70.64,69.58,1.05,38,3150,3666,516,1
27082,Santander,FLORIDABLANCA,42163,90033,47870,53929,104989,51060,3190,66.06,67.68,-1.61,-2564,157563,162946,5383,1
27085,Santander,GALAN,193,1329,1136,218,1669,1451,315,88.45,88.01,0.44,8,1765,1901,136,1
27088,Santander,GAMBITA,324,1617,1293,384,2113,1729,436,84.62,84.28,0.34,8,2267,2531,264,1
27091,Santander,GIRON,25499,48682,23183,32286,56857,24571,1388,63.78,65.73,-1.94,-1733,86634,91535,4901,1
27094,Santander,GUACA,386,2438,2052,482,3147,2665,613,86.72,86.63,0.08,3,3220,3694,474,1
27097,Santander,GUADALUPE,317,1976,1659,392,2691,2299,640,87.29,87.48,-0.2,-6,2862,3122,260,1
27100,Santander,GUAPOTA,115,941,826,148,1336,1188,362,90.03,90.46,-0.43,-6,1353,1504,151,1
27103,Santander,GUAVATA,841,1264,423,994,1964,970,547,66.4,64.75,1.64,48,2596,3020,424,1
27106,Santander,GUEPSA,722,1353,631,857,1726,869,238,66.82,66.38,0.44,11,2384,2646,262,1
27109,Santander,HATO,263,952,689,304,1239,935,246,80.3,79.23,1.06,16,1434,1577,143,1
27112,Santander,JESUS MARIA,576,898,322,691,1403,712,390,67.0,65.02,1.98,41,1817,2141,324,1
27115,Santander,JORDAN,105,717,612,118,1000,882,270,89.45,88.13,1.32,14,1015,1135,120,1
27119,Santander,LA BELLEZA,374,2304,1930,512,3173,2661,731,86.11,87.02,-0.91,-33,3325,3736,411,1
27118,Santander,LA PAZ,294,1317,1023,330,2153,1823,800,86.71,84.44,2.27,56,2191,2537,346,1
27120,Santander,LANDAZURI,1163,3741,2578,1475,4678,3203,625,76.03,77.09,-1.06,-65,5505,6283,778,1
27121,Santander,LEBRIJA,4555,16595,12040,5789,19487,13698,1658,77.1,78.42,-1.32,-333,24407,25834,1427,1
27124,Santander,LOS SANTOS,1129,4848,3719,1498,6367,4869,1150,80.95,81.25,-0.3,-23,7145,8062,917,1
27127,Santander,MACARAVITA,115,844,729,158,1193,1035,306,88.3,89.07,-0.77,-10,1187,1371,184,1
27130,Santander,MALAGA,2551,6427,3876,3254,7697,4443,567,70.29,72.08,-1.8,-196,10768,11251,483,1
27133,Santander,MATANZA,506,2319,1813,608,3130,2522,709,83.73,83.35,0.38,14,3453,3797,344,1
27136,Santander,MOGOTES,743,3622,2879,904,4890,3986,1107,84.4,83.85,0.55,31,5349,5940,591,1
27139,Santander,MOLAGAVITA,221,1609,1388,275,2228,1953,565,89.01,88.51,0.5,12,2247,2534,287,1
27142,Santander,OCAMONTE,265,1817,1552,338,2540,2202,650,88.26,88.39,-0.13,-3,2638,2914,276,1
27145,Santander,OIBA,1023,4566,3543,1295,5563,4268,725,81.12,81.54,-0.42,-29,6418,6998,580,1
27148,Santander,ONZAGA,221,1478,1257,279,1997,1718,461,87.74,87.65,0.09,2,2058,2316,258,1
27151,Santander,PALMAR,149,720,571,201,935,734,163,82.31,83.82,-1.52,-17,1047,1150,103,1
27154,Santander,PALMAS DEL SOCORRO,165,1382,1217,243,1725,1482,265,87.65,89.07,-1.42,-27,1849,2011,162,1
27157,Santander,PARAMO,329,2079,1750,465,2682,2217,467,85.22,86.07,-0.85,-26,2876,3194,318,1
27160,Santander,PIEDECUESTA,26051,54278,28227,32641,63191,30550,2323,65.94,67.47,-1.53,-1465,94326,98362,4036,1
27163,Santander,PINCHOTE,564,1856,1292,703,2356,1653,361,77.02,77.37,-0.35,-10,2877,3112,235,1
27166,Santander,PUENTE NACIONAL,2470,4615,2145,2973,5874,2901,756,66.4,66.87,-0.47,-41,8353,9047,694,1
27167,Santander,PUERTO PARRA,1180,1786,606,1443,2201,758,152,60.4,62.42,-2.02,-73,3441,3741,300,1
27169,Santander,PUERTO WILCHES,8480,5445,-3035,10288,6722,-3566,-531,39.52,41.9,-2.39,-405,15502,17329,1827,1
27172,Santander,RIONEGRO,2849,9499,6650,3554,11719,8165,1515,76.73,77.58,-0.85,-129,14593,15703,1110,1
27174,Santander,SABANA DE TORRES,5200,8005,2805,6597,9579,2982,177,59.22,62.26,-3.05,-492,15340,16664,1324,1
27175,Santander,SAN ANDRES,731,2510,1779,890,3284,2394,615,78.68,78.48,0.2,8,3856,4276,420,1
27178,Santander,SAN BENITO,188,842,654,254,1339,1085,431,84.06,84.52,-0.47,-7,1345,1605,260,1
27181,Santander,SAN GIL,8703,19168,10465,10758,23161,12403,1938,68.28,68.89,-0.61,-206,32920,34691,1771,1
27184,Santander,SAN JOAQUIN,188,757,569,227,1156,929,360,83.59,81.68,1.91,26,1227,1406,179,1
27187,Santander,SAN JOSE DE MIRANDA,345,1961,1616,436,2696,2260,644,86.08,85.98,0.1,3,2939,3196,257,1
27190,Santander,SAN MIGUEL,225,838,613,280,1158,878,265,80.53,81.29,-0.76,-10,1311,1461,150,1
27193,Santander,SAN VICENTE DE CHUCURI,2998,10055,7057,3659,12234,8575,1518,76.98,77.52,-0.54,-85,15031,16284,1253,1
27195,Santander,SANTA BARBARA,187,1065,878,246,1444,1198,320,85.44,86.53,-1.09,-18,1549,1720,171,1
27194,Santander,SANTA HELENA DEL OPON,218,1520,1302,251,1862,1611,309,88.12,87.52,0.6,12,1904,2153,249,1
27196,Santander,SIMACOTA,827,2732,1905,983,3437,2454,549,77.76,77.8,-0.04,-1,4105,4504,399,1
27199,Santander,SOCORRO,3380,10882,7502,4362,13409,9047,1545,75.45,77.08,-1.62,-288,17214,18118,904,1
27202,Santander,SUAITA,812,3650,2838,1003,4673,3670,832,82.33,82.35,-0.02,0,5272,5801,529,1
27205,Santander,SUCRE,421,1911,1490,560,2806,2246,756,83.36,84.04,-0.68,-22,2982,3417,435,1
27208,Santander,SURATA,383,1492,1109,451,1979,1528,419,81.44,80.94,0.5,12,2250,2486,236,1
27211,Santander,TONA,567,2672,2105,638,3384,2746,641,84.14,82.86,1.28,51,3769,4116,347,1
27217,Santander,VALLE DE SAN JOSE,745,2510,1765,864,3266,2402,637,79.08,77.76,1.32,54,3779,4199,420,1
27220,Santander,VELEZ,3145,5652,2507,3851,7277,3426,919,65.39,65.86,-0.47,-51,10327,11393,1066,1
27219,Santander,VETAS,41,765,724,62,998,936,212,94.15,94.03,0.12,1,966,1082,116,1
27221,Santander,VILLANUEVA,757,3280,2523,1003,4342,3339,816,81.23,81.71,-0.48,-25,5033,5470,437,1
27223,Santander,ZAPATOCA,1076,3615,2539,1338,4372,3034,495,76.57,77.01,-0.44,-25,5473,5847,374,1
28010,Sucre,BUENAVISTA,2625,2188,-437,3162,2850,-312,125,47.41,47.81,-0.4,-24,5233,6087,854,1
28020,Sucre,CAIMITO,3843,1518,-2325,4603,2176,-2427,-102,32.1,30.49,1.61,109,5717,6855,1138,1
28045,Sucre,CHALAN,1267,1025,-242,1580,1501,-79,163,48.72,47.3,1.41,43,2535,3124,589,1
28030,Sucre,COLOSO (RICAURTE),2548,1440,-1108,3237,2200,-1037,71,40.46,38.96,1.51,81,4384,5522,1138,1
28040,Sucre,COROZAL,17816,11441,-6375,20984,13176,-7808,-1433,38.57,40.08,-1.51,-514,31177,34657,3480,1
28041,Sucre,COVEÑAS,4328,2834,-1494,5441,4282,-1159,335,44.04,44.97,-0.93,-90,8388,9883,1495,1
28042,Sucre,EL ROBLE,3729,1659,-2070,4401,2061,-2340,-270,31.89,32.32,-0.43,-27,5660,6519,859,1
28048,Sucre,GALERAS (NUEVA GRANADA),2842,5446,2604,3635,7458,3823,1219,67.23,67.16,0.08,8,9320,11314,1994,1
28049,Sucre,GUARANDA,1900,3616,1716,2520,5247,2727,1011,67.56,66.94,0.62,48,6063,7872,1809,1
28050,Sucre,LA UNION,3748,1847,-1901,4528,2435,-2093,-192,34.97,35.25,-0.28,-19,6012,7070,1058,1
28055,Sucre,LOS PALMITOS,8203,3040,-5163,9702,4011,-5691,-528,29.25,28.92,0.33,45,11872,13841,1969,1
28060,Sucre,MAJAGUAL,4195,7749,3554,5209,11602,6393,2839,69.01,67.56,1.45,243,13842,17041,3199,1
28080,Sucre,MORROA,5547,2914,-2633,6663,3673,-2990,-357,35.54,36.26,-0.72,-74,9076,10479,1403,1
28100,Sucre,OVEJAS,7680,4075,-3605,9372,5320,-4052,-447,36.21,36.46,-0.25,-37,12541,14841,2300,1
28120,Sucre,PALMITO,4828,2262,-2566,5847,3169,-2678,-112,35.15,34.45,0.7,62,7636,9131,1495,1
28160,Sucre,SAMPUES,12495,6100,-6395,15913,8031,-7882,-1487,33.54,35.19,-1.65,-396,20259,24337,4078,1
28180,Sucre,SAN BENITO ABAD,5766,4371,-1395,6934,5821,-1113,282,45.64,44.48,1.16,147,10662,12868,2206,1
28190,Sucre,SAN JUAN DE BETULIA (BETULIA),4229,2963,-1266,4925,3492,-1433,-167,41.49,42.01,-0.53,-44,7543,8520,977,1
28200,Sucre,SAN MARCOS,12422,8058,-4364,15096,11180,-3916,448,42.55,41.39,1.16,305,22261,26681,4420,1
28220,Sucre,SAN ONOFRE,12645,3925,-8720,16242,6205,-10037,-1317,27.64,27.74,-0.1,-22,18473,22719,4246,1
28240,Sucre,SAN PEDRO,5009,3714,-1295,5916,4922,-994,301,45.41,43.89,1.52,165,9265,10961,1696,1
28260,Sucre,SINCE,6856,6093,-763,8324,7809,-515,248,48.4,48.98,-0.57,-92,14230,16416,2186,1
28001,Sucre,SINCELEJO,71183,45664,-25519,89562,53867,-35695,-10176,37.56,40.24,-2.68,-3842,126701,146127,19426,1
28280,Sucre,SUCRE,3764,4774,1010,4416,6919,2503,1493,61.04,59.09,1.95,220,9694,11465,1771,1
28300,Sucre,TOLU,10148,2946,-7202,12643,3774,-8869,-1667,22.99,24.25,-1.26,-207,13953,16621,2668,1
28320,Sucre,TOLUVIEJO,7028,4034,-2994,8457,5199,-3258,-264,38.07,38.06,0.01,0,11808,13824,2016,1
29004,Tolima,ALPUJARRA,407,1153,746,495,1837,1342,596,78.77,78.35,0.43,9,2135,2383,248,1
29007,Tolima,ALVARADO,1935,2028,93,2376,3087,711,618,56.51,56.05,0.46,24,4777,5576,799,1
29010,Tolima,AMBALEMA,1623,1307,-316,1931,1927,-4,312,49.95,49.07,0.87,33,3432,3903,471,1
29013,Tolima,ANZOATEGUI,894,2077,1183,1208,3419,2211,1028,73.89,73.19,0.7,32,3893,4726,833,1
29016,Tolima,ARMERO (GUAYABAL),2853,2143,-710,3486,2746,-740,-30,44.06,46.09,-2.03,-126,5790,6370,580,1
29019,Tolima,ATACO,1413,4326,2913,1936,6770,4834,1921,77.76,78.92,-1.16,-100,7600,8886,1286,1
29022,Tolima,CAJAMARCA,2900,4531,1631,3682,6075,2393,762,62.26,63.6,-1.34,-130,9059,10069,1010,1
29025,Tolima,CARMEN DE APICALA,1592,3222,1630,2094,4558,2464,834,68.52,70.65,-2.13,-141,6242,6838,596,1
29028,Tolima,CASABIANCA,597,1462,865,760,2524,1764,899,76.86,75.07,1.79,58,2856,3399,543,1
29040,Tolima,CHAPARRAL,6450,9146,2696,8392,12940,4548,1852,60.66,62.18,-1.52,-323,19268,21949,2681,1
29031,Tolima,COELLO,2446,1926,-520,2873,2693,-180,340,48.38,47.65,0.73,40,4984,5655,671,1
29034,Tolima,COYAIMA,5245,3302,-1943,6285,5092,-1193,750,44.76,43.83,0.93,105,10056,11540,1484,1
29037,Tolima,CUNDAY,730,2312,1582,919,3304,2385,803,78.24,79.31,-1.07,-45,3913,4292,379,1
29043,Tolima,DOLORES,784,2544,1760,1135,3387,2252,492,74.9,77.68,-2.78,-125,3946,4637,691,1
29046,Tolima,ESPINAL,13830,17320,3490,17863,24045,6182,2692,57.38,59.92,-2.55,-1067,39568,43118,3550,1
29049,Tolima,FALAN,1268,1518,250,1507,2341,834,584,60.84,59.05,1.78,68,3497,3956,459,1
29052,Tolima,FLANDES,4797,5385,588,5998,7042,1044,456,54.0,56.3,-2.3,-299,12153,13387,1234,1
29055,Tolima,FRESNO,3561,6891,3330,4840,10855,6015,2685,69.16,70.28,-1.12,-176,14631,16290,1659,1
29058,Tolima,GUAMO,4125,7665,3540,5274,11397,6123,2583,68.36,69.65,-1.29,-214,15540,17066,1526,1
29061,Tolima,HERVEO,592,1704,1112,784,2559,1775,663,76.55,76.29,0.26,8,2994,3413,419,1
29064,Tolima,HONDA,5755,5405,-350,7002,6634,-368,-18,48.65,51.74,-3.09,-421,13122,13955,833,1
29001,Tolima,IBAGUE,109574,141360,31786,139933,176469,36536,4750,55.77,58.56,-2.79,-8830,309213,325591,16378,1
29067,Tolima,ICONONZO,2414,2109,-305,2894,3022,128,433,51.08,51.26,-0.18,-10,5450,6034,584,1
29070,Tolima,LERIDA,4377,2913,-1464,5179,4191,-988,476,44.73,44.88,-0.16,-14,8615,9598,983,1
29073,Tolima,LIBANO,8501,6087,-2414,10266,8970,-1296,1118,46.63,47.64,-1.01,-194,18381,19872,1491,1
29076,Tolima,MARIQUITA,6437,7507,1070,8037,10044,2007,937,55.55,56.93,-1.38,-249,17208,18693,1485,1
29079,Tolima,MELGAR,5201,11627,6426,6633,14072,7439,1013,67.96,70.25,-2.29,-474,19925,21196,1271,1
29080,Tolima,MURILLO,535,657,122,709,1153,444,322,61.92,62.49,-0.57,-10,1629,1901,272,1
29082,Tolima,NATAGAIMA,3943,2524,-1419,4839,3805,-1034,385,44.02,45.1,-1.09,-93,7645,8786,1141,1
29085,Tolima,ORTEGA,4172,5056,884,5443,7896,2453,1569,59.19,60.18,-0.99,-131,11703,13623,1920,1
29087,Tolima,PALOCABILDO,1317,2160,843,1611,3302,1691,848,67.21,66.32,0.89,43,4304,5010,706,1
29088,Tolima,PIEDRAS,1374,1421,47,1757,1768,11,-36,50.16,53.47,-3.32,-116,3200,3608,408,1
29089,Tolima,PLANADAS,3475,4800,1325,4935,7161,2226,901,59.2,62.2,-2.99,-362,10538,12533,1995,1
29091,Tolima,PRADO,1111,2523,1412,1381,3351,1970,558,70.82,71.28,-0.47,-22,4262,4815,553,1
29094,Tolima,PURIFICACION,4918,5234,316,5979,7213,1234,918,54.68,55.58,-0.9,-119,12176,13469,1293,1
29097,Tolima,RIOBLANCO,1723,3562,1839,2474,5425,2951,1112,68.68,70.25,-1.57,-124,6780,8154,1374,1
29100,Tolima,RONCESVALLES,377,1114,737,453,1658,1205,468,78.54,76.43,2.12,44,1892,2166,274,1
29103,Tolima,ROVIRA,1952,5659,3707,2632,8624,5992,2285,76.62,77.39,-0.77,-86,10023,11539,1516,1
29105,Tolima,SALDAÑA,2234,3730,1496,2931,5197,2266,770,63.94,66.28,-2.34,-190,7539,8324,785,1
29106,Tolima,SAN ANTONIO,1165,2786,1621,1497,4361,2864,1243,74.45,74.27,0.17,10,5187,5979,792,1
29109,Tolima,SAN LUIS,1553,4568,3015,1944,6202,4258,1243,76.14,76.4,-0.26,-21,7344,8267,923,1
29112,Tolima,SANTA ISABEL,516,1446,930,698,2384,1686,756,77.35,77.06,0.29,8,2603,3153,550,1
29115,Tolima,SUAREZ,697,1472,775,879,2223,1344,569,71.66,71.87,-0.21,-6,2743,3162,419,1
29118,Tolima,VALLE DE SAN JUAN,466,1674,1208,569,2577,2008,800,81.91,81.41,0.51,15,2821,3187,366,1
29121,Tolima,VENADILLO,2527,2842,315,3103,4037,934,619,56.54,57.02,-0.48,-33,6454,7265,811,1
29124,Tolima,VILLAHERMOSA,805,1214,409,1073,2539,1466,1057,70.29,71.13,-0.83,-30,3357,3749,392,1
29127,Tolima,VILLARRICA,569,1769,1200,700,2296,1596,396,76.64,77.94,-1.3,-39,2801,3040,239,1
31004,Valle,ALCALA,2456,2833,377,3132,3737,605,228,54.4,56.89,-2.49,-171,6412,7123,711,1
31007,Valle,ANDALUCIA,5969,3604,-2365,7533,4486,-3047,-682,37.32,40.38,-3.05,-367,10949,12268,1319,1
31010,Valle,ANSERMANUEVO,2708,3422,714,3510,5740,2230,1516,62.05,63.11,-1.05,-97,8531,9524,993,1
31013,Valle,ARGELIA,586,1357,771,735,2186,1451,680,74.84,75.52,-0.68,-19,2772,3000,228,1
31016,Valle,BOLIVAR,2275,3376,1101,2934,4813,1879,778,62.13,65.1,-2.97,-230,7251,7936,685,1
31019,Valle,BUENAVENTURA,72065,10788,-61277,97881,15849,-82032,-20755,13.94,16.37,-2.43,-2768,91352,115778,24426,1
31022,Valle,BUGA,36630,20612,-16018,44607,24328,-20279,-4261,35.29,37.93,-2.64,-1816,65520,70568,5048,1
31025,Valle,BUGALAGRANDE,7580,3123,-4457,8893,4034,-4859,-402,31.21,32.44,-1.23,-159,12077,13192,1115,1
31028,Valle,CAICEDONIA,4478,6695,2217,5795,8954,3159,942,60.71,63.26,-2.55,-376,14286,15299,1013,1
31001,Valle,CALI,541270,371718,-169552,682166,443047,-239119,-69567,39.37,42.66,-3.28,-36916,1063418,1151266,87848,1
31040,Valle,CALIMA (DARIEN),3637,3579,-58,4802,4486,-316,-258,48.3,51.85,-3.55,-329,8513,9578,1065,1
31031,Valle,CANDELARIA,36468,11821,-24647,43650,14510,-29140,-4493,24.95,27.59,-2.65,-1538,54990,59475,4485,1
31034,Valle,CARTAGO,24806,30265,5459,32058,36840,4782,-677,53.47,56.67,-3.2,-2207,66940,71139,4199,1
31037,Valle,DAGUA,9228,7193,-2035,12098,9459,-2639,-604,43.88,48.28,-4.41,-949,19601,22132,2531,1
31043,Valle,EL AGUILA,717,1927,1210,917,3096,2179,969,77.15,77.26,-0.11,-4,3765,4161,396,1
31046,Valle,EL CAIRO,739,1311,572,954,2136,1182,610,69.13,69.29,-0.17,-5,2842,3204,362,1
31049,Valle,EL CERRITO,20795,7562,-13233,24978,9317,-15661,-2428,27.17,29.24,-2.07,-710,31582,34924,3342,1
31052,Valle,EL DOVIO,1627,2646,1019,2207,3462,1255,236,61.07,64.24,-3.17,-179,5289,5858,569,1
31055,Valle,FLORIDA,22399,6025,-16374,27141,7458,-19683,-3309,21.56,24.47,-2.92,-1009,31818,35298,3480,1
31058,Valle,GINEBRA,5636,3920,-1716,6932,5025,-1907,-191,42.03,44.66,-2.64,-315,11195,12236,1041,1
31061,Valle,GUACARI,11944,3866,-8078,14854,5129,-9725,-1647,25.67,27.93,-2.27,-452,17813,20314,2501,1
31064,Valle,JAMUNDI,45076,25922,-19154,55757,30708,-25049,-5895,35.51,38.72,-3.2,-2766,82296,88747,6451,1
31067,Valle,LA CUMBRE,3864,2973,-891,4823,3922,-901,-10,44.85,47.6,-2.75,-240,8090,8938,848,1
31070,Valle,LA UNION,3996,9339,5343,5213,11569,6356,1013,68.94,70.77,-1.83,-307,16524,17383,859,1
31073,Valle,LA VICTORIA,1816,3343,1527,2252,4258,2006,479,65.41,67.05,-1.64,-106,6236,6668,432,1
31076,Valle,OBANDO,2772,1783,-989,3410,2440,-970,19,41.71,43.73,-2.02,-118,5402,6039,637,1
31079,Valle,PALMIRA,90115,52511,-37604,111031,62677,-48354,-10750,36.08,39.09,-3.01,-5229,165881,177999,12118,1
31082,Valle,PRADERA,16082,4855,-11227,19477,6130,-13347,-2120,23.94,26.07,-2.13,-544,23537,26159,2622,1
31085,Valle,RESTREPO,3354,3543,189,4502,4459,-43,-232,49.76,53.97,-4.21,-377,8048,9203,1155,1
31088,Valle,RIOFRIO,3432,3460,28,4175,4718,543,515,53.05,54.66,-1.61,-143,8419,9121,702,1
31091,Valle,ROLDANILLO,7297,8798,1501,8987,11289,2302,801,55.68,56.97,-1.3,-263,19494,20792,1298,1
31094,Valle,SAN PEDRO,4290,2897,-1393,5420,3660,-1760,-367,40.31,44.1,-3.8,-344,8368,9282,914,1
31097,Valle,SEVILLA,7716,7471,-245,9715,10421,706,951,51.75,53.82,-2.07,-416,19252,20958,1706,1
31100,Valle,TORO,1608,3042,1434,2088,4642,2554,1120,68.97,69.95,-0.97,-65,6250,6933,683,1
31103,Valle,TRUJILLO,2863,4086,1223,3578,5744,2166,943,61.62,63.03,-1.42,-132,8816,9614,798,1
31106,Valle,TULUA,43107,41369,-1738,53789,49177,-4612,-2874,47.76,50.6,-2.84,-2927,99660,105989,6329,1
31109,Valle,ULLOA,1081,992,-89,1359,1475,116,205,52.05,54.01,-1.97,-55,2622,2916,294,1
31112,Valle,VERSALLES,788,2086,1298,1037,2994,1957,659,74.27,75.78,-1.51,-60,3802,4158,356,1
31115,Valle,VIJES,3828,1591,-2237,4631,2620,-2011,226,36.13,36.31,-0.18,-12,6494,7352,858,1
31118,Valle,YOTOCO,4636,2680,-1956,5808,3502,-2306,-350,37.62,40.06,-2.45,-227,8483,9545,1062,1
31121,Valle,YUMBO,44723,14169,-30554,53074,17688,-35386,-4832,25.0,27.23,-2.23,-1577,66046,72036,5990,1
31124,Valle,ZARZAL,13457,6356,-7101,16180,7815,-8365,-1264,32.57,35.37,-2.81,-673,22601,24492,1891,1
40001,Arauca,ARAUCA,7194,22710,15516,9519,27887,18368,2852,74.55,76.4,-1.84,-689,35855,38548,2693,1
40010,Arauca,ARAUQUITA,7671,4931,-2740,10195,6388,-3807,-1067,38.52,41.76,-3.24,-537,14684,17348,2664,1
40015,Arauca,CRAVO NORTE,242,976,734,395,1291,896,162,76.57,80.58,-4.01,-67,1350,1714,364,1
40017,Arauca,FORTUL,3869,1628,-2241,5624,2094,-3530,-1289,27.13,32.91,-5.78,-446,6393,8046,1653,1
40020,Arauca,PUERTO RONDON,225,1146,921,305,1534,1229,308,83.41,84.22,-0.8,-14,1591,1877,286,1
40025,Arauca,SARAVENA,8924,8564,-360,11841,10686,-1155,-795,47.44,51.35,-3.92,-882,20743,23456,2713,1
40005,Arauca,TAME,5972,10658,4686,8541,13643,5102,416,61.5,65.7,-4.2,-932,20113,23074,2961,1
44002,Caquetá,ALBANIA,594,1420,826,954,1774,820,-6,65.03,70.99,-5.96,-162,2336,2837,501,1
44004,Caquetá,BELEN DE LOS ANDAQUIES,1287,2490,1203,1859,3058,1199,-4,62.19,67.29,-5.09,-250,4336,5087,751,1
44003,Caquetá,CARTAGENA DEL CHAIRA,6593,3953,-2640,11527,4948,-6579,-3939,30.03,40.97,-10.94,-1801,13436,17638,4202,1
44012,Caquetá,CURILLO,988,1475,487,1660,1913,253,-234,53.54,62.14,-8.6,-307,2910,3727,817,1
44005,Caquetá,EL DONCELLO,2624,4301,1677,4225,5686,1461,-216,57.37,63.79,-6.42,-636,8280,10364,2084,1
44006,Caquetá,EL PAUJIL,2492,2531,39,3958,3354,-604,-643,45.87,53.0,-7.13,-521,5899,7635,1736,1
44001,Caquetá,FLORENCIA,26756,41108,14352,36346,49942,13596,-756,57.88,61.68,-3.81,-3283,79329,88897,9568,1
44007,Caquetá,LA MONTAÑITA,3482,2032,-1450,5131,2789,-2342,-892,35.21,39.64,-4.42,-350,6259,8206,1947,1
44016,Caquetá,MILAN,1204,1123,-81,2020,1526,-494,-413,43.03,49.69,-6.66,-236,2571,3680,1109,1
44017,Caquetá,MORELIA,386,1234,848,629,1587,958,110,71.62,76.58,-4.96,-109,1981,2276,295,1
44009,Caquetá,PUERTO RICO,3682,4853,1171,6304,6455,151,-1020,50.59,58.81,-8.22,-1048,10168,13428,3260,1
44020,Caquetá,SAN JOSE DEL FRAGUA,1930,2568,638,2861,3310,449,-189,53.64,59.19,-5.56,-342,5241,6424,1183,1
44010,Caquetá,SAN VICENTE DEL CAGUAN,11114,9241,-1873,19074,10620,-8454,-6581,35.76,48.12,-12.35,-3667,24447,31343,6896,1
44022,Caquetá,SOLANO,2005,729,-1276,3398,1048,-2350,-1074,23.57,28.98,-5.41,-240,3076,4607,1531,1
44024,Caquetá,SOLITA,744,1227,483,1465,1605,140,-343,52.28,63.85,-11.57,-355,2341,3246,905,1
44040,Caquetá,VALPARAISO,587,1498,911,875,1973,1098,187,69.28,72.65,-3.38,-96,2383,2977,594,1
46040,Casanare,AGUAZUL,5718,11764,6046,7166,14040,6874,828,66.21,68.78,-2.57,-545,21094,22000,906,1
46120,Casanare,CHAMEZA,267,835,568,300,972,672,104,76.42,76.75,-0.34,-4,1269,1300,31,1
46320,Casanare,HATO COROZAL,806,3410,2604,1048,4204,3156,552,80.05,81.44,-1.4,-73,4808,5318,510,1
46480,Casanare,LA SALINA,229,109,-120,365,164,-201,-81,31.0,34.16,-3.16,-16,389,552,163,1
46520,Casanare,MANI,1830,4699,2869,2291,5676,3385,516,71.24,72.87,-1.62,-129,7649,8170,521,1
46540,Casanare,MONTERREY,2032,5339,3307,2501,6344,3843,536,71.72,73.58,-1.86,-164,8832,9152,320,1
46560,Casanare,NUNCHIA,566,2990,2424,692,3934,3242,818,85.04,84.97,0.07,3,4194,4689,495,1
46640,Casanare,OROCUE,1241,3199,1958,1535,4062,2527,569,72.57,73.25,-0.67,-37,5074,5708,634,1
46680,Casanare,PAZ DE ARIPORO (MORENO),3152,11987,8835,4039,15175,11136,2301,78.98,80.1,-1.12,-215,17613,19629,2016,1
46700,Casanare,PORE,847,3622,2775,1115,4738,3623,848,80.95,81.62,-0.67,-39,5200,5982,782,1
46760,Casanare,RECETOR,187,477,290,248,664,416,126,72.81,72.89,-0.09,0,793,929,136,1
46800,Casanare,SABANALARGA,393,1371,978,472,1569,1097,119,76.87,78.45,-1.57,-32,2002,2088,86,1
46815,Casanare,SACAMA,621,312,-309,754,449,-305,4,37.32,37.38,-0.05,0,1102,1235,133,1
46830,Casanare,SAN LUIS DE PALENQUE,533,3127,2594,709,3951,3242,648,84.79,85.24,-0.46,-21,4243,4753,510,1
46840,Casanare,TAMARA,469,1684,1215,565,2484,1919,704,81.47,79.91,1.56,47,2669,3113,444,1
46850,Casanare,TAURAMENA,3174,9652,6478,4043,10893,6850,372,72.93,75.43,-2.5,-372,14757,15411,654,1
46865,Casanare,TRINIDAD,946,4167,3221,1166,5407,4241,1020,82.26,82.41,-0.15,-10,5949,6712,763,1
46880,Casanare,VILLANUEVA,5436,11281,5845,6873,13050,6177,332,65.5,68.63,-3.13,-624,20257,20721,464,1
46001,Casanare,YOPAL,25755,54089,28334,32592,63427,30835,2501,66.06,68.15,-2.09,-2010,94609,98816,4207,1
48002,La Guajira,ALBANIA,7040,2387,-4653,8913,2924,-5989,-1336,24.7,26.54,-1.83,-217,10030,12044,2014,1
48004,La Guajira,BARRANCAS,8124,3419,-4705,10839,4620,-6219,-1514,29.89,31.22,-1.33,-205,12260,15626,3366,1
48005,La Guajira,DIBULLA,5527,2752,-2775,7534,3732,-3802,-1027,33.13,34.71,-1.58,-178,8879,11453,2574,1
48008,La Guajira,DISTRACCION,2764,1959,-805,3491,2561,-930,-125,42.32,42.47,-0.15,-9,4985,6149,1164,1
48006,La Guajira,EL MOLINO,2114,1926,-188,2711,2456,-255,-67,47.53,48.48,-0.95,-48,4285,5240,955,1
48007,La Guajira,FONSECA,9393,4835,-4558,12851,5855,-6996,-2438,31.3,35.12,-3.82,-714,15163,18996,3833,1
48009,La Guajira,HATONUEVO,5031,1844,-3187,6436,2343,-4093,-906,26.69,27.89,-1.2,-105,7266,8881,1615,1
48012,La Guajira,LA JAGUA DEL PILAR,1435,992,-443,1793,1248,-545,-102,41.04,41.86,-0.83,-25,2586,3085,499,1
48010,La Guajira,MAICAO,25692,20966,-4726,35313,26067,-9246,-4520,42.47,45.92,-3.46,-2121,50548,62729,12181,1
48011,La Guajira,MANAURE,7997,3967,-4030,16175,7343,-8832,-4802,31.22,36.32,-5.1,-1198,13466,24216,10750,1
48001,La Guajira,RIOHACHA,37453,26917,-10536,50857,32776,-18081,-7545,39.19,43.26,-4.07,-3405,70779,85539,14760,1
48013,La Guajira,SAN JUAN DEL CESAR,7360,10232,2872,9228,12729,3501,629,57.97,59.01,-1.04,-227,18906,22336,3430,1
48016,La Guajira,URIBIA,12551,8026,-4525,22343,14052,-8291,-3766,38.61,40.9,-2.29,-833,22886,37678,14792,1
48018,La Guajira,URUMITA,3036,2087,-949,3756,2398,-1358,-409,38.97,41.09,-2.13,-130,5345,6239,894,1
48020,La Guajira,VILLANUEVA,5027,4316,-711,6317,5397,-920,-209,46.07,47.12,-1.04,-122,10080,11955,1875,1
50070,Guainía,BARRANCOMINAS,1457,124,-1333,2294,194,-2100,-767,7.8,10.2,-2.4,-59,1724,2518,794,1
50073,Guainía,CACAHUAL,31,4,-27,35,16,-19,8,31.37,13.06,18.32,9,41,51,10,1
50001,Guainía,INIRIDA,4926,3351,-1575,6846,4663,-2183,-608,40.52,43.91,-3.4,-391,9623,11772,2149,1
50078,Guainía,LA GUADALUPE,25,24,-1,28,41,13,14,59.42,50.45,8.97,6,63,70,7,1
50083,Guainía,MORICHAL (MORICHAL NUEVO),43,4,-39,57,32,-25,14,35.96,19.77,16.19,14,56,90,34,1
50087,Guainía,PANA PANA (CAMPO ALEGRE),144,36,-108,164,108,-56,52,39.71,33.24,6.46,17,247,278,31,1
50090,Guainía,PUERTO COLOMBIA,88,115,27,130,208,78,51,61.54,57.76,3.78,12,226,341,115,1
50092,Guainía,SAN FELIPE,64,64,0,136,126,-10,-10,48.09,54.49,-6.39,-16,154,264,110,1
52005,Meta,ACACIAS,17424,30711,13287,21726,35790,14064,777,62.23,65.14,-2.92,-1678,59158,60038,880,1
52006,Meta,BARRANCA DE UPIA,1226,1818,592,1563,2225,662,70,58.74,62.93,-4.2,-158,3711,3934,223,1
52008,Meta,CABUYARO,1065,2468,1403,1361,3078,1717,314,69.34,71.94,-2.6,-115,4255,4572,317,1
52010,Meta,CASTILLA LA NUEVA,3122,5026,1904,3835,6012,2177,273,61.05,64.33,-3.28,-322,10159,10262,103,1
52015,Meta,CUBARRAL,740,2654,1914,948,3096,2148,234,76.56,79.08,-2.53,-102,3933,4121,188,1
52020,Meta,CUMARAL,3842,7338,3496,4811,9107,4296,800,65.43,67.23,-1.8,-250,13359,14321,962,1
52025,Meta,EL CALVARIO,87,527,440,142,785,643,203,84.68,85.97,-1.29,-11,774,956,182,1
52027,Meta,EL CASTILLO,1529,1496,-33,1894,1887,-7,26,49.91,51.9,-2.0,-75,3468,3907,439,1
52028,Meta,EL DORADO,547,1652,1105,668,2074,1406,301,75.64,76.69,-1.05,-28,2601,2813,212,1
52030,Meta,FUENTE DE ORO,1842,3214,1372,2261,4061,1800,428,64.24,65.35,-1.11,-70,5889,6501,612,1
52035,Meta,GRANADA,11123,19393,8270,14418,23610,9192,922,62.09,65.04,-2.96,-1124,36192,39274,3082,1
52040,Meta,GUAMAL,2443,6331,3888,3028,7281,4253,365,70.63,72.89,-2.26,-233,10453,10624,171,1
52041,Meta,LA MACARENA,4053,2132,-1921,5999,2666,-3333,-1412,30.77,37.46,-6.69,-579,7367,9130,1763,1
52042,Meta,LEJANIAS,1358,3018,1660,1783,3730,1947,287,67.66,70.56,-2.91,-160,5201,5709,508,1
52046,Meta,MAPIRIPAN,1211,1260,49,1535,1440,-95,-144,48.4,52.7,-4.29,-127,2751,3079,328,1
52044,Meta,MESETAS,2625,2060,-565,3460,2547,-913,-348,42.4,46.19,-3.79,-227,5332,6237,905,1
52047,Meta,PUERTO CONCORDIA,1359,1726,367,1904,2288,384,17,54.58,58.55,-3.97,-166,3651,4331,680,1
52043,Meta,PUERTO GAITAN,15043,14580,-463,18419,15843,-2576,-2113,46.24,51.83,-5.59,-1915,35895,35756,-139,1
52048,Meta,PUERTO LLERAS,1079,2259,1180,1431,2808,1377,197,66.24,69.25,-3.01,-127,3868,4330,462,1
52045,Meta,PUERTO LOPEZ,4893,8631,3738,6175,10480,4305,567,62.92,65.91,-2.98,-497,16159,17160,1001,1
52049,Meta,PUERTO RICO,2214,1987,-227,3035,2696,-339,-112,47.04,50.79,-3.75,-214,5049,5949,900,1
52050,Meta,RESTREPO,3030,6950,3920,3992,8467,4475,555,67.96,70.24,-2.28,-283,11725,12721,996,1
52055,Meta,SAN CARLOS DE GUAROA,1974,3223,1249,2439,4050,1611,362,62.41,64.44,-2.03,-131,6174,6688,514,1
52058,Meta,SAN JUAN DE ARAMA,1376,1682,306,1678,2240,562,256,57.17,58.56,-1.39,-54,3620,4028,408,1
52059,Meta,SAN JUANITO,112,522,410,174,731,557,147,80.77,82.69,-1.91,-17,737,934,197,1
52060,Meta,SAN MARTIN DE LOS LLANOS,3202,6590,3388,4093,8153,4060,672,66.58,69.16,-2.59,-316,11784,12620,836,1
52074,Meta,URIBE,4282,442,-3840,5325,619,-4706,-866,10.41,11.07,-0.66,-39,5040,6070,1030,1
52001,Meta,VILLAVICENCIO,78547,136730,58183,103654,167359,63705,5522,61.75,64.75,-2.99,-8109,260921,277846,16925,1
52080,Meta,VISTA HERMOSA,2894,3670,776,3942,4631,689,-87,54.02,58.17,-4.15,-355,7729,8927,1198,1
54003,Guaviare,CALAMAR,1434,1198,-236,2092,1553,-539,-303,42.61,48.12,-5.51,-200,3161,3798,637,1
54007,Guaviare,EL RETORNO,1305,2609,1304,1836,3503,1667,363,65.61,67.93,-2.32,-123,4703,5564,861,1
54012,Guaviare,MIRAFLORES,788,213,-575,1010,329,-681,-106,24.57,24.73,-0.16,-2,1160,1377,217,1
54001,Guaviare,SAN JOSE DEL GUAVIARE,9150,12040,2890,12566,15293,2727,-163,54.89,58.91,-4.02,-1119,25927,29293,3366,1
56004,San Andrés,PROVIDENCIA,590,389,-201,1088,708,-380,-179,39.42,45.49,-6.07,-109,1221,1849,628,1
56001,San Andrés,SAN ANDRES,7346,7404,58,11223,9316,-1907,-1965,45.36,51.15,-5.79,-1189,16896,21142,4246,1
60010,Amazonas,EL ENCANTO,216,37,-179,260,31,-229,-50,10.65,17.48,-6.83,-19,271,300,29,1
60013,Amazonas,LA CHORRERA,544,25,-519,624,40,-584,-65,6.02,6.2,-0.17,-1,587,666,79,1
60016,Amazonas,LA PEDRERA,327,49,-278,411,52,-359,-81,11.23,15.11,-3.88,-17,405,472,67,1
60017,Amazonas,LA VICTORIA,28,0,-28,32,0,-32,-4,0.0,0.0,0.0,0,29,32,3,1
60001,Amazonas,LETICIA,10415,7328,-3087,13321,9595,-3726,-639,41.87,44.9,-3.03,-694,20991,23465,2474,1
60019,Amazonas,MIRITI PARANA,89,4,-85,163,3,-160,-75,1.81,5.17,-3.36,-5,96,167,71,1
60030,Amazonas,PUERTO ALEGRIA,94,14,-80,108,20,-88,-8,15.62,14.86,0.77,0,112,129,17,1
60040,Amazonas,PUERTO ARICA,163,15,-148,177,22,-155,-7,11.06,12.47,-1.41,-2,190,199,9,1
60007,Amazonas,PUERTO NARIÑO,1629,327,-1302,2139,649,-1490,-188,23.28,21.49,1.79,49,2243,2851,608,1
60021,Amazonas,PUERTO SANTANDER,93,19,-74,158,40,-118,-44,20.2,24.47,-4.26,-8,133,201,68,1
60022,Amazonas,TARAPACA,356,69,-287,456,132,-324,-37,22.45,21.03,1.42,8,500,621,121,1
64007,Putumayo,COLON,1878,663,-1215,2339,944,-1395,-180,28.75,30.56,-1.8,-59,2870,3327,457,1
64001,Putumayo,MOCOA,17187,5426,-11761,22666,7208,-15458,-3697,24.13,27.25,-3.12,-932,25252,30413,5161,1
64023,Putumayo,ORITO,12783,1925,-10858,18378,2688,-15690,-4832,12.76,15.81,-3.05,-641,16064,21439,5375,1
64002,Putumayo,PUERTO ASIS,18004,5145,-12859,25950,6948,-19002,-6143,21.12,25.66,-4.54,-1493,26863,34014,7151,1
64026,Putumayo,PUERTO CAICEDO,3513,795,-2718,5785,1314,-4471,-1753,18.51,22.03,-3.52,-250,4914,7414,2500,1
64025,Putumayo,PUERTO GUZMAN,3573,1159,-2414,5473,1810,-3663,-1249,24.85,27.73,-2.88,-209,5417,7509,2092,1
64004,Putumayo,PUERTO LEGUIZAMO,2867,1978,-889,4068,2398,-1670,-781,37.09,43.02,-5.93,-383,5532,6642,1110,1
64013,Putumayo,SAN FRANCISCO,1851,698,-1153,2380,996,-1384,-231,29.5,31.99,-2.49,-84,2933,3448,515,1
64018,Putumayo,SAN MIGUEL (LA DORADA),5752,698,-5054,8355,1085,-7270,-2216,11.49,14.96,-3.47,-327,7353,9670,2317,1
64016,Putumayo,SANTIAGO,2767,646,-2121,3432,876,-2556,-435,20.33,21.35,-1.01,-43,3702,4376,674,1
64019,Putumayo,SIBUNDOY,5006,1467,-3539,6304,1876,-4428,-889,22.93,26.4,-3.46,-283,7266,8327,1061,1
64028,Putumayo,VALLE DEL GUAMUEZ (LA HORMIGA),12120,1768,-10352,16832,2184,-14648,-4296,11.49,15.42,-3.93,-748,15293,19389,4096,1
64030,Putumayo,VILLAGARZON,7115,2719,-4396,9996,3573,-6423,-2027,26.33,30.5,-4.16,-565,11035,13967,2932,1
68013,Vaupés,BUENOS AIRES (PACOA),330,7,-323,561,16,-545,-222,2.77,3.75,-0.97,-5,356,582,226,1
68004,Vaupés,CARURU,413,57,-356,653,107,-546,-190,14.08,17.6,-3.52,-26,541,769,228,1
68001,Vaupés,MITU,5531,1206,-4325,7498,1821,-5677,-1352,19.54,21.3,-1.76,-163,7511,9491,1980,1
68010,Vaupés,MORICHAL (PAPUNAGUA),61,17,-44,80,22,-58,-14,21.57,21.38,0.19,0,85,102,17,1
68017,Vaupés,TARAIRA,278,85,-193,341,121,-220,-27,26.19,25.76,0.43,1,406,468,62,1
68022,Vaupés,YAVARATE,319,7,-312,348,32,-316,-4,8.42,5.98,2.44,9,355,386,31,1
72006,Vichada,CUMARIBO,6066,1230,-4836,9186,1601,-7585,-2749,14.84,19.1,-4.26,-459,7857,10928,3071,1
72008,Vichada,LA PRIMAVERA,647,2499,1852,911,3048,2137,285,76.99,79.23,-2.24,-88,3488,4018,530,1
72001,Vichada,PUERTO CARREÑO,2767,4399,1632,3734,5564,1830,198,59.84,63.49,-3.65,-339,8568,9559,991,1
72002,Vichada,SANTA ROSALIA,289,1206,917,443,1473,1030,113,76.88,81.03,-4.15,-79,1658,1949,291,1
88120,Exterior,ALEMANIA,5649,2500,-3149,7900,3957,-3943,-794,33.37,35.28,-1.91,-226,12005,12165,160,1
88130,Exterior,ARGELIA,2,2,0,4,2,-2,-2,33.33,32.26,1.08,0,8,7,-1,1
88155,Exterior,ARGENTINA,4499,3817,-682,5550,4717,-833,-151,45.94,47.69,-1.75,-179,10374,10479,105,1
88160,Exterior,ARUBA,773,2377,1604,901,2822,1921,317,75.8,75.71,0.09,3,3515,3753,238,1
88165,Exterior,AUSTRALIA,8565,6933,-1632,11552,8564,-2988,-1356,42.57,44.5,-1.93,-387,20296,20602,306,1
88170,Exterior,AUSTRIA,802,416,-386,1086,525,-561,-175,32.59,37.15,-4.57,-73,1640,1656,16,1
88135,Exterior,AZERBAIYAN,11,3,-8,12,9,-3,5,42.86,32.49,10.37,2,22,21,-1,1
88190,Exterior,BELGICA,1161,801,-360,1515,1117,-398,-38,42.44,45.3,-2.86,-75,2656,2707,51,1
88215,Exterior,BOLIVIA,125,439,314,146,491,345,31,77.08,77.8,-0.72,-4,645,647,2,1
88220,Exterior,BRASIL,1895,1418,-477,2274,1889,-385,92,45.38,46.31,-0.93,-38,4170,4239,69,1
88250,Exterior,CANADA,11394,20594,9200,15988,26936,10948,1748,62.75,64.01,-1.25,-537,40654,44040,3386,1
88305,Exterior,CHILE,7341,7897,556,8720,9537,817,261,52.24,54.29,-2.05,-374,18348,18632,284,1
88315,Exterior,CHINA REPUBLICA POPULAR,226,300,74,308,405,97,23,56.8,58.76,-1.96,-13,720,730,10,1
88275,Exterior,COREA DEL SUR,82,96,14,124,131,7,-7,51.37,54.48,-3.11,-7,252,262,10,1
88285,Exterior,COSTA RICA,804,3054,2250,1321,4478,3157,907,77.22,78.61,-1.39,-80,4532,5875,1343,1
88290,Exterior,CUBA,449,120,-329,474,126,-348,-19,21.0,22.38,-1.38,-8,608,609,1,1
88140,Exterior,CURAZAO,293,801,508,341,918,577,69,72.92,73.06,-0.14,-1,1191,1271,80,1
88325,Exterior,DINAMARCA,304,123,-181,420,230,-190,-9,35.38,36.15,-0.76,-4,665,668,3,1
88330,Exterior,ECUADOR,2505,5035,2530,3229,6462,3233,703,66.68,68.86,-2.18,-211,9367,9893,526,1
88335,Exterior,EGIPTO,38,91,53,58,109,51,-2,65.27,68.95,-3.68,-6,161,171,10,1
88340,Exterior,EL SALVADOR,60,279,219,105,340,235,16,76.4,80.32,-3.92,-17,441,456,15,1
88350,Exterior,EMIRATOS ARABES UNIDOS,446,1664,1218,607,2031,1424,206,76.99,77.67,-0.68,-17,2542,2682,140,1
88355,Exterior,ESPAÑA,54162,51858,-2304,66945,65426,-1519,785,49.43,51.57,-2.14,-2832,127637,134638,7001,1
88360,Exterior,ESTADOS UNIDOS,27569,142977,115408,41142,179841,138699,23291,81.38,83.12,-1.73,-3829,195518,223373,27855,1
88375,Exterior,FINLANDIA,141,70,-71,174,103,-71,0,37.18,38.74,-1.55,-4,302,289,-13,1
88380,Exterior,FRANCIA,6699,3607,-3092,9158,5189,-3969,-877,36.17,39.22,-3.05,-437,14271,14798,527,1
88115,Exterior,GHANA,21,16,-5,22,21,-1,4,48.84,45.33,3.51,1,45,44,-1,1
88410,Exterior,GUATEMALA,138,932,794,208,1089,881,87,83.96,84.67,-0.71,-9,1308,1327,19,1
88430,Exterior,HAITI,8,3,-5,9,8,-1,4,47.06,36.66,10.4,1,14,18,4,1
88440,Exterior,HONDURAS,47,200,153,62,258,196,43,80.62,80.4,0.23,0,313,325,12,1
88445,Exterior,HUNGRIA,106,54,-52,147,84,-63,-11,36.36,38.28,-1.92,-4,246,246,0,1
88455,Exterior,INDIA,9,12,3,14,12,-2,-5,46.15,52.91,-6.76,-1,32,32,0,1
88460,Exterior,INDONESIA,8,11,3,14,22,8,5,61.11,69.56,-8.45,-3,35,37,2,1
88465,Exterior,INGLATERRA,3788,5175,1387,4956,6977,2021,634,58.47,60.45,-1.98,-236,11654,12215,561,1
88470,Exterior,IRLANDA,247,171,-76,321,274,-47,29,46.05,45.8,0.25,1,603,614,11,1
88490,Exterior,ISRAEL,92,728,636,120,851,731,95,87.64,88.07,-0.43,-4,897,982,85,1
88495,Exterior,ITALIA,3313,3087,-226,4408,4103,-305,-79,48.21,49.7,-1.49,-126,8452,8709,257,1
88500,Exterior,JAMAICA,39,82,43,38,90,52,9,70.31,70.43,-0.12,0,140,129,-11,1
88505,Exterior,JAPON,182,227,45,238,275,37,-8,53.61,55.66,-2.05,-10,526,531,5,1
88515,Exterior,KENIA,25,16,-9,39,31,-8,1,44.29,47.4,-3.12,-2,68,74,6,1
88535,Exterior,LIBANO,24,58,34,37,92,55,21,71.32,77.92,-6.61,-8,123,136,13,1
88560,Exterior,MALASIA,18,46,28,29,66,37,9,69.47,75.99,-6.52,-6,101,98,-3,1
88580,Exterior,MARRUECOS,7,12,5,21,20,-1,-6,48.78,63.19,-14.41,-5,34,43,9,1
88590,Exterior,MEXICO,2688,5654,2966,4032,8668,4636,1670,68.25,69.39,-1.14,-144,11190,12966,1776,1
88620,Exterior,NICARAGUA,24,76,52,27,90,63,11,76.92,74.75,2.18,2,112,118,6,1
88635,Exterior,NORUEGA,258,145,-113,340,199,-141,-28,36.92,42.63,-5.71,-30,568,559,-9,1
88625,Exterior,NUEVA ZELANDIA,494,448,-46,676,597,-79,-33,46.9,49.26,-2.36,-30,1299,1327,28,1
88435,Exterior,PAISES BAJOS,1121,986,-135,1608,1457,-151,-16,47.54,50.08,-2.54,-77,3139,3153,14,1
88655,Exterior,PANAMA,2052,7161,5109,2603,8718,6115,1006,77.01,77.73,-0.73,-82,11042,11479,437,1
88665,Exterior,PARAGUAY,77,248,171,74,290,216,45,79.67,76.53,3.14,11,371,364,-7,1
88670,Exterior,PERU,654,1964,1310,851,2566,1715,405,75.1,75.2,-0.1,-3,3468,3478,10,1
88675,Exterior,POLONIA,622,282,-340,694,342,-352,-12,33.01,34.15,-1.13,-11,1065,1053,-12,1
88680,Exterior,PORTUGAL,1329,1176,-153,1620,1440,-180,-27,47.06,48.19,-1.13,-34,3190,3136,-54,1
88683,Exterior,PUERTO RICO,274,699,425,351,850,499,74,70.77,71.73,-0.96,-11,1193,1220,27,1
88370,Exterior,REPUBLICA DE FILIPINAS,29,37,8,43,54,11,3,55.67,59.19,-3.52,-3,91,102,11,1
88688,Exterior,REPUBLICA DE SINGAPUR,32,86,54,53,136,83,29,71.96,74.42,-2.46,-4,196,200,4,1
88685,Exterior,REPUBLICA DOMINICANA,328,1399,1071,421,1690,1269,198,80.06,80.11,-0.05,-1,2105,2143,38,1
88690,Exterior,REPUBLICA SOCIALISTA DE VIETNA,17,8,-9,26,14,-12,-3,35.0,37.94,-2.94,-1,33,41,8,1
88700,Exterior,RUSIA,111,31,-80,147,32,-115,-35,17.88,25.22,-7.34,-13,175,180,5,1
88745,Exterior,SUDAFRICA,21,53,32,36,67,31,-1,65.05,71.17,-6.12,-6,110,104,-6,1
88755,Exterior,SUECIA,815,384,-431,992,542,-450,-19,35.33,37.34,-2.0,-30,1518,1564,46,1
88760,Exterior,SUIZA,1766,1672,-94,2257,2239,-18,76,49.8,51.89,-2.09,-93,4515,4584,69,1
88765,Exterior,TAILANDIA,43,46,3,57,56,-1,-4,49.56,51.44,-1.88,-2,114,116,2,1
88785,Exterior,TRINIDAD Y TOBAGO,31,91,60,47,114,67,7,70.81,70.55,0.26,0,160,165,5,1
88770,Exterior,TURQUIA,119,57,-62,153,88,-65,-3,36.51,38.14,-1.63,-3,225,246,21,1
88805,Exterior,URUGUAY,313,317,4,384,390,6,2,50.39,53.18,-2.79,-21,783,787,4,1
88815,Exterior,VENEZUELA,4352,14313,9961,4911,19682,14771,4810,80.03,77.91,2.12,521,21751,24787,3036,1
