zz,pp,censo,n_mesas,cam_turnout,briceno,uscategui,cote,mosquera,lorduy,gordillo,juvinao,toro,bleidy,borda,pacto_list,cd,verde,liberal,salvacion,sen_pacto,sen_cd,sen_alianza,sen_ahora,sen_salvacion,sen_liberal,pres_turnout,cepeda,abelardo,m_cam,m_pres
01,01,26307,79,9366,1985,230,48,99,66,41,227,113,65,203,1390,4022,720,321,632,1353,4105,909,619,778,502,11154,2497,5730,79,68
01,02,22087,67,10422,851,144,81,273,63,80,128,66,354,223,2463,2663,735,757,742,2502,2481,1135,662,691,1059,13439,4506,5872,67,59
01,03,9261,28,4642,731,96,45,35,21,17,112,47,34,125,814,1612,412,142,405,825,1509,550,340,483,239,5327,1300,2730,28,24
01,04,13678,41,7132,600,107,57,108,67,32,106,55,53,123,1820,1773,509,248,430,1802,1737,781,482,475,376,8793,2975,3799,41,36
01,05,10817,33,5093,381,62,30,94,36,31,80,35,53,83,1335,1216,419,206,320,1390,1131,639,337,301,335,6451,2309,2693,33,29
01,06,10692,33,5458,420,83,37,71,42,58,94,32,45,100,1399,1366,444,187,365,1422,1330,660,377,332,325,6992,2411,2930,33,28
01,07,11592,35,5483,553,63,43,93,40,29,94,30,64,124,1376,1492,429,209,386,1366,1439,640,339,433,344,7012,2318,3173,35,31
01,08,18823,57,11396,2647,276,53,79,82,44,382,79,61,301,1367,5219,973,297,1039,1275,4988,1198,785,1259,470,12095,1869,7385,57,49
01,09,14080,43,7843,2156,257,35,42,62,37,225,80,32,164,717,4005,576,213,596,672,3975,704,527,774,359,8485,1086,5055,43,36
01,10,12844,39,7850,2083,234,42,60,60,32,210,79,40,178,670,4058,555,215,660,638,3949,637,564,846,324,8119,942,5169,39,33
01,11,11723,36,5992,1595,220,22,39,44,14,134,57,22,121,571,2992,413,151,423,530,2951,561,448,561,277,6703,966,3916,36,30
01,12,27649,83,16347,5078,658,83,114,107,61,430,100,61,363,954,9593,954,416,1248,920,9581,1084,980,1718,590,17369,1471,11644,83,72
01,13,10435,32,6890,2193,215,37,45,67,30,200,63,12,144,326,3971,466,182,486,308,4045,519,460,609,272,7260,557,4719,32,27
01,14,8503,26,5738,1840,190,21,27,46,28,153,30,22,103,288,3326,334,163,366,271,3327,413,383,547,231,5916,429,3722,26,22
01,15,12443,38,7766,2290,434,30,50,48,28,195,72,17,151,483,4428,462,215,456,448,4441,566,617,698,310,8116,750,4937,38,32
01,16,2213,7,884,88,16,6,2,3,1,9,34,2,11,261,221,84,34,47,272,207,99,45,60,52,1233,509,443,7,6
01,17,11635,35,6576,794,98,64,74,37,42,114,42,36,166,1315,2023,515,213,536,1283,1902,736,607,559,375,7771,1968,3899,35,31
01,18,9783,30,6431,1531,185,31,47,49,30,214,82,29,153,758,2945,559,176,534,707,2810,685,446,689,282,6893,1060,4063,30,26
01,19,9478,29,5737,1294,155,39,33,37,34,184,70,23,134,776,2490,522,126,455,749,2356,642,434,530,265,6271,1157,3481,29,25
01,20,7357,23,3429,103,38,19,59,18,11,21,65,38,40,1155,545,294,168,153,1168,532,429,174,144,242,4710,2208,1542,23,20
01,21,4287,13,1804,210,32,15,45,15,9,40,14,4,34,423,534,164,50,138,425,461,196,114,169,102,2325,727,1091,13,12
01,22,8879,27,5767,1519,230,23,28,48,18,171,73,29,121,496,2812,453,172,358,468,2757,535,540,475,297,7530,983,4205,27,27
01,23,8739,27,6295,1822,228,29,37,49,25,151,60,30,140,493,3225,421,155,476,453,3073,579,530,656,236,9675,1096,5746,27,32
01,24,5057,16,2854,298,37,16,37,14,15,42,29,57,66,690,724,232,134,222,701,654,346,193,232,199,3472,1204,1471,16,14
01,25,5670,17,3085,226,42,29,37,10,27,37,23,79,62,864,674,224,176,224,869,633,347,211,206,235,3967,1533,1610,17,16
01,26,4056,13,1983,122,21,20,26,8,13,18,19,42,43,618,366,159,88,119,623,328,258,159,136,141,3653,1536,1409,13,15
01,27,10552,32,7350,1529,141,45,66,67,35,241,111,46,169,919,2922,757,212,646,834,2706,986,617,755,356,7952,1354,4268,32,28
01,28,6180,19,3692,407,55,37,47,19,14,62,26,38,96,936,930,286,123,296,921,871,461,278,290,222,5768,1888,2474,19,21
01,29,5647,17,3317,411,48,25,22,16,13,67,37,32,77,712,882,302,119,250,754,813,426,303,276,172,3912,1233,1668,17,15
01,30,1988,6,1068,115,14,7,15,14,6,15,16,14,17,232,263,111,39,56,232,247,174,109,72,68,1724,554,707,6,7
01,31,2456,8,830,33,5,8,4,4,2,5,7,13,6,339,115,48,47,25,355,93,91,52,27,63,1298,730,348,8,7
01,32,7579,23,4256,375,55,37,34,25,20,74,42,28,82,1208,957,315,124,311,1240,875,483,298,324,237,5329,1925,2174,23,20
01,33,6314,19,3670,326,47,31,36,23,18,60,38,36,76,1113,826,315,110,254,1035,723,471,261,269,230,5441,2028,2165,19,20
01,34,445,2,212,44,2,1,0,0,3,3,1,6,8,32,87,10,10,15,32,97,16,11,18,10,293,78,155,2,2
01,35,6332,19,4346,1072,125,29,20,43,22,133,58,14,106,398,2037,382,125,383,363,1984,462,309,462,199,4620,562,2883,19,17
01,36,4600,14,2430,148,23,21,21,12,8,33,16,21,52,792,455,177,74,168,804,397,300,206,157,145,3863,1619,1342,14,15
01,37,8082,25,6109,1906,169,22,40,52,23,223,95,17,97,305,3208,558,178,345,270,3180,608,521,502,276,6368,495,3689,25,21
01,38,5086,16,3407,853,142,22,31,46,19,82,50,16,76,259,1656,245,90,223,249,1533,327,326,305,190,5129,551,2942,16,18
01,39,3002,9,1346,39,7,7,16,4,7,7,11,9,11,553,177,75,39,49,550,167,137,75,52,78,2860,1547,826,9,12
01,40,3993,12,2877,459,59,22,17,25,5,80,21,18,72,474,924,287,95,239,460,788,375,255,285,145,3789,894,1829,12,13
01,41,4664,14,3349,929,106,16,21,28,16,87,51,12,71,234,1687,258,91,228,220,1671,339,255,277,144,3505,318,2103,14,12
01,42,6392,20,4971,1337,128,29,34,61,17,157,67,15,114,382,2470,455,90,325,388,2348,564,431,450,183,7514,887,4269,20,24
01,43,6493,20,4490,1015,126,26,24,40,25,138,86,13,106,534,1915,449,102,352,503,1734,607,348,444,229,4853,781,2614,20,17
01,44,3059,10,2083,349,33,21,17,23,7,55,26,12,32,363,669,179,60,149,341,598,253,231,189,120,2916,746,1417,10,10
01,45,3586,11,2449,410,39,18,14,19,5,49,28,16,75,335,836,229,90,213,330,765,324,181,288,145,2720,554,1408,11,10
01,46,8403,26,6190,1431,168,44,42,61,17,142,104,21,160,666,2760,529,146,489,652,2595,636,566,600,259,7748,1124,4352,26,26
01,47,3243,10,2230,378,46,17,13,14,10,56,26,9,49,399,771,207,62,185,376,747,263,180,207,101,3773,905,1849,10,13
01,48,9222,28,6203,1506,201,38,36,57,17,171,89,27,127,586,2864,526,149,443,571,2692,669,492,592,288,6747,921,3822,28,24
01,49,762,3,495,69,8,5,10,4,3,4,9,0,10,106,140,33,17,29,107,128,75,31,39,26,825,270,348,3,3
01,50,1217,4,734,67,9,0,10,4,2,9,6,5,24,194,170,60,23,51,194,140,92,83,54,39,1442,467,624,4,5
01,51,1204,4,746,68,12,8,15,4,2,9,4,2,15,201,170,46,18,38,211,151,61,79,50,49,1499,553,628,4,6
01,52,1494,5,1009,80,19,13,9,9,3,16,16,5,21,278,223,82,22,78,267,207,113,117,84,51,2295,846,934,5,8
01,53,3281,10,2364,364,28,11,24,22,19,45,15,14,75,454,729,187,54,236,417,647,286,188,262,123,4115,1028,1936,10,14
01,54,1767,6,731,40,8,7,23,3,7,7,3,23,12,217,135,37,48,46,217,131,75,53,36,89,1088,474,364,6,5
01,55,566,2,245,2,1,3,1,0,2,1,2,27,0,92,27,13,41,3,100,28,19,8,5,57,580,282,186,2,3
01,56,715,3,323,3,1,2,0,0,3,2,0,80,6,92,20,7,104,18,99,25,16,16,15,105,565,280,175,3,3
01,57,4423,14,3348,675,52,19,19,34,9,96,45,25,84,383,1287,317,114,305,360,1200,404,348,356,174,3519,531,1859,14,12
01,58,2702,9,2357,680,62,10,11,21,10,78,46,10,43,165,1163,228,67,142,152,1147,273,216,181,93,5368,509,3092,9,17
01,59,4330,13,3721,708,70,22,20,22,20,114,51,9,81,544,1358,362,95,324,520,1245,499,350,388,159,8524,1544,4533,13,26
01,60,3918,12,3292,627,52,32,22,20,9,108,44,9,93,459,1206,341,78,334,436,1088,421,344,374,141,7499,1406,4087,12,23
01,61,840,3,718,109,11,2,4,5,6,20,10,5,12,114,225,75,18,55,108,190,95,70,73,35,1844,419,929,3,6
01,62,624,2,509,66,7,3,4,6,0,12,9,2,12,109,132,47,8,45,112,117,76,42,46,24,1402,391,629,2,5
02,01,21025,63,5316,1375,178,25,39,30,24,130,39,19,116,568,2646,312,136,425,555,2660,450,331,559,198,6026,980,3743,63,53
02,02,12752,39,4293,1280,140,21,17,31,16,114,31,15,77,309,2429,248,116,231,294,2481,298,293,363,147,4543,496,2698,39,34
02,03,12159,37,8125,2805,206,15,31,52,17,217,72,7,100,332,4846,448,262,330,300,5239,476,661,546,349,8508,570,4831,37,32
02,04,9153,28,5482,1610,119,16,46,25,21,197,55,15,105,439,2876,390,192,295,421,2977,422,470,410,250,5777,688,3261,28,24
02,05,9218,28,5940,1684,115,24,32,41,11,182,81,21,82,414,2997,411,229,246,377,3171,516,599,384,273,6850,785,3548,28,26
02,06,6551,20,3393,557,60,13,26,81,14,70,46,61,64,477,1191,269,137,210,461,1113,347,272,261,258,3943,934,1910,20,17
02,07,7619,23,4002,695,74,16,31,39,9,103,62,21,67,914,1373,354,114,187,893,1382,445,366,253,184,4615,1496,1868,23,20
02,08,3992,12,1535,218,12,8,5,7,9,30,26,10,20,387,411,151,50,50,397,384,226,136,66,86,1862,741,595,12,10
02,09,5930,18,2419,287,35,15,13,12,8,38,21,20,62,605,721,199,86,170,608,675,289,168,208,132,2843,973,1245,18,15
02,10,7522,23,4156,685,68,22,19,31,13,169,78,24,77,837,1398,443,149,256,822,1349,500,432,313,222,4517,1277,1846,23,20
02,11,7074,22,3324,405,37,18,20,16,12,100,71,22,56,907,828,372,112,200,892,792,481,252,224,207,3777,1382,1398,22,18
02,12,4758,15,2208,267,26,11,16,14,10,53,33,17,49,645,614,229,80,129,641,594,281,148,157,115,2551,957,983,15,13
02,13,6379,20,2915,107,13,20,34,8,8,29,22,6,42,1208,397,191,124,141,1233,354,303,179,121,181,4230,2256,1106,20,19
02,14,5228,16,2655,448,39,13,8,20,7,82,52,19,29,611,798,287,95,115,620,771,364,242,153,156,2954,1000,1116,16,14
02,15,6972,21,3444,302,21,22,16,20,6,105,80,22,44,1074,664,405,100,154,1082,571,522,310,171,194,3883,1699,1110,21,18
02,16,2866,9,1926,541,59,8,6,29,5,53,17,17,30,112,1011,123,65,108,109,1005,174,147,151,105,2008,206,1137,9,8
02,17,3439,11,2462,805,46,10,26,30,11,52,32,11,28,110,1443,133,67,102,98,1511,164,194,150,107,2557,172,1472,11,9
02,18,983,3,486,24,1,3,3,0,0,7,10,2,4,221,52,43,19,19,226,48,64,20,24,32,621,355,150,3,3
02,19,713,3,277,12,2,0,2,5,2,1,2,1,2,101,52,17,9,13,111,40,26,10,15,16,380,229,87,3,2
02,20,5578,17,3490,537,42,11,20,22,9,112,138,40,44,647,966,444,156,130,613,930,550,435,150,241,4739,1380,1576,17,17
02,21,3954,12,2650,224,24,9,7,29,9,88,92,20,26,714,495,355,78,94,726,438,420,290,107,169,3849,1632,1087,12,14
02,22,2208,7,1360,140,22,9,15,13,4,44,44,9,20,379,308,174,44,60,383,258,225,133,77,83,1868,758,599,7,7
02,23,1528,5,961,184,12,5,7,12,1,22,21,3,17,122,374,81,39,51,105,358,91,107,81,68,1142,216,547,5,5
02,24,4073,13,2409,168,22,11,40,34,8,58,44,37,35,760,435,250,85,99,711,314,390,248,118,170,3434,1574,928,13,13
02,25,4547,14,2984,375,33,5,20,16,6,122,128,21,31,693,685,467,107,77,662,603,555,346,132,225,4497,1616,1292,14,16
02,26,3659,11,2875,914,60,9,23,16,7,80,46,13,31,125,1574,189,104,101,117,1708,203,270,171,147,4062,263,2194,11,13
02,27,909,3,689,159,8,12,9,4,3,26,7,3,12,73,312,55,21,36,69,298,63,69,51,32,1138,188,560,3,4
02,28,2155,7,1561,469,31,3,12,14,3,34,17,7,20,104,819,96,42,77,98,825,126,148,119,80,1601,158,860,7,6
02,29,732,3,388,27,4,3,7,14,3,2,5,4,5,121,93,27,17,21,133,71,43,27,19,17,644,287,217,3,3
02,30,1939,6,1383,355,33,6,12,20,7,38,24,9,17,84,707,93,43,72,78,698,121,124,114,73,2476,222,1425,6,9
02,31,2303,7,1470,155,16,3,11,12,1,34,37,7,18,439,306,163,37,55,403,276,224,162,77,67,2748,1131,761,7,10
02,32,1771,6,1463,360,24,7,1,10,10,50,27,5,12,147,616,136,49,45,125,664,166,194,79,68,3198,490,1424,6,10
02,33,187,1,139,11,1,0,0,3,0,1,6,0,4,46,22,12,4,7,46,23,17,9,8,11,222,101,65,1,1
02,34,121,1,105,9,0,0,2,0,1,1,3,0,3,30,20,11,1,11,29,21,18,12,12,4,254,77,105,1,1
02,35,182,1,121,5,4,0,0,1,0,2,2,0,1,46,21,9,3,2,53,26,12,3,2,1,173,80,55,1,1
02,36,142,1,95,0,1,1,0,0,0,0,6,0,1,45,11,10,2,1,42,13,9,8,2,2,266,141,76,1,1
02,37,978,3,851,189,15,6,4,7,3,33,8,5,22,82,351,73,29,65,76,333,94,80,87,48,1927,229,1040,3,6
03,01,6910,21,2952,256,19,8,16,10,8,90,58,19,47,1057,554,325,84,121,1047,486,430,268,129,173,4682,2249,1292,21,22
03,02,5313,16,2148,92,8,15,19,7,3,28,13,25,27,893,292,170,89,85,917,260,248,126,73,153,2787,1564,672,16,15
03,03,4621,14,1706,139,16,5,7,7,5,48,10,15,18,680,310,139,56,56,680,280,215,138,82,111,2095,1067,552,14,12
03,04,8403,26,2838,183,18,19,24,11,15,39,21,31,42,1059,522,199,144,136,1110,491,323,119,153,220,3626,1901,1083,26,22
03,05,4417,14,1152,76,19,9,12,5,9,13,3,4,26,390,288,67,27,69,426,278,88,37,54,57,1621,784,609,14,12
03,06,8487,26,3447,64,19,13,26,10,6,16,7,35,72,1513,331,192,347,132,1543,271,324,162,115,402,4657,3020,849,26,24
03,07,3683,12,1498,72,5,14,20,4,5,10,12,34,18,583,208,94,112,53,605,166,136,97,59,131,2045,1112,497,12,11
03,08,4637,14,1574,75,8,14,11,7,7,20,4,22,19,565,303,91,67,69,571,314,180,73,66,92,2314,1105,810,14,13
03,09,8124,25,2782,108,10,22,23,11,13,27,11,26,38,1108,429,173,135,124,1179,387,285,127,121,183,3803,2046,1021,25,22
03,10,5350,17,1864,43,10,7,28,4,6,13,14,55,24,762,188,103,156,64,800,168,187,83,59,172,2694,1686,495,17,15
03,11,5909,18,2741,51,18,28,29,2,7,23,7,70,33,1111,336,143,238,108,1145,271,240,122,97,283,3554,2072,758,18,16
03,12,6125,19,1103,58,7,5,9,9,4,8,1,2,31,402,193,60,29,58,422,200,114,46,62,52,1794,978,546,19,14
03,13,3244,10,1479,106,13,14,15,3,7,31,23,5,17,508,277,134,49,74,485,250,179,143,97,95,1711,794,499,10,9
03,14,4718,15,2027,162,20,15,18,16,6,24,17,43,29,698,452,138,116,108,704,436,227,86,116,145,2390,1074,858,15,13
03,15,473,2,174,19,5,2,0,0,0,0,0,1,0,60,51,10,5,2,41,30,8,3,1,8,228,87,94,2,2
03,16,2965,9,1078,65,11,6,8,4,6,13,11,28,33,310,210,61,61,86,324,177,134,56,88,74,1694,777,680,9,9
03,17,404,2,260,16,1,0,2,0,1,6,6,1,2,108,34,31,6,8,110,27,39,16,10,19,432,253,70,2,2
03,18,3965,12,2084,57,7,20,15,6,12,15,25,32,28,926,246,140,117,94,948,184,233,134,92,156,3254,1972,744,12,13
03,19,4447,14,2476,152,14,17,14,5,15,54,49,28,32,861,354,218,97,85,878,287,375,262,94,177,3590,1832,829,14,14
03,20,1034,4,495,24,4,5,2,2,1,8,6,17,11,153,77,33,47,26,183,80,69,22,20,59,736,360,253,4,4
03,21,4338,13,2641,236,20,11,11,13,10,68,74,17,31,858,494,309,87,104,813,438,437,269,121,148,2915,1368,755,13,11
03,22,1249,4,623,31,5,2,9,11,4,12,2,11,4,214,96,52,35,26,215,88,86,39,26,46,1032,532,291,4,5
03,23,3949,12,1987,106,7,16,10,11,6,39,30,35,20,653,287,141,144,70,678,223,259,187,67,222,2877,1494,752,12,12
03,24,210,1,82,2,0,0,0,0,0,0,0,0,0,46,6,5,3,0,45,4,7,3,0,7,267,183,32,1,2
04,01,5170,16,1941,44,10,10,19,2,13,17,8,21,33,877,213,145,86,87,892,150,211,97,86,132,2593,1588,524,16,15
04,02,6820,21,2457,133,20,32,17,8,11,38,10,23,31,885,431,221,93,112,918,424,310,156,113,144,3226,1527,1030,21,18
04,03,11461,35,4845,156,14,44,43,20,15,50,31,54,69,2073,618,378,257,204,2075,580,539,260,200,302,6468,3688,1611,35,31
04,04,8005,24,3912,124,21,42,32,12,8,26,14,119,30,1566,511,254,337,143,1597,457,407,212,128,385,4909,2659,1245,24,22
04,05,12567,38,5664,169,23,51,39,18,21,49,58,43,67,2337,698,494,290,233,2475,611,654,313,224,362,7607,4229,1976,38,34
04,06,7205,22,3541,187,23,50,29,19,12,33,28,44,37,1295,616,332,142,183,1291,565,426,249,159,250,4724,2280,1480,22,20
04,07,4761,15,2071,126,10,14,14,9,14,20,6,28,47,659,383,144,80,124,670,377,246,202,119,127,2609,1112,916,15,13
04,08,12510,38,5089,260,55,37,25,29,30,33,28,56,77,1801,935,384,233,276,1845,905,520,294,269,335,6657,3112,2167,38,33
04,09,10320,31,4911,184,30,36,31,38,62,37,36,71,75,1856,715,397,227,253,1906,614,514,284,251,390,6263,3248,1860,31,28
04,10,4446,14,2051,40,6,31,22,6,10,19,8,18,23,800,247,126,112,71,805,204,226,177,82,132,2613,1441,656,14,12
04,11,8812,27,4068,108,26,27,31,20,23,38,17,60,48,1648,512,310,212,158,1700,459,418,244,134,315,5281,2918,1344,27,24
04,12,11237,34,5510,198,38,55,88,49,22,47,24,36,77,2046,886,407,220,281,2062,813,601,355,232,361,7183,3593,2212,34,31
04,13,5842,18,2504,52,11,17,16,9,14,23,15,22,31,1027,264,224,103,86,1030,254,314,124,93,130,3292,1914,790,18,16
04,14,9949,30,4848,119,23,36,20,16,27,29,22,151,36,1960,496,461,319,144,2021,464,458,274,138,407,6269,3643,1480,30,27
04,15,7741,24,3766,75,13,28,49,8,5,30,16,51,57,1522,401,319,168,178,1547,385,400,207,157,281,4911,2673,1217,24,21
04,16,17941,54,8157,225,38,68,70,41,39,69,32,269,97,3158,1076,700,555,339,3253,973,930,467,314,569,10794,5759,2823,54,49
04,17,11093,34,5086,117,22,35,58,26,19,36,13,31,68,2219,569,375,170,231,2217,443,483,321,208,309,6859,3999,1602,34,30
04,18,3708,12,1651,43,8,1,20,1,6,4,2,19,19,819,173,101,63,51,827,130,123,101,59,104,2239,1412,425,12,10
04,19,5065,16,2531,49,10,11,45,26,23,15,14,27,17,1110,315,171,109,66,1116,253,279,167,64,144,3338,1939,741,16,14
04,20,7852,24,3704,76,12,18,28,7,30,21,9,42,53,1569,397,331,128,160,1595,384,400,188,137,194,4838,2722,1126,24,21
04,21,8361,26,3266,47,61,21,29,12,34,12,13,38,28,1482,380,228,124,98,1531,305,357,128,85,190,4691,2871,926,26,23
04,22,8588,26,4545,240,24,38,46,30,26,55,26,50,78,1717,753,398,179,250,1707,689,576,324,248,276,5633,2776,1690,26,23
04,23,7126,22,3236,91,23,22,31,8,36,25,7,64,33,1332,434,207,172,116,1341,365,338,153,117,221,4375,2418,1076,22,20
04,24,4508,14,2331,61,12,21,5,20,32,17,10,34,27,886,299,190,109,94,927,260,258,190,98,183,3000,1536,845,14,13
04,25,3528,11,1900,64,7,13,19,4,5,13,4,30,25,767,230,157,88,91,797,222,215,146,84,111,2378,1218,657,11,10
04,26,2577,8,1231,25,8,8,13,5,3,7,5,11,18,526,126,102,41,41,557,96,129,88,49,52,1644,967,391,8,7
04,27,5322,16,2530,162,19,38,17,18,11,32,14,26,57,827,495,226,91,169,855,485,277,151,198,137,3257,1373,1259,16,15
04,28,9729,30,4174,129,26,43,44,24,18,38,29,52,44,1767,541,322,166,179,1802,470,466,249,188,265,5662,3170,1491,30,26
04,29,4266,13,2297,115,13,21,30,20,6,30,24,18,34,859,374,213,78,103,875,334,271,186,119,132,2936,1512,815,13,13
04,30,920,3,524,22,2,8,0,2,4,2,2,8,12,228,58,29,31,27,235,50,51,43,24,40,798,459,199,3,3
04,31,1446,5,767,26,4,7,2,1,4,8,1,8,12,343,95,58,37,36,355,83,88,29,23,43,1104,614,283,5,5
04,32,2973,9,1720,22,10,9,9,5,24,17,6,12,24,826,166,129,43,65,832,120,190,90,62,88,2689,1658,564,9,10
04,33,5029,16,2162,38,8,19,20,3,8,13,17,16,19,1096,198,143,72,57,1134,164,235,118,55,94,3575,2424,662,16,16
04,34,4986,15,2260,49,14,5,18,9,8,16,11,45,31,995,244,134,117,83,1040,216,222,150,61,117,3123,1923,648,15,14
04,35,3252,10,1576,33,15,4,11,11,11,10,6,20,8,771,159,115,69,41,794,120,145,86,38,106,2515,1632,483,10,10
04,36,1034,4,551,9,3,3,5,2,3,5,1,6,13,266,46,33,14,25,266,29,55,29,24,31,897,585,186,4,4
04,37,5661,17,2735,54,12,6,21,13,15,18,6,21,33,1432,239,174,87,81,1434,197,240,159,83,142,4617,3003,879,17,19
04,38,1385,5,623,11,5,7,4,2,0,6,2,10,5,300,47,34,28,20,308,30,69,42,26,43,1164,741,239,5,5
04,39,1816,6,883,20,6,9,11,5,2,9,2,17,11,410,81,66,41,30,415,68,77,53,25,75,1413,885,298,6,6
04,40,6128,19,2452,72,14,16,23,8,18,16,19,25,29,1103,309,154,102,100,1139,241,232,145,107,140,4229,2467,1033,19,19
04,41,1389,5,670,16,1,4,2,2,1,3,2,7,5,308,53,55,45,20,321,45,72,33,13,51,1146,713,252,5,5
04,42,2471,8,1143,30,10,7,6,9,4,2,6,23,11,493,143,69,52,30,498,102,118,91,38,78,1520,979,329,8,7
04,43,2490,8,1634,86,13,18,11,11,4,17,13,20,25,677,256,133,58,84,670,224,199,97,94,97,2444,1228,749,8,9
04,44,3001,9,1300,27,11,10,9,6,10,9,7,16,14,643,124,75,46,51,673,82,103,63,51,84,2169,1461,388,9,10
04,45,1525,5,738,11,1,4,7,1,12,9,2,8,6,342,61,37,93,27,380,45,55,39,23,43,1016,680,167,5,5
04,46,1155,4,738,20,0,1,8,1,1,5,4,3,9,359,74,47,24,26,346,57,76,40,31,56,1178,724,259,4,5
04,47,2184,7,1167,41,3,9,14,3,4,5,7,111,8,426,135,71,165,45,432,114,100,77,39,209,1799,1030,440,7,7
04,48,2007,7,1084,26,4,9,13,7,8,9,5,12,18,472,126,71,49,53,508,111,109,71,44,86,1928,1123,474,7,8
04,49,1119,4,602,21,2,5,5,2,0,5,2,16,5,266,74,41,29,19,274,58,49,41,26,50,1035,642,223,4,4
04,50,1051,4,532,4,0,11,6,6,1,4,2,9,10,263,51,30,20,23,260,34,53,51,15,28,1038,680,193,4,4
04,51,1499,5,685,16,7,1,6,6,5,6,3,5,6,313,84,41,17,34,317,66,69,29,26,25,1166,733,256,5,5
04,52,1836,6,1061,31,5,2,5,5,5,5,3,28,11,439,98,53,67,49,453,88,100,79,48,97,1773,1070,419,6,7
04,53,824,3,377,4,0,1,1,2,1,1,2,12,6,207,16,20,22,13,210,14,27,24,12,28,803,539,152,3,4
04,54,1195,4,732,25,2,9,15,7,3,8,8,11,11,289,114,55,35,34,290,94,87,49,22,46,1545,825,452,4,6
04,55,3608,11,1476,30,3,14,9,7,7,9,7,20,7,661,139,104,65,42,683,103,121,120,39,89,2783,1766,492,11,13
04,56,333,1,213,12,0,0,2,0,1,1,0,5,4,74,38,14,10,7,84,15,31,41,26,29,576,326,141,1,3
04,57,390,2,288,10,2,2,1,0,0,4,1,3,4,100,35,27,10,18,105,35,42,33,12,12,811,375,290,2,3
04,58,340,2,160,3,0,4,0,0,1,4,2,1,4,75,16,10,5,10,70,10,20,9,13,9,388,250,90,2,2
05,01,11513,35,3984,86,25,35,28,12,14,27,16,75,49,1602,444,254,200,118,1666,424,441,140,115,274,5376,3204,1243,35,30
05,02,2093,7,438,7,2,7,1,1,1,4,1,32,1,190,38,18,54,5,195,34,40,16,6,77,692,408,176,7,6
05,03,10164,31,3985,92,20,34,7,23,37,26,15,55,49,1859,444,219,159,162,1879,400,422,176,161,212,5586,3410,1245,31,27
05,04,7322,22,3323,76,16,34,15,16,8,36,8,55,40,1492,365,203,153,149,1468,318,364,149,120,184,4341,2590,966,22,20
05,05,14189,43,5843,165,33,70,46,57,72,38,15,83,90,2421,857,377,338,266,2456,807,581,226,247,470,7940,4302,2217,43,38
05,06,11610,35,5598,158,34,55,58,39,26,46,18,75,142,2272,765,393,220,309,2292,671,580,197,304,329,7365,3874,2030,35,31
05,07,6339,19,2709,70,19,58,22,10,59,14,14,40,32,1089,397,224,118,84,1126,291,335,109,77,175,3728,2127,906,19,17
05,08,9762,30,4918,157,21,54,43,36,134,42,19,66,100,1962,762,318,205,227,1978,572,582,259,232,316,6204,3340,1682,30,26
05,09,14065,43,6899,179,40,60,122,89,28,54,25,249,98,2777,993,447,460,304,2818,857,803,303,277,564,8852,4863,2377,43,38
05,10,9470,29,4389,133,37,41,52,21,25,31,23,47,70,1869,599,283,152,213,1928,510,488,230,212,247,5858,3302,1561,29,26
05,11,5464,17,2512,53,30,17,11,9,40,16,5,31,21,1005,331,191,104,89,994,279,313,111,81,142,3621,2128,768,17,16
05,12,2069,7,249,2,1,1,1,0,0,0,1,9,4,120,16,13,18,7,135,8,22,4,5,27,415,266,92,7,6
05,13,9457,29,4100,101,26,42,25,26,15,32,6,35,63,1670,524,255,143,187,1755,501,425,168,162,206,5603,3131,1458,29,26
05,14,9469,29,4250,77,23,50,34,15,18,39,15,75,87,1900,494,264,188,207,1957,476,473,183,183,252,5779,3324,1421,29,26
05,15,7211,22,3085,88,20,43,22,15,15,24,9,37,40,1234,473,187,139,121,1231,486,305,132,114,138,4263,2155,1245,22,20
05,16,4080,13,1614,21,4,11,8,3,10,2,2,24,13,713,144,87,105,46,719,122,157,56,42,128,2382,1531,416,13,12
05,17,6545,20,2695,58,15,39,35,17,19,29,5,30,53,1161,362,164,118,137,1173,303,284,104,130,183,3655,2125,963,20,18
05,18,7093,22,3246,68,17,44,18,12,25,19,9,15,36,1331,395,243,122,131,1353,409,391,166,114,190,4463,2422,1168,22,20
05,19,6679,20,3209,72,16,23,34,14,12,26,10,25,53,1254,416,289,133,148,1265,396,402,132,142,154,4326,2334,1116,20,19
05,20,6622,20,3615,105,20,30,26,73,61,14,14,47,29,1689,525,213,120,100,1741,394,345,203,105,199,4979,3038,1109,20,20
05,21,8268,25,3684,91,14,31,25,10,13,25,6,27,33,1735,443,245,127,123,1713,454,410,137,113,191,5119,3028,1169,25,23
05,22,10495,32,5123,188,32,44,39,27,11,52,21,47,81,2323,642,332,157,234,2367,582,582,254,232,231,6732,3958,1615,32,28
05,23,6288,19,3008,54,10,40,18,25,18,24,14,33,32,1433,305,211,132,96,1497,243,344,133,101,202,4345,2746,930,19,18
05,24,3610,11,1745,39,10,13,11,13,10,9,5,25,24,906,171,88,61,63,922,145,169,65,51,94,2558,1671,495,11,11
05,25,2597,8,1288,28,8,5,2,10,16,5,1,13,13,702,146,47,40,41,692,101,137,38,39,58,2105,1388,416,8,9
05,26,7614,23,3573,57,13,32,19,12,10,16,9,44,55,1828,295,218,122,125,1885,245,361,141,119,217,5370,3519,991,23,23
05,27,1820,6,899,19,4,10,5,1,1,5,2,6,11,394,79,62,24,32,421,71,83,37,33,48,1360,811,316,6,6
05,28,2498,8,1206,18,1,9,7,5,3,3,3,14,15,603,114,72,38,40,613,88,123,44,49,65,1744,1176,310,8,8
05,29,2966,9,1547,28,16,20,10,2,3,7,3,11,26,778,148,77,49,60,777,126,151,87,55,70,2546,1598,535,9,10
05,30,7883,24,2970,43,15,24,20,11,11,16,10,17,34,1525,266,180,89,95,1563,219,296,108,83,140,4390,2928,799,24,22
05,31,2802,9,1335,27,6,13,5,2,2,11,1,5,18,605,138,70,63,74,620,140,114,61,67,81,2015,1243,472,9,9
05,32,4261,13,1812,30,7,14,9,12,5,15,7,32,24,842,185,114,64,59,864,171,205,78,56,103,2980,1903,614,13,14
05,33,3493,11,1574,28,5,24,6,1,13,16,8,17,12,818,125,144,52,44,840,96,226,61,32,68,2786,1906,489,11,12
05,34,3709,12,1657,28,8,9,3,6,0,12,6,37,17,768,142,93,73,53,796,117,194,67,49,105,2262,1502,414,12,10
05,35,2722,9,1205,29,10,8,5,3,3,9,12,9,14,597,103,86,38,43,605,93,138,53,37,68,2078,1393,371,9,9
05,36,4495,14,1973,46,11,20,14,7,11,14,5,30,25,958,215,98,81,81,957,183,193,138,84,131,3511,2245,747,14,15
05,37,1105,4,382,9,2,2,6,1,3,3,6,2,4,201,44,26,15,14,199,33,48,20,12,25,649,446,123,4,4
05,38,2176,7,1040,17,5,8,11,9,4,7,7,31,10,509,91,56,54,37,525,81,101,55,35,75,1520,1017,275,7,7
05,39,2330,7,1145,34,14,13,21,8,4,5,6,19,17,528,147,61,46,57,540,129,104,56,52,83,2051,1244,508,7,8
05,40,269,1,86,3,2,0,0,1,2,0,0,2,1,30,13,3,5,3,34,12,11,0,3,8,153,91,33,1,1
05,41,1863,6,858,10,4,3,4,2,5,3,2,3,18,373,66,43,27,47,413,69,69,59,43,29,1567,996,303,6,7
05,42,2072,7,1015,20,7,3,8,3,3,5,3,22,18,474,102,47,46,41,473,88,108,40,47,81,2110,1307,490,7,9
05,43,1020,4,554,16,9,7,6,6,5,2,1,5,13,227,84,20,23,30,234,86,52,25,23,24,1274,705,364,4,5
05,44,6469,20,3097,90,19,27,27,19,16,25,13,34,51,1455,352,183,135,130,1440,280,299,167,138,216,6002,3629,1382,20,24
05,45,567,2,350,9,3,5,3,3,2,2,2,1,4,133,39,32,9,13,142,25,28,56,11,26,764,428,193,2,3
05,46,301,1,224,4,0,3,0,4,3,4,0,3,4,107,22,12,8,12,104,28,18,16,13,8,637,375,163,1,2
05,47,258,1,153,4,0,2,1,0,2,0,0,3,3,61,15,23,10,5,67,13,30,4,9,14,379,249,83,1,2
05,48,673,3,323,4,0,2,1,4,0,3,1,0,6,152,24,23,8,10,168,22,29,10,11,13,969,611,201,3,4
05,49,522,2,327,10,1,3,2,7,2,1,1,4,9,162,41,17,14,11,166,35,40,14,10,22,904,539,225,2,4
05,50,441,2,319,13,5,1,3,3,0,0,1,7,4,146,39,10,14,21,155,36,23,13,15,21,814,492,183,2,3
05,51,197,1,114,3,3,3,3,0,1,3,0,2,2,59,18,6,3,4,58,10,11,5,5,6,365,234,84,1,2
05,52,441,2,214,3,4,3,2,2,1,1,0,3,1,99,19,7,11,6,93,18,18,9,3,9,475,283,121,2,2
05,53,213,1,170,4,4,0,0,1,0,1,0,1,5,91,19,10,5,7,90,13,14,12,6,2,326,188,94,1,2
06,01,10740,33,3671,165,26,37,38,12,17,38,13,34,42,1361,611,266,145,194,1363,630,443,180,163,184,5119,2468,1638,33,29
06,02,10656,32,5144,234,38,56,59,17,33,56,31,43,79,1808,904,442,215,275,1777,839,561,205,258,450,6430,2901,2248,32,29
06,03,4253,13,1688,61,10,16,22,1,13,16,14,40,28,618,252,114,110,110,650,249,202,64,93,117,2185,1022,742,13,12
06,04,11136,34,5123,274,31,88,150,34,43,48,40,25,86,1657,1166,420,207,243,1689,959,605,229,261,372,6638,2909,2417,34,30
06,05,9283,28,4097,157,32,47,88,22,56,25,41,19,73,1352,884,370,142,208,1393,831,461,153,184,212,5468,2378,2150,28,25
06,06,11394,35,4998,308,50,53,30,16,27,76,39,29,87,1766,924,532,157,271,1782,885,693,275,296,279,6361,2882,2190,35,30
06,07,8660,26,3942,178,26,30,41,18,34,36,11,14,70,1377,668,382,144,209,1397,648,474,205,193,248,5023,2398,1621,26,24
06,08,10620,32,5357,237,30,44,28,18,56,73,56,50,91,1920,849,642,213,258,1962,809,730,256,260,393,6729,3244,2126,32,29
06,09,11857,36,5761,377,34,120,57,48,22,75,34,37,114,1899,1196,432,213,351,1867,1102,620,246,354,472,7084,2862,2790,36,31
06,10,4396,14,2399,157,22,42,12,18,12,38,32,29,53,707,495,226,90,163,711,496,290,130,161,171,2868,1121,1162,14,12
06,11,6516,20,3067,113,32,30,27,26,55,19,13,25,38,1109,584,195,141,135,1130,562,279,164,130,224,4026,1781,1545,20,18
06,12,4115,13,1773,104,19,20,17,13,10,20,11,7,32,597,342,137,58,108,611,296,206,91,93,140,2304,1016,871,13,11
06,13,2137,7,810,33,10,7,1,1,8,7,1,5,7,362,112,54,22,30,368,106,88,48,28,36,1135,643,314,7,6
06,14,9196,28,4986,270,32,51,29,23,41,54,54,29,70,1831,809,514,150,255,1854,765,644,314,259,291,6099,2996,1838,28,24
06,15,3097,10,1527,53,12,20,7,7,11,14,12,6,35,646,208,138,47,75,665,187,181,56,68,98,1941,1073,540,10,9
06,16,3751,12,1998,75,15,18,18,6,11,9,11,22,25,706,296,161,106,84,715,279,228,89,75,182,2490,1232,796,12,10
06,17,2062,7,1206,52,8,10,11,4,5,8,6,13,26,448,192,86,45,67,429,174,152,72,73,79,1535,744,516,7,6
06,18,1725,6,883,36,4,11,8,4,12,9,6,2,16,362,159,55,20,63,360,130,97,45,50,49,1135,566,385,6,5
06,19,1580,5,916,41,5,23,9,3,7,10,6,4,21,272,151,81,32,62,265,139,110,59,57,73,1348,556,525,5,5
06,20,4015,13,2164,99,22,68,10,5,10,17,16,13,33,801,398,163,76,126,807,323,254,80,141,173,2752,1335,953,13,11
06,21,1611,5,831,25,4,5,8,5,3,9,4,5,12,290,128,55,21,45,298,114,108,48,44,74,1358,657,405,5,6
06,22,461,2,261,20,1,1,0,0,1,2,1,0,4,93,47,38,5,22,92,49,45,16,16,11,394,192,120,2,2
06,23,458,2,218,10,1,3,2,1,0,2,1,1,5,88,30,16,9,13,92,30,35,13,15,14,380,195,111,2,2
06,24,1931,6,1173,46,6,14,12,1,8,14,5,10,29,449,160,79,33,78,447,123,150,62,71,49,2012,1017,632,6,7
06,25,3857,12,1463,40,14,15,8,6,5,14,6,22,18,630,176,87,70,78,645,159,172,84,65,96,2653,1486,761,12,13
06,26,1549,5,611,19,2,8,8,3,4,4,0,2,14,255,81,47,22,35,272,63,71,37,24,37,824,455,225,5,5
06,27,853,3,390,10,1,1,4,0,3,4,3,0,2,167,48,32,9,13,179,46,31,11,17,24,667,380,175,3,3
06,28,3233,10,2036,99,17,19,9,7,10,25,27,21,26,786,294,252,70,94,812,261,300,163,89,137,3346,1711,1008,10,12
06,29,5324,16,2671,107,23,34,85,12,25,16,23,13,46,1036,482,209,76,158,1059,359,325,137,139,139,4386,2247,1320,16,18
06,30,2248,7,1283,62,8,11,12,7,16,15,7,8,20,498,218,118,38,71,516,186,156,61,77,85,2252,1144,735,7,8
06,31,3535,11,2082,70,17,14,12,14,8,25,10,17,37,769,273,207,79,107,809,257,218,113,111,177,3359,1733,1034,11,12
06,32,916,3,448,12,4,4,3,7,33,3,3,5,6,157,88,21,34,18,154,60,34,35,16,47,884,419,318,3,4
06,33,1255,4,661,29,3,11,3,2,2,2,6,12,9,190,94,46,38,27,198,102,85,32,29,88,1000,414,400,4,4
06,34,409,2,262,10,0,2,3,0,0,0,4,1,4,114,27,30,11,10,113,26,37,19,12,15,755,425,219,2,3
06,35,116,1,84,4,0,0,0,1,1,0,0,0,0,30,14,7,2,5,32,9,7,8,7,8,177,81,56,1,1
06,36,1019,4,709,24,5,11,7,4,4,5,2,5,11,227,101,37,41,31,230,79,49,27,36,141,1560,717,587,4,6
06,37,90,1,49,1,0,1,0,0,0,0,0,0,1,22,3,2,2,1,23,2,6,1,1,2,131,72,28,1,1
07,01,24239,73,8445,319,53,68,62,53,30,90,31,66,163,3486,1174,549,347,430,3579,1128,886,410,441,510,12040,6287,3605,73,64
07,02,10010,30,4714,293,44,42,36,28,49,83,21,46,110,1496,957,426,150,334,1478,976,622,226,296,267,5867,2469,2246,30,27
07,03,9165,28,4123,172,34,34,37,19,15,31,21,22,79,1654,653,296,153,211,1654,616,432,233,208,223,5462,2830,1641,28,25
07,04,8905,27,4140,165,20,39,33,16,21,44,19,53,76,1537,682,260,177,248,1527,656,426,247,233,227,5423,2557,1775,27,24
07,05,13081,40,6258,238,36,61,39,35,23,49,22,124,107,2349,960,365,436,325,2394,990,622,299,321,527,8467,4087,2819,40,36
07,06,20319,61,9223,296,57,128,56,55,39,83,31,61,126,3590,1455,581,328,437,3661,1406,953,460,412,462,12513,6144,3939,61,54
07,07,14187,43,6455,268,40,61,53,27,17,46,26,114,114,2620,982,324,331,354,2627,933,665,340,364,443,8545,4316,2621,43,38
07,08,11792,36,4513,162,26,35,26,19,9,48,18,31,74,1869,627,286,166,206,1889,650,510,231,187,233,6166,3153,1888,36,31
07,09,10538,32,4653,134,32,33,25,15,30,26,17,118,75,2055,561,225,282,206,2102,514,465,194,194,371,6294,3531,1643,32,29
07,10,8594,26,3699,98,24,38,26,16,15,37,50,77,55,1604,454,260,208,174,1629,402,430,185,167,253,5006,2846,1271,26,23
07,11,11451,35,5670,204,34,71,68,59,89,35,26,35,103,1959,1075,355,200,288,2013,952,572,282,281,384,7600,3446,2665,35,31
07,12,7059,22,3168,124,27,42,33,8,10,17,10,48,45,1225,507,188,167,165,1223,493,344,158,167,220,4239,2113,1334,22,19
07,13,10845,33,5280,205,47,59,67,17,18,55,33,36,84,1932,890,405,173,263,1965,818,630,299,246,287,7114,3364,2290,33,30
07,14,7241,22,3073,78,13,24,10,8,16,16,62,54,34,1450,311,211,169,117,1470,289,330,136,117,223,4511,2708,1071,22,21
07,15,5262,16,2526,119,15,23,24,19,14,18,9,42,47,953,408,146,131,145,972,374,252,169,128,177,3317,1631,1105,16,15
07,16,7591,23,2995,58,10,12,23,6,6,12,6,5,40,1376,363,140,66,117,1424,330,262,103,109,126,4354,2561,1049,23,21
07,17,6346,19,2715,53,5,23,24,7,18,12,6,24,46,1213,266,156,120,120,1275,249,259,106,111,192,3677,2174,880,19,17
07,18,3109,10,1449,86,6,16,10,11,12,29,9,4,14,562,275,126,28,76,559,249,160,79,81,86,1840,891,613,10,9
07,19,9600,29,4868,183,23,37,24,11,46,50,17,87,74,1925,742,395,204,239,2002,738,505,232,218,310,6093,3069,1877,29,26
07,20,6282,19,2979,76,21,43,13,27,8,23,11,21,44,1180,430,212,117,133,1241,404,327,143,141,151,4116,2125,1181,19,17
07,21,12781,39,6088,191,34,53,36,22,14,52,22,25,62,2771,803,370,177,243,2871,781,685,258,252,277,8287,4733,2088,39,35
07,22,11943,36,6294,206,37,43,40,36,24,46,19,38,100,2736,841,377,189,321,2829,747,650,362,313,307,8191,4484,2226,36,33
07,23,9778,30,5091,124,32,42,46,15,22,39,15,27,74,2204,630,334,165,230,2311,570,583,239,193,259,7032,4081,1776,30,28
07,24,3435,11,1479,47,6,11,8,7,6,8,7,11,29,662,173,100,45,72,679,150,177,93,85,83,1997,1119,503,11,10
07,25,8258,25,3227,89,21,19,16,11,8,22,13,39,44,1511,328,180,153,138,1526,320,352,193,138,244,5186,3094,1251,25,24
07,26,8768,27,4350,102,28,37,17,24,12,27,25,15,63,1982,527,290,119,196,2031,470,458,254,180,216,5816,3322,1479,27,24
07,27,5846,18,2604,67,14,38,8,17,13,18,8,15,41,1209,306,176,93,102,1243,297,304,128,95,110,3991,2313,1012,18,17
07,28,12226,37,6790,204,37,68,37,69,22,47,24,77,97,2850,998,434,242,298,2934,854,753,321,286,350,8700,4671,2384,37,33
07,29,15950,48,7711,216,45,66,30,56,17,62,23,21,118,3744,911,469,176,334,3929,804,879,338,322,309,10470,6444,2401,48,43
07,30,8303,25,4769,132,29,37,27,18,12,48,25,17,77,2132,576,327,135,211,2168,539,516,296,201,237,7010,4020,1733,25,26
07,31,5805,18,2683,74,14,19,15,5,13,11,9,31,38,1310,299,134,129,113,1328,252,247,113,123,195,4169,2522,998,18,17
07,32,7489,23,3454,78,19,30,12,27,31,15,16,60,48,1693,372,168,150,127,1736,321,327,153,125,248,5296,3282,1178,23,22
07,33,4477,14,2021,74,14,20,13,10,10,17,9,18,32,807,289,113,74,108,841,247,226,154,116,108,3067,1602,921,14,13
07,34,3533,11,1673,40,9,22,10,6,8,12,11,7,29,743,218,112,48,74,765,191,195,96,65,74,2284,1301,615,11,10
07,35,2292,7,1068,32,4,6,12,15,12,10,2,7,20,451,156,74,36,58,467,152,100,56,49,64,1507,803,455,7,7
07,36,3772,12,2137,49,17,18,14,11,11,16,4,19,33,876,244,100,83,113,917,234,223,126,110,138,3173,1826,834,12,12
07,37,2755,9,1178,32,3,2,9,4,3,12,6,5,9,579,114,68,45,42,592,97,139,47,45,69,1565,954,375,9,8
07,38,1680,6,766,26,8,4,7,4,3,9,5,16,13,312,111,46,33,51,327,110,69,31,50,48,1048,592,295,6,5
07,39,5484,17,2704,65,20,19,6,16,8,22,19,35,30,1287,304,145,135,111,1312,283,278,132,101,186,4027,2394,975,17,17
07,40,8173,25,4014,79,25,21,19,24,11,40,15,9,58,1764,479,262,109,176,1854,433,453,249,177,161,6037,3421,1500,25,25
07,41,12732,39,5591,176,30,44,29,28,20,42,34,47,112,2637,599,298,196,264,2664,534,558,325,264,359,8769,5279,1995,39,38
07,42,5465,17,3122,187,34,27,21,28,32,48,24,42,74,1032,603,249,115,205,1011,532,424,219,201,203,4241,1851,1545,17,16
07,43,2629,8,1440,44,11,21,20,7,6,11,12,6,22,570,234,87,37,67,582,215,142,80,70,70,1850,931,550,8,8
07,44,2802,9,1348,47,12,17,7,4,5,21,6,3,25,596,174,99,25,52,611,165,164,60,54,60,1944,1121,486,9,8
07,45,11957,36,6200,123,34,50,28,19,13,54,19,22,81,3194,581,349,138,211,3329,504,645,294,219,244,8298,5319,1607,36,32
07,46,10145,31,4659,125,25,28,24,21,17,33,16,46,80,2288,477,232,156,213,2281,449,461,303,187,272,7420,4485,1719,31,31
07,47,2351,8,1159,34,11,7,8,1,2,9,6,13,19,502,123,67,32,53,516,123,109,136,52,53,1715,949,421,8,8
07,48,1390,5,842,39,6,8,8,5,5,4,5,7,14,338,142,44,32,38,340,142,92,62,37,50,1552,816,477,5,6
07,49,2805,9,1439,37,8,9,15,12,5,13,10,18,22,682,156,94,52,52,713,137,149,81,58,76,2447,1442,634,9,10
07,50,3020,10,1290,42,11,12,9,5,5,5,6,19,29,592,149,68,80,62,580,116,127,80,59,117,2011,1157,488,10,9
07,51,3233,10,1910,44,8,14,14,5,6,19,5,12,38,865,215,116,66,93,871,206,194,114,93,101,3167,1842,811,10,12
07,52,3855,12,1648,52,18,13,6,4,10,18,10,9,42,765,198,119,45,96,769,167,165,82,92,65,2360,1362,605,12,11
07,53,2539,8,1448,28,14,5,10,6,9,12,3,28,23,612,174,90,56,77,620,159,174,87,82,96,2190,1192,618,8,8
07,54,3612,11,1984,80,10,16,14,9,4,13,11,9,31,876,280,122,51,94,880,251,221,111,100,101,3639,1956,1045,11,13
07,55,1815,6,798,23,6,9,4,6,1,8,7,8,19,356,79,53,30,49,361,71,99,50,44,41,1164,727,252,6,6
07,56,3612,11,2270,82,16,20,5,18,12,26,14,12,28,971,303,166,70,102,981,292,256,136,108,124,3425,1862,940,11,12
07,57,3402,11,2118,54,12,20,5,10,2,13,11,27,38,971,235,125,75,87,982,204,223,154,97,112,3036,1744,764,11,11
07,58,2172,7,1237,27,9,11,17,3,20,9,2,1,21,532,189,57,24,56,557,157,123,70,45,66,2050,1150,569,7,8
07,59,1564,5,910,44,7,10,8,13,2,11,8,43,16,367,140,43,86,44,374,116,74,41,42,153,1666,900,508,5,6
07,60,9658,29,4753,192,28,50,28,24,24,41,31,25,69,2134,616,312,128,186,2183,518,558,264,191,263,7810,4422,1987,29,30
07,61,5902,18,3103,101,19,28,20,12,8,29,15,9,52,1442,361,170,69,142,1477,326,294,180,132,149,5141,3014,1259,18,20
07,62,14978,45,5366,96,25,35,16,19,14,28,16,28,90,2849,424,247,144,199,2931,376,535,301,192,278,8202,5415,1528,45,40
07,63,2038,7,1156,33,7,12,3,4,9,9,1,12,14,541,139,52,27,46,567,129,119,58,42,61,2557,1465,687,7,9
07,64,2357,8,1060,22,3,8,4,2,4,10,4,4,11,532,101,58,33,34,563,104,87,65,32,61,2005,1281,446,8,8
07,65,1575,5,953,19,3,17,9,1,4,7,5,2,13,433,121,48,19,53,444,102,102,62,41,39,1738,953,490,5,6
07,66,3341,11,2001,54,14,22,20,9,4,20,6,13,30,843,293,148,60,93,859,258,231,118,112,99,3513,1876,1022,11,12
07,67,1159,4,547,18,3,2,5,3,2,3,5,4,8,262,52,22,18,28,259,54,47,31,21,40,996,605,246,4,4
07,68,2701,9,1490,36,11,8,6,2,6,14,5,7,26,662,164,81,28,75,701,168,144,115,65,54,3041,1774,734,9,11
07,69,203,1,128,5,1,0,1,0,0,1,4,4,5,53,10,15,8,9,53,11,18,10,6,11,197,91,71,1,1
07,70,5951,18,3562,95,21,28,21,16,17,23,11,8,62,1539,408,253,75,168,1585,350,452,233,185,131,6658,3773,1637,18,23
07,71,2315,7,969,21,2,10,4,0,2,6,4,11,15,492,91,53,32,36,515,89,106,42,32,51,1931,1188,400,7,8
07,72,756,3,573,12,2,6,1,6,2,8,4,7,7,253,64,37,25,22,276,56,55,27,21,36,1084,628,239,3,4
07,73,143,1,127,7,0,2,2,0,1,2,1,0,2,44,19,10,2,4,44,20,13,6,5,6,238,126,72,1,1
07,74,184,1,127,4,1,1,0,2,0,0,1,2,1,54,17,6,6,12,51,16,17,6,9,7,398,218,128,1,2
07,75,483,2,299,6,3,6,3,1,4,2,1,5,8,129,40,10,14,18,138,25,22,20,20,22,1183,664,333,2,4
07,76,225,1,177,5,2,1,0,0,0,0,0,1,4,91,11,10,4,13,93,9,11,13,12,8,514,293,151,1,2
07,77,751,3,576,25,6,8,3,0,2,4,2,8,6,213,77,32,20,27,222,67,54,92,25,29,1597,850,455,3,5
07,78,541,2,409,7,1,3,0,5,4,2,2,6,7,177,50,35,10,19,180,48,58,22,24,22,1112,619,296,2,4
07,79,823,3,486,16,4,3,4,3,1,4,1,4,9,214,58,28,12,24,215,54,41,25,26,29,1935,1097,555,3,7
07,80,580,2,369,19,5,3,1,1,0,4,4,2,3,161,58,34,12,17,163,53,43,16,18,18,1022,548,304,2,4
08,01,11413,35,4320,110,19,34,57,27,49,38,35,26,60,1742,590,379,127,190,1809,557,534,233,170,198,5967,3196,1655,35,31
08,02,17691,53,8639,429,89,87,98,43,47,109,36,90,164,3029,1586,778,303,536,3084,1522,1109,431,506,542,10908,4964,3789,53,47
08,03,8514,26,3820,159,20,11,22,21,25,35,9,31,64,1413,561,355,188,208,1466,560,403,191,196,264,5031,2461,1642,26,23
08,04,9079,28,4537,195,25,29,58,32,23,40,22,48,76,1566,715,335,179,242,1619,636,529,224,238,271,5708,2683,1952,28,24
08,05,11920,36,5766,310,46,35,181,35,26,66,28,47,101,1846,1179,480,193,323,1835,1126,720,356,311,325,7122,2981,2654,36,32
08,06,12433,38,5503,221,43,54,65,17,36,58,24,41,72,2012,908,440,189,268,2057,876,636,294,234,342,7398,3530,2456,38,33
08,07,7774,24,3774,177,35,48,56,22,68,48,24,26,64,1289,755,323,150,209,1290,669,423,255,213,252,4756,2075,1728,24,21
08,08,7606,23,3486,181,35,22,37,18,17,40,21,21,41,1322,603,317,117,163,1331,515,405,181,158,222,4348,2176,1356,23,20
08,09,9157,28,4552,304,25,38,56,28,16,54,25,40,102,1480,894,358,155,266,1445,836,523,246,262,256,6030,2554,2208,28,26
08,10,9637,29,5460,345,43,54,66,22,19,70,41,31,131,1833,997,481,188,384,1870,974,698,281,373,342,7608,3328,2767,29,29
08,11,11420,35,6266,355,60,53,70,27,32,98,38,38,120,2131,1164,650,218,370,2158,1116,818,394,320,406,8201,3624,2923,35,32
08,12,12728,39,6428,378,95,53,46,32,19,114,51,59,143,2183,1137,703,229,416,2224,1034,917,345,425,387,8064,3583,2747,39,34
08,13,7319,22,4199,229,33,41,46,21,15,63,20,35,113,1274,747,455,187,297,1309,749,487,294,297,323,5437,2225,2063,22,21
08,14,7198,22,3533,197,37,30,49,53,30,39,20,44,56,1195,726,278,137,191,1192,689,420,175,209,235,4732,2015,1728,22,20
08,15,7626,23,3561,198,10,35,51,25,23,37,13,48,69,1157,596,460,160,200,1183,557,457,183,193,303,4859,2240,1688,23,22
08,16,13371,41,5289,325,42,51,42,32,40,58,22,42,106,1843,1014,451,189,314,1917,923,605,252,347,297,6961,3196,2501,41,35
08,17,8211,25,3580,189,30,29,76,20,15,46,16,31,65,1195,681,257,136,184,1241,642,383,214,195,210,4801,2149,1723,25,22
08,18,4860,15,1915,90,19,17,111,6,13,11,10,7,34,560,481,112,64,122,570,487,172,101,117,118,2741,1011,1153,15,13
08,19,20699,62,8405,330,36,61,110,38,31,73,40,67,158,3428,1253,611,278,441,3493,1203,1003,379,440,462,11820,6025,3640,62,55
08,20,7775,24,3848,229,77,47,28,27,20,63,25,52,82,1149,807,335,173,287,1150,748,446,228,268,284,4784,1885,2008,24,21
08,21,5903,18,2944,258,44,31,31,24,15,54,24,29,50,811,740,306,119,177,814,702,395,179,195,182,3487,1251,1514,18,16
08,22,8993,27,4915,344,50,35,76,56,32,64,19,124,84,1608,1039,428,279,289,1566,921,551,285,293,452,6385,2751,2377,27,26
08,23,12026,37,5884,371,58,59,71,31,28,91,32,66,93,1990,1163,593,207,337,2015,1049,751,317,353,371,7337,3261,2625,37,32
08,24,4345,14,2367,199,31,27,65,20,14,38,16,38,44,656,556,189,104,161,678,526,275,150,182,179,2750,996,1199,14,12
08,25,6942,21,3319,190,38,45,19,21,7,40,10,27,70,1080,641,249,119,219,1107,599,383,259,201,233,4589,1882,1766,21,20
08,26,5787,18,3194,209,38,43,38,27,14,52,16,24,70,872,749,306,130,232,871,742,402,166,206,195,3769,1339,1613,18,16
08,27,4868,15,2218,214,25,16,23,8,17,50,9,6,39,564,600,201,70,158,568,593,263,152,169,100,2833,942,1285,15,13
08,28,3883,12,2328,249,25,17,38,13,17,45,14,18,55,582,657,208,82,178,566,645,273,141,200,138,2607,826,1237,12,11
08,29,11982,36,6929,741,71,53,59,58,50,154,54,26,203,1607,1865,672,211,581,1577,1794,920,468,580,419,8002,2370,3745,36,32
08,30,8618,26,4520,270,34,33,28,22,15,57,20,71,106,1367,865,314,257,296,1345,873,505,245,292,428,5615,2260,2254,26,23
08,31,8804,27,4951,497,49,37,25,21,13,125,46,35,111,1288,1183,518,148,372,1284,1152,715,316,393,280,5695,1931,2416,27,23
08,32,2299,7,1319,167,19,26,11,7,5,25,8,8,33,313,411,105,47,112,319,395,162,73,98,65,1482,457,675,7,7
08,33,9504,29,5399,602,64,65,54,41,36,113,49,52,117,1371,1466,558,177,393,1336,1425,749,345,411,307,7199,2356,3192,29,28
08,34,5576,17,3181,233,31,38,18,29,16,43,34,55,49,966,646,285,156,213,944,620,459,189,187,205,3746,1439,1483,17,15
08,35,14681,44,7759,842,83,70,60,52,36,152,71,62,165,2099,2025,713,271,583,2060,1923,1026,492,601,463,9090,3079,3965,44,38
08,36,4688,15,2236,116,17,25,12,7,7,27,10,13,37,758,380,221,79,120,820,390,307,103,123,123,2934,1301,1102,15,13
08,37,17906,54,7141,267,61,58,110,33,59,67,20,43,130,2716,1203,476,264,371,2765,1086,827,334,366,432,10044,4804,3393,54,48
08,38,11261,34,6301,336,44,65,59,36,23,91,37,42,143,1879,1152,486,198,430,1934,1128,764,408,426,381,7763,3118,3075,34,30
08,39,4659,14,2515,93,18,27,35,8,15,16,4,24,50,796,433,162,106,146,827,428,278,182,126,158,3184,1375,1156,14,13
08,40,8181,25,4108,215,29,50,29,18,22,49,10,16,84,1399,773,310,166,264,1451,744,434,220,243,237,5189,2225,2018,25,22
08,41,6820,21,3622,189,26,37,29,20,27,42,23,23,63,1268,645,355,125,214,1285,603,457,196,217,204,4515,1972,1595,21,19
08,42,9716,30,5699,410,124,42,192,52,40,64,39,39,111,1612,1433,467,193,412,1712,1312,631,328,369,337,6968,2708,2901,30,26
08,43,10855,33,5271,206,47,40,112,27,16,40,18,79,102,2060,882,325,212,259,2096,812,583,291,267,260,7121,3426,2289,33,29
08,44,6104,19,3061,115,24,23,36,27,21,28,7,20,48,1100,557,228,112,153,1175,529,328,150,171,147,4171,1857,1474,19,17
08,45,12079,37,5578,160,31,39,130,30,32,43,9,30,85,2130,914,359,167,263,2270,846,603,301,258,295,7856,3892,2483,37,33
08,46,3610,11,1895,141,20,26,17,14,9,17,12,10,44,505,451,157,51,152,500,455,226,116,132,107,2363,791,1079,11,10
08,47,5905,18,2657,104,19,27,49,16,7,23,9,14,52,973,465,170,83,164,1008,415,298,141,160,149,3729,1756,1311,18,16
08,48,14479,44,8682,588,90,107,48,49,36,128,51,71,234,2667,1793,780,295,686,2603,1698,1148,533,695,483,10042,3847,4030,44,38
08,49,6123,19,2626,79,11,26,51,7,6,17,13,71,31,879,461,188,149,113,901,460,278,119,105,205,3564,1627,1303,19,17
08,50,7236,22,4215,163,26,43,19,13,12,46,28,17,53,1729,594,335,130,187,1755,555,539,273,191,237,6108,3141,1801,22,23
08,51,9576,29,6016,478,62,78,49,23,53,113,76,33,120,1728,1380,590,208,423,1694,1222,819,447,434,349,8020,3022,3253,29,29
08,52,8101,25,4221,140,32,40,28,15,19,41,29,26,61,1746,538,344,112,191,1770,503,461,239,175,231,5489,3008,1462,25,22
08,53,945,3,524,19,1,0,16,3,3,2,2,14,6,210,75,46,27,21,206,58,71,29,17,33,776,424,217,3,3
08,54,5296,16,2926,89,24,18,32,24,8,29,10,20,44,1101,373,230,110,141,1123,342,291,158,124,197,4316,2369,1236,16,17
08,55,11450,35,6508,242,61,47,66,22,39,69,34,31,114,2660,924,482,162,340,2750,843,786,391,306,363,10231,5321,3029,35,37
08,56,3252,10,1909,60,10,9,15,9,9,14,7,16,33,824,242,144,74,102,810,220,251,91,85,113,3186,1740,885,10,12
08,57,8633,26,4671,142,28,35,35,25,17,37,11,33,77,1850,627,287,176,228,1901,574,500,354,222,269,7951,4170,2297,26,30
08,58,8692,27,4925,169,35,42,51,17,14,50,18,46,82,2057,711,362,193,254,2055,637,512,266,278,321,6880,3517,2056,27,26
08,59,7639,23,2979,96,12,20,35,20,20,19,19,17,52,1277,369,201,79,168,1326,306,368,177,163,137,4898,2622,1449,23,23
08,60,18052,55,11367,1213,108,123,49,64,51,253,121,48,295,2884,2818,1176,310,867,2769,2665,1657,751,908,572,13096,4167,5791,55,47
08,61,6586,20,3698,179,35,37,66,24,24,36,6,43,77,1217,733,288,162,208,1203,627,428,178,191,258,4509,1949,1642,20,18
08,62,2437,8,1375,90,11,12,14,13,7,14,8,11,16,480,261,151,44,56,471,231,196,92,82,76,1837,907,601,8,7
08,63,5658,17,3051,135,28,28,80,17,14,25,19,19,59,1093,564,211,77,174,1113,459,350,244,193,185,4312,2055,1419,17,17
08,64,11929,36,5852,194,46,35,53,14,33,50,26,36,89,2593,777,368,210,290,2610,725,588,263,253,365,10086,5477,3054,36,39
08,65,8706,27,4486,153,26,30,32,8,27,37,22,41,82,1919,596,328,155,217,1976,571,536,214,203,246,7053,3807,2031,27,27
08,66,7170,22,4216,285,35,47,30,24,24,68,26,26,107,1358,797,401,120,294,1352,755,563,240,322,204,5183,2049,1985,22,19
08,67,3827,12,2281,136,23,35,13,13,8,34,16,6,64,735,421,181,61,218,744,394,278,131,207,112,2738,1125,1044,12,11
08,68,5912,18,3421,271,15,27,18,17,19,47,18,20,99,1093,666,264,92,272,1092,591,459,222,267,187,6161,2486,2315,18,22
08,69,7565,23,5025,530,61,43,42,35,23,79,51,30,100,1338,1287,474,160,359,1306,1174,690,324,355,295,5742,1934,2490,23,20
08,70,6885,21,4459,372,51,43,40,35,25,81,32,58,111,1298,988,388,186,335,1265,866,614,275,362,300,6138,2256,2476,21,21
08,71,2476,8,1604,133,21,16,10,16,28,24,13,7,26,419,395,149,44,136,411,356,207,97,132,87,1835,631,806,8,7
08,72,3877,12,2014,70,18,27,21,5,35,14,6,11,43,832,287,146,56,115,851,253,219,114,100,121,3097,1628,934,12,12
08,73,2831,9,1928,89,7,19,18,7,6,40,9,14,47,678,303,178,67,133,667,290,257,128,128,105,3348,1482,1198,9,11
08,74,1404,5,762,25,8,6,4,5,2,12,2,2,15,351,105,54,27,43,348,86,79,48,45,36,1284,684,381,5,5
08,75,1575,5,879,54,5,12,11,3,1,5,4,6,26,298,156,46,30,86,301,138,84,50,89,50,1892,877,703,5,7
08,76,1670,5,1124,55,8,5,21,5,2,12,7,10,12,407,202,95,41,51,435,177,125,55,54,59,1688,843,555,5,6
08,77,1821,6,1269,72,13,19,10,2,5,14,5,10,52,388,223,110,46,120,396,221,157,72,102,75,2175,891,880,6,8
08,78,20660,62,9245,410,58,70,53,19,31,104,59,63,189,3922,1215,681,264,527,4084,1113,1130,471,565,477,12690,6778,3561,62,54
08,79,663,2,419,16,5,3,6,3,3,0,2,3,9,172,71,29,17,18,171,60,48,10,16,25,685,350,225,2,3
08,80,8614,26,4670,199,34,32,42,14,16,58,26,15,107,1988,636,350,136,292,2070,571,516,220,276,251,7940,4313,2238,26,30
08,81,2881,9,1682,64,17,11,17,5,7,17,10,6,26,668,218,170,61,96,691,219,201,92,93,94,2928,1510,861,9,11
08,82,10825,33,4356,161,28,35,37,14,15,40,22,40,62,1788,572,321,159,208,1815,514,481,270,194,299,7127,3856,2018,33,32
08,83,1026,4,563,38,3,2,5,2,3,10,3,9,10,203,78,41,25,23,219,77,60,40,31,41,903,412,312,4,4
08,84,1977,6,941,35,6,9,4,3,3,17,2,3,14,341,163,77,27,49,353,165,107,44,46,66,1234,602,386,6,6
08,85,842,3,382,17,1,6,4,3,3,8,2,1,3,114,65,49,17,14,111,65,51,17,18,33,468,190,182,3,3
08,86,513,2,275,35,3,2,0,1,1,5,4,0,3,91,63,25,2,13,88,48,54,19,16,12,501,177,200,2,2
08,87,4332,13,2781,246,30,23,13,13,11,50,32,13,67,749,581,289,72,207,739,538,435,166,210,180,3195,1138,1288,13,12
08,88,2137,7,1211,72,11,8,3,5,3,12,8,40,24,437,195,88,73,65,442,186,139,64,63,116,1841,863,624,7,7
08,89,623,2,366,16,4,2,3,2,2,7,1,2,6,111,70,44,10,20,123,61,43,28,22,28,473,189,173,2,2
08,90,761,3,467,38,2,0,5,2,0,9,1,1,9,165,92,27,18,36,164,78,53,44,25,28,746,330,289,3,3
08,91,1833,6,1044,53,9,6,7,4,12,10,10,6,16,362,165,102,40,52,372,164,154,63,48,73,1326,608,434,6,5
08,92,928,3,509,23,3,8,5,6,4,6,3,1,11,174,82,36,14,22,186,64,53,31,29,24,622,287,206,3,3
08,93,1879,6,1265,109,13,17,6,5,10,22,14,5,42,311,302,129,33,104,314,286,171,92,106,71,1422,441,583,6,5
08,94,2390,8,1313,81,10,6,10,3,4,13,14,17,29,499,193,126,53,70,501,201,160,81,76,86,2267,1060,699,8,9
08,95,1925,6,1027,53,5,10,11,6,9,9,6,30,25,371,195,62,60,59,361,180,95,63,49,102,1802,799,663,6,7
08,96,2020,7,1244,74,10,12,9,4,9,11,6,6,29,452,229,77,39,72,450,179,134,96,84,80,2215,990,817,7,8
08,97,1011,4,597,18,8,3,4,5,5,9,2,11,12,212,95,58,23,41,234,78,68,36,45,46,1057,535,340,4,4
08,98,902,3,591,55,2,4,7,7,1,3,8,1,20,175,145,43,18,48,176,57,70,46,47,31,709,243,297,3,3
08,99,1398,5,835,30,9,5,15,6,6,8,3,4,14,359,142,46,25,43,374,128,77,44,40,49,2087,1057,696,5,7
08,A1,566,2,352,12,4,3,9,1,3,5,1,6,6,144,57,20,13,19,156,48,42,18,23,20,839,418,261,2,3
08,A2,620,2,316,8,3,3,7,1,0,3,1,5,9,140,45,26,17,22,140,40,36,12,24,25,955,510,318,2,4
08,A3,4398,14,3176,197,23,37,29,13,17,30,20,10,91,1082,609,240,94,236,1092,544,390,192,238,190,5789,2496,2115,14,19
08,A4,2249,7,1710,116,17,25,9,11,7,23,10,18,41,521,347,150,68,124,522,290,227,122,141,94,3337,1335,1328,7,11
08,A5,930,3,667,29,7,10,6,3,4,8,4,7,14,212,109,42,23,44,208,108,88,42,48,40,1341,577,545,3,5
08,A6,1755,6,1304,121,17,9,14,7,26,17,9,10,41,296,342,117,41,101,285,308,193,109,101,74,1392,440,628,6,5
08,A7,8799,27,3527,247,34,27,21,14,18,51,28,36,64,1138,642,302,134,190,1143,534,427,293,194,252,4736,2084,1511,27,23
08,A8,1303,4,786,40,7,9,12,4,6,4,3,3,18,278,146,35,43,58,268,128,81,57,61,62,1706,786,617,4,6
08,A9,1637,5,1199,88,11,14,16,12,6,14,19,6,37,321,281,123,34,98,306,242,161,97,97,80,2263,756,1010,5,8
08,B1,4092,13,2588,186,30,26,20,12,18,37,16,31,44,736,505,252,89,160,738,455,365,216,180,188,4933,1789,2002,13,17
08,B2,1885,6,1548,123,14,15,14,8,8,24,21,8,32,456,325,160,38,142,455,329,198,135,126,73,3611,1250,1589,6,11
08,B3,425,2,351,16,0,3,0,0,1,4,2,9,6,123,53,37,16,33,116,55,42,17,30,30,763,320,317,2,3
08,B4,1496,5,1236,129,12,10,6,7,7,21,12,2,42,327,284,139,30,104,307,254,185,85,105,75,2811,849,1263,5,9
08,B5,590,2,457,27,8,6,5,3,1,8,3,5,5,148,86,50,16,32,148,85,56,31,27,27,1218,497,488,2,4
08,B6,797,3,590,49,8,7,2,4,2,8,7,1,14,185,124,56,20,39,191,110,76,40,51,31,1235,478,504,3,4
08,B7,772,3,592,50,5,5,4,4,3,10,4,5,20,184,112,57,18,53,169,116,79,39,48,43,1183,395,485,3,4
08,B8,639,2,505,48,6,3,1,3,3,4,2,2,11,145,121,33,7,41,141,122,54,40,47,21,1225,432,516,2,4
08,B9,142,1,125,3,0,0,1,0,0,0,0,0,3,51,16,7,14,6,45,13,17,6,7,15,240,115,91,1,1
08,C1,209,1,153,7,0,1,0,0,3,2,0,0,5,50,21,10,3,9,54,22,14,8,9,7,308,150,114,1,1
08,C2,360,2,270,19,0,3,2,1,4,3,1,3,9,83,56,15,18,18,86,50,33,20,24,26,630,295,235,2,2
08,C4,702,3,431,11,2,1,23,2,8,4,0,2,6,150,84,44,12,21,158,64,58,28,17,32,766,364,245,3,3
08,C5,953,3,756,30,6,6,21,6,3,4,11,5,15,266,139,57,39,47,263,116,92,50,51,53,1352,617,472,3,5
08,C6,346,2,245,11,0,2,6,2,3,0,2,2,3,88,43,14,7,14,90,29,38,16,15,6,466,205,175,2,2
08,C7,276,1,177,11,2,4,1,1,1,2,1,1,2,63,37,13,7,12,59,35,22,7,9,8,428,168,182,1,2
09,01,21770,66,9780,809,96,112,93,61,102,135,58,77,220,2526,2442,750,448,766,2529,2374,1134,548,735,722,12279,4157,5517,66,58
09,02,14708,45,7893,647,82,94,59,40,51,134,68,42,173,2263,1695,700,265,519,2267,1507,1019,591,537,473,10882,4038,4387,45,43
09,03,18182,55,11172,1562,144,114,77,90,61,312,121,60,277,2271,3407,1190,341,846,2175,3199,1624,856,936,620,12814,3405,6150,55,47
09,04,12439,38,6449,350,42,91,58,26,76,70,33,43,117,2061,1201,499,293,396,2084,1064,783,399,390,500,8816,3776,3131,38,36
09,05,6793,21,3258,154,21,43,28,7,33,28,23,10,53,1122,588,217,142,165,1157,495,418,176,149,231,4696,2164,1537,21,20
09,06,14010,42,7158,278,40,91,96,37,103,81,41,43,108,2437,1145,623,270,400,2451,1003,922,405,356,614,8971,4145,3027,42,38
09,07,10864,33,6068,472,50,47,60,26,49,84,40,40,117,1712,1333,488,244,389,1758,1223,731,470,387,511,7523,2808,3036,33,30
09,08,8671,26,4947,877,55,48,48,18,40,131,47,19,135,825,1857,468,129,443,800,1843,622,360,469,218,5461,1158,2955,26,23
09,09,7448,23,4049,470,53,59,33,18,23,96,45,123,81,773,1186,467,230,308,771,1136,594,315,322,336,4576,1224,2224,23,20
09,10,6647,20,3400,201,29,42,35,16,32,44,20,56,71,1056,703,253,174,190,1057,631,412,210,191,270,4609,1908,1783,20,19
09,11,11676,35,6397,393,73,65,62,22,59,70,39,41,115,2031,1319,448,257,401,1999,1219,772,409,386,441,8619,3500,3334,35,33
09,12,4650,14,2508,115,14,29,22,21,60,28,17,17,51,874,490,167,116,155,885,413,288,136,140,197,3065,1377,1086,14,13
09,13,7721,24,4260,265,27,52,37,19,38,60,24,33,62,1331,812,344,181,222,1313,765,509,301,222,343,5214,2187,1897,24,21
09,14,2609,8,1293,81,14,13,10,8,9,17,9,27,23,343,235,96,92,64,355,236,164,69,61,163,1594,634,593,8,7
09,15,9990,30,6420,1137,91,45,75,32,34,213,64,40,143,1308,2277,636,182,466,1286,2178,796,437,524,311,6896,1832,3308,30,26
09,16,5226,16,3116,537,47,13,24,12,18,95,32,15,81,596,1148,293,82,265,569,1078,373,221,283,156,3420,827,1801,16,14
09,17,4082,13,1840,45,12,21,22,10,7,14,5,9,26,699,268,126,86,77,666,228,268,61,69,141,2355,1214,731,13,11
09,18,14712,45,8280,404,51,71,54,31,40,118,74,64,178,2925,1289,714,283,511,2983,1128,1126,495,479,565,10141,4725,3318,45,39
09,19,6808,21,3689,184,30,43,29,15,29,38,20,27,66,1261,649,279,147,216,1276,591,432,186,205,286,4529,1992,1554,21,18
09,20,3837,12,2318,170,22,29,15,12,21,42,13,11,55,671,514,167,84,164,660,467,306,124,173,152,3090,1168,1257,12,12
09,21,8777,27,6148,846,83,76,37,35,25,144,88,37,205,1112,1806,673,196,534,1063,1602,975,469,576,390,9545,2464,4636,27,31
09,22,4533,14,3110,459,41,35,19,25,16,90,33,17,83,544,1017,340,79,251,514,964,446,244,291,154,3412,756,1725,14,12
09,23,6501,20,4432,591,47,30,20,25,27,100,73,26,100,802,1312,468,141,338,792,1187,619,395,348,271,6370,1598,3060,20,22
09,24,3659,11,2025,70,14,22,19,12,18,16,20,11,29,738,295,184,82,111,777,249,249,117,98,161,2543,1284,726,11,10
09,25,1851,6,857,26,3,7,5,4,6,4,7,5,18,393,102,63,26,30,401,82,92,48,35,52,1413,807,354,6,6
09,26,7603,23,3876,116,18,24,29,27,50,35,21,19,62,1576,528,255,133,183,1618,400,481,237,165,272,6243,3439,1666,23,25
09,27,11494,35,7448,1098,82,63,47,49,45,210,121,35,226,1364,2312,827,223,638,1340,2136,1134,523,666,402,8331,1973,4239,35,30
09,28,1122,4,656,30,3,3,0,3,12,2,4,0,15,252,100,38,20,28,252,78,69,48,23,50,1163,613,338,4,5
09,29,3160,10,1841,100,15,18,20,6,17,21,10,13,48,611,338,126,63,121,620,300,229,120,129,132,3208,1379,1149,10,12
09,30,1442,5,933,45,5,14,0,2,7,9,7,5,19,334,152,67,33,72,340,141,96,58,64,56,1719,737,642,5,6
09,31,2229,7,1282,48,9,6,12,6,20,7,25,9,24,466,193,100,57,57,469,171,156,70,55,96,1950,961,608,7,8
09,32,999,3,592,30,3,3,3,2,3,10,8,7,14,159,94,57,19,34,180,95,64,45,34,36,885,362,299,3,4
09,33,870,3,481,14,5,8,2,2,6,7,2,3,7,195,75,33,12,29,193,57,77,26,28,29,744,398,221,3,3
09,34,10920,33,7324,913,72,82,39,39,41,198,88,47,237,1507,2047,794,223,629,1460,1861,1110,550,677,410,12186,3383,5827,33,40
09,35,21182,64,16043,2665,194,131,135,112,86,457,232,100,408,2621,5398,1682,470,1218,2457,5097,2250,1343,1295,881,22564,5035,11107,64,72
09,36,2264,7,1415,66,12,13,15,3,8,17,5,10,33,516,223,91,42,98,531,181,151,89,101,93,2484,1177,805,7,9
09,37,2832,9,1373,77,13,8,21,3,11,17,9,6,33,466,240,93,40,95,465,230,162,96,85,87,1747,799,612,9,8
09,38,3826,12,2353,99,16,24,28,7,14,18,21,6,50,858,395,185,66,136,861,341,285,128,118,142,3926,1914,1264,12,14
09,39,1314,4,875,65,10,11,15,6,5,16,7,5,24,221,197,54,30,66,238,182,94,72,60,77,1438,546,592,4,5
09,40,568,2,412,22,4,5,9,3,3,8,2,2,4,120,87,32,18,25,121,78,48,31,30,26,549,222,210,2,2
09,41,1357,5,762,20,5,6,6,3,1,9,5,1,20,341,81,55,30,47,356,79,77,33,46,61,1661,928,470,5,6
09,42,1623,5,1150,141,14,13,9,15,9,40,11,11,28,202,370,122,42,89,192,324,174,87,103,69,1290,341,611,5,5
09,43,457,2,393,33,7,1,4,3,2,9,4,2,6,114,86,32,14,32,99,83,65,26,26,24,750,268,321,2,3
09,44,1264,4,1006,124,13,19,9,6,6,22,10,6,17,240,291,90,34,76,243,262,133,80,86,48,2712,772,1336,4,9
09,45,316,1,251,23,4,1,2,2,1,8,4,2,7,59,64,33,7,27,54,68,43,18,27,7,401,114,188,1,2
09,46,283,1,224,16,0,2,1,1,2,3,3,3,3,91,28,30,5,16,84,19,33,13,20,12,763,404,222,1,3
09,47,415,2,352,26,3,3,1,0,0,8,4,0,14,81,61,39,10,45,91,69,56,20,42,14,647,218,277,2,2
09,48,69,1,71,3,1,1,0,2,0,1,1,3,1,13,12,12,5,3,16,10,12,5,4,10,144,47,54,1,1
10,01,13061,40,4891,363,45,137,32,39,52,63,41,35,120,1337,1207,390,190,351,1396,1083,631,319,374,314,6489,2304,2826,40,34
10,02,19263,58,9171,378,94,149,195,50,39,133,69,35,187,2971,1797,764,324,547,2945,1599,1222,520,519,528,11943,5027,4352,58,52
10,03,12188,37,5989,806,96,47,54,41,27,140,46,44,146,1253,1792,557,200,515,1234,1678,761,444,589,296,6870,1999,3214,37,31
10,04,8939,27,4982,414,48,42,54,17,26,86,35,33,99,1523,1045,469,151,355,1489,991,643,322,374,322,6195,2383,2416,27,25
10,05,4239,13,2480,288,19,21,19,17,14,49,12,16,43,630,630,233,72,165,643,611,339,181,166,123,2971,981,1237,13,12
10,06,9157,28,5228,447,71,56,58,28,28,90,51,33,91,1438,1227,487,182,373,1439,1196,719,342,382,318,6145,2100,2594,28,24
10,07,10216,31,5575,632,92,53,38,27,62,110,43,52,145,1332,1572,506,216,455,1311,1487,719,362,495,334,6268,1960,2910,31,26
10,08,7516,23,4087,358,52,56,40,20,19,77,35,21,79,1130,958,364,121,318,1076,865,588,278,323,230,4850,1770,2017,23,20
10,09,11582,35,6113,353,52,73,70,36,37,57,44,66,128,1883,1182,457,252,423,1886,1099,736,397,402,403,7695,3077,2930,35,31
10,10,13400,41,7039,561,65,69,110,50,57,119,44,48,189,1852,1717,620,287,587,1904,1614,958,428,589,440,8393,2938,3626,41,35
10,11,16704,51,8746,506,91,129,81,38,58,103,77,113,193,2909,1629,659,343,546,2944,1496,1037,536,557,554,10994,4796,3792,51,45
10,12,17392,53,10134,815,95,92,93,74,73,211,74,78,225,2948,2148,1033,322,773,2888,1985,1459,672,789,602,11817,4350,4769,53,46
10,13,9985,30,5262,486,49,62,85,29,42,80,35,39,122,1465,1285,458,177,391,1467,1146,735,346,402,265,6261,2206,2635,30,26
10,14,10506,32,6057,481,77,91,64,42,33,95,44,63,143,1780,1346,568,199,405,1802,1264,826,358,381,339,7866,2932,3188,32,30
10,15,7304,22,3687,187,31,53,40,32,19,39,21,48,70,1196,686,297,179,211,1202,625,434,245,215,252,4675,2010,1643,22,20
10,16,10206,31,5526,405,52,103,61,39,104,73,54,54,117,1485,1334,455,206,368,1490,1176,704,364,372,395,6753,2360,2874,31,27
10,17,3990,12,2298,213,29,44,23,14,18,50,18,25,84,511,620,205,114,203,534,579,286,158,214,156,2699,786,1306,12,11
10,18,9216,28,4715,358,45,48,62,20,22,61,37,36,102,1425,1010,374,156,317,1407,1007,543,376,300,293,5843,2259,2270,28,25
10,19,11675,35,6522,456,60,76,88,34,32,88,36,54,129,1992,1375,505,249,456,1944,1287,747,586,432,482,8806,3564,3394,35,34
10,20,7444,23,3371,191,27,43,52,17,18,35,23,35,52,963,659,243,137,188,953,653,356,452,177,186,4304,1633,1678,23,20
10,21,12961,39,7409,607,87,93,92,34,38,124,60,55,162,1864,1755,624,234,565,1873,1586,864,849,570,427,9704,3221,4130,39,37
10,22,5304,16,3064,328,44,51,43,18,34,72,33,27,72,674,911,290,114,212,679,827,357,223,237,199,3464,982,1633,16,14
10,23,7839,24,4171,284,49,45,70,27,20,73,29,23,64,1289,915,362,143,237,1287,857,537,245,235,248,5194,2076,1965,24,21
10,24,4369,14,2447,159,26,30,45,20,7,37,28,10,63,700,490,247,92,172,700,509,340,151,171,182,2958,1100,1168,14,12
10,25,14180,43,8833,665,104,112,116,96,50,145,63,46,202,2345,2070,736,255,658,2385,1864,1126,676,647,487,11627,4102,4934,43,42
10,26,12143,37,6263,434,59,81,99,43,25,98,44,28,124,1774,1403,526,246,426,1753,1315,769,431,436,440,7671,2769,3255,37,32
10,27,5860,18,3441,318,33,38,54,15,18,74,31,26,77,855,819,361,144,272,868,735,470,225,271,212,3997,1352,1674,18,16
10,28,10638,32,6183,712,76,53,62,52,15,144,56,23,137,1449,1666,664,198,493,1443,1620,840,424,500,376,7078,2150,3182,32,28
10,29,5084,16,2924,271,32,47,56,25,15,58,22,22,67,754,725,273,100,243,752,694,420,182,232,147,3452,1114,1542,16,14
10,30,15873,48,8383,421,68,71,124,33,40,90,67,41,119,2949,1434,711,317,440,2995,1280,1097,508,447,617,10668,4980,3413,48,43
10,31,9834,30,5102,276,37,42,55,28,20,60,30,26,109,1639,883,427,173,341,1623,834,590,392,362,347,6326,2689,2291,30,26
10,32,6984,21,4083,235,39,47,50,25,19,63,36,34,80,1229,792,386,175,283,1200,683,522,253,280,364,4887,1868,1933,21,19
10,33,8562,26,4445,205,52,78,77,44,31,38,22,29,76,1449,893,311,154,257,1471,788,495,329,268,243,5766,2395,2168,26,23
10,34,13059,40,8510,999,71,75,94,52,37,237,101,51,230,1937,2329,931,265,688,1848,2180,1266,589,725,506,9394,2728,4259,40,35
10,35,11298,34,6332,482,58,91,74,38,71,93,43,42,131,1775,1416,486,253,416,1777,1283,817,514,442,413,7823,2853,3193,34,30
10,36,2416,8,1422,152,13,19,23,10,1,24,10,4,44,334,372,124,55,150,326,362,168,111,146,74,1645,473,821,8,7
10,37,10618,32,6154,428,59,66,76,28,43,76,34,49,137,1835,1217,531,228,431,1803,1189,769,450,389,488,8431,3197,3261,32,32
10,38,5462,17,3410,254,43,43,28,13,22,54,18,22,68,951,765,308,148,244,957,694,450,226,266,201,4681,1720,1896,17,17
10,39,5148,16,2943,168,26,34,46,24,5,33,13,16,76,998,585,216,86,205,1014,569,336,193,202,166,3586,1516,1306,16,14
10,40,15261,46,9752,1030,79,100,78,46,44,243,69,52,261,2475,2509,987,319,747,2374,2368,1278,634,784,539,10832,3352,4800,46,40
10,41,6666,20,3615,296,38,36,32,15,17,73,42,14,77,1071,771,293,117,232,1074,740,462,343,248,171,5053,2046,1886,20,20
10,42,15700,48,8260,409,93,109,136,46,25,84,40,64,151,2771,1568,599,252,542,2870,1443,986,488,528,462,10634,4580,3949,48,42
10,43,4515,14,2654,205,25,23,34,10,8,51,24,13,62,741,607,253,82,180,767,564,362,198,185,162,3659,1431,1405,14,14
10,44,1538,5,1006,94,16,11,23,6,9,15,9,2,35,241,289,105,35,98,229,278,120,69,98,66,1171,350,566,5,5
10,45,2886,9,1876,200,76,24,10,26,15,41,17,20,47,380,582,158,63,158,385,569,224,112,151,119,2060,564,1010,9,8
10,46,6297,19,4074,321,39,52,59,17,61,70,30,30,90,1065,984,356,147,264,1042,867,543,318,280,262,4605,1579,1953,19,17
10,47,2008,7,1294,106,10,9,22,7,8,30,9,11,16,377,283,134,48,85,377,254,162,107,88,84,1760,689,657,7,7
10,48,5385,17,3482,329,46,39,34,23,15,99,39,38,84,827,861,363,152,289,804,825,482,235,280,216,3892,1171,1767,17,15
10,49,2149,7,1222,76,4,18,22,5,4,17,1,8,29,344,266,97,59,90,354,239,145,84,82,85,1512,542,637,7,6
10,50,2295,7,1376,108,10,15,31,10,19,19,12,6,27,381,324,125,45,79,379,256,213,93,103,100,1623,585,652,7,7
10,51,2632,8,1590,133,18,29,23,5,14,23,13,14,37,413,337,145,40,127,404,322,218,166,138,78,2308,840,924,8,9
10,52,1562,5,936,63,8,4,14,7,4,13,8,3,19,323,175,76,23,47,320,155,108,98,51,49,1438,612,514,5,5
10,53,2879,9,1720,91,12,21,16,10,7,26,7,10,35,610,290,128,60,110,617,253,210,119,114,89,2766,1244,964,9,10
10,54,11104,34,7568,709,61,56,74,53,23,167,68,44,170,1972,1677,893,196,576,1941,1511,1143,523,572,477,10420,3562,4086,34,35
10,55,16407,50,10083,982,99,107,91,58,39,216,106,45,264,2534,2370,1153,303,779,2524,2154,1520,664,811,619,11855,3889,4928,50,43
10,56,2532,8,1439,81,15,22,13,2,9,15,10,9,31,436,241,116,48,105,444,203,196,95,111,81,2135,897,757,8,8
10,57,9540,29,4333,154,45,64,50,24,9,40,25,18,73,1743,684,278,150,211,1824,590,527,236,214,259,6269,3323,1785,29,27
10,58,13756,42,6544,254,57,90,75,28,36,70,33,26,122,2542,1000,470,201,372,2559,893,773,431,347,360,8570,4373,2538,42,36
10,59,9894,30,6605,643,57,54,49,25,19,127,76,44,155,1753,1485,698,208,498,1740,1391,955,458,522,391,7702,2666,3071,30,26
10,60,2433,8,1558,106,21,17,18,5,8,22,14,6,26,512,319,117,50,102,491,277,220,101,103,104,3187,1260,1223,8,11
10,61,756,3,535,36,6,12,4,5,0,8,3,0,7,175,104,50,15,34,174,97,71,35,35,30,1002,437,377,3,4
10,62,2511,8,1662,126,11,13,17,14,34,19,14,18,38,493,355,132,64,104,471,303,220,123,104,133,2345,892,927,8,8
10,63,1388,5,956,60,8,21,8,8,4,17,8,9,13,292,189,86,30,61,292,165,128,65,60,78,1583,662,580,5,6
10,64,1078,4,690,37,3,10,2,5,0,4,3,4,6,176,116,36,15,39,198,102,66,132,40,36,1148,501,368,4,4
10,65,853,3,585,60,10,8,6,5,1,2,6,6,20,143,134,45,29,50,146,119,70,47,48,40,968,312,458,3,4
10,66,1025,4,540,33,3,29,3,5,3,3,3,3,14,185,116,33,21,36,179,80,68,39,47,34,861,358,327,4,4
10,67,15250,46,8805,609,101,93,75,63,44,146,71,54,226,2704,1724,758,281,634,2639,1549,1233,613,645,528,10813,4345,3886,46,40
10,68,4029,13,3144,393,35,17,30,21,15,73,33,25,64,701,822,306,131,220,673,761,449,262,257,208,4451,1362,1965,13,14
10,69,1647,5,1052,80,12,12,13,1,3,11,7,10,26,293,209,92,40,71,312,194,153,85,73,54,1254,458,492,5,5
10,70,1252,4,893,60,6,7,8,4,7,11,4,6,8,301,167,74,26,53,281,146,116,85,55,56,1530,623,553,4,5
10,71,365,2,220,10,1,4,2,0,2,1,2,1,4,88,35,16,4,9,87,34,23,9,13,12,388,192,122,2,2
10,72,1352,5,938,51,5,8,13,9,5,19,9,3,12,284,171,99,31,54,297,143,143,72,66,47,1702,701,586,5,6
10,73,1651,5,1224,89,17,9,47,3,2,25,16,5,23,308,256,133,31,85,318,188,174,131,101,60,2175,838,782,5,7
10,74,2520,8,1586,128,16,23,10,11,14,29,5,7,46,454,362,122,47,153,447,315,188,110,145,92,1869,667,787,8,7
10,75,983,3,560,25,3,5,2,3,2,6,3,6,4,197,86,35,21,26,187,72,56,47,32,53,672,318,223,3,3
10,76,3713,12,2180,106,14,24,19,12,20,21,4,10,39,811,355,155,59,121,789,301,251,153,128,146,2681,1248,905,12,10
10,77,1333,4,940,55,7,11,6,4,4,15,6,10,17,298,171,80,32,59,287,149,113,67,46,49,1515,645,546,4,5
10,78,1180,4,693,29,10,10,0,4,4,14,6,4,12,271,102,62,16,34,262,94,108,53,33,29,879,422,258,4,4
10,79,2316,7,1380,94,12,17,9,10,6,28,10,7,30,475,252,112,40,74,463,216,190,124,74,80,1662,694,540,7,7
10,80,2178,7,1223,81,14,9,8,3,3,20,7,8,33,380,227,108,33,95,376,207,193,99,76,71,1955,808,671,7,7
10,81,5364,17,3546,235,29,39,37,13,18,43,28,16,87,1107,652,310,108,262,1090,589,471,276,267,230,5682,2289,2058,17,19
10,82,2025,7,1334,52,14,14,10,7,9,13,5,4,25,500,225,72,34,77,502,203,140,114,87,81,3172,1541,1021,7,11
10,83,2057,7,1067,36,7,12,11,4,7,10,15,8,26,399,152,77,36,60,412,124,140,78,69,57,2892,1409,934,7,11
10,84,2633,8,1732,101,22,16,18,11,15,16,11,13,50,551,299,119,77,146,551,288,200,155,130,142,3983,1684,1533,8,13
10,85,6792,21,3935,288,48,34,25,33,23,78,46,27,87,1083,807,383,153,246,1096,691,543,361,244,308,7626,2924,2799,21,27
10,86,1452,5,948,85,11,36,7,4,9,11,8,5,17,278,230,84,46,55,265,177,144,73,63,74,1824,689,700,5,7
10,87,1056,4,700,50,5,7,8,5,3,8,1,5,17,184,134,49,21,57,182,115,102,63,57,47,1234,435,507,4,4
10,88,1067,4,802,109,10,7,6,3,3,24,13,4,17,183,223,90,31,48,182,178,129,61,70,57,1671,485,745,4,6
10,89,654,2,511,21,6,6,22,2,3,4,2,11,12,144,95,31,29,39,133,66,45,29,36,144,1235,539,497,2,4
10,90,456,2,367,37,2,1,3,0,1,12,2,3,11,94,62,44,12,36,93,58,53,21,41,24,781,270,304,2,3
10,91,806,3,604,26,0,8,3,23,3,1,1,8,18,193,123,45,24,49,203,102,81,34,41,38,1771,757,664,3,6
10,92,206,1,157,5,0,3,0,1,0,2,0,0,0,68,22,7,5,3,69,18,10,18,6,7,511,252,173,1,2
10,93,594,2,453,16,4,1,6,2,3,7,0,3,17,167,67,31,15,33,165,73,55,32,27,24,1429,693,490,2,5
10,94,2757,9,2322,224,14,24,23,23,13,45,15,2,67,541,564,241,63,203,513,524,329,145,216,154,4782,1429,2211,9,15
10,95,2964,9,2291,197,29,16,15,13,9,35,20,17,53,670,477,218,59,184,693,425,311,163,197,144,6463,2476,2594,9,20
10,96,954,3,670,40,3,7,12,7,6,10,1,0,10,235,122,37,24,54,247,104,73,56,60,37,2463,1180,862,3,8
10,97,407,2,328,12,5,2,5,1,3,6,0,1,7,116,58,26,11,23,119,52,41,25,22,19,945,373,401,2,3
10,98,682,3,530,36,1,4,3,4,1,16,6,2,7,174,90,74,14,28,174,91,88,43,27,32,1227,474,457,3,4
11,01,29040,87,13096,1067,174,125,132,56,70,210,82,124,306,3557,3201,1130,536,1006,3581,3062,1588,728,1063,801,16532,5731,7114,87,76
11,02,9888,30,4165,225,47,47,81,21,16,45,18,27,79,1273,918,287,182,253,1315,918,399,220,233,258,5529,2170,2184,30,26
11,03,7778,24,3977,193,46,44,66,21,28,40,25,32,60,1134,889,280,171,224,1171,851,437,259,198,255,5092,1888,2035,24,21
11,04,19740,60,8565,323,72,88,110,47,40,88,37,52,130,3260,1383,572,273,407,3327,1297,931,526,379,454,11868,5796,3777,60,53
11,05,14371,44,7582,383,82,82,113,55,32,107,58,68,127,2304,1515,692,302,472,2328,1450,937,477,487,474,9584,3681,3791,44,39
11,06,12119,37,5990,282,71,46,63,29,19,78,35,79,86,2008,1118,471,273,337,2019,1063,676,341,312,416,7882,3384,2786,37,33
11,07,4065,13,1919,129,19,43,27,6,7,30,8,28,34,520,466,158,85,110,517,453,214,99,130,197,2474,918,1057,13,11
11,08,12705,39,7582,1294,195,48,76,50,29,198,55,45,211,1244,2951,652,229,715,1211,2856,812,561,789,358,8391,1728,4717,39,33
11,09,7302,22,4127,503,102,39,57,33,28,80,41,25,99,763,1338,374,128,373,731,1294,488,250,415,208,4796,1179,2513,22,20
11,10,6422,20,3264,323,43,34,37,18,24,72,20,17,79,706,928,309,115,299,708,887,438,202,308,194,4131,1151,2047,20,17
11,11,17811,54,10604,2404,290,75,92,57,40,290,87,34,228,1459,4741,839,278,848,1403,4697,1074,793,1016,462,14685,2646,8260,54,56
11,12,9867,30,5843,1220,109,40,42,40,24,195,58,36,139,841,2376,545,153,497,811,2265,704,408,552,310,6387,1295,3526,30,26
11,13,7293,22,4511,1046,128,29,25,25,23,159,41,16,96,482,2083,397,117,367,451,2074,490,329,447,199,4837,737,2828,22,19
11,14,2872,9,1283,81,12,8,12,3,2,12,9,6,16,426,247,93,45,71,412,240,172,119,76,70,2039,878,722,9,9
11,15,8964,27,4351,439,65,34,111,40,33,74,29,44,95,958,1321,368,168,327,962,1265,530,278,326,269,5348,1536,2578,27,24
11,16,6500,20,3438,505,71,20,54,20,13,84,26,20,80,608,1213,280,92,270,586,1192,393,351,277,174,3996,898,2069,20,17
11,17,12141,37,7979,2297,243,37,56,58,31,242,53,47,203,583,4282,583,212,658,553,4361,673,552,826,260,8336,852,5385,37,32
11,18,11137,34,8042,1709,185,39,47,38,29,300,126,21,148,953,3234,864,206,597,882,3190,995,778,701,384,10257,1642,5476,34,35
11,19,7026,22,4107,806,73,25,21,17,12,133,30,9,83,660,1603,386,101,324,620,1551,494,311,360,173,4432,926,2365,22,18
11,20,7195,22,4493,1152,141,20,21,32,17,139,22,10,125,429,2190,355,121,387,398,2172,403,334,473,191,4715,615,2872,22,19
11,21,7716,24,4455,540,56,34,32,20,21,102,41,63,89,963,1364,420,193,332,944,1308,587,281,359,260,5222,1491,2565,24,20
11,22,10534,32,5902,516,68,60,42,43,23,89,40,76,138,1466,1492,446,246,494,1482,1498,637,389,492,363,7201,2278,3289,32,28
11,23,6776,21,3927,445,64,28,34,35,17,90,24,34,82,753,1189,356,145,321,733,1141,481,316,310,223,4579,1126,2396,21,18
11,24,7788,24,4845,948,124,33,51,27,27,132,50,29,134,666,1915,430,116,408,662,1826,542,410,485,210,5740,1139,3033,24,22
11,25,12877,39,5902,226,36,52,54,28,26,57,27,86,97,2148,961,465,259,346,2199,856,754,294,315,391,7975,3750,2625,39,35
11,26,15129,46,8005,604,72,70,60,45,43,123,52,58,200,2334,1786,706,309,643,2335,1698,1007,516,631,460,9526,3481,3980,46,39
11,27,15919,48,10321,2592,296,56,71,66,53,373,75,39,280,964,5032,841,263,988,918,4963,1065,644,1139,395,10882,1363,6838,48,41
11,28,12374,38,8266,1720,158,54,69,54,36,260,79,34,232,1083,3470,755,191,797,1038,3364,970,542,917,329,11576,2004,6695,38,41
11,29,7260,22,4745,913,71,40,50,18,24,110,45,19,125,771,1907,400,128,433,743,1801,535,314,494,205,5020,1032,2807,22,19
11,30,7276,22,3871,165,33,37,53,21,14,31,20,53,56,1300,730,255,228,224,1307,712,421,228,206,290,5019,2172,1814,22,20
11,31,15495,47,8173,427,64,105,85,27,55,113,39,74,161,2624,1584,659,308,486,2700,1527,1011,514,515,488,10555,4341,3977,47,41
11,32,11919,36,6454,249,53,70,51,39,27,62,47,62,109,2353,1023,517,260,381,2425,996,764,413,375,370,9676,4560,3146,36,36
11,33,3097,10,1641,66,18,8,50,14,6,13,1,2,27,539,329,77,49,77,571,281,128,119,75,105,2200,987,771,10,9
11,34,4923,15,2749,176,30,21,24,15,16,53,23,18,49,760,624,241,100,191,749,593,320,182,166,182,3378,1196,1397,15,14
11,35,13203,40,6718,376,49,64,66,26,38,74,41,56,114,2417,1241,535,227,402,2417,1126,810,341,405,398,8604,3957,3010,40,35
11,36,9926,30,4789,150,50,41,43,19,22,43,14,24,56,1715,772,308,155,200,1774,766,525,285,208,238,6445,2994,2090,30,27
11,37,1141,4,635,168,16,6,6,4,4,14,5,2,14,53,338,37,8,64,51,339,52,33,72,18,719,104,457,4,3
11,38,1771,6,1192,397,36,6,4,6,9,36,7,1,22,49,724,70,19,86,48,702,85,76,127,30,1232,95,842,6,5
11,39,9275,28,5579,563,66,50,51,49,31,126,63,68,136,1133,1427,515,218,487,1151,1327,753,581,502,363,7702,2263,3474,28,28
11,40,10915,33,5927,444,62,59,56,23,14,98,48,43,147,1802,1181,563,178,460,1806,1077,841,441,456,328,7271,2936,2629,33,29
11,41,10770,33,5779,343,53,68,56,27,15,89,46,64,115,1838,1065,523,225,387,1885,978,760,397,395,359,7231,3070,2535,33,29
11,42,1658,5,878,66,7,6,12,1,4,10,3,5,24,305,181,63,30,60,299,183,89,50,61,62,1099,477,393,5,5
11,43,1315,4,673,46,8,4,0,5,4,11,6,12,24,197,122,57,29,57,201,113,83,58,60,43,834,352,313,4,4
11,44,6936,21,4021,346,40,41,33,19,22,100,47,36,113,1111,914,390,138,319,1114,845,542,251,330,238,4716,1788,1842,21,18
11,45,6800,21,4069,350,39,43,28,18,27,65,30,33,92,1120,939,343,136,315,1094,851,511,274,333,254,4849,1777,1937,21,18
11,46,4448,14,1958,91,22,18,29,19,9,23,10,8,31,766,341,108,58,117,796,291,186,119,114,94,3799,2015,1188,14,16
11,47,10563,32,4661,158,27,33,49,23,21,38,25,17,61,2036,633,261,146,203,2097,522,452,227,206,271,6560,3699,1730,32,29
11,48,6016,19,3006,97,23,34,29,9,9,26,15,12,37,1235,417,143,80,130,1252,379,289,234,124,154,4513,2375,1323,19,18
11,49,7874,24,4212,145,31,37,34,14,15,38,21,34,78,1757,601,267,125,249,1738,568,467,206,246,252,6333,3227,2022,24,24
11,50,8954,27,4421,175,40,41,28,17,32,52,26,27,72,1772,691,283,117,229,1855,641,445,238,254,241,6865,3623,2068,27,27
11,51,11173,34,5490,172,33,40,28,24,25,58,16,41,81,2397,690,377,182,255,2430,605,674,271,257,317,7942,4385,2139,34,32
11,52,8133,25,4244,182,49,38,17,23,11,50,35,41,78,1620,654,351,165,258,1604,584,589,228,243,250,5312,2584,1663,25,22
11,53,14435,44,9090,585,89,80,51,52,34,151,78,53,213,3044,1629,891,280,651,3010,1516,1192,566,617,516,10882,4682,3671,44,39
11,54,14666,44,7213,243,55,60,32,19,25,72,33,37,106,3061,957,501,223,374,3181,884,838,365,346,384,9726,5245,2693,44,40
11,55,3920,12,2791,683,68,11,15,17,12,94,36,24,57,263,1260,278,82,208,232,1219,319,237,271,133,2978,395,1736,12,11
11,56,17403,53,11161,2170,240,79,87,52,44,323,184,45,245,1547,4209,1120,258,859,1460,4141,1413,947,1076,521,12489,2395,6363,53,45
11,57,17756,54,12545,2623,298,102,89,82,59,326,135,76,295,1392,5154,1087,357,1097,1342,4961,1392,1154,1292,572,18554,2957,10693,54,61
11,58,16428,50,10794,2330,234,79,73,56,43,297,150,40,273,1174,4539,1034,261,943,1090,4206,1350,894,1068,557,12058,1806,6819,50,43
11,59,6609,20,4895,1103,112,22,41,30,26,163,32,24,119,497,2214,412,128,470,470,2121,534,321,496,231,5296,732,3246,20,18
11,60,7912,24,5319,1035,119,39,38,38,25,179,70,26,150,703,2071,550,152,499,679,1946,721,364,566,247,5754,940,3224,24,21
11,61,5884,18,3962,512,76,28,21,24,27,79,32,32,112,714,1239,358,108,386,690,1149,556,286,386,198,4942,1147,2583,18,17
11,62,8502,26,5606,929,87,43,39,31,19,147,66,25,110,938,2056,518,145,500,886,1968,685,439,566,262,6215,1294,3324,26,22
11,63,2682,9,1231,39,7,4,6,5,5,3,6,9,20,489,163,60,50,69,507,163,145,69,61,74,1671,863,512,9,8
11,64,3799,12,1619,39,12,10,11,5,3,12,3,6,17,705,207,99,41,57,736,210,178,72,44,80,2245,1275,588,12,11
11,65,2284,7,1065,32,14,7,6,5,5,12,6,1,13,431,166,56,36,41,457,166,113,40,38,52,1400,728,449,7,7
11,66,5785,18,3852,265,27,18,38,21,16,64,29,33,84,1185,737,325,120,296,1178,673,496,288,295,239,5284,2064,2035,18,18
11,67,2228,7,1115,89,5,18,7,4,5,15,8,7,23,349,222,83,37,79,348,214,124,92,84,59,2390,1006,883,7,9
11,68,446,2,164,19,1,2,2,2,1,1,0,0,3,60,41,9,4,4,66,34,15,8,1,13,237,121,65,2,2
11,69,1602,5,872,26,8,8,20,10,3,6,3,3,11,367,142,41,23,37,383,105,75,45,39,55,1615,900,442,5,6
11,70,8945,27,6010,560,60,56,52,29,33,99,51,35,164,1554,1295,559,179,510,1524,1215,899,497,492,305,7094,2396,2956,27,24
11,71,3525,11,1965,97,9,23,11,10,12,20,14,22,35,759,297,155,76,84,766,255,226,91,108,117,2543,1269,822,11,10
11,72,2006,7,964,31,8,8,7,7,4,7,8,4,13,401,117,77,31,37,387,102,123,56,36,62,1274,661,354,7,6
11,73,2157,7,1068,23,5,5,7,3,7,12,2,8,8,433,130,67,42,51,438,122,124,55,47,62,2301,1238,709,7,9
11,74,7479,23,5669,1001,88,37,26,40,27,171,75,37,121,828,1945,587,172,458,765,1798,811,492,511,302,7860,1692,3840,23,25
11,75,2068,7,1626,365,29,12,8,14,5,48,30,8,30,177,688,174,38,89,171,623,223,158,130,87,2363,404,1156,7,8
11,76,6498,20,5080,858,78,31,32,22,30,144,79,29,125,712,1672,513,124,485,686,1511,719,460,521,272,6509,1324,3282,20,21
11,77,1976,6,1343,227,25,8,7,13,10,48,19,2,28,188,460,131,45,101,175,445,185,119,113,96,1486,288,712,6,6
11,78,17463,53,11251,2133,229,87,80,75,67,286,149,62,273,1469,4319,1070,314,938,1431,4035,1462,925,1128,551,12779,2273,6763,53,45
11,79,10864,33,8165,1487,166,63,62,54,40,205,91,44,193,1039,3118,751,218,742,1019,2894,1006,730,799,403,12775,2211,7069,33,41
11,80,5092,16,3811,849,78,24,22,26,15,94,47,13,109,442,1618,319,81,343,396,1566,446,332,405,156,5235,763,3017,16,17
11,81,4355,14,3070,496,52,17,25,18,21,74,31,11,76,503,1037,295,95,268,498,997,439,255,258,167,4096,879,2105,14,14
11,82,806,3,538,74,10,4,7,5,3,7,5,6,18,97,173,49,18,55,97,148,69,55,61,34,812,208,406,3,3
11,83,1560,5,1224,215,17,7,7,4,2,24,13,8,36,218,396,109,30,105,201,348,159,115,128,48,1992,467,1027,5,7
11,84,3862,12,2732,305,29,17,18,24,22,63,26,17,60,627,698,260,91,216,597,648,387,258,228,174,4631,1371,2107,12,15
11,85,6531,20,4787,637,62,29,34,28,28,105,60,34,112,993,1395,459,139,418,945,1242,680,397,483,213,6221,1679,2848,20,21
11,86,11997,36,7828,1162,120,46,39,44,32,220,117,28,244,1519,2433,801,216,712,1477,2325,1086,592,766,401,12674,3265,6121,36,43
11,87,2918,9,1390,59,9,4,9,8,6,6,5,9,11,594,203,87,48,64,607,188,142,61,60,85,2379,1268,664,9,10
11,88,4682,15,1832,34,14,11,13,1,9,13,13,10,21,910,171,89,52,59,931,153,182,109,54,95,3281,1993,771,15,15
11,89,19542,59,9782,678,121,89,55,32,42,153,77,42,188,3182,1917,768,276,677,3254,1724,1200,673,704,505,12994,5668,4498,59,52
11,90,3714,12,1836,76,21,22,16,9,6,14,12,12,33,679,305,88,72,127,699,279,190,129,117,117,3640,1705,1219,12,14
11,91,4945,15,3039,218,28,37,18,9,8,60,16,28,70,974,573,242,90,247,1029,531,355,220,257,161,5923,2443,2251,15,20
11,92,5389,17,2189,48,21,11,13,16,13,24,13,7,23,986,252,126,63,108,979,235,226,111,96,126,3761,2177,990,17,17
11,93,579,2,369,13,2,5,6,3,2,8,0,3,5,167,52,26,9,19,155,42,56,20,15,14,672,350,193,2,3
11,94,4221,13,2406,108,26,20,17,10,5,19,13,12,46,920,404,194,54,135,922,350,300,137,133,151,4206,2046,1394,13,15
11,95,16441,50,9127,603,85,84,55,39,34,128,90,63,237,2930,1750,814,262,741,2905,1650,1243,513,743,531,11759,4887,4308,50,44
11,96,2232,7,1427,86,18,8,11,14,7,18,5,8,25,500,266,110,46,95,498,224,172,87,99,74,2296,1045,787,7,8
11,97,1766,6,741,22,4,0,0,3,4,8,5,1,11,335,97,43,12,38,353,92,88,35,30,33,1833,1074,525,6,8
11,98,1494,5,899,55,11,10,2,5,9,11,7,7,19,340,151,75,34,53,348,121,102,46,59,44,1176,570,378,5,5
11,99,4234,13,2797,176,31,29,22,14,12,36,23,22,67,880,526,228,91,210,894,479,350,196,204,178,5579,2323,2021,13,18
11,A1,1969,6,1209,83,10,12,15,2,13,12,5,3,27,414,251,77,33,93,407,235,145,79,87,67,3457,1408,1347,6,12
11,A2,2562,8,1991,339,46,14,13,10,16,47,27,8,48,277,671,186,46,196,266,627,232,219,232,109,2774,576,1480,8,9
11,A3,1806,6,1189,341,34,15,7,11,8,32,3,2,32,95,658,60,16,91,96,623,85,62,132,28,1867,247,1215,6,7
11,A4,1574,5,1151,217,26,6,12,7,12,36,12,17,28,140,426,117,49,94,134,423,143,118,90,92,1397,236,695,5,5
11,A5,710,3,568,48,10,1,8,3,1,11,4,2,14,135,132,64,19,50,138,112,82,42,53,27,1056,378,423,3,4
11,A6,443,2,297,13,4,7,1,1,2,4,1,3,3,90,59,15,16,12,99,52,24,19,14,24,515,221,176,2,2
11,A7,1071,4,672,21,4,6,4,0,1,2,3,9,8,286,91,34,27,36,298,93,61,46,38,37,2250,1120,755,4,8
11,A8,988,3,662,50,4,1,3,7,4,11,8,1,9,245,118,54,13,42,243,111,81,59,37,25,1980,893,701,3,7
11,A9,2672,8,1995,138,30,20,32,11,8,41,16,14,59,560,434,158,66,191,569,397,265,181,193,112,6264,2224,2686,8,20
11,B1,1250,4,943,49,10,7,10,7,4,16,7,0,18,255,163,71,115,61,276,155,128,55,57,143,2499,1054,986,4,8
11,B2,533,2,381,12,5,6,1,0,1,3,3,1,21,160,37,27,9,36,161,31,41,24,30,24,1478,732,502,2,5
11,B3,709,3,467,13,3,3,4,2,1,3,1,3,11,165,65,21,19,30,165,68,30,56,26,32,1112,550,372,3,4
11,B4,569,2,369,4,2,1,4,1,2,1,1,2,1,166,46,16,22,17,166,32,34,28,15,22,1397,761,412,2,5
11,B5,2064,7,1651,128,20,16,12,6,9,18,11,6,62,458,335,139,55,173,454,319,228,94,180,87,3766,1330,1628,7,12
11,B6,552,2,401,13,3,4,5,0,3,4,1,21,6,129,64,30,39,24,131,66,49,23,21,40,1053,497,346,2,4
12,01,7649,23,4246,856,119,21,32,25,18,106,33,25,147,539,1666,315,113,527,526,1610,438,232,634,190,4651,804,2793,23,20
12,02,7918,24,4022,490,76,23,18,15,19,79,36,14,86,830,1188,422,119,310,820,1186,549,247,340,237,4816,1357,2312,24,21
12,03,2514,8,1359,169,29,13,7,12,3,20,8,3,27,324,416,123,38,100,312,371,189,81,123,75,1631,706,543,8,7
12,04,6392,20,3218,252,26,31,20,21,63,43,24,23,62,753,810,225,145,259,748,745,305,128,238,277,4015,1288,1952,20,17
12,05,4889,15,2967,532,67,23,19,17,13,83,30,13,55,536,1061,244,89,218,511,981,343,285,250,145,3488,862,1683,15,14
12,06,8481,26,4743,612,68,36,30,39,18,99,27,62,142,962,1457,406,204,441,920,1420,557,364,442,296,5326,1389,2632,26,22
12,07,10506,32,5145,349,44,43,39,31,34,80,33,110,104,1381,1085,429,300,338,1366,1018,618,385,345,446,6292,2303,2636,32,28
12,08,9082,28,5105,607,69,36,26,29,39,114,52,104,98,1189,1405,529,226,356,1124,1290,689,404,391,418,5889,1799,2605,28,24
12,09,8514,26,3936,257,34,33,31,25,31,59,23,74,69,1096,799,332,199,210,1117,757,496,291,220,332,4916,1900,1932,26,23
12,10,9478,29,5915,740,61,34,55,45,21,156,70,51,139,1392,1636,634,195,436,1313,1532,804,451,482,347,6534,1963,2983,29,25
12,11,4034,13,1857,148,23,23,7,14,11,19,12,10,48,481,421,143,77,181,472,383,236,117,140,129,2409,869,1040,13,11
12,12,4764,15,2226,196,33,24,22,7,13,25,20,18,50,539,548,168,85,192,538,565,245,146,180,162,2902,977,1338,15,13
12,13,4377,14,2411,513,65,18,13,14,32,77,20,7,47,355,1039,189,56,180,332,1026,249,182,208,116,2568,510,1391,14,12
12,14,2856,9,1426,124,42,8,10,10,5,22,16,7,36,306,419,120,53,141,292,402,186,77,148,82,1689,474,856,9,8
12,15,5145,16,2667,285,52,12,11,12,20,50,30,18,86,626,681,261,93,234,645,658,356,180,229,167,3438,1137,1564,16,15
12,16,3237,10,1402,88,20,15,25,14,51,10,5,21,32,367,363,68,82,98,364,284,132,83,95,200,1863,692,856,10,9
12,17,4006,12,1880,167,17,10,10,11,5,37,20,41,52,532,409,159,94,135,530,397,260,77,144,148,2349,920,980,12,11
12,18,2178,7,1084,135,15,8,10,6,12,18,5,16,24,240,350,78,45,96,242,309,119,80,90,66,1269,374,603,7,6
12,19,7600,23,3641,304,49,27,25,26,48,54,22,22,91,993,934,319,123,291,963,848,463,263,301,230,4772,1738,2046,23,21
12,20,3821,12,1974,178,13,15,16,12,99,21,19,8,47,503,544,169,60,133,517,447,234,152,145,161,2531,908,1099,12,11
12,21,2324,7,1472,217,27,11,13,10,12,39,18,17,18,282,486,144,51,87,268,450,199,124,119,105,1808,486,792,7,7
12,22,6418,20,4094,600,60,38,21,26,22,110,50,16,138,597,1218,383,107,454,561,1138,471,352,548,201,4301,928,2258,20,17
12,23,1801,6,1444,169,12,13,6,7,13,34,11,7,25,323,381,176,41,108,320,287,239,132,115,106,2027,658,796,6,7
12,24,2651,8,1878,209,16,14,14,5,9,60,28,16,48,444,425,226,60,122,421,379,285,207,142,123,2792,858,1102,8,10
12,25,10895,33,6917,958,88,48,34,43,35,160,74,47,143,1368,2012,632,255,550,1311,1837,955,576,581,364,9454,2555,4352,33,34
12,26,3005,9,1983,140,22,16,22,6,26,24,20,42,47,525,391,175,103,137,497,318,264,163,137,191,3137,1159,1202,9,11
12,27,1309,4,829,42,6,5,11,3,3,8,7,10,17,268,134,67,33,54,275,124,98,65,51,59,1585,702,557,4,6
12,28,322,1,171,20,2,2,2,3,4,7,0,7,1,38,45,17,11,11,40,39,21,16,10,21,237,76,109,1,1
12,29,436,2,272,17,5,8,3,2,1,7,3,1,6,88,56,25,5,15,90,41,23,18,16,14,411,188,142,2,2
12,30,818,3,504,33,6,3,8,7,3,9,8,2,6,123,118,57,16,45,127,122,62,35,44,30,861,298,356,3,4
12,31,351,2,208,12,0,1,0,2,0,2,1,0,5,61,36,13,7,20,62,34,34,15,16,14,339,149,127,2,2
12,32,264,1,188,6,1,1,1,1,0,3,0,19,6,44,23,14,27,16,39,26,14,17,13,22,328,110,152,1,2
12,33,87,1,75,0,1,2,0,0,1,2,0,0,3,29,8,5,2,11,27,7,12,4,9,6,206,102,68,1,1
12,34,134,1,120,7,2,1,0,0,2,0,0,0,3,44,19,5,1,6,42,20,6,9,7,12,237,94,88,1,1
12,35,166,1,147,27,3,1,0,1,1,5,2,0,3,18,41,15,2,18,16,39,18,14,17,11,315,71,154,1,1
12,36,217,1,171,13,3,1,4,0,0,2,3,1,2,60,36,12,4,11,59,25,14,17,17,10,396,185,130,1,2
12,37,415,2,342,27,0,0,3,2,1,6,8,7,11,70,62,32,18,39,79,57,45,31,37,27,895,292,416,2,3
13,01,6210,19,2573,244,25,12,12,11,14,46,32,8,46,777,615,194,77,163,729,524,330,202,176,134,3464,1463,1260,19,18
13,02,5835,18,2731,254,36,21,19,17,7,57,40,12,56,784,671,294,65,151,760,551,373,238,175,140,3360,1350,1200,18,16
13,04,7978,24,5113,902,95,34,50,30,35,158,54,28,121,938,1830,468,153,388,901,1716,589,429,454,235,5448,1331,2619,24,21
13,05,7637,23,4538,781,125,22,43,25,23,144,35,23,97,1007,1589,392,119,356,981,1572,487,360,397,195,4918,1344,2419,23,20
13,06,3138,10,1648,287,37,16,9,7,10,46,20,6,32,299,598,156,36,124,309,549,215,130,162,73,1859,449,895,10,8
13,07,6681,21,4507,720,86,23,25,27,19,138,76,20,100,932,1444,478,125,337,880,1338,631,402,375,228,5520,1562,2491,21,20
13,08,5590,17,2847,278,25,16,16,26,10,61,46,15,67,766,715,297,75,200,753,688,369,187,217,123,3143,1119,1308,17,15
13,09,8575,26,3988,582,52,40,25,24,23,95,22,34,134,995,1294,298,150,358,977,1236,412,250,380,200,4374,1304,2091,26,22
13,10,8337,25,3972,582,58,31,27,21,9,100,45,28,101,1151,1151,386,102,276,1154,1117,464,267,317,182,4376,1567,1785,25,22
13,11,3827,12,2275,245,34,26,11,7,6,72,37,4,44,741,544,244,39,144,696,476,321,210,173,101,2452,990,831,12,10
13,12,3384,11,1820,206,23,4,15,13,3,44,26,8,26,556,449,176,63,92,510,436,246,151,108,89,2010,748,719,11,9
13,13,8748,27,5810,885,67,52,43,45,19,154,79,42,117,1247,1758,559,207,398,1178,1635,746,517,445,351,6147,1692,2761,27,23
13,14,4663,14,2397,243,34,20,13,4,11,58,24,23,56,765,554,199,72,186,753,550,269,135,193,122,2709,1100,1019,14,12
13,15,3536,11,1761,210,10,13,4,7,5,56,25,14,47,551,456,184,49,110,545,423,214,132,131,73,1922,748,755,11,10
13,16,1921,6,836,134,11,8,5,7,2,29,2,2,12,207,268,71,25,54,195,256,88,47,81,37,936,277,448,6,5
13,17,4315,13,2250,219,25,44,15,9,4,61,40,17,33,731,485,252,62,105,729,417,326,194,146,111,2408,1093,784,13,11
13,18,6745,21,3147,261,44,26,9,10,12,80,45,17,61,1069,612,311,73,199,1074,575,415,244,236,145,3450,1556,1149,21,17
13,19,2495,8,1632,329,38,7,12,5,6,45,13,4,36,306,616,147,44,137,306,572,207,125,141,75,1741,455,854,8,7
13,20,5375,17,3805,585,142,26,18,21,10,121,86,11,60,833,1230,414,112,226,774,1115,517,350,269,200,4893,1359,2097,17,17
13,21,7213,22,5080,1056,72,36,30,37,19,181,66,57,113,780,2008,537,184,343,754,1919,679,390,438,217,5332,1065,2760,22,19
13,22,2669,8,1695,142,18,11,3,12,4,49,13,6,25,553,345,167,38,109,532,307,221,145,127,90,1875,798,664,8,7
13,23,2323,7,1552,126,6,9,3,8,3,37,29,7,35,585,249,175,28,76,568,212,232,139,79,74,1654,844,429,7,6
13,24,3900,12,2502,240,34,16,12,11,21,74,50,21,43,683,569,278,71,130,672,497,367,278,169,133,2732,1000,879,12,10
13,25,7228,22,5131,969,84,37,42,53,16,161,77,95,106,715,1880,529,224,351,667,1715,686,469,382,337,5288,1057,2676,22,19
13,26,5689,18,2447,294,45,20,17,18,13,52,32,19,64,644,678,215,73,181,637,637,318,190,206,114,3167,1128,1269,18,16
13,27,2325,7,1653,89,12,7,3,11,4,33,23,11,18,634,232,170,41,65,633,211,254,135,64,97,2486,1293,623,7,9
13,28,3513,11,2205,154,19,12,8,5,4,47,50,20,20,770,343,224,65,84,759,303,310,182,102,95,2960,1441,799,11,11
13,29,910,3,551,33,6,3,6,2,0,7,13,1,6,228,77,62,13,23,223,72,79,54,20,22,592,324,119,3,3
13,30,2745,9,1686,71,5,5,4,3,0,27,28,8,11,795,144,137,26,33,797,129,275,141,32,69,1910,1229,203,9,7
13,31,1515,5,1059,73,5,2,4,5,6,21,25,9,33,413,141,104,28,69,386,126,150,80,76,51,2383,1269,591,5,8
13,32,7325,22,4578,394,47,47,15,32,20,82,70,38,59,1454,903,465,158,228,1468,705,627,446,293,242,6732,3035,2074,22,24
13,33,893,3,686,87,3,1,12,1,2,12,11,3,14,188,172,62,18,44,179,138,98,66,51,33,1466,566,523,3,5
13,34,333,1,267,20,4,1,2,2,3,1,2,1,4,95,49,21,6,18,89,47,37,25,20,10,562,227,182,1,2
13,35,199,1,167,15,3,2,0,0,0,6,2,32,1,64,23,10,34,6,57,19,15,9,8,50,274,162,48,1,1
13,36,565,2,482,34,3,3,0,1,1,11,6,4,2,193,66,42,9,19,184,49,73,52,14,20,1241,660,276,2,4
13,37,217,1,184,10,0,1,0,0,0,1,3,0,2,72,22,19,1,5,73,13,18,18,8,7,458,268,98,1,2
13,38,158,1,145,9,1,2,1,0,0,3,5,1,0,60,16,17,5,4,62,13,28,10,5,5,343,210,44,1,2
13,39,443,2,372,47,4,0,3,1,1,10,4,1,5,97,89,34,5,22,102,85,57,34,28,12,831,277,345,2,3
14,01,7056,22,2228,118,24,15,29,7,13,23,9,63,51,718,435,145,160,131,720,418,259,112,117,209,2956,1292,1170,22,19
14,02,5108,16,1730,132,14,17,13,8,4,24,8,38,37,507,348,122,114,113,508,360,193,78,105,136,2323,942,949,16,14
14,03,3406,11,1733,178,15,15,7,3,13,44,8,12,57,477,417,153,63,140,480,396,212,120,149,111,1901,633,760,11,9
14,04,5720,18,2051,160,25,19,53,8,16,18,11,16,42,594,543,143,78,124,624,548,200,119,121,112,3266,1255,1432,18,17
14,05,8243,25,3217,242,35,46,50,20,21,37,15,38,96,948,781,208,138,254,976,749,351,155,244,229,4554,1731,2026,25,22
14,06,9373,29,3852,351,37,39,229,20,29,22,9,19,93,837,1420,162,118,240,874,1364,326,154,273,165,5188,1503,2970,29,25
14,07,4217,13,1874,174,25,37,40,12,6,33,10,40,58,441,568,143,87,147,447,506,232,94,129,130,2247,714,1105,13,11
14,08,6298,19,2777,359,35,19,25,15,24,34,14,14,69,663,886,228,83,228,639,876,321,159,217,150,3229,954,1680,19,16
14,09,5216,16,2546,191,30,25,38,13,32,44,9,59,53,734,619,190,156,150,736,576,309,137,145,191,3447,1298,1492,16,15
14,10,4812,15,2108,150,28,13,29,18,25,28,6,32,51,593,544,151,103,128,601,526,263,118,139,124,2725,997,1169,15,13
14,11,2520,8,938,97,8,9,14,4,5,19,10,6,24,235,269,76,39,67,228,270,107,46,54,67,1230,438,571,8,7
14,12,1428,5,684,68,6,3,7,3,11,7,4,4,10,197,180,45,23,37,197,178,76,30,39,52,844,299,395,5,4
14,13,1831,6,910,55,3,10,4,3,3,14,4,17,29,329,152,58,50,52,334,122,118,62,58,76,1136,560,342,6,5
14,14,1467,5,618,37,10,5,3,5,5,8,7,13,11,212,137,46,25,33,211,116,69,37,46,51,1010,431,396,5,5
14,15,2211,7,1153,63,9,6,18,4,14,12,8,24,22,371,224,84,52,77,409,202,140,87,63,73,1934,820,742,7,8
14,16,1908,6,611,16,1,3,3,2,2,6,3,16,10,276,69,42,37,24,264,72,72,34,19,49,860,464,255,6,5
14,17,2985,9,1600,142,22,18,6,12,23,17,13,5,36,428,396,106,43,112,435,362,170,104,114,99,1910,671,866,9,8
14,18,7442,23,3584,253,29,26,33,20,21,58,57,77,89,1029,667,350,209,264,1023,596,518,292,244,314,4254,1753,1588,23,19
14,19,1471,5,1036,99,10,13,11,13,39,8,13,11,26,276,289,64,33,91,264,223,104,44,76,97,1811,611,843,5,6
14,20,610,2,427,8,1,1,5,1,0,6,2,44,8,124,48,31,75,30,119,56,51,26,17,84,815,364,275,2,3
14,21,629,2,533,69,5,1,4,4,4,9,8,3,20,142,117,43,12,49,134,93,52,40,60,20,829,316,318,2,3
14,22,124,1,84,3,0,2,2,0,0,2,0,2,2,36,12,8,4,3,35,10,10,2,2,5,206,126,47,1,1
14,23,302,1,214,19,3,3,3,0,0,2,1,2,1,46,76,13,10,16,53,83,19,4,19,7,646,156,405,1,3
14,24,160,1,104,5,0,0,1,0,0,0,2,10,0,37,11,4,19,3,42,13,4,7,3,19,208,123,59,1,1
14,25,169,1,126,7,0,2,1,0,1,1,0,0,4,44,22,10,4,11,44,19,19,16,13,5,245,94,97,1,1
15,01,8435,26,3975,157,26,46,17,9,18,27,20,33,58,1735,586,361,135,217,1785,556,421,199,221,191,5110,2695,1698,26,23
15,02,6282,19,3083,220,35,33,32,13,30,48,22,14,56,958,702,240,117,223,937,649,381,210,202,212,3967,1538,1601,19,17
15,03,6763,21,3302,272,26,26,18,19,18,55,27,62,74,958,776,315,185,236,959,754,392,251,227,237,4222,1590,1759,21,19
15,04,2981,9,1282,91,12,6,4,9,7,21,6,22,26,402,237,121,62,87,403,221,165,84,89,99,1644,706,622,9,8
15,05,8848,27,4525,436,43,44,40,42,58,82,27,53,108,1170,1266,358,204,394,1142,1212,540,281,368,298,5328,1709,2474,27,24
15,06,12154,37,5055,363,38,63,33,30,37,56,27,78,95,1631,1078,376,229,305,1649,1026,585,351,296,361,7088,2925,2753,37,34
15,07,11932,36,5010,387,48,49,31,39,24,69,26,110,114,1492,1165,386,255,373,1473,1132,559,360,359,353,6498,2435,2808,36,31
15,08,3781,12,1819,122,21,19,11,11,7,26,9,34,39,541,403,130,99,127,533,385,199,164,132,129,2309,912,932,12,10
15,09,6222,19,3376,227,27,33,20,30,19,41,21,33,80,1118,684,244,121,244,1085,618,413,311,250,217,4613,1859,1760,19,18
15,10,4284,13,1929,72,12,21,11,20,4,10,13,22,17,565,283,88,56,84,579,235,116,548,80,96,2507,1007,801,13,12
15,11,3363,11,1758,107,11,20,9,18,7,16,6,45,28,613,343,109,114,103,621,327,158,129,90,140,2240,970,824,11,10
15,12,8794,27,4749,391,33,71,48,42,32,66,39,28,128,1349,1142,404,148,378,1323,1068,590,331,371,273,5723,2052,2455,27,23
15,13,6932,21,3444,264,39,34,24,24,16,51,20,39,90,1073,752,266,115,278,1042,730,450,268,264,208,4459,1743,1833,21,19
15,14,5007,15,2764,202,23,25,10,8,22,43,19,46,58,756,601,213,128,228,758,586,307,226,221,207,3967,1490,1713,15,15
15,15,1057,4,503,29,5,5,2,3,20,8,3,13,6,149,113,44,40,31,154,78,64,45,30,52,592,249,235,4,3
15,16,928,3,527,32,5,13,1,1,1,5,7,12,5,155,100,36,30,36,156,91,72,35,30,42,836,345,315,3,4
15,17,2396,8,1428,103,6,16,13,9,6,24,8,6,39,467,267,132,33,108,467,244,209,113,103,78,1703,697,644,8,7
15,18,1510,5,964,65,7,10,21,9,5,16,3,0,25,289,204,72,26,91,276,194,118,53,95,44,1656,640,670,5,6
15,19,1896,6,1052,71,7,35,7,8,11,8,8,9,18,351,226,74,44,62,353,167,122,77,67,51,1282,555,471,6,5
15,20,294,1,164,5,2,1,1,0,3,0,0,4,2,61,23,3,9,5,54,22,6,13,7,19,313,157,105,1,2
15,21,309,1,229,8,2,0,2,5,1,5,2,3,4,70,33,27,15,15,72,29,45,16,9,19,355,164,115,1,2
15,22,463,2,311,19,3,4,2,0,3,4,0,7,12,89,81,22,13,28,88,71,36,33,28,16,633,239,265,2,3
15,23,714,3,514,41,4,5,3,3,6,5,4,4,8,157,128,59,20,35,163,119,50,30,40,42,1017,400,422,3,4
15,24,162,1,121,1,0,0,2,0,3,4,0,0,6,48,20,8,6,14,50,21,11,14,11,6,345,151,126,1,2
16,01,8987,27,4081,270,23,52,31,75,17,46,35,19,77,1352,846,330,162,261,1327,775,495,223,276,244,5037,2124,1902,27,24
16,02,10709,33,5003,474,51,37,29,43,24,66,50,16,128,1509,1165,449,136,351,1456,1042,719,268,379,254,6150,2275,2550,33,28
16,03,6612,20,3587,384,52,39,28,58,19,55,22,15,91,861,1041,299,119,292,848,1018,436,210,292,215,4209,1296,2028,20,18
16,04,6011,18,3216,326,27,58,22,75,25,54,22,26,60,801,906,266,139,238,779,817,400,181,230,224,3880,1227,1878,18,16
16,05,8486,26,4459,484,56,42,33,96,45,72,44,20,111,1041,1378,394,130,364,1037,1306,575,237,339,251,5266,1572,2555,26,23
16,06,8681,26,4209,357,50,68,47,34,52,57,50,32,95,1104,1082,373,194,283,1065,985,568,267,299,295,5221,1751,2371,26,23
16,07,2406,8,1067,50,7,6,5,20,3,3,4,4,62,303,173,57,40,100,323,161,106,40,98,95,1330,621,461,8,7
16,08,3586,11,2029,183,25,34,21,14,19,35,18,26,41,532,504,178,120,125,519,479,264,120,129,151,2343,794,1029,11,10
16,09,3788,12,1429,101,23,10,16,12,11,18,12,10,31,379,301,101,82,98,355,297,246,67,89,117,1833,665,836,12,10
16,10,4640,14,1696,155,19,15,9,8,6,28,7,8,38,465,398,128,52,131,491,337,296,84,154,82,2280,834,1075,14,13
16,11,3563,11,1674,132,19,15,32,19,19,28,9,12,38,457,426,131,75,111,449,426,195,104,100,123,1968,665,889,11,10
16,12,5491,17,3047,215,25,34,24,20,14,42,21,66,63,848,632,259,172,212,841,596,382,226,220,263,4167,1517,1756,17,17
16,13,10628,32,5940,568,58,68,80,59,39,91,38,65,166,1401,1639,458,289,526,1368,1617,711,364,499,414,6974,2074,3425,32,28
16,14,6364,20,3504,316,35,45,39,33,17,58,24,31,95,844,864,261,197,305,825,832,439,221,291,259,4174,1369,1857,20,17
16,15,6731,21,3978,346,41,50,46,43,32,56,37,30,102,1058,1059,324,142,290,1033,1012,528,224,284,237,4611,1557,2055,21,18
16,16,5790,18,3407,287,34,49,25,42,26,60,14,25,81,901,810,312,150,278,863,742,430,229,269,235,4017,1357,1726,18,16
16,17,9502,29,4617,305,47,40,52,44,36,59,25,27,105,1396,979,376,233,303,1391,896,614,259,295,346,5860,2303,2357,29,25
16,18,4889,15,2564,213,33,27,25,11,12,57,81,14,66,688,593,363,76,192,688,557,426,143,201,150,2894,1041,1230,15,13
16,19,6398,20,3321,226,34,39,44,19,13,38,37,16,47,970,687,294,189,209,945,678,405,238,189,251,3917,1539,1579,20,17
16,20,7522,23,3808,299,40,46,18,32,16,52,25,43,110,1141,899,255,156,321,1124,871,401,192,312,246,4778,1782,2087,23,20
16,21,10356,32,5525,339,35,79,64,50,92,51,35,44,114,1774,1148,404,309,363,1783,1019,596,282,354,483,6704,2787,2565,32,28
16,22,8430,26,4715,449,60,58,51,19,26,68,34,27,132,1240,1173,386,251,379,1205,1128,582,309,399,323,5636,1895,2499,26,23
16,23,2998,9,1668,160,22,17,6,18,10,23,9,7,38,450,428,149,52,135,435,420,193,98,149,91,1906,621,939,9,8
16,24,5570,17,3309,275,26,35,43,47,15,50,20,14,81,841,768,281,205,276,823,728,414,200,305,287,3828,1232,1768,17,15
16,25,3366,11,1448,100,16,17,13,18,17,16,23,6,70,389,310,107,54,142,387,284,165,88,135,92,2066,756,895,11,10
16,26,3254,10,1584,197,26,28,7,10,12,17,8,9,57,368,503,104,58,140,362,537,156,68,139,82,2521,780,1362,10,10
16,27,2716,9,1612,104,17,17,13,16,15,31,11,15,32,425,364,146,49,123,425,347,194,122,120,100,1902,662,830,9,8
16,28,2575,8,1592,102,19,13,77,22,16,17,26,13,17,430,402,115,65,79,427,305,178,114,91,99,1813,675,751,8,7
16,29,1997,6,1161,76,8,17,12,7,9,17,6,14,23,333,244,83,46,74,344,221,116,107,79,81,1354,528,541,6,5
16,30,2935,9,1742,133,18,34,16,8,15,24,36,9,43,531,346,143,58,109,529,293,238,117,130,97,2091,869,787,9,8
16,31,2455,8,1532,142,16,19,10,14,7,28,13,7,34,444,320,146,66,111,444,284,244,107,102,105,2142,799,901,8,8
16,32,1348,5,770,50,8,12,7,10,3,9,9,2,25,229,164,60,23,67,227,142,107,62,64,46,908,348,375,5,4
16,33,2217,7,1414,121,11,10,15,31,15,33,23,11,41,371,346,148,46,86,371,346,195,98,67,72,1667,584,698,7,6
16,34,1453,5,1049,99,11,15,9,8,12,15,17,18,32,270,269,104,34,78,261,228,146,90,82,70,1867,614,843,5,6
16,35,3819,12,2122,106,34,15,22,13,14,25,14,18,43,731,348,157,73,135,731,314,276,161,130,141,3538,1533,1233,12,13
16,36,3755,12,2294,144,21,24,22,20,10,32,31,18,54,719,427,214,81,158,717,384,330,165,146,124,3269,1338,1212,12,12
16,37,1719,6,937,54,10,9,9,5,6,11,10,2,29,338,156,78,44,57,337,139,152,48,67,62,1433,667,477,6,6
16,38,1694,6,903,52,7,14,6,7,3,14,8,8,23,272,155,69,86,56,276,131,125,71,59,93,1321,567,499,6,6
16,39,1644,5,1074,58,11,9,6,16,7,15,10,5,19,342,186,84,76,56,320,170,128,94,64,101,1420,581,532,5,5
16,40,4471,14,2131,172,19,20,12,18,12,34,21,20,95,581,409,196,85,171,600,341,322,157,196,153,2658,1037,1005,14,12
16,41,557,2,327,11,4,6,3,3,0,6,4,2,9,111,47,29,16,24,106,36,51,24,31,26,547,222,215,2,2
16,42,1499,5,1015,63,7,12,9,17,3,20,12,6,26,311,184,101,39,83,300,187,143,64,83,58,1463,569,574,5,5
16,43,422,2,259,17,9,3,3,1,2,1,1,0,4,77,61,9,9,22,81,55,30,11,20,28,463,173,208,2,2
16,44,609,2,294,15,2,1,1,3,2,5,3,3,31,105,35,15,16,35,107,30,24,22,40,26,422,222,144,2,2
16,45,889,3,660,58,6,5,5,5,3,16,9,7,21,179,116,87,39,69,189,118,87,35,71,56,1081,411,449,3,4
16,46,2689,9,1856,99,17,28,72,28,11,26,22,13,36,530,401,145,107,120,528,313,250,144,103,175,3219,1283,1292,9,11
16,47,348,2,289,16,2,7,0,7,0,3,3,2,11,96,59,18,18,22,86,39,34,23,24,34,701,282,301,2,3
16,48,1572,5,1108,63,13,21,14,8,18,19,26,10,17,323,218,118,48,69,342,187,170,79,72,66,2244,875,886,5,8
16,49,875,3,669,65,4,14,7,19,9,12,4,4,31,126,180,66,33,69,123,140,90,44,75,56,1142,313,572,3,4
16,50,957,3,664,54,8,6,3,25,10,2,5,3,30,160,181,44,22,66,167,154,65,39,69,41,1132,358,542,3,4
16,51,107,1,74,5,0,1,0,0,0,0,0,0,1,24,10,7,2,3,27,12,10,3,2,7,191,98,52,1,1
16,52,290,1,244,19,4,9,1,4,2,2,0,2,7,67,61,10,14,17,72,43,19,19,17,19,629,277,235,1,2
16,53,342,2,232,14,2,1,0,0,1,3,1,1,8,92,31,27,8,13,78,29,41,19,12,16,568,270,184,2,2
16,54,627,2,424,33,7,3,3,5,1,6,2,2,17,107,84,34,11,39,107,75,43,37,42,16,1142,382,491,2,4
16,55,173,1,131,12,3,1,0,3,2,3,1,0,2,34,33,10,4,6,36,27,14,27,7,8,354,136,150,1,2
16,56,270,1,226,18,1,1,5,1,1,0,0,1,9,61,47,11,13,28,64,48,22,16,24,11,440,167,186,1,2
16,57,234,1,194,16,0,0,1,0,0,1,3,1,3,66,30,15,7,12,64,27,26,22,14,7,375,171,103,1,2
16,58,26,1,21,3,0,0,0,0,0,0,1,0,1,8,3,2,0,1,6,2,1,4,1,3,36,15,14,1,1
16,59,103,1,82,3,0,1,2,0,1,2,0,0,2,19,17,3,4,5,20,13,10,4,4,4,295,118,117,1,1
16,60,1007,4,845,75,21,9,11,5,3,11,46,1,24,208,219,102,22,72,207,222,129,58,66,51,1440,442,695,4,5
16,61,167,1,131,2,1,0,0,1,1,1,3,1,1,43,18,14,2,10,46,15,21,6,9,3,390,181,125,1,2
16,62,471,2,340,22,1,3,12,6,1,7,5,0,16,121,67,39,6,28,113,56,66,16,30,13,852,318,349,2,3
16,63,456,2,373,17,4,5,3,2,4,2,8,3,10,130,68,26,17,31,122,70,46,22,29,29,1042,409,447,2,4
17,01,8575,26,3526,184,20,12,15,17,40,38,25,27,38,1443,580,232,126,134,1460,493,393,213,131,237,4493,2601,1090,26,23
17,02,9907,30,3966,287,44,15,21,25,35,64,23,38,65,1329,858,274,170,215,1381,864,394,246,228,252,4968,2197,1764,31,28
17,03,5252,16,2343,107,8,11,25,4,50,19,8,21,29,877,353,150,119,86,904,297,284,85,80,188,2950,1621,710,16,15
17,04,7121,22,3329,190,6,11,19,8,48,54,17,18,37,1247,468,275,125,143,1277,412,406,184,123,238,4211,2418,1015,22,20
17,05,5748,18,2540,137,19,16,18,9,32,32,22,26,42,736,430,183,95,128,762,358,396,157,123,162,3058,1548,976,18,15
17,06,3314,10,1657,101,16,4,9,3,50,18,24,13,18,573,306,130,61,62,588,265,180,120,68,123,2376,1231,630,10,10
17,07,1379,5,605,19,7,4,4,1,2,5,4,9,13,196,53,53,21,39,209,47,77,32,25,34,760,408,205,5,4
17,08,1224,4,600,15,3,0,5,0,21,4,4,5,4,208,74,41,50,12,226,52,63,25,14,71,842,519,156,4,4
17,09,1217,4,587,27,2,3,4,3,8,10,4,4,9,211,80,49,25,13,228,65,73,45,17,36,778,456,145,4,4
17,10,356,2,146,2,2,1,0,0,0,4,0,2,1,46,14,16,13,5,49,15,29,11,5,14,356,173,139,2,2
18,01,7926,24,3374,159,23,29,22,22,28,51,15,19,64,1096,615,286,142,210,1103,609,395,169,184,236,4698,2091,1716,24,23
18,02,7838,24,3263,159,29,29,23,12,20,40,5,33,70,1123,597,245,150,210,1136,576,349,173,211,199,4244,1924,1525,24,21
18,03,4454,14,1908,126,19,9,14,6,7,13,7,87,37,685,346,113,169,100,670,329,196,84,90,217,2538,1184,879,14,12
18,04,6297,19,3132,148,16,26,13,15,26,28,11,69,71,1126,528,238,174,196,1096,472,423,168,181,240,4351,2042,1487,19,18
18,05,5799,18,2149,115,13,20,17,9,15,21,14,33,39,775,391,178,130,115,770,373,277,94,118,160,2926,1341,1043,18,16
18,06,6286,19,2839,144,26,19,15,19,16,31,10,54,43,1031,501,205,161,156,1013,501,344,185,156,195,3634,1656,1241,19,17
18,07,7568,23,3803,228,21,29,38,13,29,54,19,90,57,1214,746,329,224,204,1242,681,472,245,202,312,4758,2049,1742,23,21
18,08,5792,18,2980,219,31,17,23,15,14,53,12,63,59,910,644,272,160,190,906,622,384,185,175,208,3609,1393,1424,18,16
18,09,7699,24,3302,159,30,25,20,14,11,31,21,74,49,1255,487,216,266,155,1290,485,364,149,159,306,4899,2464,1554,24,22
18,10,8826,27,4196,241,41,46,26,16,19,47,27,103,76,1383,812,341,257,260,1399,791,503,235,253,341,5272,2239,1936,27,24
18,11,5571,17,2594,138,27,36,21,13,14,31,14,64,60,864,495,186,153,169,884,435,309,133,164,235,3340,1527,1131,17,15
18,12,8752,27,4022,182,46,46,24,11,14,37,23,22,79,1466,716,287,127,226,1459,677,416,297,235,206,5634,2662,1907,27,25
18,13,4619,14,1815,44,10,11,15,5,3,24,4,19,24,692,201,227,76,61,705,217,365,82,48,119,2614,1444,646,14,14
18,14,12650,38,7082,406,55,51,59,36,51,77,39,91,116,2403,1300,573,309,396,2418,1189,786,544,400,507,9490,4302,3273,38,37
18,15,7443,23,3151,81,9,26,115,4,10,25,17,39,33,1288,516,242,149,91,1304,380,427,89,88,231,4209,2370,985,23,20
18,16,6867,21,3035,126,14,26,29,13,20,18,10,36,44,1095,507,209,134,144,1100,474,393,172,140,188,4041,1967,1254,21,19
18,17,4557,14,2031,73,9,33,27,10,11,12,19,21,38,759,335,172,79,114,774,275,318,89,122,121,2818,1345,912,14,13
18,18,7462,23,3556,150,33,78,40,18,27,24,12,41,36,1363,605,257,166,163,1385,490,423,183,176,202,4916,2528,1489,23,21
18,19,3659,11,1613,49,10,13,25,6,8,15,6,8,16,649,237,129,67,54,633,190,197,51,59,121,2187,1166,599,11,10
18,20,15102,46,7391,342,49,45,62,24,57,71,27,127,156,2754,1135,552,350,407,2740,1008,919,312,387,478,9544,4807,2854,46,41
18,21,10355,32,5153,173,26,38,108,18,119,46,31,68,98,1995,853,307,219,235,2020,687,492,240,245,365,6680,3380,2024,32,28
18,22,8517,26,3876,143,25,31,39,17,20,35,19,27,58,1656,536,298,135,151,1690,439,477,159,148,234,5079,2830,1316,26,23
18,23,6650,20,2930,65,6,14,24,3,10,13,27,20,46,1286,325,214,119,121,1320,290,343,125,110,192,4023,2344,967,20,19
18,24,3678,12,2138,215,24,20,12,17,9,39,16,17,46,492,541,201,76,152,487,520,288,209,156,128,2474,789,1168,12,10
18,25,3779,12,1889,63,14,19,12,5,13,14,1,29,28,656,237,148,152,98,658,202,230,82,85,241,2477,1292,705,12,11
18,26,3490,11,1587,37,2,13,13,3,3,16,2,38,11,662,178,124,142,40,675,183,195,61,43,199,2227,1214,540,11,10
18,27,2952,9,1357,42,7,11,15,2,9,3,0,3,11,506,213,76,61,40,506,176,145,83,48,91,1774,902,497,9,8
18,28,10317,31,5017,137,35,29,45,14,167,33,9,39,61,1984,863,317,215,189,2031,572,484,165,171,442,7067,4012,1827,31,30
18,29,7697,24,3426,128,22,23,36,13,20,34,15,16,54,1340,554,262,130,145,1326,491,396,169,150,203,4624,2386,1317,24,21
18,30,3894,12,1969,85,10,18,19,1,31,16,8,26,28,729,324,120,84,107,751,290,211,91,106,102,2515,1249,811,12,11
18,31,1827,6,1048,39,1,9,12,0,4,11,3,12,13,352,118,70,81,51,365,104,107,36,35,151,1260,653,353,6,5
18,32,1165,4,552,12,1,1,18,1,4,4,1,30,10,201,68,26,56,25,209,58,51,24,22,62,724,386,201,4,4
18,33,1448,5,737,37,14,6,8,1,3,7,2,4,11,302,129,44,30,34,306,121,75,36,26,36,926,466,290,5,4
18,34,1847,6,847,26,6,4,18,3,7,9,4,6,22,303,101,117,39,44,314,75,190,23,42,37,1305,740,347,6,6
18,35,6811,21,3754,210,29,40,22,10,23,35,22,96,78,1425,587,261,237,201,1362,534,451,278,187,293,5394,2580,1694,21,21
18,36,1529,5,755,36,15,4,7,0,4,7,6,4,17,265,137,69,29,41,287,122,110,46,42,39,1003,501,310,5,5
18,37,3486,11,1769,66,12,28,11,4,8,30,9,18,39,649,277,155,77,102,658,251,248,98,97,134,2294,1126,736,11,10
18,38,2541,8,952,27,3,11,2,3,6,7,5,11,5,465,102,65,36,26,462,90,117,56,31,41,1449,889,340,8,7
18,39,923,3,520,19,4,5,6,0,9,5,2,7,12,186,79,36,24,35,190,72,68,32,30,27,627,310,202,3,3
18,40,332,1,165,4,2,0,1,0,0,0,0,3,2,57,15,11,7,7,64,16,17,10,4,12,206,115,53,1,1
18,41,1473,5,818,12,1,5,9,2,6,7,0,10,10,344,87,37,45,29,368,67,79,32,25,78,1164,714,248,5,5
18,42,917,3,528,22,4,0,1,3,3,3,2,10,7,158,63,35,23,27,158,61,59,86,31,37,786,356,279,3,3
18,43,1156,4,454,7,1,4,9,2,4,1,1,4,6,204,59,36,13,13,213,47,55,24,9,25,697,432,152,4,4
18,44,1182,4,650,37,4,6,2,2,1,6,3,16,11,251,88,55,31,53,244,68,79,26,52,65,1089,551,337,4,5
18,45,1786,6,1012,17,6,22,6,5,6,2,7,9,17,438,134,62,33,68,414,113,109,44,68,62,1639,887,487,6,6
18,46,2064,7,1026,29,8,33,9,3,8,10,3,12,9,444,162,56,43,49,444,141,118,55,58,67,1724,947,482,7,7
18,47,4382,14,2295,77,12,15,21,4,11,14,8,17,30,1109,246,123,64,83,1138,204,235,108,89,117,3633,2271,801,14,14
18,48,3708,12,1323,21,5,6,9,2,5,4,7,6,18,655,127,72,51,62,649,101,130,72,56,99,2204,1427,448,12,11
18,49,6759,21,2631,51,17,13,14,5,13,10,13,20,32,1315,258,133,80,107,1396,210,234,107,103,158,4439,2946,818,21,21
18,50,4901,15,2528,126,15,30,15,6,20,16,10,70,46,986,365,150,164,134,999,343,252,146,136,255,3820,1964,1183,15,15
18,51,1442,5,865,39,6,5,6,6,6,8,4,22,28,310,125,68,58,57,287,104,95,96,57,74,1455,635,552,5,6
18,52,376,2,186,4,2,1,0,2,2,1,1,6,3,65,25,17,15,12,68,25,26,9,10,16,342,168,108,2,2
18,53,849,3,501,24,2,5,1,5,6,8,2,4,10,216,76,40,17,26,208,54,62,39,22,31,881,446,258,3,4
18,54,401,2,241,5,0,1,0,0,11,2,1,1,3,101,50,12,5,10,94,31,28,10,9,14,372,220,90,2,2
18,55,548,2,221,6,2,1,3,1,2,1,0,4,0,120,24,10,8,3,119,16,29,9,6,20,464,309,88,2,2
18,56,2310,7,1206,61,8,12,6,6,8,12,8,17,27,487,196,88,52,66,471,160,151,78,63,86,1930,993,570,7,8
18,57,2037,7,1005,28,12,10,11,2,42,13,6,10,20,369,167,62,38,52,355,107,108,79,56,64,1550,848,413,7,7
18,58,665,2,314,11,1,3,1,1,4,3,1,7,1,135,38,22,15,13,136,34,24,13,15,23,622,353,157,2,3
18,59,343,2,213,4,2,4,5,0,1,1,0,2,7,92,26,15,6,12,93,20,30,12,8,13,329,191,81,2,2
18,60,291,1,220,14,2,3,3,0,0,4,1,0,6,83,39,22,4,13,90,45,23,12,14,10,488,213,188,1,2
18,61,101,1,97,2,2,2,0,1,0,0,1,0,3,40,14,5,1,10,40,11,9,12,8,3,201,84,74,1,1
18,62,84,1,48,0,0,0,3,0,0,0,0,0,1,18,5,5,0,4,18,6,11,1,2,1,88,49,20,1,1
18,63,850,3,483,22,4,5,5,1,4,7,0,5,5,231,64,26,14,27,239,55,49,27,29,24,1812,1014,534,3,7
18,64,130,1,71,1,0,0,1,0,0,0,0,0,0,34,3,4,1,1,38,3,14,0,1,5,134,93,21,1,1
19,01,12479,38,4256,128,16,34,43,17,16,37,9,56,52,1761,548,277,203,159,1837,478,420,156,176,288,6017,3365,1587,38,34
19,02,9534,29,3427,61,14,25,33,8,36,19,11,92,27,1452,437,193,211,91,1517,304,383,163,89,316,4939,2976,1106,29,27
19,03,1720,6,545,10,0,1,0,0,2,4,0,9,0,210,58,39,37,8,206,42,107,15,3,69,708,428,165,6,5
19,04,11844,36,3804,46,14,15,18,6,23,17,10,29,36,1812,343,235,174,123,1872,294,446,128,114,248,6167,4113,1059,36,34
19,05,13695,42,5490,149,31,498,31,18,29,39,26,46,109,2065,1077,365,199,294,2104,606,545,178,387,295,7406,3920,2421,42,37
19,06,6113,19,1898,42,3,29,23,6,8,15,10,9,8,799,247,144,53,40,804,204,201,93,44,100,2758,1658,632,19,17
19,07,12478,38,5318,88,30,69,71,22,24,29,7,35,61,2258,720,314,201,217,2288,633,491,151,200,341,7438,4280,1788,38,34
19,08,13211,40,6577,143,36,62,62,29,40,41,14,100,74,2689,907,483,349,255,2740,828,740,290,253,456,8628,4660,2294,40,36
19,09,8988,27,3743,101,12,40,31,10,12,34,14,15,38,1546,517,257,102,168,1592,479,367,123,155,174,5329,2842,1513,27,25
19,10,7699,24,3244,49,18,38,39,22,13,25,12,19,39,1438,359,263,102,98,1459,309,410,119,109,137,4451,2662,942,24,21
19,11,17537,53,7817,189,56,113,54,27,42,44,19,65,143,3013,1125,583,286,383,3040,1063,846,271,353,413,10547,5455,3121,53,48
19,12,18598,56,8010,242,42,77,85,29,32,56,51,140,164,3230,1115,574,362,424,3270,1017,856,414,403,527,10624,5510,3127,56,50
19,13,12953,39,5950,188,38,73,56,23,28,60,28,49,98,2446,852,419,205,293,2475,773,668,273,243,357,7694,4233,2111,39,35
19,14,12099,37,6081,387,58,93,35,26,55,96,43,46,143,2095,1237,493,219,385,2099,1112,747,279,376,378,7311,3196,2663,37,32
19,15,16493,50,8032,267,54,76,60,42,47,69,35,58,125,3015,1171,541,431,372,3028,1106,828,388,370,644,10118,5110,2981,50,45
19,16,1209,4,399,4,3,2,0,1,1,3,1,7,3,163,28,50,24,5,174,25,50,16,6,35,613,391,114,4,4
19,17,2800,9,1137,23,3,5,8,5,2,5,4,20,8,526,94,87,66,29,545,69,138,51,30,77,1761,1164,306,9,9
19,18,1837,6,632,7,1,3,5,1,3,4,0,3,2,252,69,47,23,10,262,72,85,19,7,32,989,602,187,6,6
19,19,2794,9,1277,33,4,14,34,6,8,10,3,11,16,449,205,85,47,68,482,186,115,54,48,76,1720,863,504,9,8
19,20,17347,52,6646,201,46,67,36,23,23,57,29,96,99,2925,870,408,284,296,2962,824,678,296,260,454,9084,5052,2478,52,46
19,21,7212,22,2758,36,8,34,37,5,9,16,9,41,33,1042,313,175,179,131,1093,284,318,122,114,229,4008,2287,942,22,20
19,22,1489,5,577,6,3,6,5,1,1,3,2,76,9,175,62,48,102,18,189,51,148,19,18,55,874,447,257,5,5
19,23,5529,17,2635,57,11,32,34,10,6,12,11,34,37,980,326,160,133,107,1022,282,289,122,111,275,3560,1868,962,17,15
19,24,13214,40,5854,105,31,50,55,16,70,55,30,47,70,2487,707,401,209,219,2613,635,631,242,201,355,7984,4651,1953,40,36
19,25,10383,32,5552,143,33,65,52,28,21,31,25,62,73,2286,885,355,232,218,2347,675,588,300,202,383,7594,4284,1908,32,30
19,26,7177,22,2855,37,12,23,30,12,30,28,3,52,25,1140,340,161,153,91,1181,316,321,138,88,127,4058,2266,1075,22,20
19,27,2582,8,1139,12,3,14,26,3,3,6,3,7,11,461,154,66,36,30,494,142,126,39,37,45,1511,893,326,8,7
19,28,17834,54,8281,241,44,89,43,28,26,67,62,80,118,3562,1051,535,352,402,3643,966,942,435,368,558,11007,6145,2879,54,48
19,29,16059,49,6927,101,29,61,59,14,9,36,23,73,88,3301,699,395,248,264,3396,655,707,338,236,361,9497,5923,1967,49,44
19,30,3850,12,1647,55,12,15,24,12,4,16,3,7,21,662,288,91,41,76,678,260,159,80,59,64,2607,1377,794,12,12
19,31,11114,34,5661,209,46,60,112,34,57,51,36,65,107,2050,939,388,225,318,2067,809,572,371,277,380,9029,4467,2834,34,36
19,32,6007,18,2429,64,14,33,18,6,46,16,30,16,41,1060,303,188,122,106,1097,251,246,80,116,205,4138,2474,1002,18,19
19,33,5267,16,2152,42,3,31,18,6,8,16,2,5,24,985,284,118,55,85,985,253,204,93,66,95,3007,1715,755,16,15
19,34,1328,4,586,15,3,6,6,4,1,4,2,54,4,219,81,41,79,11,215,61,58,10,15,92,810,451,198,4,4
19,35,5350,17,2494,47,14,29,36,5,19,19,11,53,33,1023,327,158,146,106,1014,283,295,103,98,199,3298,1844,767,17,15
19,36,2824,9,980,15,7,4,7,3,4,3,0,10,6,441,98,47,40,32,461,111,97,33,31,55,1405,868,319,9,8
19,37,194,1,68,1,0,0,1,0,0,0,0,9,0,26,4,4,14,1,31,3,2,2,0,17,75,46,11,1,1
19,38,2680,9,1044,15,8,5,25,3,2,10,1,10,11,421,108,93,38,35,427,80,147,30,35,50,1745,1075,396,9,8
19,39,1749,6,671,10,2,2,14,2,2,3,8,10,4,260,81,45,30,21,271,78,89,46,14,53,978,555,225,6,5
19,40,3423,11,2006,67,12,27,15,11,53,23,13,17,31,752,340,149,82,78,752,281,226,123,80,144,2944,1510,869,11,11
19,41,1739,6,847,26,7,6,10,5,7,1,4,15,13,349,118,45,43,31,352,110,84,49,34,57,1133,637,292,6,5
19,42,2278,7,1096,23,6,11,8,3,10,9,5,11,11,475,110,88,42,38,460,88,155,55,30,66,1618,1014,357,7,7
19,43,4654,14,2038,54,17,20,8,8,9,15,1,6,25,946,233,135,50,89,968,193,200,72,91,107,2810,1711,640,14,13
19,44,10255,31,4604,125,18,47,33,19,14,27,21,25,79,2241,485,276,127,221,2268,409,502,179,203,252,9110,5499,2214,31,37
19,45,7345,22,3497,98,21,28,23,10,12,29,21,44,80,1586,379,233,141,183,1581,316,412,145,179,247,4531,2728,1055,22,20
19,46,10587,32,5677,228,33,52,57,31,30,55,20,37,95,2333,810,392,194,265,2418,721,614,285,279,395,8224,4523,2248,32,32
19,47,2224,7,728,7,2,8,7,4,4,3,3,6,7,296,85,69,29,24,314,67,84,17,25,39,1242,799,234,7,7
19,48,5517,17,1999,36,12,14,5,2,18,10,4,29,9,847,203,168,128,76,875,185,210,85,66,178,3285,2035,724,17,16
19,49,2847,9,1154,12,12,7,11,1,3,4,2,24,7,587,102,65,48,31,607,85,113,41,42,77,2097,1416,377,9,10
19,50,4267,13,1645,26,8,10,15,5,5,10,7,10,15,867,152,76,57,41,885,116,133,42,38,96,3276,2287,541,13,15
19,51,911,3,397,6,4,2,1,2,0,3,2,3,4,206,27,27,5,8,219,25,39,22,8,9,831,574,140,3,4
19,52,1547,5,704,10,3,7,5,0,5,5,0,3,12,368,79,36,20,26,360,54,73,35,24,33,2068,1291,435,5,8
19,53,2089,7,1127,30,14,19,9,1,8,12,7,3,27,458,158,88,32,63,461,115,152,62,75,68,1741,914,466,7,7
19,54,2734,9,1392,53,12,12,8,4,8,16,6,9,23,568,183,98,44,60,571,174,157,80,60,85,1847,1016,482,9,8
19,55,3571,11,1151,22,4,7,8,1,6,7,2,18,5,535,106,46,42,26,551,95,113,79,27,57,2369,1574,492,11,12
19,56,838,3,380,6,0,4,2,0,0,1,0,1,1,224,28,9,10,6,227,20,27,16,10,15,665,464,109,3,3
19,57,2362,8,697,13,5,5,2,0,0,4,2,1,9,375,67,32,17,28,371,53,60,32,28,28,1094,728,220,8,7
19,58,637,2,343,4,1,5,2,10,2,2,1,0,2,113,35,31,12,13,115,33,36,14,9,17,543,317,122,2,3
19,59,18335,55,9007,344,61,77,67,42,56,99,65,71,174,3767,1199,681,290,483,3831,1045,1085,518,449,556,11585,6359,3039,55,49
19,60,2198,7,1364,72,7,11,15,7,8,13,7,12,34,506,236,94,52,73,507,207,171,66,69,89,1640,803,500,7,6
19,61,3140,10,1397,38,15,15,3,4,4,12,6,15,19,646,147,95,60,55,644,113,145,62,51,99,1948,1197,411,10,9
19,62,2005,7,755,10,4,3,5,2,4,8,8,4,12,357,69,50,18,23,390,60,88,29,19,40,1443,932,288,7,7
19,63,4703,15,2562,62,10,26,10,11,7,19,24,25,37,1195,263,166,84,91,1225,219,282,133,84,148,3380,2029,791,15,13
19,64,1304,4,711,25,3,5,10,1,3,3,3,7,12,329,99,40,20,28,344,67,85,48,29,35,1306,820,259,4,5
19,65,1861,6,754,16,3,6,4,2,5,5,1,4,7,379,67,45,33,24,390,71,77,25,23,42,1098,673,232,6,6
19,66,3027,10,1501,30,11,11,8,3,9,10,11,7,27,684,161,103,51,61,682,149,163,74,52,101,2027,1213,476,10,9
19,67,3068,10,1390,34,6,14,11,2,12,5,5,8,25,665,154,64,35,56,667,135,122,85,53,76,2559,1569,589,10,11
19,68,4837,15,3002,162,31,39,19,18,46,42,24,24,70,1078,507,238,113,186,1071,415,336,195,192,226,5127,2328,1706,15,18
19,69,1665,5,904,26,3,8,13,5,9,9,8,7,21,379,111,58,34,43,381,87,84,58,38,68,1105,657,252,5,5
19,70,2298,7,1625,69,16,17,18,13,19,18,7,18,47,604,276,109,52,108,588,246,202,101,104,79,3769,1670,1343,7,13
19,71,1059,4,535,13,7,6,2,0,3,4,5,3,17,241,60,30,18,28,253,56,42,30,28,24,1618,949,392,4,6
19,72,351,2,262,7,1,3,2,0,0,2,2,2,3,124,23,15,16,7,121,23,23,15,6,24,558,342,152,2,2
19,73,148,1,99,2,1,0,1,0,0,0,0,0,0,37,17,3,4,0,37,13,10,3,5,7,153,91,40,1,1
19,74,503,2,244,1,0,3,0,0,0,0,1,2,4,102,20,17,12,10,108,16,13,20,8,11,936,566,236,2,4
19,75,774,3,555,25,4,4,1,1,2,5,3,2,10,230,73,26,30,27,229,68,40,42,29,51,1539,797,438,3,5
19,76,1281,4,835,25,6,5,0,2,4,7,1,5,16,363,91,60,28,48,369,91,100,54,49,56,2488,1355,725,4,9
19,77,293,1,143,4,0,0,2,1,0,0,1,2,3,62,20,5,5,5,69,21,16,5,4,8,559,332,137,1,3
20,01,1004,4,541,1,0,0,0,1,0,0,0,3,0,441,4,50,7,0,449,3,9,0,0,60,586,568,10,4,3
20,02,1391,5,540,2,4,0,1,0,0,1,101,10,6,158,43,117,82,8,138,20,27,4,7,309,473,268,130,5,4
20,03,924,3,280,4,1,2,0,1,0,2,22,3,2,67,32,31,45,5,54,27,18,1,2,160,334,134,143,3,3
20,04,553,2,300,0,0,0,0,0,0,1,0,0,0,239,1,26,3,2,216,0,4,2,0,59,318,308,2,2,2
20,05,819,3,238,2,2,0,1,0,0,0,20,4,1,87,12,40,12,1,84,4,13,3,1,98,271,182,52,3,2
20,06,273,1,168,0,0,0,0,0,0,0,0,0,0,162,0,0,0,0,160,0,0,0,0,2,215,204,2,1,1
