salto,anoOrigen,anoDestino,persona,nombre,dep,municipio,origen,partidoOrigen,partidoDestino,mismoPartido,votosOrigen,votosDestino,gap,votosDestinoAmbito,votosDestinoEnOrigen,arraigo,neutro,neutroFuente,lift
jal>concejo,2011,2015,JESUS EDUARDO GIL YAYA,JESUS EDUARDO GIL YAYA,16,16-001,08,PARTIDO SOCIAL DE UNIDAD NACIONAL,PARTIDO DE LA U,false,5294,12953,2.4467,12953,5113,0.3947,,,
jal>concejo,2011,2015,OLGA LUCIA SERRANO FALLA,OLGA LUCIA SERRANO FALLA,16,16-001,01,PARTIDO VERDE,PARTIDO ALIANZA VERDE,false,5233,4571,0.8735,4571,1646,0.3601,,,
jal>concejo,2011,2015,JOSE YAMID SANMIGUEL,JOSE YAMID SANMIGUEL,16,16-001,11,PARTIDO LIBERAL COLOMBIANO,PARTIDO LIBERAL COLOMBIANO,true,4635,3861,0.833,3861,2471,0.64,,,
jal>concejo,2011,2015,ANGELO GIOVANNY GRAVIER SANTANA,ANGELO GIOVANNY GRAVIER SANTANA,16,16-001,08,PARTIDO LIBERAL COLOMBIANO,PARTIDO LIBERAL COLOMBIANO,true,3951,9336,2.3629,9336,2699,0.2891,,,
jal>concejo,2011,2015,GLORIA EUGENIA ORAMAS BAUTISTA,GLORIA EUGENIA ORAMAS BAUTISTA,16,16-001,13,PROGRESISTAS,MOVIMIENTO SIGNIFICATIVO DE CIUDADANOS PROGRESISTAS,false,3375,3223,0.955,3223,348,0.108,,,
jal>concejo,2011,2015,PEDRO JULIAN LOPEZ SIERRA,PEDRO JULIAN LOPEZ SIERRA,16,16-001,01,PARTIDO CAMBIO RADICAL,PARTIDO CAMBIO RADICAL,true,3146,16163,5.1376,16163,2814,0.1741,,,
jal>concejo,2011,2015,JORGE ALFONSO USECHE CORREA,JORGE ALFONSO USECHE CORREA,05,05-001,01,PARTIDO CONSERVADOR COLOMBIANO,PARTIDO CONSERVADOR COLOMBIANO,true,2633,4641,1.7626,4641,2839,0.6117,,,
jal>concejo,2011,2015,DAGOBERTO MACIAS CABRERA,DAGOBERTO MACIAS CABRERA,05,05-001,01,PARTIDO CAMBIO RADICAL,PARTIDO CAMBIO RADICAL,true,2508,4357,1.7372,4357,2814,0.6459,,,
jal>concejo,2011,2015,ROLANDO ALBERTO GONZALEZ GARCIA,ROLANDO ALBERTO GONZALEZ GARCIA,16,16-001,02,PARTIDO CAMBIO RADICAL,PARTIDO CAMBIO RADICAL,true,1837,14652,7.976,14652,996,0.068,,,
jal>concejo,2011,2015,EDGAR ENRIQUE RAMIREZ CARDENAS,EDGAR ENRIQUE RAMIREZ CARDENAS,25,25-001,01,PARTIDO VERDE,PARTIDO ALIANZA VERDE,false,1830,525,0.2869,525,105,0.2,,,
jal>concejo,2011,2015,JOSE ANGEL ESPELETA GUERRERO,JOSE ANGEL ESPELETA GUERRERO,16,16-001,04,PARTIDO SOCIAL DE UNIDAD NACIONAL,PARTIDO DE LA U,false,1766,5578,3.1586,5578,2593,0.4649,,,
jal>concejo,2011,2015,JAIRO GOMEZ RAMOS,JAIRO GOMEZ RAMOS,16,16-001,18,PARTIDO VERDE,PARTIDO ALIANZA VERDE,false,1762,7283,4.1334,7283,3381,0.4642,,,
jal>concejo,2011,2015,JOSE IGNACIO GUTIERREZ BOLIVAR,JOSE IGNACIO GUTIERREZ BOLIVAR,16,16-001,04,PARTIDO CAMBIO RADICAL,PARTIDO CAMBIO RADICAL,true,1759,6119,3.4787,6119,2184,0.3569,,,
jal>concejo,2011,2015,NELSON GILBERTO VELASCO RUGE,NELSON GILBERTO VELASCO RUGE,16,16-001,05,POLO DEMOCRÁTICO ALTERNATIVO,PARTIDO POLO DEMOCRÁTICO ALTERNATIVO,true,1742,7024,4.0321,7024,2542,0.3619,,,
jal>concejo,2011,2015,GERMAN RICAURTE CAMARGO,GERMAN RICAURTE CAMARGO,16,16-001,02,PARTIDO LIBERAL COLOMBIANO,PARTIDO LIBERAL COLOMBIANO,true,1730,7587,4.3855,7587,888,0.117,,,
jal>concejo,2011,2015,PASTOR RODRIGUEZ QUIJANO,PASTOR RODRIGUEZ QUIJANO,16,16-001,01,PARTIDO VERDE,PARTIDO ALIANZA VERDE,false,1722,1395,0.8101,1395,230,0.1649,,,
jal>concejo,2011,2015,ANGEL MARIA RIVERA GIRALDO,ANGEL MARIA RIVERA GIRALDO,27,27-019,03,POLO DEMOCRÁTICO ALTERNATIVO,PARTIDO POLO DEMOCRÁTICO ALTERNATIVO,true,1682,141,0.0838,141,13,0.0922,,,
jal>concejo,2011,2015,GABRIEL ALBERTO MEDRANO ROMERO,GABRIEL ALBERTO MEDRANO ROMERO,05,05-001,03,PARTIDO LIBERAL COLOMBIANO,PARTIDO LIBERAL COLOMBIANO,true,1639,3057,1.8652,3057,1303,0.4262,,,
jal>concejo,2011,2015,HERMOGENES JOSE COTA HERNANDEZ,HERMOGENES JOSE COTA HERNANDEZ,05,05-001,01,PARTIDO LIBERAL COLOMBIANO,PARTIDO LIBERAL COLOMBIANO,true,1595,3907,2.4495,3907,2526,0.6465,,,
jal>concejo,2011,2015,HAROLD PIERR RENGIFO VARGAS,HAROLD PIERR RENGIFO VARGAS,16,16-001,08,PARTIDO VERDE,PARTIDO CONSERVADOR COLOMBIANO,false,1561,1871,1.1986,1871,372,0.1988,,,
jal>concejo,2011,2015,ANGELICA MARIN AGUDELO,ANGELICA MARIN AGUDELO,16,16-001,02,PROGRESISTAS,PARTIDO ALIANZA VERDE,false,1505,1489,0.9894,1489,106,0.0712,,,
jal>concejo,2011,2015,JOSE DAVID CASTELLANOS ORJUELA,JOSE DAVID CASTELLANOS ORJUELA,16,16-001,13,PARTIDO CAMBIO RADICAL,PARTIDO CAMBIO RADICAL,true,1429,16217,11.3485,16217,1295,0.0799,,,
jal>concejo,2011,2015,JOSE GREGORIO VERGARA RUIZ,JOSE GREGORIO VERGARA RUIZ,52,52-001,04,PARTIDO LIBERAL COLOMBIANO,PARTIDO LIBERAL COLOMBIANO,true,1418,507,0.3575,507,53,0.1045,,,
jal>concejo,2011,2015,ROBINSON ESEQUIEL MARTINEZ MEZA,ROBINSON ESEQUIEL MARTINEZ MEZA,21,21-016,01,PARTIDO SOCIAL DE UNIDAD NACIONAL,PARTIDO POLO DEMOCRÁTICO ALTERNATIVO,false,1413,173,0.1224,173,57,0.3295,,,
jal>concejo,2011,2015,FEDERICO JAVIER PATINO QUINTO,FEDERICO JAVIER PATINO QUINTO,21,21-016,01,PARTIDO LIBERAL COLOMBIANO,PARTIDO LIBERAL COLOMBIANO,true,1408,240,0.1705,240,118,0.4917,,,
jal>concejo,2011,2015,ALEJANDRO DE BEDOUT ARANGO,ALEJANDRO DE BEDOUT ARANGO,01,01-001,13,PARTIDO ALIANZA SOCIAL INDEPENDIENTE,CREEMOS,false,1407,4434,3.1514,4434,58,0.0131,,,
jal>concejo,2011,2015,CRISTIAN CAMILO RESTREPO,CRISTIAN CAMILO RESTREPO,01,01-001,04,PARTIDO VERDE,CREEMOS,false,1402,3344,2.3852,3344,957,0.2862,,,
jal>concejo,2011,2015,ARMANDO NUNEZ LINDO,ARMANDO NUNEZ LINDO,21,21-016,01,POLO DEMOCRÁTICO ALTERNATIVO,PARTIDO POLO DEMOCRÁTICO ALTERNATIVO,true,1388,35,0.0252,35,18,0.5143,,,
jal>concejo,2011,2015,NELSON MANTILLA BLANCO,NELSON MANTILLA BLANCO,27,27-001,01,PARTIDO LIBERAL COLOMBIANO,"MOVIMIENTO ALTERNATIVO INDÍGENA Y SOCIAL ""MAIS""",false,1380,1968,1.4261,1968,1260,0.6402,,,
jal>concejo,2011,2015,LUZ STELLA MANTILLA DE SAAVEDRA,LUZ STELLA MANTILLA DE SAAVEDRA,27,27-001,09,PARTIDO VERDE,PARTIDO ALIANZA VERDE,false,1348,124,0.092,124,8,0.0645,,,
jal>concejo,2011,2015,PATRICIA VALENZUELA BUITRAGO,PATRICIA VALENZUELA BUITRAGO,19,19-001,03,PARTIDO VERDE,PARTIDO ALIANZA VERDE,false,1316,482,0.3663,482,42,0.0871,,,
jal>concejo,2011,2015,BLANCA HERLINDA SIERRA RIOS,BLANCA HERLINDA SIERRA RIOS,31,31-121,02,POLO DEMOCRÁTICO ALTERNATIVO,PARTIDO OPCIÓN CIUDADANA,false,1294,27,0.0209,27,8,0.2963,,,
jal>concejo,2011,2015,NOEL SANTAMARIA JEREZ,NOEL SANTAMARIA JEREZ,16,16-001,05,PARTIDO SOCIAL DE UNIDAD NACIONAL,MOVIMIENTO AUTORIDADES INDÍGENAS DE COLOMBIA,false,1256,276,0.2197,276,85,0.308,,,
jal>concejo,2011,2015,JAIME ANDRES ROJAS BEJARANO,JAIME ANDRES ROJAS BEJARANO,16,16-001,11,PARTIDO CONSERVADOR COLOMBIANO,PARTIDO CONSERVADOR COLOMBIANO,true,1157,1215,1.0501,1215,331,0.2724,,,
jal>concejo,2011,2015,ALBEIRO CAMACHO MARTINEZ,ALBEIRO CAMACHO MARTINEZ,16,16-001,16,PARTIDO SOCIAL DE UNIDAD NACIONAL,LIBRES,false,1152,5431,4.7144,5431,1467,0.2701,,,
jal>concejo,2011,2015,VICTOR ALFONSO BONILLA LOPEZ,VICTOR ALFONSO BONILLA LOPEZ,52,52-001,05,PARTIDO VERDE,PARTIDO ALIANZA VERDE,false,1144,250,0.2185,250,52,0.208,,,
jal>concejo,2011,2015,BILLY HIDDES GARCIA,BILLY HIDDES GARCIA,05,05-001,01,PARTIDO SOCIAL DE UNIDAD NACIONAL,PARTIDO ALIANZA SOCIAL INDEPENDIENTE,false,1142,474,0.4151,474,293,0.6181,,,
jal>concejo,2011,2015,PAVEL ILICH PEREZ MORRON,PAVEL ILICH PEREZ MORRON,03,03-001,01,PARTIDO LIBERAL COLOMBIANO,PARTIDO LIBERAL COLOMBIANO,true,1136,3009,2.6488,3009,1352,0.4493,,,
jal>concejo,2011,2015,MOISES CAMILO ARIZA POLO,MOISES CAMILO ARIZA POLO,05,05-001,01,PARTIDO DE INTEGRACION NACIONAL,"MOVIMIENTO ALTERNATIVO INDÍGENA Y SOCIAL ""MAIS""",false,1133,1208,1.0662,1208,629,0.5207,,,
jal>concejo,2011,2015,MARCELINA FRAGOZO ROMERO,MARCELINA FRAGOZO ROMERO,12,12-001,04,PARTIDO LIBERAL COLOMBIANO,PARTIDO LIBERAL COLOMBIANO,true,1114,216,0.1939,216,93,0.4306,,,
jal>concejo,2011,2015,ANDRES FELIPE LOPEZ VERGARA,ANDRES FELIPE LOPEZ VERGARA,01,01-001,13,PARTIDO VERDE,CREEMOS,false,1084,1446,1.3339,1446,32,0.0221,,,
jal>concejo,2011,2015,JOSE EDWUARD MORA RAMIREZ,JOSE EDWUARD MORA RAMIREZ,15,15-109,01,PARTIDO CAMBIO RADICAL,PARTIDO OPCIÓN CIUDADANA,false,1079,29,0.0269,29,6,0.2069,,,
jal>concejo,2011,2015,LEIDY ESPERANZA SANCHEZ PULIDO,LEIDY ESPERANZA SANCHEZ PULIDO,16,16-001,10,"MOVIMIENTO ""MIRA""",MOVIMIENTO MIRA,true,1070,1795,1.6776,1795,576,0.3209,,,
jal>concejo,2011,2015,BLANCA DILIA MORENO TORO,BLANCA DILIA MORENO TORO,16,16-001,16,POLO DEMOCRÁTICO ALTERNATIVO,PARTIDO POLO DEMOCRÁTICO ALTERNATIVO,true,1064,3289,3.0912,3289,377,0.1146,,,
jal>concejo,2011,2015,VITALIANO SOSA MIRANDA,VITALIANO SOSA MIRANDA,05,05-001,02,PARTIDO ALIANZA SOCIAL INDEPENDIENTE,PARTIDO ALIANZA SOCIAL INDEPENDIENTE,true,1045,930,0.89,930,338,0.3634,,,
jal>concejo,2011,2015,WILLIAM ERNESTO LANCHEROS RUIZ,WILLIAM ERNESTO LANCHEROS RUIZ,16,16-001,12,PARTIDO CONSERVADOR COLOMBIANO,PARTIDO CONSERVADOR COLOMBIANO,true,1037,1768,1.7049,1768,569,0.3218,,,
jal>concejo,2011,2015,MATILDE TRIANA DE LEONEL,MATILDE TRIANA DE LEONEL,19,19-061,01,PARTIDO SOCIAL DE UNIDAD NACIONAL,PARTIDO DE LA U,false,1024,96,0.0938,96,19,0.1979,,,
jal>concejo,2011,2015,RODRIGO CAICEDO VILLEGAS,RODRIGO CAICEDO VILLEGAS,31,31-001,06,"MOVIMIENTO ""MIRA""",MOVIMIENTO MIRA,true,969,916,0.9453,916,530,0.5786,,,
jal>concejo,2011,2015,JORGE LUIS VASQUEZ RODRIGUEZ,JORGE LUIS VASQUEZ RODRIGUEZ,52,52-001,04,PARTIDO CAMBIO RADICAL,PARTIDO CAMBIO RADICAL,true,940,823,0.8755,823,155,0.1883,,,
jal>concejo,2011,2015,ANA CLEOFE LOPEZ DE NINO,ANA CLEOFE LOPEZ DE NINO,16,16-001,10,"MOVIMIENTO ""MIRA""",MOVIMIENTO MIRA,true,935,2525,2.7005,2525,620,0.2455,,,
jal>concejo,2011,2015,CLAUDIA PATRICIA HENAO MURIEL,CLAUDIA PATRICIA HENAO MURIEL,24,24-001,05,PARTIDO LIBERAL COLOMBIANO,PEREIRA CAMBIA,false,916,113,0.1234,113,3,0.0265,,,
jal>concejo,2011,2015,SORALIS VILLARREAL CONDE,SORALIS VILLARREAL CONDE,19,19-001,01,PARTIDO LIBERAL COLOMBIANO,PARTIDO LIBERAL COLOMBIANO,true,915,148,0.1617,148,46,0.3108,,,
jal>concejo,2011,2015,GERMAN MIRANDA RODRIGUEZ,GERMAN MIRANDA RODRIGUEZ,29,29-001,06,PARTIDO LIBERAL COLOMBIANO,LA ROSITA,false,862,539,0.6253,539,21,0.039,,,
jal>concejo,2011,2015,JUAN CAMILO TORO FLOREZ,JUAN CAMILO TORO FLOREZ,01,01-151,02,PARTIDO SOCIAL DE UNIDAD NACIONAL,PARTIDO DE LA U,false,858,283,0.3298,283,27,0.0954,,,
jal>concejo,2011,2015,JENNY MARYORY TOLOZA SILVA,JENNY MARYORY TOLOZA SILVA,25,25-001,09,PARTIDO LIBERAL COLOMBIANO,PARTIDO LIBERAL COLOMBIANO,true,858,366,0.4266,366,54,0.1475,,,
jal>concejo,2011,2015,BELISARIA MOSQUERA TELLO,BELISARIA MOSQUERA TELLO,16,16-001,10,"MOVIMIENTO ""MIRA""",MOVIMIENTO MIRA,true,853,1851,2.17,1851,328,0.1772,,,
jal>concejo,2011,2015,SOLANGEL ELENA BENITEZ CABARCAS,SOLANGEL ELENA BENITEZ CABARCAS,03,03-001,01,PARTIDO LIBERAL COLOMBIANO,PARTIDO ALIANZA VERDE,false,828,94,0.1135,94,32,0.3404,,,
jal>concejo,2011,2015,MARIA DEL SOCORRO MENA MORENO,MARIA DEL SOCORRO MENA MORENO,05,05-001,03,PARTIDO DE INTEGRACION NACIONAL,CARTAGENA CON FIRMAS,false,828,343,0.4143,343,179,0.5219,,,
jal>concejo,2011,2015,MIGUEL ALEXANDER JIMENEZ SOTO,MIGUEL ALEXANDER JIMENEZ SOTO,52,52-001,000,PARTIDO DE INTEGRACION NACIONAL,CONSTRUYAMOS CIUDAD,false,811,691,0.852,691,458,0.6628,,,
jal>concejo,2011,2015,CARLOS EDUARDO MORA ORTIZ,CARLOS EDUARDO MORA ORTIZ,05,05-001,01,PARTIDO SOCIAL DE UNIDAD NACIONAL,TODO POR CARTAGENA,false,785,274,0.349,274,157,0.573,,,
jal>concejo,2011,2015,JERRY DUENAS BARCENAS,JERRY DUENAS BARCENAS,27,27-001,06,PARTIDO LIBERAL COLOMBIANO,PARTIDO ALIANZA SOCIAL INDEPENDIENTE,false,783,340,0.4342,340,12,0.0353,,,
jal>concejo,2011,2015,LUZ MARINA ARIAS BERMUDEZ,LUZ MARINA ARIAS BERMUDEZ,16,16-001,16,PROGRESISTAS,PARTIDO ALIANZA VERDE,false,768,2104,2.7396,2104,207,0.0984,,,
jal>concejo,2011,2015,ZUNILDA MARIA CABRERA TORRES,ZUNILDA MARIA CABRERA TORRES,44,44-001,01,"MOVIMIENTO ""MIRA""",MOVIMIENTO MIRA,true,756,192,0.254,192,101,0.526,,,
jal>concejo,2011,2015,JOHNSON GERARDO MENDEZ MORENO,JOHNSON GERARDO MENDEZ MORENO,27,27-019,03,POLO DEMOCRÁTICO ALTERNATIVO,PARTIDO POLO DEMOCRÁTICO ALTERNATIVO,true,753,117,0.1554,117,36,0.3077,,,
jal>concejo,2011,2015,MIRIAN LOPEZ AREVALO,MIRIAN LOPEZ AREVALO,31,31-121,01,PARTIDO LIBERAL COLOMBIANO,PARTIDO DE LA U,false,749,22,0.0294,22,11,0.5,,,
jal>concejo,2011,2015,LUZ ELIZABETH CARDONA VALENCIA,LUZ ELIZABETH CARDONA VALENCIA,01,01-049,02,PARTIDO CONSERVADOR COLOMBIANO,PARTIDO CONSERVADOR COLOMBIANO,true,741,151,0.2038,151,13,0.0861,,,
jal>concejo,2011,2015,DAVID RICARDO RACERO MAYORCA,DAVID RICARDO RACERO MAYORCA,16,16-001,02,PROGRESISTAS,MOVIMIENTO SIGNIFICATIVO DE CIUDADANOS PROGRESISTAS,false,726,4074,5.6116,4074,136,0.0334,,,
jal>concejo,2011,2015,LUISA ELENA PINEDO MARTINEZ,LUISA ELENA PINEDO MARTINEZ,16,16-001,14,PROGRESISTAS,PARTIDO ALIANZA VERDE,false,719,1856,2.5814,1856,35,0.0189,,,
jal>concejo,2011,2015,ALFONSO DELGADO SERNA,ALFONSO DELGADO SERNA,01,01-035,02,PARTIDO SOCIAL DE UNIDAD NACIONAL,PARTIDO DE LA U,false,705,150,0.2128,150,57,0.38,,,
jal>concejo,2011,2015,JHON ALBEIRO MENA COLON,JHON ALBEIRO MENA COLON,01,01-035,01,PARTIDO SOCIAL DE UNIDAD NACIONAL,PARTIDO DE LA U,false,702,83,0.1182,83,34,0.4096,,,
jal>concejo,2011,2015,ANDRES FELIPE RENGIFO LEMUS,ANDRES FELIPE RENGIFO LEMUS,03,03-001,01,PARTIDO LIBERAL COLOMBIANO,PARTIDO DE LA U,false,697,3453,4.9541,3453,1450,0.4199,,,
jal>concejo,2011,2015,HASBLEDY MORALES LOZANO,HASBLEDY MORALES LOZANO,29,29-001,000,PARTIDO SOCIAL DE UNIDAD NACIONAL,PARTIDO CENTRO DEMOCRÁTICO,false,682,1651,2.4208,1651,104,0.063,,,
jal>concejo,2011,2015,SOCORRO FLOREZ DE BONILLA,SOCORRO FLOREZ DE BONILLA,25,25-001,06,PARTIDO SOCIAL DE UNIDAD NACIONAL,PARTIDO DE LA U,false,675,322,0.477,322,114,0.354,,,
jal>concejo,2011,2015,GILMA CECILIA GOMEZ GONZALEZ,GILMA CECILIA GOMEZ GONZALEZ,31,31-079,05,PARTIDO VERDE,PARTIDO ALIANZA VERDE,false,666,434,0.6517,434,127,0.2926,,,
jal>concejo,2011,2015,DIEGO ALEXANDER ROJAS PULIDO,DIEGO ALEXANDER ROJAS PULIDO,16,16-001,05,PROGRESISTAS,PARTIDO ALIANZA SOCIAL INDEPENDIENTE,false,653,1283,1.9648,1283,34,0.0265,,,
jal>concejo,2011,2015,JULIANA SEIDEL ALVAREZ,JULIANA SEIDEL ALVAREZ,01,01-001,13,PARTIDO CAMBIO RADICAL,PARTIDO CAMBIO RADICAL,true,649,1769,2.7257,1769,55,0.0311,,,
jal>concejo,2011,2015,FREDYS ONOFRE PARADA JAIMES,FREDYS ONOFRE PARADA JAIMES,25,25-001,10,PARTIDO ALIANZA SOCIAL INDEPENDIENTE,PARTIDO ALIANZA SOCIAL INDEPENDIENTE,true,645,417,0.6465,417,200,0.4796,,,
jal>concejo,2011,2015,EVELIA PUERTO CAMARGO,EVELIA PUERTO CAMARGO,07,07-079,01,PARTIDO VERDE,PARTIDO ALIANZA VERDE,false,645,202,0.3132,202,88,0.4356,,,
jal>concejo,2011,2015,MARTHA CECILIA VARELA ARAQUIS,MARTHA CECILIA VARELA ARAQUIS,48,48-001,02,PARTIDO CONSERVADOR COLOMBIANO,PARTIDO CONSERVADOR COLOMBIANO,true,637,102,0.1601,102,13,0.1275,,,
jal>concejo,2011,2015,EMIRO HERNEY MARTINEZ TORRES,EMIRO HERNEY MARTINEZ TORRES,16,16-001,01,PARTIDO CONSERVADOR COLOMBIANO,PARTIDO CONSERVADOR COLOMBIANO,true,629,703,1.1176,703,180,0.256,,,
jal>concejo,2011,2015,ALBA MARINA MEDINA ZABALETA,ALBA MARINA MEDINA ZABALETA,12,12-001,02,PARTIDO LIBERAL COLOMBIANO,PARTIDO LIBERAL COLOMBIANO,true,622,134,0.2154,134,16,0.1194,,,
jal>concejo,2011,2015,JOHN EDINSON ORTIZ MALDONADO,JOHN EDINSON ORTIZ MALDONADO,48,48-010,01,MOVIMIENTO AUTORIDADES INDIGENAS DE COLOMBIA,MOVIMIENTO AUTORIDADES INDÍGENAS DE COLOMBIA,true,611,32,0.0524,32,8,0.25,,,
jal>concejo,2011,2015,EDGAR SEGUNDO GARCES ABDALA,EDGAR SEGUNDO GARCES ABDALA,13,13-001,08,PARTIDO LIBERAL COLOMBIANO,PARTIDO LIBERAL COLOMBIANO,true,602,1794,2.9801,1794,221,0.1232,,,
jal>concejo,2011,2015,LUIS FERNANDO GARZON LOZADA,LUIS FERNANDO GARZON LOZADA,16,16-001,17,PROGRESISTAS,PARTIDO ALIANZA VERDE,false,598,1582,2.6455,1582,119,0.0752,,,
jal>concejo,2011,2015,OSCAR MONCALEANO MOSQUERA,OSCAR MONCALEANO MOSQUERA,44,44-001,02,"MOVIMIENTO ""MIRA""",MOVIMIENTO MIRA,true,593,144,0.2428,144,24,0.1667,,,
jal>concejo,2011,2015,CARLOS AUGUSTO FREIRE VITTA,CARLOS AUGUSTO FREIRE VITTA,27,27-001,02,PARTIDO LIBERAL COLOMBIANO,PARTIDO LIBERAL COLOMBIANO,true,580,283,0.4879,283,12,0.0424,,,
jal>concejo,2011,2015,LUIS ALFONSO DAZA CALABRIA,LUIS ALFONSO DAZA CALABRIA,21,21-001,02,"MOVIMIENTO ""MIRA""",MOVIMIENTO MIRA,true,576,423,0.7344,423,154,0.3641,,,
jal>concejo,2011,2015,MARTHA LILIANA PRADO OROZCO,MARTHA LILIANA PRADO OROZCO,31,31-001,10,"MOVIMIENTO ""MIRA""",MOVIMIENTO MIRA,true,568,489,0.8609,489,198,0.4049,,,
jal>concejo,2011,2015,LUZ MARINA CORRALES GONZALEZ,LUZ MARINA CORRALES GONZALEZ,24,24-001,17,"MOVIMIENTO ""MIRA""",MOVIMIENTO MIRA,true,565,232,0.4106,232,5,0.0216,,,
jal>concejo,2011,2015,LILIANA VALLEJO CORTES,LILIANA VALLEJO CORTES,31,31-001,07,"MOVIMIENTO ""MIRA""",MOVIMIENTO MIRA,true,565,864,1.5292,864,576,0.6667,,,
jal>concejo,2011,2015,CLAUDIA PATRICIA DUQUE TOVAR,CLAUDIA PATRICIA DUQUE TOVAR,46,46-001,02,PARTIDO SOCIAL DE UNIDAD NACIONAL,PARTIDO DE LA U,false,565,656,1.1611,656,213,0.3247,,,
jal>concejo,2011,2015,LUIS HERNANDO HENAO MARIN,LUIS HERNANDO HENAO MARIN,31,31-079,01,PARTIDO LIBERAL COLOMBIANO,"MOVIMIENTO ALTERNATIVO INDÍGENA Y SOCIAL ""MAIS""",false,564,165,0.2926,165,84,0.5091,,,
jal>concejo,2011,2015,YULDY MILENA RAMIREZ OCHOA,YULDY MILENA RAMIREZ OCHOA,52,52-001,02,PARTIDO SOCIAL DE UNIDAD NACIONAL,PARTIDO DE LA U,false,564,187,0.3316,187,22,0.1176,,,
jal>concejo,2011,2015,DIGNORA PUENTE SANCHEZ,DIGNORA PUENTE SANCHEZ,31,31-121,02,"MOVIMIENTO ""MIRA""",MOVIMIENTO MIRA,true,561,23,0.041,23,17,0.7391,,,
jal>concejo,2011,2015,DANIEL BALLEN GOMEZ,DANIEL BALLEN GOMEZ,16,16-001,11,PARTIDO ALIANZA SOCIAL INDEPENDIENTE,LIBRES,false,556,1013,1.8219,1013,196,0.1935,,,
jal>concejo,2011,2015,JORGE LEONARDO BERMUDEZ VALBUENA,JORGE LEONARDO BERMUDEZ VALBUENA,52,52-001,01,PARTIDO CAMBIO RADICAL,PARTIDO ALIANZA SOCIAL INDEPENDIENTE,false,553,145,0.2622,145,35,0.2414,,,
jal>concejo,2011,2015,OLGA LUCIA SALLEG OSORIO,OLGA LUCIA SALLEG OSORIO,13,13-001,08,PARTIDO CONSERVADOR COLOMBIANO,PARTIDO LIBERAL COLOMBIANO,false,538,666,1.2379,666,64,0.0961,,,
jal>concejo,2011,2015,ANDRES FELIPE MONTOYA CARMONA,ANDRES FELIPE MONTOYA CARMONA,01,01-049,02,PARTIDO VERDE,MOVIMIENTO CÍVICO CIUDAD BELLO,false,535,142,0.2654,142,19,0.1338,,,
jal>concejo,2011,2015,OLMI ENRIQUE RAMOS PALACIOS,OLMI ENRIQUE RAMOS PALACIOS,11,11-001,02,PARTIDO VERDE,PARTIDO ALIANZA VERDE,false,535,367,0.686,367,146,0.3978,,,
jal>concejo,2011,2015,FELIPE ANDRES ZULUAGA OSPINA,FELIPE ANDRES ZULUAGA OSPINA,24,24-025,03,"MOVIMIENTO ""MIRA""",MOVIMIENTO MIRA,true,533,51,0.0957,51,27,0.5294,,,
jal>concejo,2011,2015,CELIA CRUZ ROCHA MARTINEZ,CELIA CRUZ ROCHA MARTINEZ,05,05-001,01,PARTIDO LIBERAL COLOMBIANO,TODO POR CARTAGENA,false,525,129,0.2457,129,53,0.4109,,,
jal>concejo,2011,2015,LUZ NELLY PINZON LEON,LUZ NELLY PINZON LEON,09,09-001,03,PARTIDO SOCIAL DE UNIDAD NACIONAL,PARTIDO DE LA U,false,521,464,0.8906,464,118,0.2543,,,
jal>concejo,2011,2015,CARLOS ALBERTO CAMPOS GONZALEZ,CARLOS ALBERTO CAMPOS GONZALEZ,03,03-001,03,PARTIDO LIBERAL COLOMBIANO,PARTIDO CENTRO DEMOCRÁTICO,false,503,1022,2.0318,1022,315,0.3082,,,
jal>concejo,2011,2015,MARIA YENID CHAVARRO MENDEZ,MARIA YENID CHAVARRO MENDEZ,44,44-001,02,PARTIDO SOCIAL DE UNIDAD NACIONAL,PARTIDO DE LA U,false,502,226,0.4502,226,101,0.4469,,,
jal>concejo,2011,2015,SIMON RAMIREZ ALZATE,SIMON RAMIREZ ALZATE,09,09-001,08,PARTIDO CONSERVADOR COLOMBIANO,PARTIDO CONSERVADOR COLOMBIANO,true,494,2103,4.2571,2103,430,0.2045,,,
jal>concejo,2011,2015,MOISES ADRIAN AVILEZ ALVAREZ,MOISES ADRIAN AVILEZ ALVAREZ,03,03-001,03,PARTIDO LIBERAL COLOMBIANO,PARTIDO ALIANZA VERDE,false,487,708,1.4538,708,112,0.1582,,,
jal>concejo,2011,2015,RENZO WILLIAM CERON QUINTERO,RENZO WILLIAM CERON QUINTERO,29,29-001,05,PARTIDO LIBERAL COLOMBIANO,LA ROSITA,false,486,631,1.2984,631,0,0,,,
jal>concejo,2011,2015,NELSON JAVIER CASTRO GUTIERREZ,NELSON JAVIER CASTRO GUTIERREZ,15,15-340,04,PARTIDO LIBERAL COLOMBIANO,PARTIDO LIBERAL COLOMBIANO,true,483,211,0.4369,211,84,0.3981,,,
jal>concejo,2011,2015,JOSE AGUSTIN ALONSO PARRAGA,JOSE AGUSTIN ALONSO PARRAGA,15,15-247,02,PARTIDO CAMBIO RADICAL,PARTIDO CAMBIO RADICAL,true,468,297,0.6346,297,145,0.4882,,,
jal>concejo,2011,2015,CIELO JIMENEZ CUBILLOS,CIELO JIMENEZ CUBILLOS,24,24-001,07,PARTIDO SOCIAL DE UNIDAD NACIONAL,PARTIDO DE LA U,false,467,1369,2.9315,1369,21,0.0153,,,
jal>concejo,2011,2015,NANCY PEREZ MARIN,NANCY PEREZ MARIN,27,27-019,01,"MOVIMIENTO ""MIRA""",MOVIMIENTO MIRA,true,467,40,0.0857,40,15,0.375,,,
jal>concejo,2011,2015,RICARDO ANTONIO CALLEJAS MORALES,RICARDO ANTONIO CALLEJAS MORALES,48,48-010,02,POLO DEMOCRÁTICO ALTERNATIVO,PARTIDO POLO DEMOCRÁTICO ALTERNATIVO,true,466,151,0.324,151,53,0.351,,,
jal>concejo,2011,2015,JOHN FADER GUTIERREZ,JOHN FADER GUTIERREZ,19,19-001,01,PARTIDO VERDE,MOVIMIENTO AUTORIDADES INDÍGENAS DE COLOMBIA,false,462,169,0.3658,169,25,0.1479,,,
jal>concejo,2011,2015,ADOLFO LEON MUNOZ TOBAR,ADOLFO LEON MUNOZ TOBAR,31,31-001,05,"MOVIMIENTO ""MIRA""",MOVIMIENTO MIRA,true,459,487,1.061,487,249,0.5113,,,
jal>concejo,2011,2015,CHRISTIAN DAVID PEREZ HOLGUIN,CHRISTIAN DAVID PEREZ HOLGUIN,09,09-001,05,"MOVIMIENTO ""MIRA""",MOVIMIENTO MIRA,true,459,770,1.6776,770,249,0.3234,,,
jal>concejo,2011,2015,HEDDY GOMEZ CAMACHO,HEDDY GOMEZ CAMACHO,29,29-001,08,PARTIDO LIBERAL COLOMBIANO,PARTIDO LIBERAL COLOMBIANO,true,450,494,1.0978,494,41,0.083,,,
jal>concejo,2011,2015,RICARDO RODRIGUEZ OBANDO,RICARDO RODRIGUEZ OBANDO,31,31-019,02,"MOVIMIENTO ""MIRA""",MOVIMIENTO MIRA,true,450,133,0.2956,133,107,0.8045,,,
jal>concejo,2011,2015,FLOR ANGELA BARBOSA RICO,FLOR ANGELA BARBOSA RICO,15,15-247,01,PARTIDO SOCIAL DE UNIDAD NACIONAL,"MOVIMIENTO ALTERNATIVO INDÍGENA Y SOCIAL ""MAIS""",false,445,465,1.0449,465,382,0.8215,,,
jal>concejo,2011,2015,IVAN ORLANDO PARRA OSORIO,IVAN ORLANDO PARRA OSORIO,15,15-247,01,PARTIDO CAMBIO RADICAL,PARTIDO CAMBIO RADICAL,true,445,685,1.5393,685,344,0.5022,,,
jal>concejo,2011,2015,LUZ MARINA PARRA ZAPATA,LUZ MARINA PARRA ZAPATA,31,31-001,18,"MOVIMIENTO ""MIRA""",MOVIMIENTO MIRA,true,445,449,1.009,449,14,0.0312,,,
jal>concejo,2011,2015,ALFANIA RENDON GARCIA,ALFANIA RENDON GARCIA,31,31-001,16,"MOVIMIENTO ""MIRA""",MOVIMIENTO MIRA,true,439,585,1.3326,585,17,0.0291,,,
jal>concejo,2011,2015,LEIDY CATALINA LOPERA QUICENO,LEIDY CATALINA LOPERA QUICENO,01,01-001,03,PARTIDO VERDE,CREEMOS,false,434,1179,2.7166,1179,365,0.3096,,,
jal>concejo,2011,2015,GUILLERMO ANIBAL HIGUERA GOMEZ,GUILLERMO ANIBAL HIGUERA GOMEZ,27,27-001,000,PARTIDO SOCIAL DE UNIDAD NACIONAL,PARTIDO CENTRO DEMOCRÁTICO,false,432,393,0.9097,393,19,0.0483,,,
jal>concejo,2011,2015,AIDA GOMEZ LOPEZ,AIDA GOMEZ LOPEZ,27,27-019,01,"MOVIMIENTO ""MIRA""",MOVIMIENTO MIRA,true,430,68,0.1581,68,24,0.3529,,,
jal>concejo,2011,2015,MIGUEL ADOLFO FIGUEROA SUAREZ,MIGUEL ADOLFO FIGUEROA SUAREZ,15,15-247,06,PARTIDO LIBERAL COLOMBIANO,PARTIDO LIBERAL COLOMBIANO,true,426,930,2.1831,930,277,0.2978,,,
jal>concejo,2011,2015,JUAN CARLOS SIBAJA ALEAN,JUAN CARLOS SIBAJA ALEAN,05,05-001,02,MOVIMIENTO DE INCLUSION Y OPORTUNIDADES,MOVIMIENTO AUTORIDADES INDÍGENAS DE COLOMBIA,false,425,269,0.6329,269,107,0.3978,,,
jal>concejo,2011,2015,LUIS FELIPE CANAS SANCHEZ,LUIS FELIPE CANAS SANCHEZ,29,29-001,02,PARTIDO VERDE,PARTIDO ALIANZA VERDE,false,417,223,0.5348,223,64,0.287,,,
jal>concejo,2011,2015,LUIS FRANCISCO GOMEZ AVILA,LUIS FRANCISCO GOMEZ AVILA,25,25-001,08,POLO DEMOCRÁTICO ALTERNATIVO,MOVIMIENTO AUTORIDADES INDÍGENAS DE COLOMBIA,false,410,171,0.4171,171,57,0.3333,,,
jal>concejo,2011,2015,NESTOR ALEJANDRO RAMIREZ PARRADO,NESTOR ALEJANDRO RAMIREZ PARRADO,15,15-247,06,PARTIDO SOCIAL DE UNIDAD NACIONAL,PARTIDO DE LA U,false,409,348,0.8509,348,168,0.4828,,,
jal>concejo,2011,2015,LEMER SINISTERRA SEGURA,LEMER SINISTERRA SEGURA,31,31-121,000,"MOVIMIENTO ""MIRA""",MOVIMIENTO MIRA,true,407,20,0.0491,20,8,0.4,,,
jal>concejo,2011,2015,JAVIER CARDONA PARRA,JAVIER CARDONA PARRA,29,29-001,02,PARTIDO CAMBIO RADICAL,MOVIMIENTO AUTORIDADES INDÍGENAS DE COLOMBIA,false,402,187,0.4652,187,93,0.4973,,,
jal>concejo,2011,2015,AMPARO BUZATO GONZALEZ,AMPARO BUZATO GONZALEZ,52,52-001,04,PARTIDO CAMBIO RADICAL,PARTIDO UNIÓN PATRIÓTICA,false,401,87,0.217,87,8,0.092,,,
jal>concejo,2011,2015,MAGALI MORENO VELEZ,MAGALI MORENO VELEZ,31,31-055,04,MOVIMIENTO AUTORIDADES INDIGENAS DE COLOMBIA,PARTIDO DE LA U,false,399,87,0.218,87,24,0.2759,,,
jal>concejo,2011,2015,LILIA FONQUE PENA,LILIA FONQUE PENA,44,44-001,02,"MOVIMIENTO ""MIRA""",MOVIMIENTO MIRA,true,398,127,0.3191,127,7,0.0551,,,
jal>concejo,2011,2015,YALENIS PAOLA MAZON ESQUIVEL,YALENIS PAOLA MAZON ESQUIVEL,13,13-001,01,PARTIDO CONSERVADOR COLOMBIANO,PARTIDO CONSERVADOR COLOMBIANO,true,397,75,0.1889,75,5,0.0667,,,
jal>concejo,2011,2015,FANNY LOZADA ROJAS,FANNY LOZADA ROJAS,44,44-001,01,"MOVIMIENTO ""MIRA""",MOVIMIENTO MIRA,true,397,272,0.6851,272,59,0.2169,,,
jal>concejo,2011,2015,WILLIAM FERNANDO PEREZ LAISECA,WILLIAM FERNANDO PEREZ LAISECA,19,19-001,01,PARTIDO SOCIAL DE UNIDAD NACIONAL,PARTIDO DE LA U,false,388,126,0.3247,126,28,0.2222,,,
jal>concejo,2011,2015,JOSE AMIN VAQUERO BONILLA,JOSE AMIN VAQUERO BONILLA,19,19-001,02,PARTIDO SOCIAL DE UNIDAD NACIONAL,PARTIDO DE LA U,false,387,104,0.2687,104,9,0.0865,,,
jal>concejo,2011,2015,HUGO ANDRES ARISTIZABAL MARIN,HUGO ANDRES ARISTIZABAL MARIN,26,26-001,06,PARTIDO CAMBIO RADICAL,PARTIDO CAMBIO RADICAL,true,383,1597,4.1697,1597,266,0.1666,,,
jal>concejo,2011,2015,ARACELLY RODRIGUEZ RIVEROS,ARACELLY RODRIGUEZ RIVEROS,31,31-079,02,"MOVIMIENTO ""MIRA""",MOVIMIENTO MIRA,true,383,76,0.1984,76,14,0.1842,,,
jal>concejo,2011,2015,ANIBAL VILLAMARIN MUNOZ,ANIBAL VILLAMARIN MUNOZ,11,11-001,08,PARTIDO SOCIAL DE UNIDAD NACIONAL,PARTIDO DE LA U,false,378,243,0.6429,243,21,0.0864,,,
jal>concejo,2011,2015,LUZ MARGOTH ROCHA,LUZ MARGOTH ROCHA,16,16-001,02,"MOVIMIENTO ""MIRA""",MOVIMIENTO MIRA,true,377,1456,3.8621,1456,180,0.1236,,,
jal>concejo,2011,2015,CAMILO ERNESTO ALMARALES VARGAS,CAMILO ERNESTO ALMARALES VARGAS,16,16-001,16,PROGRESISTAS,MOVIMIENTO SIGNIFICATIVO DE CIUDADANOS PROGRESISTAS,false,376,484,1.2872,484,72,0.1488,,,
jal>concejo,2011,2015,JORGE GIOVANNI CALDERON DURAN,JORGE GIOVANNI CALDERON DURAN,16,16-001,06,PARTIDO LIBERAL COLOMBIANO,PARTIDO LIBERAL COLOMBIANO,true,374,2845,7.607,2845,320,0.1125,,,
jal>concejo,2011,2015,ABRAHAM RIASCOS LOURIDO,ABRAHAM RIASCOS LOURIDO,31,31-019,02,PARTIDO CONSERVADOR COLOMBIANO,MOVIMIENTO AUTORIDADES INDÍGENAS DE COLOMBIA,false,374,270,0.7219,270,154,0.5704,,,
jal>concejo,2011,2015,IVAN ANTONIO CERA PADILLA,IVAN ANTONIO CERA PADILLA,48,48-010,03,POLO DEMOCRÁTICO ALTERNATIVO,PARTIDO POLO DEMOCRÁTICO ALTERNATIVO,true,374,63,0.1684,63,25,0.3968,,,
jal>concejo,2011,2015,MARIELA PIEDRAHITA DE HERRERA,MARIELA PIEDRAHITA DE HERRERA,31,31-019,01,"MOVIMIENTO ""MIRA""",MOVIMIENTO MIRA,true,370,96,0.2595,96,52,0.5417,,,
jal>concejo,2011,2015,CARLOS HERNANDO BOCANEGRA ROMERO,CARLOS HERNANDO BOCANEGRA ROMERO,15,15-109,02,PARTIDO CAMBIO RADICAL,PARTIDO CAMBIO RADICAL,true,369,88,0.2385,88,17,0.1932,,,
jal>concejo,2011,2015,JOSE FHANOR PALACIOS MINA,JOSE FHANOR PALACIOS MINA,31,31-001,17,"MOVIMIENTO ""MIRA""",MOVIMIENTO MIRA,true,368,1053,2.8614,1053,47,0.0446,,,
jal>concejo,2011,2015,JUAN DE DIOS SOLARTE ARIAS,JUAN DE DIOS SOLARTE ARIAS,15,15-247,02,PARTIDO SOCIAL DE UNIDAD NACIONAL,PARTIDO DE LA U,false,367,138,0.376,138,30,0.2174,,,
jal>concejo,2011,2015,SERGIO ANDRES MARIN BLANCO,SERGIO ANDRES MARIN BLANCO,27,27-001,07,"MOVIMIENTO ""MIRA""",MOVIMIENTO MIRA,true,367,552,1.5041,552,32,0.058,,,
jal>concejo,2011,2015,LILIANA SOFIA AGUILAR MATURANA,LILIANA SOFIA AGUILAR MATURANA,21,21-001,02,"MOVIMIENTO ""MIRA""",MOVIMIENTO MIRA,true,365,416,1.1397,416,286,0.6875,,,
jal>concejo,2011,2015,JOHANA CADENA POLOCHE,JOHANA CADENA POLOCHE,09,09-001,10,PARTIDO SOCIAL DE UNIDAD NACIONAL,PARTIDO DE LA U,false,364,675,1.8544,675,239,0.3541,,,
jal>concejo,2011,2015,WILMER MORENO TOVAR,WILMER MORENO TOVAR,19,19-001,04,PARTIDO SOCIAL DE UNIDAD NACIONAL,PARTIDO DE LA U,false,362,157,0.4337,157,30,0.1911,,,
jal>concejo,2011,2015,VIVIANA ACEVEDO CORREA,VIVIANA ACEVEDO CORREA,01,01-049,01,PARTIDO CONSERVADOR COLOMBIANO,PARTIDO ALIANZA SOCIAL INDEPENDIENTE,false,361,128,0.3546,128,8,0.0625,,,
jal>concejo,2011,2015,SERGIO JULIAN CABALLERO SANCHEZ,SERGIO JULIAN CABALLERO SANCHEZ,27,27-001,000,PARTIDO LIBERAL COLOMBIANO,MOVIMIENTO AUTORIDADES INDÍGENAS DE COLOMBIA,false,361,1228,3.4017,1228,101,0.0822,,,
jal>concejo,2011,2015,CONSUELO RAMIREZ CASTRILLON,CONSUELO RAMIREZ CASTRILLON,09,09-001,11,"MOVIMIENTO ""MIRA""",MOVIMIENTO MIRA,true,353,148,0.4193,148,38,0.2568,,,
jal>concejo,2011,2015,ALFONSO ALFONSO CAMARGO,ALFONSO ALFONSO CAMARGO,16,16-001,10,PARTIDO CONSERVADOR COLOMBIANO,PARTIDO CONSERVADOR COLOMBIANO,true,352,424,1.2045,424,93,0.2193,,,
jal>concejo,2011,2015,GRACIELA BARBOSA ACOSTA,GRACIELA BARBOSA ACOSTA,29,29-001,01,PARTIDO LIBERAL COLOMBIANO,LA ROSITA,false,350,132,0.3771,132,10,0.0758,,,
jal>concejo,2011,2015,LUCELLY RAMIREZ CEPEDA,LUCELLY RAMIREZ CEPEDA,15,15-247,05,PARTIDO SOCIAL DE UNIDAD NACIONAL,PARTIDO DE LA U,false,349,196,0.5616,196,58,0.2959,,,
jal>concejo,2011,2015,LUZ AMERICA MARIN GARZON,LUZ AMERICA MARIN GARZON,31,31-001,07,POLO DEMOCRÁTICO ALTERNATIVO,PARTIDO POLO DEMOCRÁTICO ALTERNATIVO,true,347,322,0.928,322,12,0.0373,,,
jal>concejo,2011,2015,YURY JOHANNA CASTRO CORREDOR,YURY JOHANNA CASTRO CORREDOR,52,52-001,04,PARTIDO VERDE,PARTIDO CAMBIO RADICAL,false,345,318,0.9217,318,37,0.1164,,,
jal>concejo,2011,2015,ISIDRO OBREGON RODRIGUEZ,ISIDRO OBREGON RODRIGUEZ,12,12-001,04,PARTIDO SOCIAL DE UNIDAD NACIONAL,LA FAMILIA ES LO PRIMERO,false,344,158,0.4593,158,61,0.3861,,,
jal>concejo,2011,2015,WILLIAM GALAN CHAPARRO,WILLIAM GALAN CHAPARRO,46,46-001,01,PARTIDO LIBERAL COLOMBIANO,PARTIDO LIBERAL COLOMBIANO,true,341,187,0.5484,187,80,0.4278,,,
jal>concejo,2011,2015,LUZ MARINA TORRES BENITEZ,LUZ MARINA TORRES BENITEZ,16,16-001,01,"MOVIMIENTO ""MIRA""",MOVIMIENTO MIRA,true,339,705,2.0796,705,60,0.0851,,,
jal>concejo,2011,2015,GUILLERMO CRISTANCHO OLAYA,GUILLERMO CRISTANCHO OLAYA,19,19-001,06,PARTIDO LIBERAL COLOMBIANO,PARTIDO LIBERAL COLOMBIANO,true,339,261,0.7699,261,35,0.1341,,,
jal>concejo,2011,2015,YHON EDUARD OROZCO CIRO,YHON EDUARD OROZCO CIRO,09,09-001,09,PARTIDO VERDE,PARTIDO OPCIÓN CIUDADANA,false,338,1365,4.0385,1365,480,0.3516,,,
jal>concejo,2011,2015,ROSMERY ROMERO BORJAS,ROSMERY ROMERO BORJAS,05,05-001,03,MOVIMIENTO POLITICO AFROVIDES,CARTAGENA CON FIRMAS,false,333,151,0.4535,151,73,0.4834,,,
jal>concejo,2011,2015,GUSTAVO DE JESUS HIGUITA ZABALA,GUSTAVO DE JESUS HIGUITA ZABALA,01,01-035,01,PARTIDO LIBERAL COLOMBIANO,PARTIDO LIBERAL COLOMBIANO,true,331,87,0.2628,87,44,0.5057,,,
jal>concejo,2011,2015,MARTHA CECILIA PORTELA DE BAUTISTA,MARTHA CECILIA PORTELA DE BAUTISTA,15,15-109,04,MOVIMIENTO AUTORIDADES INDIGENAS DE COLOMBIA,MOVIMIENTO AUTORIDADES INDÍGENAS DE COLOMBIA,true,328,23,0.0701,23,13,0.5652,,,
jal>concejo,2011,2015,JOSE RICARDO SERRANO VELASCO,JOSE RICARDO SERRANO VELASCO,25,25-001,01,PARTIDO LIBERAL COLOMBIANO,PARTIDO CAMBIO RADICAL,false,328,1511,4.6067,1511,223,0.1476,,,
jal>concejo,2011,2015,ALDO DE JESUS SIERRA ROMERO,ALDO DE JESUS SIERRA ROMERO,21,21-001,01,PARTIDO CAMBIO RADICAL,PARTIDO CONSERVADOR COLOMBIANO,false,325,257,0.7908,257,73,0.284,,,
jal>concejo,2011,2015,NUBIA ELCY CHILMA MANQUILLO,NUBIA ELCY CHILMA MANQUILLO,09,09-001,06,"MOVIMIENTO ""MIRA""",MOVIMIENTO MIRA,true,324,146,0.4506,146,43,0.2945,,,
jal>concejo,2011,2015,LUZ MIREYA CAMELO,LUZ MIREYA CAMELO,16,16-001,04,"MOVIMIENTO ""MIRA""",MOVIMIENTO MIRA,true,321,2803,8.7321,2803,740,0.264,,,
jal>concejo,2011,2015,HARBY ENRIQUE BELTRAN URUETA,HARBY ENRIQUE BELTRAN URUETA,15,15-094,02,PARTIDO SOCIAL DE UNIDAD NACIONAL,PARTIDO DE LA U,false,319,507,1.5893,507,64,0.1262,,,
jal>concejo,2011,2015,HECTOR JULIO MONTENEGRO GOMEZ,HECTOR JULIO MONTENEGRO GOMEZ,21,21-016,02,PARTIDO VERDE,PARTIDO ALIANZA VERDE,false,319,14,0.0439,14,7,0.5,,,
jal>concejo,2011,2015,MONICA ISABEL RESTREPO URIBE,MONICA ISABEL RESTREPO URIBE,01,01-151,03,PARTIDO SOCIAL DE UNIDAD NACIONAL,PARTIDO DE LA U,false,318,302,0.9497,302,14,0.0464,,,
jal>concejo,2011,2015,ORLANDO DE JESUS ARCILA ARISTIZABAL,ORLANDO DE JESUS ARCILA ARISTIZABAL,24,24-001,01,PARTIDO CONSERVADOR COLOMBIANO,PARTIDO CONSERVADOR COLOMBIANO,true,318,758,2.3836,758,389,0.5132,,,
jal>concejo,2011,2015,LUDIBIA SALGADO SALGADO,LUDIBIA SALGADO SALGADO,31,31-079,05,"MOVIMIENTO ""MIRA""",MOVIMIENTO MIRA,true,317,76,0.2397,76,18,0.2368,,,
jal>concejo,2011,2015,LIDUVINA DE LOS SANTOS ESPITIA AGAMEZ,LIDUVINA DE LOS SANTOS ESPITIA AGAMEZ,01,01-035,01,PARTIDO DE INTEGRACION NACIONAL,PARTIDO OPCIÓN CIUDADANA,false,311,115,0.3698,115,62,0.5391,,,
jal>concejo,2011,2015,CARLOS EMIRO LANCHEROS PENA,CARLOS EMIRO LANCHEROS PENA,16,16-001,13,PARTIDO CONSERVADOR COLOMBIANO,MOVIMIENTO SIGNIFICATIVO DE CIUDADANOS PROGRESISTAS,false,311,433,1.3923,433,18,0.0416,,,
jal>concejo,2011,2015,FANNY RAMIREZ BEDOYA,FANNY RAMIREZ BEDOYA,31,31-079,04,"MOVIMIENTO ""MIRA""",MOVIMIENTO MIRA,true,310,49,0.1581,49,4,0.0816,,,
jal>concejo,2011,2015,WILLSON DIEZ RAMOS,WILLSON DIEZ RAMOS,01,01-151,02,PARTIDO LIBERAL COLOMBIANO,PODEMOS MÁS,false,307,64,0.2085,64,21,0.3281,,,
jal>concejo,2011,2015,JAVIER ANDRES MONTERO ZULUAGA,JAVIER ANDRES MONTERO ZULUAGA,31,31-001,05,PARTIDO LIBERAL COLOMBIANO,PARTIDO LIBERAL COLOMBIANO,true,307,726,2.3648,726,29,0.0399,,,
jal>concejo,2011,2015,BLANCA TULIA ROJAS OLMEDO,BLANCA TULIA ROJAS OLMEDO,31,31-022,02,"MOVIMIENTO ""MIRA""",MOVIMIENTO MIRA,true,307,59,0.1922,59,18,0.3051,,,
jal>concejo,2011,2015,IRMA VALENCIA ARIAS,IRMA VALENCIA ARIAS,24,24-025,03,"MOVIMIENTO ""MIRA""",MOVIMIENTO MIRA,true,306,214,0.6993,214,16,0.0748,,,
jal>concejo,2011,2015,WLADIMIR ANTONIO BOLANOS SANCHEZ,WLADIMIR ANTONIO BOLANOS SANCHEZ,01,01-151,01,POLO DEMOCRÁTICO ALTERNATIVO,PARTIDO POLO DEMOCRÁTICO ALTERNATIVO,true,305,241,0.7902,241,49,0.2033,,,
jal>concejo,2011,2015,NAFER YAKELINE NOVOA MUNOZ,NAFER YAKELINE NOVOA MUNOZ,13,13-001,38,PARTIDO LIBERAL COLOMBIANO,PARTIDO CENTRO DEMOCRÁTICO,false,304,376,1.2368,376,66,0.1755,,,
jal>concejo,2011,2015,JHON FREDY VALENCIA CARDONA,JHON FREDY VALENCIA CARDONA,24,24-001,13,"MOVIMIENTO ""MIRA""",MOVIMIENTO MIRA,true,303,279,0.9208,279,3,0.0108,,,
jal>concejo,2011,2015,CLARIVEL RODRIGUEZ BONILLA,CLARIVEL RODRIGUEZ BONILLA,24,24-001,11,"MOVIMIENTO ""MIRA""",MOVIMIENTO MIRA,true,301,364,1.2093,364,3,0.0082,,,
jal>concejo,2011,2015,MODESTO ZUNIGA VENTE,MODESTO ZUNIGA VENTE,31,31-019,02,"MOVIMIENTO ""MIRA""",MOVIMIENTO MIRA,true,301,210,0.6977,210,141,0.6714,,,
jal>concejo,2011,2015,LUIS FERNANDO DUQUE LOPEZ,LUIS FERNANDO DUQUE LOPEZ,09,09-001,09,MOVIMIENTO DE INCLUSION Y OPORTUNIDADES,PARTIDO CAMBIO RADICAL,false,301,750,2.4917,750,289,0.3853,,,
jal>concejo,2011,2015,REINALDO JORGE CARDONA VALENCIA,REINALDO JORGE CARDONA VALENCIA,09,09-001,03,POLO DEMOCRÁTICO ALTERNATIVO,PARTIDO POLO DEMOCRÁTICO ALTERNATIVO,true,301,188,0.6246,188,35,0.1862,,,
jal>concejo,2011,2015,JOSE ANDRES UCROS DE LUQUEZ,JOSE ANDRES UCROS DE LUQUEZ,48,48-001,02,PARTIDO LIBERAL COLOMBIANO,PARTIDO LIBERAL COLOMBIANO,true,297,50,0.1684,50,6,0.12,,,
jal>concejo,2011,2015,MIREYA PRIETO VARGAS,MIREYA PRIETO VARGAS,15,15-340,04,PARTIDO LIBERAL COLOMBIANO,MOVIMIENTO AUTORIDADES INDÍGENAS DE COLOMBIA,false,296,8,0.027,8,2,0.25,,,
jal>concejo,2011,2015,CRISTIAN ARLEY CONDE,CRISTIAN ARLEY CONDE,19,19-001,05,POLO DEMOCRÁTICO ALTERNATIVO,PARTIDO POLO DEMOCRÁTICO ALTERNATIVO,true,295,164,0.5559,164,11,0.0671,,,
jal>concejo,2011,2015,GLORIA AMANDA ORTIZ MINOTTA,GLORIA AMANDA ORTIZ MINOTTA,31,31-019,02,"MOVIMIENTO ""MIRA""",MOVIMIENTO MIRA,true,295,149,0.5051,149,120,0.8054,,,
jal>concejo,2011,2015,MARELBY DEL PILAR GAITAN PALACIO,MARELBY DEL PILAR GAITAN PALACIO,03,03-001,02,MOVIMIENTO AUTORIDADES INDIGENAS DE COLOMBIA,"MOVIMIENTO ALTERNATIVO INDÍGENA Y SOCIAL ""MAIS""",false,294,73,0.2483,73,18,0.2466,,,
jal>concejo,2011,2015,MORALBA IJAJI BAOS,MORALBA IJAJI BAOS,11,11-001,07,PARTIDO LIBERAL COLOMBIANO,PARTIDO LIBERAL COLOMBIANO,true,293,675,2.3038,675,214,0.317,,,
jal>concejo,2011,2015,LUZ ELENA SOGAMOSO SUAREZ,LUZ ELENA SOGAMOSO SUAREZ,19,19-001,01,MOVIMIENTO DE INCLUSION Y OPORTUNIDADES,MOVIMIENTO AUTORIDADES INDÍGENAS DE COLOMBIA,false,292,52,0.1781,52,23,0.4423,,,
jal>concejo,2011,2015,ALFONSO SUAREZ TORRES,ALFONSO SUAREZ TORRES,46,46-001,02,PARTIDO CAMBIO RADICAL,PARTIDO CAMBIO RADICAL,true,291,108,0.3711,108,37,0.3426,,,
jal>concejo,2011,2015,LUIS EMILIO FONSECA SANTIAGO,LUIS EMILIO FONSECA SANTIAGO,16,16-001,19,PARTIDO DE INTEGRACION NACIONAL,PARTIDO OPCIÓN CIUDADANA,false,279,508,1.8208,508,190,0.374,,,
jal>concejo,2011,2015,FRANKLIN ENRIQUE PAREJO AYALA,FRANKLIN ENRIQUE PAREJO AYALA,21,21-016,02,"MOVIMIENTO ""MIRA""",MOVIMIENTO MIRA,true,278,169,0.6079,169,57,0.3373,,,
jal>concejo,2011,2015,SEGUNDO DIMAS VALENCIA QUINONES,SEGUNDO DIMAS VALENCIA QUINONES,31,31-055,01,MOVIMIENTO AUTORIDADES INDIGENAS DE COLOMBIA,PARTIDO CAMBIO RADICAL,false,277,80,0.2888,80,32,0.4,,,
jal>concejo,2011,2015,PAULA ANDREA VELEZ ECHAVARRIA,PAULA ANDREA VELEZ ECHAVARRIA,01,01-049,02,PARTIDO VERDE,MOVIMIENTO CÍVICO CIUDAD BELLO,false,276,71,0.2572,71,7,0.0986,,,
jal>concejo,2011,2015,RICAURTER RIASCOS ALEGRIA,RICAURTER RIASCOS ALEGRIA,31,31-019,01,"MOVIMIENTO ""MIRA""",MOVIMIENTO MIRA,true,276,82,0.2971,82,52,0.6341,,,
jal>concejo,2011,2015,CARLOS ANDRES SAMBONI SANCHEZ,CARLOS ANDRES SAMBONI SANCHEZ,19,19-061,99,PARTIDO SOCIAL DE UNIDAD NACIONAL,PARTIDO DE LA U,false,273,187,0.685,187,110,0.5882,,,
jal>concejo,2011,2015,LILIANA GONZALEZ SANDOVAL,LILIANA GONZALEZ SANDOVAL,48,48-010,03,POLO DEMOCRÁTICO ALTERNATIVO,PARTIDO POLO DEMOCRÁTICO ALTERNATIVO,true,273,26,0.0952,26,5,0.1923,,,
jal>concejo,2011,2015,ELIZABETH BELTRAN RODRIGUEZ,ELIZABETH BELTRAN RODRIGUEZ,31,31-001,14,PARTIDO CAMBIO RADICAL,PARTIDO ALIANZA SOCIAL INDEPENDIENTE,false,272,339,1.2463,339,185,0.5457,,,
jal>concejo,2011,2015,YALEDYS JAIMES JAIMES,YALEDYS JAIMES JAIMES,12,12-001,02,PARTIDO LIBERAL COLOMBIANO,PARTIDO CONSERVADOR COLOMBIANO,false,271,67,0.2472,67,20,0.2985,,,
jal>concejo,2011,2015,MARIA MERCEDES NAVARRO HERNANDEZ,MARIA MERCEDES NAVARRO HERNANDEZ,27,27-019,03,"MOVIMIENTO ""MIRA""",MOVIMIENTO MIRA,true,266,70,0.2632,70,31,0.4429,,,
jal>concejo,2011,2015,GILMA MERCEDES BALLESTAS OLIVERO,GILMA MERCEDES BALLESTAS OLIVERO,21,21-001,01,PARTIDO SOCIAL DE UNIDAD NACIONAL,"MOVIMIENTO ALTERNATIVO INDÍGENA Y SOCIAL ""MAIS""",false,261,188,0.7203,188,124,0.6596,,,
jal>concejo,2011,2015,MARIA NORA ECHEVERRY SANCHEZ,MARIA NORA ECHEVERRY SANCHEZ,31,31-022,03,"MOVIMIENTO ""MIRA""",MOVIMIENTO MIRA,true,260,93,0.3577,93,32,0.3441,,,
jal>concejo,2011,2015,LUZ MARY CORREA CASTRO,LUZ MARY CORREA CASTRO,31,31-079,04,"MOVIMIENTO ""MIRA""",MOVIMIENTO MIRA,true,260,84,0.3231,84,3,0.0357,,,
jal>concejo,2011,2015,LIMBANIA MARIA COBO CALERO,LIMBANIA MARIA COBO CALERO,31,31-022,01,PARTIDO LIBERAL COLOMBIANO,PARTIDO CAMBIO RADICAL,false,257,204,0.7938,204,37,0.1814,,,
jal>concejo,2011,2015,CESAR AUGUSTO LOPEZ AGUIRRE,CESAR AUGUSTO LOPEZ AGUIRRE,01,01-049,000,PARTIDO VERDE,PARTIDO ALIANZA VERDE,false,256,353,1.3789,353,35,0.0992,,,
jal>concejo,2011,2015,ROBERTO CARLOS MARTINEZ PATERNINA,ROBERTO CARLOS MARTINEZ PATERNINA,28,28-001,01,PARTIDO CONSERVADOR COLOMBIANO,PARTIDO ALIANZA SOCIAL INDEPENDIENTE,false,256,100,0.3906,100,3,0.03,,,
jal>concejo,2011,2015,DORIS AIDA ESTRADA OROZCO,DORIS AIDA ESTRADA OROZCO,24,24-025,000,PARTIDO CONSERVADOR COLOMBIANO,PARTIDO CONSERVADOR COLOMBIANO,true,252,120,0.4762,120,74,0.6167,,,
jal>concejo,2011,2015,CESAR AUGUSTO BURGOS ANAYA,CESAR AUGUSTO BURGOS ANAYA,13,13-001,04,PARTIDO CONSERVADOR COLOMBIANO,"MOVIMIENTO ALTERNATIVO INDÍGENA Y SOCIAL ""MAIS""",false,251,184,0.7331,184,81,0.4402,,,
jal>concejo,2011,2015,CARMEN DEIFILIA OSORIO JARAMILLO,CARMEN DEIFILIA OSORIO JARAMILLO,31,31-022,03,"MOVIMIENTO ""MIRA""",MOVIMIENTO MIRA,true,251,25,0.0996,25,7,0.28,,,
jal>concejo,2011,2015,MERCEDES ORTIZ GONGORA,MERCEDES ORTIZ GONGORA,15,15-109,02,POLO DEMOCRÁTICO ALTERNATIVO,PARTIDO POLO DEMOCRÁTICO ALTERNATIVO,true,247,75,0.3036,75,37,0.4933,,,
jal>concejo,2011,2015,WILSON EMILIO PINTO JIMENEZ,WILSON EMILIO PINTO JIMENEZ,16,16-001,16,"MOVIMIENTO ""MIRA""",MOVIMIENTO MIRA,true,241,724,3.0041,724,65,0.0898,,,
jal>concejo,2011,2015,DANIEL ENRIQUE QUINONES DIAZ,DANIEL ENRIQUE QUINONES DIAZ,31,31-022,03,PARTIDO LIBERAL COLOMBIANO,PARTIDO LIBERAL COLOMBIANO,true,241,467,1.9378,467,140,0.2998,,,
jal>concejo,2011,2015,DORA YANETH CRISTANCHO PATINO,DORA YANETH CRISTANCHO PATINO,07,07-079,03,PARTIDO SOCIAL DE UNIDAD NACIONAL,PARTIDO DE LA U,false,240,263,1.0958,263,54,0.2053,,,
jal>concejo,2011,2015,LUIS GUILLERMO MEDINA CACERES,LUIS GUILLERMO MEDINA CACERES,07,07-079,04,PARTIDO SOCIAL DE UNIDAD NACIONAL,PARTIDO DE LA U,false,239,59,0.2469,59,17,0.2881,,,
jal>concejo,2011,2015,WILLIAM DE JESUS PULGARIN RESTREPO,WILLIAM DE JESUS PULGARIN RESTREPO,01,01-049,01,PARTIDO CONSERVADOR COLOMBIANO,PARTIDO CONSERVADOR COLOMBIANO,true,238,186,0.7815,186,34,0.1828,,,
jal>concejo,2011,2015,STEFANIA CABALLERO MALDONADO,STEFANIA CABALLERO MALDONADO,03,03-001,01,PARTIDO SOCIAL DE UNIDAD NACIONAL,PARTIDO DE LA U,false,235,215,0.9149,215,89,0.414,,,
jal>concejo,2011,2015,EIBER HERNAN GARCIA GALLEGO,EIBER HERNAN GARCIA GALLEGO,31,31-121,02,"MOVIMIENTO ""MIRA""",MOVIMIENTO MIRA,true,235,21,0.0894,21,12,0.5714,,,
jal>concejo,2011,2015,LUZ MYRIAM VALENCIA OBANDO,LUZ MYRIAM VALENCIA OBANDO,31,31-034,06,"MOVIMIENTO ""MIRA""",MOVIMIENTO MIRA,true,233,57,0.2446,57,15,0.2632,,,
jal>concejo,2011,2015,LUZ DARY HENAO ARIAS,LUZ DARY HENAO ARIAS,24,24-001,14,"MOVIMIENTO ""MIRA""",MOVIMIENTO MIRA,true,231,241,1.0433,241,4,0.0166,,,
jal>concejo,2011,2015,EDWIN CARRILLO CASTRO,EDWIN CARRILLO CASTRO,27,27-001,03,PARTIDO DE INTEGRACION NACIONAL,PARTIDO OPCIÓN CIUDADANA,false,231,987,4.2727,987,131,0.1327,,,
jal>concejo,2011,2015,MARIO ANDRES BERMUDEZ,MARIO ANDRES BERMUDEZ,31,31-055,04,"MOVIMIENTO ""MIRA""",MOVIMIENTO MIRA,true,231,274,1.1861,274,128,0.4672,,,
jal>concejo,2011,2015,JOSE GREGORIO MARIMON RAMOS,JOSE GREGORIO MARIMON RAMOS,05,05-118,03,PARTIDO SOCIAL DE UNIDAD NACIONAL,PARTIDO DE LA U,false,231,84,0.3636,84,8,0.0952,,,
jal>concejo,2011,2015,AYDEE GALLEGO GIRALDO,AYDEE GALLEGO GIRALDO,24,24-086,04,PARTIDO CONSERVADOR COLOMBIANO,PARTIDO ALIANZA VERDE,false,230,108,0.4696,108,39,0.3611,,,
jal>concejo,2011,2015,DANILA GUZMAN MARTINEZ,DANILA GUZMAN MARTINEZ,24,24-001,07,"MOVIMIENTO ""MIRA""",MOVIMIENTO MIRA,true,227,230,1.0132,230,0,0,,,
jal>concejo,2011,2015,KATHERINE MOSQUERA GAMBOA,KATHERINE MOSQUERA GAMBOA,31,31-079,01,"MOVIMIENTO ""MIRA""",MOVIMIENTO MIRA,true,227,70,0.3084,70,5,0.0714,,,
jal>concejo,2011,2015,ENRIQUE DE JESUS MARIA RODRIGUEZ CONTRERAS,ENRIQUE DE JESUS MARIA RODRIGUEZ CONTRERAS,07,07-079,05,PARTIDO SOCIAL DE UNIDAD NACIONAL,PARTIDO DE LA U,false,227,65,0.2863,65,11,0.1692,,,
jal>concejo,2011,2015,ANDRES DAMIAN VILLA ROSALES,ANDRES DAMIAN VILLA ROSALES,31,31-001,04,"MOVIMIENTO ""MIRA""",MOVIMIENTO MIRA,true,224,691,3.0848,691,317,0.4588,,,
jal>concejo,2011,2015,JOSE ALIRIO ROA LEAL,JOSE ALIRIO ROA LEAL,19,19-061,02,PARTIDO VERDE,PARTIDO ALIANZA VERDE,false,223,94,0.4215,94,30,0.3191,,,
jal>concejo,2011,2015,GLORIA ELENA MONSALVE SALAZAR,GLORIA ELENA MONSALVE SALAZAR,01,01-049,03,PARTIDO VERDE,PARTIDO ALIANZA VERDE,false,222,228,1.027,228,107,0.4693,,,
jal>concejo,2011,2015,MARIA YANETH ANGARITA NIEVES,MARIA YANETH ANGARITA NIEVES,15,15-247,02,PARTIDO VERDE,PARTIDO POLO DEMOCRÁTICO ALTERNATIVO,false,219,159,0.726,159,68,0.4277,,,
jal>concejo,2011,2015,JAIR RODRIGUEZ SALAZAR,JAIR RODRIGUEZ SALAZAR,31,31-001,03,PARTIDO SOCIAL DE UNIDAD NACIONAL,PARTIDO OPCIÓN CIUDADANA,false,219,148,0.6758,148,47,0.3176,,,
jal>concejo,2011,2015,JACK ROBIN VARGAS RINCON,JACK ROBIN VARGAS RINCON,25,25-001,08,PARTIDO CAMBIO RADICAL,"MOVIMIENTO ALTERNATIVO INDÍGENA Y SOCIAL ""MAIS""",false,217,103,0.4747,103,31,0.301,,,
jal>concejo,2011,2015,MARIA SONIA BANOL,MARIA SONIA BANOL,09,09-001,06,"MOVIMIENTO ""MIRA""",MOVIMIENTO MIRA,true,217,314,1.447,314,78,0.2484,,,
jal>concejo,2011,2015,JHON JAIRO LUNA ZUNIGA,JHON JAIRO LUNA ZUNIGA,19,19-001,04,POLO DEMOCRÁTICO ALTERNATIVO,MOVIMIENTO AUTORIDADES INDÍGENAS DE COLOMBIA,false,214,197,0.9206,197,30,0.1523,,,
jal>concejo,2011,2015,FROILAN GONZALEZ LOSADA,FROILAN GONZALEZ LOSADA,19,19-001,06,PARTIDO LIBERAL COLOMBIANO,"MOVIMIENTO ALTERNATIVO INDÍGENA Y SOCIAL ""MAIS""",false,214,143,0.6682,143,7,0.049,,,
jal>concejo,2011,2015,JAVIER ARTURO MORALES GUANGA,JAVIER ARTURO MORALES GUANGA,31,31-019,02,PARTIDO DE INTEGRACION NACIONAL,PARTIDO OPCIÓN CIUDADANA,false,214,69,0.3224,69,42,0.6087,,,
jal>concejo,2011,2015,ALBA TERESA BARBOSA RODRIGUEZ,ALBA TERESA BARBOSA RODRIGUEZ,15,15-247,05,PARTIDO LIBERAL COLOMBIANO,PARTIDO LIBERAL COLOMBIANO,true,213,126,0.5915,126,29,0.2302,,,
jal>concejo,2011,2015,OMERO GARCIA PANCHE,OMERO GARCIA PANCHE,15,15-094,02,PARTIDO SOCIAL DE UNIDAD NACIONAL,PARTIDO DE LA U,false,213,134,0.6291,134,15,0.1119,,,
jal>concejo,2011,2015,YEISON ORTIZ CARDENAS,YEISON ORTIZ CARDENAS,01,01-001,000,"MOVIMIENTO ""MIRA""",MOVIMIENTO MIRA,true,209,1096,5.244,1096,459,0.4188,,,
jal>concejo,2011,2015,DARWIN PARRA CASTILLA,DARWIN PARRA CASTILLA,05,05-007,04,PARTIDO LIBERAL COLOMBIANO,PARTIDO ALIANZA SOCIAL INDEPENDIENTE,false,209,121,0.5789,121,56,0.4628,,,
jal>concejo,2011,2015,ALVARO EDUARDO OROZCO MORALES,ALVARO EDUARDO OROZCO MORALES,31,31-001,03,"MOVIMIENTO ""MIRA""",MOVIMIENTO MIRA,true,208,474,2.2788,474,130,0.2743,,,
jal>concejo,2011,2015,OLGA LUCIA OLAYA MARTINEZ,OLGA LUCIA OLAYA MARTINEZ,31,31-001,01,"MOVIMIENTO ""MIRA""",MOVIMIENTO MIRA,true,207,675,3.2609,675,317,0.4696,,,
jal>concejo,2011,2015,JUAN ESTEBAN JIMENEZ VELASQUEZ,JUAN ESTEBAN JIMENEZ VELASQUEZ,09,09-001,07,PARTIDO LIBERAL COLOMBIANO,PARTIDO LIBERAL COLOMBIANO,true,207,1146,5.5362,1146,377,0.329,,,
jal>concejo,2011,2015,ROSA LEIDA PIEDRAHITA SANTACRUZ,ROSA LEIDA PIEDRAHITA SANTACRUZ,19,19-061,99,PARTIDO CAMBIO RADICAL,PARTIDO CAMBIO RADICAL,true,206,543,2.6359,543,401,0.7385,,,
jal>concejo,2011,2015,JUAN CARLOS MUNOZ VALENCIA,JUAN CARLOS MUNOZ VALENCIA,31,31-055,01,PARTIDO SOCIAL DE UNIDAD NACIONAL,PARTIDO POLO DEMOCRÁTICO ALTERNATIVO,false,206,27,0.1311,27,13,0.4815,,,
jal>concejo,2011,2015,LUIS JAVIER MARIN MARTINEZ,LUIS JAVIER MARIN MARTINEZ,13,13-001,06,POLO DEMOCRÁTICO ALTERNATIVO,PARTIDO POLO DEMOCRÁTICO ALTERNATIVO,true,203,165,0.8128,165,58,0.3515,,,
jal>concejo,2011,2015,JOSE DOMINGO ACEVEDO ZAPATA,JOSE DOMINGO ACEVEDO ZAPATA,01,01-049,03,PARTIDO CONSERVADOR COLOMBIANO,PARTIDO DE LA U,false,201,165,0.8209,165,15,0.0909,,,
jal>concejo,2011,2015,BELISARIO MOSQUERA TOBAR,BELISARIO MOSQUERA TOBAR,31,31-019,02,POLO DEMOCRÁTICO ALTERNATIVO,PARTIDO POLO DEMOCRÁTICO ALTERNATIVO,true,200,130,0.65,130,87,0.6692,,,
jal>concejo,2011,2015,RAQUEL DOLORES VEGA GOMEZ,RAQUEL DOLORES VEGA GOMEZ,48,48-010,03,PARTIDO VERDE,PARTIDO ALIANZA VERDE,false,199,50,0.2513,50,14,0.28,,,
jal>concejo,2011,2015,GLORIA ISABEL GALVIS SILVA,GLORIA ISABEL GALVIS SILVA,15,15-247,06,PARTIDO SOCIAL DE UNIDAD NACIONAL,PARTIDO DE LA U,false,198,153,0.7727,153,39,0.2549,,,
jal>concejo,2011,2015,JUANITA DE LOS ANGELES ARIZA GUZMAN,JUANITA DE LOS ANGELES ARIZA GUZMAN,16,16-001,03,PARTIDO VERDE,PARTIDO ALIANZA VERDE,false,198,1164,5.8788,1164,18,0.0155,,,
jal>concejo,2011,2015,GILDARDO ANTONIO ALZATE LONDONO,GILDARDO ANTONIO ALZATE LONDONO,15,15-115,02,PARTIDO LIBERAL COLOMBIANO,PARTIDO LIBERAL COLOMBIANO,true,196,129,0.6582,129,96,0.7442,,,
jal>concejo,2011,2015,JOHN HAROLD PINILLA RESTREPO,JOHN HAROLD PINILLA RESTREPO,31,31-022,01,POLO DEMOCRÁTICO ALTERNATIVO,PARTIDO POLO DEMOCRÁTICO ALTERNATIVO,true,196,121,0.6173,121,24,0.1983,,,
jal>concejo,2011,2015,JUNIOR HELIBERTO ROJAS RODRIGUEZ,JUNIOR HELIBERTO ROJAS RODRIGUEZ,27,27-001,18,PARTIDO DE INTEGRACION NACIONAL,MOVIMIENTO AUTORIDADES INDÍGENAS DE COLOMBIA,false,195,1020,5.2308,1020,245,0.2402,,,
jal>concejo,2011,2015,JORGE ELIECER FRANCO RUIZ,JORGE ELIECER FRANCO RUIZ,29,29-046,03,PARTIDO VERDE,PARTIDO DE LA U,false,195,51,0.2615,51,14,0.2745,,,
jal>concejo,2011,2015,ESMERALDA CARDONA RAMIREZ,ESMERALDA CARDONA RAMIREZ,24,24-001,08,PARTIDO LIBERAL COLOMBIANO,PARTIDO LIBERAL COLOMBIANO,true,193,509,2.6373,509,17,0.0334,,,
jal>concejo,2011,2015,YUBELIZ ESTHER VIERA MELENDEZ,YUBELIZ ESTHER VIERA MELENDEZ,21,21-001,01,PARTIDO CAMBIO RADICAL,PARTIDO ALIANZA SOCIAL INDEPENDIENTE,false,191,61,0.3194,61,16,0.2623,,,
jal>concejo,2011,2015,JACKSON FERNANDO PENA CASTILLO,JACKSON FERNANDO PENA CASTILLO,15,15-247,02,PARTIDO DE INTEGRACION NACIONAL,PARTIDO CAMBIO RADICAL,false,189,400,2.1164,400,176,0.44,,,
jal>concejo,2011,2015,YOLANDA VASQUEZ ROJAS,YOLANDA VASQUEZ ROJAS,15,15-340,03,PARTIDO SOCIAL DE UNIDAD NACIONAL,ZIPAQUIRÁ NUESTRA,false,189,109,0.5767,109,25,0.2294,,,
jal>concejo,2011,2015,OLGA LUCIA OSPINA MUNOZ,OLGA LUCIA OSPINA MUNOZ,24,24-001,18,"MOVIMIENTO ""MIRA""",MOVIMIENTO MIRA,true,189,221,1.1693,221,3,0.0136,,,
jal>concejo,2011,2015,HENRY MARIN OSPINA,HENRY MARIN OSPINA,24,24-025,03,PARTIDO LIBERAL COLOMBIANO,DOSQUEBRADAS MEJOR,false,189,277,1.4656,277,28,0.1011,,,
jal>concejo,2011,2015,TANIA MARCELA VARGAS DAZA,TANIA MARCELA VARGAS DAZA,26,26-001,000,PARTIDO LIBERAL COLOMBIANO,PARTIDO CAMBIO RADICAL,false,187,313,1.6738,313,78,0.2492,,,
jal>concejo,2011,2015,SUGUEY BARRAGAN TORRES,SUGUEY BARRAGAN TORRES,15,15-115,02,PARTIDO LIBERAL COLOMBIANO,PARTIDO LIBERAL COLOMBIANO,true,184,165,0.8967,165,158,0.9576,,,
jal>concejo,2011,2015,LIBIA SANTAMARIA TORRES,LIBIA SANTAMARIA TORRES,27,27-019,03,PARTIDO DE INTEGRACION NACIONAL,PARTIDO CONSERVADOR COLOMBIANO,false,184,97,0.5272,97,62,0.6392,,,
jal>concejo,2011,2015,ADOLFO LEON ECHEVERRI ESPINOSA,ADOLFO LEON ECHEVERRI ESPINOSA,01,01-001,13,"MOVIMIENTO ""MIRA""",MOVIMIENTO MIRA,true,179,442,2.4693,442,57,0.129,,,
jal>concejo,2011,2015,LEONILDE VELEZ GUTIERREZ,LEONILDE VELEZ GUTIERREZ,15,15-094,01,PARTIDO LIBERAL COLOMBIANO,PARTIDO OPCIÓN CIUDADANA,false,179,142,0.7933,142,64,0.4507,,,
jal>concejo,2011,2015,RICARDO ANTONIO AVILA MARTINEZ,RICARDO ANTONIO AVILA MARTINEZ,13,13-001,06,PARTIDO CAMBIO RADICAL,PARTIDO ALIANZA VERDE,false,178,137,0.7697,137,43,0.3139,,,
jal>concejo,2011,2015,MILTON YOHANY AYALA GALVIS,MILTON YOHANY AYALA GALVIS,27,27-001,06,"MOVIMIENTO ""MIRA""",MOVIMIENTO MIRA,true,178,121,0.6798,121,8,0.0661,,,
jal>concejo,2011,2015,FABIO DE JESUS OSPINA ALZATE,FABIO DE JESUS OSPINA ALZATE,24,24-086,04,PARTIDO DE INTEGRACION NACIONAL,PARTIDO OPCIÓN CIUDADANA,false,176,61,0.3466,61,29,0.4754,,,
jal>concejo,2011,2015,HERNANDO JIMENEZ MELENDEZ,HERNANDO JIMENEZ MELENDEZ,27,27-019,000,PARTIDO SOCIAL DE UNIDAD NACIONAL,PARTIDO DE LA U,false,175,198,1.1314,198,131,0.6616,,,
jal>concejo,2011,2015,JOSE MARIA PARRA SILVA,JOSE MARIA PARRA SILVA,24,24-025,02,PARTIDO LIBERAL COLOMBIANO,PARTIDO LIBERAL COLOMBIANO,true,174,73,0.4195,73,12,0.1644,,,
jal>concejo,2011,2015,NANCY CRUZ VILLAMIL,NANCY CRUZ VILLAMIL,15,15-247,01,PARTIDO CAMBIO RADICAL,PARTIDO CAMBIO RADICAL,true,173,135,0.7803,135,58,0.4296,,,
jal>concejo,2011,2015,ALFONSO ANTONIO VISBAL VALLE,ALFONSO ANTONIO VISBAL VALLE,21,21-001,02,PARTIDO CAMBIO RADICAL,PARTIDO CAMBIO RADICAL,true,171,304,1.7778,304,157,0.5164,,,
jal>concejo,2011,2015,RAIMUNDO RODRIGUEZ FLOREZ,RAIMUNDO RODRIGUEZ FLOREZ,27,27-001,03,PARTIDO DE INTEGRACION NACIONAL,PARTIDO CENTRO DEMOCRÁTICO,false,170,289,1.7,289,35,0.1211,,,
jal>concejo,2011,2015,JOSE ESTEBAN RINCON SANCHEZ,JOSE ESTEBAN RINCON SANCHEZ,15,15-340,000,MOVIMIENTO DE INCLUSION Y OPORTUNIDADES,MOVIMIENTO AUTORIDADES INDÍGENAS DE COLOMBIA,false,169,136,0.8047,136,34,0.25,,,
jal>concejo,2011,2015,LEONEL ARIAS HURTADO,LEONEL ARIAS HURTADO,31,31-055,02,"MOVIMIENTO ""MIRA""",MOVIMIENTO MIRA,true,166,68,0.4096,68,21,0.3088,,,
jal>concejo,2011,2015,LUIS CARLOS BALLEN MOLINA,LUIS CARLOS BALLEN MOLINA,27,27-001,05,PARTIDO CAMBIO RADICAL,PARTIDO ALIANZA VERDE,false,164,87,0.5305,87,7,0.0805,,,
jal>concejo,2011,2015,GUSTAVO ORTEGA CRUZ,GUSTAVO ORTEGA CRUZ,19,19-061,99,PARTIDO SOCIAL DE UNIDAD NACIONAL,PARTIDO DE LA U,false,162,127,0.784,127,80,0.6299,,,
jal>concejo,2011,2015,TILCIA MARIA TOVAR LARA,TILCIA MARIA TOVAR LARA,05,05-028,04,PARTIDO DE INTEGRACION NACIONAL,MOVIMIENTO AUTORIDADES INDÍGENAS DE COLOMBIA,false,161,112,0.6957,112,65,0.5804,,,
jal>concejo,2011,2015,REINALDO ESPARZA CASTRO,REINALDO ESPARZA CASTRO,27,27-001,10,PARTIDO VERDE,PARTIDO CONSERVADOR COLOMBIANO,false,160,51,0.3187,51,3,0.0588,,,
jal>concejo,2011,2015,OLGA PEREZ PEDROZA,OLGA PEREZ PEDROZA,27,27-019,000,PARTIDO LIBERAL COLOMBIANO,PARTIDO LIBERAL COLOMBIANO,true,160,188,1.175,188,69,0.367,,,
jal>concejo,2011,2015,RICARDO CASTILLO VALLEJO,RICARDO CASTILLO VALLEJO,24,24-086,01,PARTIDO SOCIAL DE UNIDAD NACIONAL,PARTIDO OPCIÓN CIUDADANA,false,156,24,0.1538,24,5,0.2083,,,
jal>concejo,2011,2015,BEATRIZ DEL CARMEN PALACIO,BEATRIZ DEL CARMEN PALACIO,29,29-046,03,PARTIDO SOCIAL DE UNIDAD NACIONAL,PARTIDO DE LA U,false,156,41,0.2628,41,14,0.3415,,,
jal>concejo,2011,2015,CARMENZA VILLAFANE TORREZ,CARMENZA VILLAFANE TORREZ,31,31-055,01,"MOVIMIENTO ""MIRA""",MOVIMIENTO MIRA,true,156,115,0.7372,115,68,0.5913,,,
jal>concejo,2011,2015,MIRTA DEL CARMEN TORRES JIMENEZ,MIRTA DEL CARMEN TORRES JIMENEZ,05,05-118,01,PARTIDO CONSERVADOR COLOMBIANO,PARTIDO CONSERVADOR COLOMBIANO,true,156,44,0.2821,44,20,0.4545,,,
jal>concejo,2011,2015,JAVIER ANTONIO CARDENAS CAIAFFA,JAVIER ANTONIO CARDENAS CAIAFFA,05,05-028,04,MOVIMIENTO DE INCLUSION Y OPORTUNIDADES,"MOVIMIENTO ALTERNATIVO INDÍGENA Y SOCIAL ""MAIS""",false,156,62,0.3974,62,32,0.5161,,,
jal>concejo,2011,2015,EUNENCY GIRALDO GOMEZ,EUNENCY GIRALDO GOMEZ,01,01-049,04,"MOVIMIENTO ""MIRA""",MOVIMIENTO MIRA,true,155,69,0.4452,69,3,0.0435,,,
jal>concejo,2011,2015,JEYMY JURANNY GOMEZ BECERRA,JEYMY JURANNY GOMEZ BECERRA,31,31-055,01,PARTIDO SOCIAL DE UNIDAD NACIONAL,PARTIDO ALIANZA VERDE,false,154,179,1.1623,179,51,0.2849,,,
jal>concejo,2011,2015,SULMA OCAMPO QUIRAMA,SULMA OCAMPO QUIRAMA,09,09-001,02,"MOVIMIENTO ""MIRA""",MOVIMIENTO MIRA,true,154,128,0.8312,128,43,0.3359,,,
jal>concejo,2011,2015,MARTHA ZUNILDE QUINALLAZ ARANGO,MARTHA ZUNILDE QUINALLAZ ARANGO,26,26-001,05,PARTIDO LIBERAL COLOMBIANO,PARTIDO LIBERAL COLOMBIANO,true,152,234,1.5395,234,9,0.0385,,,
jal>concejo,2011,2015,JORGE EMIRO NEIRA GRANADOS,JORGE EMIRO NEIRA GRANADOS,21,21-001,02,PARTIDO LIBERAL COLOMBIANO,"MOVIMIENTO ALTERNATIVO INDÍGENA Y SOCIAL ""MAIS""",false,150,133,0.8867,133,64,0.4812,,,
jal>concejo,2011,2015,DANIEL ALEJANDRO GOMEZ CARDENAS,DANIEL ALEJANDRO GOMEZ CARDENAS,26,26-001,02,PARTIDO CONSERVADOR COLOMBIANO,NUEVA CIUDADANÍA,false,150,447,2.98,447,148,0.3311,,,
jal>concejo,2011,2015,MARVIN HAGLER MORA CONTRERAS,MARVIN HAGLER MORA CONTRERAS,27,27-001,01,PARTIDO CAMBIO RADICAL,PARTIDO CAMBIO RADICAL,true,149,54,0.3624,54,12,0.2222,,,
jal>concejo,2011,2015,SEBASTIAN SERNA HENAO,SEBASTIAN SERNA HENAO,01,01-049,000,"MOVIMIENTO ""MIRA""",MOVIMIENTO MIRA,true,147,268,1.8231,268,14,0.0522,,,
jal>concejo,2011,2015,DIDIER MONTES DEAVILA,DIDIER MONTES DEAVILA,03,03-001,01,POLO DEMOCRÁTICO ALTERNATIVO,PARTIDO POLO DEMOCRÁTICO ALTERNATIVO,true,147,201,1.3673,201,88,0.4378,,,
jal>concejo,2011,2015,JOSE ROMAN RAMIREZ MORALES,JOSE ROMAN RAMIREZ MORALES,24,24-086,04,PARTIDO SOCIAL DE UNIDAD NACIONAL,PARTIDO DE LA U,false,145,29,0.2,29,11,0.3793,,,
jal>concejo,2011,2015,NELSON MAURICIO NAVARRO VARGAS,NELSON MAURICIO NAVARRO VARGAS,16,16-001,06,PARTIDO DE INTEGRACION NACIONAL,PARTIDO OPCIÓN CIUDADANA,false,144,333,2.3125,333,27,0.0811,,,
jal>concejo,2011,2015,MANUEL EDER ORTEGA MENESES,MANUEL EDER ORTEGA MENESES,31,31-022,01,PARTIDO LIBERAL COLOMBIANO,PARTIDO CAMBIO RADICAL,false,144,95,0.6597,95,28,0.2947,,,
jal>concejo,2011,2015,ILDA CORREDOR CAMARGO,ILDA CORREDOR CAMARGO,07,07-079,11,PARTIDO CONSERVADOR COLOMBIANO,PARTIDO CONSERVADOR COLOMBIANO,true,144,222,1.5417,222,67,0.3018,,,
jal>concejo,2011,2015,LUIS IRENARCO DOMINGUEZ SUAREZ,LUIS IRENARCO DOMINGUEZ SUAREZ,15,15-094,01,POLO DEMOCRÁTICO ALTERNATIVO,PARTIDO ALIANZA SOCIAL INDEPENDIENTE,false,142,165,1.162,165,88,0.5333,,,
jal>concejo,2011,2015,CELMIRA DIAZ VINAS,CELMIRA DIAZ VINAS,05,05-028,03,PARTIDO DE INTEGRACION NACIONAL,MOVIMIENTO AUTORIDADES INDÍGENAS DE COLOMBIA,false,142,28,0.1972,28,4,0.1429,,,
jal>concejo,2011,2015,LUZ MERY GIRALDO HENAO,LUZ MERY GIRALDO HENAO,26,26-001,01,PARTIDO SOCIAL DE UNIDAD NACIONAL,"MOVIMIENTO ALTERNATIVO INDÍGENA Y SOCIAL ""MAIS""",false,140,61,0.4357,61,5,0.082,,,
jal>concejo,2011,2015,MARLENI CUELLAR AZCARATE,MARLENI CUELLAR AZCARATE,31,31-022,000,"MOVIMIENTO ""MIRA""",MOVIMIENTO MIRA,true,140,33,0.2357,33,15,0.4545,,,
jal>concejo,2011,2015,CRISTINA NUSTES MENDIETA,CRISTINA NUSTES MENDIETA,64,64-018,01,PARTIDO ALIANZA SOCIAL INDEPENDIENTE,PARTIDO ALIANZA VERDE,false,140,36,0.2571,36,28,0.7778,,,
jal>concejo,2011,2015,ISABEL DEL ROSARIO GUERRERO VALLEJO,ISABEL DEL ROSARIO GUERRERO VALLEJO,23,23-001,04,PARTIDO DE INTEGRACION NACIONAL,PARTIDO DE LA U,false,139,143,1.0288,143,13,0.0909,,,
jal>concejo,2011,2015,REINA JIMENEZ OSORIO,REINA JIMENEZ OSORIO,31,31-034,06,"MOVIMIENTO ""MIRA""",MOVIMIENTO MIRA,true,137,90,0.6569,90,12,0.1333,,,
jal>concejo,2011,2015,DOLLY JAIMES GOMEZ,DOLLY JAIMES GOMEZ,15,15-340,01,POLO DEMOCRÁTICO ALTERNATIVO,PARTIDO POLO DEMOCRÁTICO ALTERNATIVO,true,136,50,0.3676,50,2,0.04,,,
jal>concejo,2011,2015,JHON ROBERT GERLEIN BERDUGO,JHON ROBERT GERLEIN BERDUGO,03,03-001,03,POLO DEMOCRÁTICO ALTERNATIVO,PARTIDO POLO DEMOCRÁTICO ALTERNATIVO,true,134,261,1.9478,261,42,0.1609,,,
jal>concejo,2011,2015,IRENE ORTIZ VALENCIA,IRENE ORTIZ VALENCIA,15,15-094,04,PARTIDO CONSERVADOR COLOMBIANO,PARTIDO CONSERVADOR COLOMBIANO,true,133,62,0.4662,62,27,0.4355,,,
jal>concejo,2011,2015,LUIS GILDARDO ALARCON POZO,LUIS GILDARDO ALARCON POZO,24,24-001,13,PARTIDO ALIANZA SOCIAL INDEPENDIENTE,"MOVIMIENTO ALTERNATIVO INDÍGENA Y SOCIAL ""MAIS""",false,133,56,0.4211,56,2,0.0357,,,
jal>concejo,2011,2015,SULMA CONSUELO VASQUEZ OROZCO,SULMA CONSUELO VASQUEZ OROZCO,31,31-055,02,"MOVIMIENTO ""MIRA""",MOVIMIENTO MIRA,true,133,65,0.4887,65,23,0.3538,,,
jal>concejo,2011,2015,CARMEN LUZ REYES LEON,CARMEN LUZ REYES LEON,07,07-079,06,PARTIDO VERDE,PARTIDO ALIANZA VERDE,false,133,87,0.6541,87,17,0.1954,,,
jal>concejo,2011,2015,OLMER DARIO ESCOBAR AMAYA,OLMER DARIO ESCOBAR AMAYA,48,48-001,04,PARTIDO ALIANZA SOCIAL INDEPENDIENTE,"MOVIMIENTO ALTERNATIVO INDÍGENA Y SOCIAL ""MAIS""",false,132,234,1.7727,234,39,0.1667,,,
jal>concejo,2011,2015,SERGIO RAMIREZ LOPEZ,SERGIO RAMIREZ LOPEZ,09,09-001,08,PARTIDO VERDE,PARTIDO ALIANZA VERDE,false,132,306,2.3182,306,51,0.1667,,,
jal>concejo,2011,2015,NELSON ROMERO CARDENAS,NELSON ROMERO CARDENAS,05,05-007,06,PARTIDO LIBERAL COLOMBIANO,PARTIDO LIBERAL COLOMBIANO,true,131,66,0.5038,66,45,0.6818,,,
jal>concejo,2011,2015,MARINA TALAGA VALENCIA,MARINA TALAGA VALENCIA,31,31-055,01,"MOVIMIENTO ""MIRA""",MOVIMIENTO MIRA,true,130,76,0.5846,76,53,0.6974,,,
jal>concejo,2011,2015,FRANCISCO JAVIER PUERTA,FRANCISCO JAVIER PUERTA,48,48-001,03,PARTIDO LIBERAL COLOMBIANO,PARTIDO LIBERAL COLOMBIANO,true,129,138,1.0698,138,44,0.3188,,,
jal>concejo,2011,2015,GINA PAOLA PUELLO GARCIA,GINA PAOLA PUELLO GARCIA,05,05-001,01,MOVIMIENTO AUTORIDADES INDIGENAS DE COLOMBIA,MOVIMIENTO AUTORIDADES INDÍGENAS DE COLOMBIA,true,128,45,0.3516,45,20,0.4444,,,
jal>concejo,2011,2015,MARIA JANET LEAL MENDEZ,MARIA JANET LEAL MENDEZ,29,29-046,01,PARTIDO VERDE,PARTIDO ALIANZA VERDE,false,126,121,0.9603,121,40,0.3306,,,
jal>concejo,2011,2015,DANIEL OLMEDO ZAMUDIO ZARAMA,DANIEL OLMEDO ZAMUDIO ZARAMA,15,15-247,04,PARTIDO LIBERAL COLOMBIANO,PARTIDO LIBERAL COLOMBIANO,true,123,110,0.8943,110,35,0.3182,,,
jal>concejo,2011,2015,YISEL SIERRA HERRENO,YISEL SIERRA HERRENO,27,27-001,01,PARTIDO DE INTEGRACION NACIONAL,PARTIDO OPCIÓN CIUDADANA,false,123,77,0.626,77,30,0.3896,,,
jal>concejo,2011,2015,EDIL SUAREZ GOMEZ,EDIL SUAREZ GOMEZ,48,48-001,04,PARTIDO ALIANZA SOCIAL INDEPENDIENTE,PARTIDO ALIANZA SOCIAL INDEPENDIENTE,true,123,90,0.7317,90,14,0.1556,,,
jal>concejo,2011,2015,LUIS ENRIQUE BAZA PAYARES,LUIS ENRIQUE BAZA PAYARES,05,05-028,05,MOVIMIENTO DE INCLUSION Y OPORTUNIDADES,PARTIDO CENTRO DEMOCRÁTICO,false,123,44,0.3577,44,16,0.3636,,,
jal>concejo,2011,2015,MARCO AURELIO OTERO BETANCOURT,MARCO AURELIO OTERO BETANCOURT,23,23-001,05,PARTIDO DE INTEGRACION NACIONAL,PARTIDO CAMBIO RADICAL,false,119,253,2.1261,253,33,0.1304,,,
jal>concejo,2011,2015,ELIZABETH PRADO GARZON,ELIZABETH PRADO GARZON,31,31-121,01,"MOVIMIENTO ""MIRA""",MOVIMIENTO MIRA,true,118,28,0.2373,28,9,0.3214,,,
jal>concejo,2011,2015,DIVA INES HERNANDEZ HERRERA,DIVA INES HERNANDEZ HERRERA,15,15-094,01,PARTIDO LIBERAL COLOMBIANO,PARTIDO CENTRO DEMOCRÁTICO,false,117,73,0.6239,73,36,0.4932,,,
jal>concejo,2011,2015,LUZ DALIDA VARGAS LOZANO,LUZ DALIDA VARGAS LOZANO,19,19-001,14,PARTIDO SOCIAL DE UNIDAD NACIONAL,PARTIDO DE LA U,false,116,425,3.6638,425,200,0.4706,,,
jal>concejo,2011,2015,JOSE FERNANDO MONROY,JOSE FERNANDO MONROY,24,24-001,17,"MOVIMIENTO ""MIRA""",MOVIMIENTO MIRA,true,116,286,2.4655,286,11,0.0385,,,
jal>concejo,2011,2015,MARTA CECILIA BLANDON,MARTA CECILIA BLANDON,24,24-086,04,PARTIDO CAMBIO RADICAL,PARTIDO CAMBIO RADICAL,true,115,166,1.4435,166,78,0.4699,,,
jal>concejo,2011,2015,MANUELA ZAMBRANO QUINTERO,MANUELA ZAMBRANO QUINTERO,15,15-109,05,PARTIDO CONSERVADOR COLOMBIANO,PARTIDO CONSERVADOR COLOMBIANO,true,114,26,0.2281,26,5,0.1923,,,
jal>concejo,2011,2015,JOSE DE JESUS VELASQUEZ RAMIREZ,JOSE DE JESUS VELASQUEZ RAMIREZ,31,31-034,01,"MOVIMIENTO ""MIRA""",MOVIMIENTO MIRA,true,114,36,0.3158,36,12,0.3333,,,
jal>concejo,2011,2015,SAULA MILENA HURTADO AGUILAR,SAULA MILENA HURTADO AGUILAR,27,27-001,03,PARTIDO CONSERVADOR COLOMBIANO,PARTIDO CONSERVADOR COLOMBIANO,true,113,172,1.5221,172,21,0.1221,,,
jal>concejo,2011,2015,ASAEL MUNOZ FERNANDEZ,ASAEL MUNOZ FERNANDEZ,52,52-042,01,PARTIDO VERDE,PARTIDO OPCIÓN CIUDADANA,false,112,2,0.0179,2,2,1,,,
jal>concejo,2011,2015,TRINA RAMOS DELGADO,TRINA RAMOS DELGADO,24,24-001,02,PARTIDO CONSERVADOR COLOMBIANO,"MOVIMIENTO ALTERNATIVO INDÍGENA Y SOCIAL ""MAIS""",false,111,25,0.2252,25,0,0,,,
jal>concejo,2011,2015,LUZ DARY MALES ACEVEDO,LUZ DARY MALES ACEVEDO,31,31-121,000,"MOVIMIENTO ""MIRA""",MOVIMIENTO MIRA,true,111,42,0.3784,42,29,0.6905,,,
jal>concejo,2011,2015,SIXTA MARIA PRASCA CANAVAL,SIXTA MARIA PRASCA CANAVAL,05,05-028,03,PARTIDO DE INTEGRACION NACIONAL,PARTIDO LIBERAL COLOMBIANO,false,110,26,0.2364,26,5,0.1923,,,
jal>concejo,2011,2015,NORA ADELA GIRALDO CELADA,NORA ADELA GIRALDO CELADA,27,27-001,10,PARTIDO DE INTEGRACION NACIONAL,PARTIDO OPCIÓN CIUDADANA,false,109,95,0.8716,95,4,0.0421,,,
jal>concejo,2011,2015,JOSE OSWALDO BEDOYA DOMINGUEZ,JOSE OSWALDO BEDOYA DOMINGUEZ,31,31-022,08,POLO DEMOCRÁTICO ALTERNATIVO,PARTIDO POLO DEMOCRÁTICO ALTERNATIVO,true,108,42,0.3889,42,12,0.2857,,,
jal>concejo,2011,2015,ELDRI LOSADA MEDINA,ELDRI LOSADA MEDINA,19,19-001,06,PARTIDO LIBERAL COLOMBIANO,PARTIDO LIBERAL COLOMBIANO,true,107,147,1.3738,147,16,0.1088,,,
jal>concejo,2011,2015,CANDELARIA DEL CARMEN ARANGO POLANCO,CANDELARIA DEL CARMEN ARANGO POLANCO,05,05-028,02,PARTIDO LIBERAL COLOMBIANO,PARTIDO LIBERAL COLOMBIANO,true,107,47,0.4393,47,16,0.3404,,,
jal>concejo,2011,2015,ARGENIDA DE LA ROSA VALENCIA,ARGENIDA DE LA ROSA VALENCIA,21,21-001,02,PARTIDO CAMBIO RADICAL,PARTIDO POLO DEMOCRÁTICO ALTERNATIVO,false,104,138,1.3269,138,69,0.5,,,
jal>concejo,2011,2015,MARTHA LUCIA TORIFA MURILLO,MARTHA LUCIA TORIFA MURILLO,24,24-001,06,POLO DEMOCRÁTICO ALTERNATIVO,PARTIDO UNIÓN PATRIÓTICA,false,102,28,0.2745,28,3,0.1071,,,
jal>concejo,2011,2015,JULIAN ANDRES CARDONA ROMERO,JULIAN ANDRES CARDONA ROMERO,09,09-001,11,PARTIDO VERDE,PARTIDO ALIANZA VERDE,false,100,557,5.57,557,33,0.0592,,,
jal>concejo,2011,2015,JULIETH FERNANDA SANDOVAL LOPEZ,JULIETH FERNANDA SANDOVAL LOPEZ,01,01-001,10,POLO DEMOCRÁTICO ALTERNATIVO,PARTIDO POLO DEMOCRÁTICO ALTERNATIVO,true,98,141,1.4388,141,13,0.0922,,,
jal>concejo,2011,2015,OLGA MERCEDES VIVAS SANTIBANEZ,OLGA MERCEDES VIVAS SANTIBANEZ,15,15-247,02,PARTIDO DE INTEGRACION NACIONAL,MOVIMIENTO AUTORIDADES INDÍGENAS DE COLOMBIA,false,98,66,0.6735,66,11,0.1667,,,
jal>concejo,2011,2015,NURY DEL CARMEN CANO QUINTERO,NURY DEL CARMEN CANO QUINTERO,01,01-049,000,PARTIDO LIBERAL COLOMBIANO,MOVIMIENTO CÍVICO CIUDAD BELLO,false,96,86,0.8958,86,12,0.1395,,,
jal>concejo,2011,2015,RUBY FERNANDA CORREA LOPEZ,RUBY FERNANDA CORREA LOPEZ,31,31-034,01,"MOVIMIENTO ""MIRA""",MOVIMIENTO MIRA,true,96,235,2.4479,235,117,0.4979,,,
jal>concejo,2011,2015,HECTOR FABIO DELGADO LONDONO,HECTOR FABIO DELGADO LONDONO,09,09-001,19,PARTIDO SOCIAL DE UNIDAD NACIONAL,PARTIDO LIBERAL COLOMBIANO,false,96,2427,25.2813,2427,456,0.1879,,,
jal>concejo,2011,2015,LUIS ALFREDO HERNANDEZ LOAIZA,LUIS ALFREDO HERNANDEZ LOAIZA,31,31-022,01,"MOVIMIENTO ""MIRA""",MOVIMIENTO MIRA,true,92,26,0.2826,26,1,0.0385,,,
jal>concejo,2011,2015,JOHN JAIRO BOBADILLA MONTENEGRO,JOHN JAIRO BOBADILLA MONTENEGRO,15,15-094,11,PARTIDO SOCIAL DE UNIDAD NACIONAL,PARTIDO DE LA U,false,91,366,4.022,366,124,0.3388,,,
jal>concejo,2011,2015,VICTOR ALFONSO FRANCO QUIJANO,VICTOR ALFONSO FRANCO QUIJANO,15,15-247,04,PARTIDO VERDE,PARTIDO ALIANZA SOCIAL INDEPENDIENTE,false,90,118,1.3111,118,42,0.3559,,,
jal>concejo,2011,2015,JAIRO MIGUEL MACIAS PEREZ,JAIRO MIGUEL MACIAS PEREZ,05,05-028,04,MOVIMIENTO DE INCLUSION Y OPORTUNIDADES,PARTIDO CAMBIO RADICAL,false,89,82,0.9213,82,45,0.5488,,,
jal>concejo,2011,2015,ELSA RODRIGUEZ HERNANDEZ,ELSA RODRIGUEZ HERNANDEZ,07,07-079,04,PARTIDO LIBERAL COLOMBIANO,PARTIDO LIBERAL COLOMBIANO,true,89,80,0.8989,80,23,0.2875,,,
jal>concejo,2011,2015,CLAUDIA MARITZA VERA CORTEZ,CLAUDIA MARITZA VERA CORTEZ,15,15-115,01,PARTIDO SOCIAL DE UNIDAD NACIONAL,PARTIDO DE LA U,false,87,277,3.1839,277,219,0.7906,,,
jal>concejo,2011,2015,ELISENIA DEL CARMEN ERAZO ROSARIO,ELISENIA DEL CARMEN ERAZO ROSARIO,13,13-001,03,PARTIDO CAMBIO RADICAL,"MOVIMIENTO ALTERNATIVO INDÍGENA Y SOCIAL ""MAIS""",false,86,49,0.5698,49,10,0.2041,,,
jal>concejo,2011,2015,MARIA FERNANDA GALVIS BRICENO,MARIA FERNANDA GALVIS BRICENO,16,16-001,09,PARTIDO DE INTEGRACION NACIONAL,PARTIDO OPCIÓN CIUDADANA,false,85,194,2.2824,194,11,0.0567,,,
jal>concejo,2011,2015,MABELA PONCE DE CARRILLO,MABELA PONCE DE CARRILLO,21,21-016,02,POLO DEMOCRÁTICO ALTERNATIVO,PARTIDO UNIÓN PATRIÓTICA,false,85,2,0.0235,2,1,0.5,,,
jal>concejo,2011,2015,ROSNER ANTONIO HEREDIA BELTRAN,ROSNER ANTONIO HEREDIA BELTRAN,21,21-001,02,"MOVIMIENTO ""MIRA""",MOVIMIENTO MIRA,true,84,108,1.2857,108,43,0.3981,,,
jal>concejo,2011,2015,GUSTAVO BUENDIA RIVERA,GUSTAVO BUENDIA RIVERA,19,19-001,05,PARTIDO CONSERVADOR COLOMBIANO,PARTIDO CONSERVADOR COLOMBIANO,true,83,185,2.2289,185,12,0.0649,,,
jal>concejo,2011,2015,DANIEL CORTINA QUEVEDO,DANIEL CORTINA QUEVEDO,05,05-028,04,PARTIDO CAMBIO RADICAL,PARTIDO OPCIÓN CIUDADANA,false,81,47,0.5802,47,19,0.4043,,,
jal>concejo,2011,2015,WILMAN RODOLFO FARIAS CAICEDO,WILMAN RODOLFO FARIAS CAICEDO,15,15-094,04,MOVIMIENTO POLITICO AFROVIDES,PARTIDO ALIANZA VERDE,false,79,77,0.9747,77,33,0.4286,,,
jal>concejo,2011,2015,JUAN CARLOS GOMEZ,JUAN CARLOS GOMEZ,28,28-001,000,PARTIDO SOCIAL DE UNIDAD NACIONAL,PARTIDO DE LA U,false,78,180,2.3077,180,15,0.0833,,,
jal>concejo,2011,2015,SERAFIN INFANTE PENA,SERAFIN INFANTE PENA,07,07-079,10,PARTIDO CONSERVADOR COLOMBIANO,PARTIDO CONSERVADOR COLOMBIANO,true,78,657,8.4231,657,148,0.2253,,,
jal>concejo,2011,2015,JOSE FRANCISCO CAMARGO BOLIVAR,JOSE FRANCISCO CAMARGO BOLIVAR,48,48-001,04,PARTIDO LIBERAL COLOMBIANO,PARTIDO ALIANZA SOCIAL INDEPENDIENTE,false,76,81,1.0658,81,25,0.3086,,,
jal>concejo,2011,2015,SANDRA PATRICIA ROMERO MUNOZ,SANDRA PATRICIA ROMERO MUNOZ,15,15-115,02,PARTIDO CONSERVADOR COLOMBIANO,PARTIDO CONSERVADOR COLOMBIANO,true,74,124,1.6757,124,112,0.9032,,,
jal>concejo,2011,2015,HELI VALLEJO GAVIRIA,HELI VALLEJO GAVIRIA,09,09-001,04,"MOVIMIENTO ""MIRA""",MOVIMIENTO MIRA,true,72,113,1.5694,113,11,0.0973,,,
jal>concejo,2011,2015,JOSE LUIS GUTIERREZ LOAIZA,JOSE LUIS GUTIERREZ LOAIZA,01,01-049,000,PARTIDO CONSERVADOR COLOMBIANO,PARTIDO LIBERAL COLOMBIANO,false,70,301,4.3,301,21,0.0698,,,
jal>concejo,2011,2015,DARIO ALEXANDER ARENAS VILLEGAS,DARIO ALEXANDER ARENAS VILLEGAS,09,09-001,01,POLO DEMOCRÁTICO ALTERNATIVO,PARTIDO POLO DEMOCRÁTICO ALTERNATIVO,true,69,1672,24.2319,1672,191,0.1142,,,
jal>concejo,2011,2015,ELKIN DE JESUS GAVIRIA,ELKIN DE JESUS GAVIRIA,01,01-049,04,POLO DEMOCRÁTICO ALTERNATIVO,PARTIDO POLO DEMOCRÁTICO ALTERNATIVO,true,67,150,2.2388,150,20,0.1333,,,
jal>concejo,2011,2015,FLORENTINA MENA CORDOBA,FLORENTINA MENA CORDOBA,17,17-001,04,PARTIDO LIBERAL COLOMBIANO,PARTIDO LIBERAL COLOMBIANO,true,67,140,2.0896,140,5,0.0357,,,
jal>concejo,2011,2015,WILMAR ALEXIS BARRERA MUNOZ,WILMAR ALEXIS BARRERA MUNOZ,31,31-001,08,"MOVIMIENTO ""MIRA""",MOVIMIENTO MIRA,true,67,418,6.2388,418,13,0.0311,,,
jal>concejo,2011,2015,ELIZABETH ORTIZ SANCHEZ,ELIZABETH ORTIZ SANCHEZ,19,19-061,02,PARTIDO VERDE,PARTIDO ALIANZA VERDE,false,66,13,0.197,13,4,0.3077,,,
jal>concejo,2011,2015,SERGIO ALBEIRO DUQUE ALZATE,SERGIO ALBEIRO DUQUE ALZATE,01,01-001,13,MOVIMIENTO DE INCLUSION Y OPORTUNIDADES,PARTIDO LIBERAL COLOMBIANO,false,65,581,8.9385,581,69,0.1188,,,
jal>concejo,2011,2015,JULIO FERNANDO ENRIQUEZ MIRANDA,JULIO FERNANDO ENRIQUEZ MIRANDA,29,29-001,04,POLO DEMOCRÁTICO ALTERNATIVO,PARTIDO POLO DEMOCRÁTICO ALTERNATIVO,true,65,1092,16.8,1092,21,0.0192,,,
jal>concejo,2011,2015,HERNAN VARGAS RODRIGUEZ,HERNAN VARGAS RODRIGUEZ,54,54-001,01,PARTIDO CONSERVADOR COLOMBIANO,PARTIDO CONSERVADOR COLOMBIANO,true,65,158,2.4308,158,125,0.7911,,,
jal>concejo,2011,2015,MIGUEL ANGEL AYALA PEDRAZA,MIGUEL ANGEL AYALA PEDRAZA,15,15-094,10,PARTIDO SOCIAL DE UNIDAD NACIONAL,PARTIDO DE LA U,false,63,174,2.7619,174,43,0.2471,,,
jal>concejo,2011,2015,OSCAR JAVIER MOLANO RODRIGUEZ,OSCAR JAVIER MOLANO RODRIGUEZ,46,46-850,01,PARTIDO SOCIAL DE UNIDAD NACIONAL,PARTIDO DE LA U,false,62,164,2.6452,164,55,0.3354,,,
jal>concejo,2011,2015,FREDDY MANUEL DE ARMAS LOPEZ,FREDDY MANUEL DE ARMAS LOPEZ,48,48-001,02,PARTIDO CAMBIO RADICAL,PARTIDO CAMBIO RADICAL,true,61,241,3.9508,241,20,0.083,,,
jal>concejo,2011,2015,DIVIER RODRIGO RODRIGUEZ,DIVIER RODRIGO RODRIGUEZ,15,15-094,11,PARTIDO CONSERVADOR COLOMBIANO,PARTIDO CONSERVADOR COLOMBIANO,true,59,149,2.5254,149,28,0.1879,,,
jal>concejo,2011,2015,CLAUDIA MILENA SALINAS CALDERON,CLAUDIA MILENA SALINAS CALDERON,27,27-001,05,PARTIDO CONSERVADOR COLOMBIANO,PARTIDO CONSERVADOR COLOMBIANO,true,57,439,7.7018,439,32,0.0729,,,
jal>concejo,2011,2015,ARMANDO LUIS ALVAREZ DIAZ,ARMANDO LUIS ALVAREZ DIAZ,05,05-118,06,MOVIMIENTO DE INCLUSION Y OPORTUNIDADES,"MOVIMIENTO ALTERNATIVO INDÍGENA Y SOCIAL ""MAIS""",false,57,24,0.4211,24,3,0.125,,,
jal>concejo,2011,2015,LUIS HERNANDO FORERO ZAMUDIO,LUIS HERNANDO FORERO ZAMUDIO,15,15-190,01,PARTIDO CAMBIO RADICAL,PARTIDO CAMBIO RADICAL,true,56,300,5.3571,300,182,0.6067,,,
jal>concejo,2011,2015,LUIS ALFREDO CRUZ VALENCIA,LUIS ALFREDO CRUZ VALENCIA,24,24-025,02,MOVIMIENTO AUTORIDADES INDIGENAS DE COLOMBIA,"MOVIMIENTO ALTERNATIVO INDÍGENA Y SOCIAL ""MAIS""",false,55,70,1.2727,70,4,0.0571,,,
jal>concejo,2011,2015,FARIDES DE JESUS MARTINEZ RIOS,FARIDES DE JESUS MARTINEZ RIOS,21,21-016,02,PARTIDO CAMBIO RADICAL,PARTIDO UNIÓN PATRIÓTICA,false,54,2,0.037,2,0,0,,,
jal>concejo,2011,2015,MANUEL ANDRES DELGADO TRUJILLO,MANUEL ANDRES DELGADO TRUJILLO,31,31-055,01,"MOVIMIENTO ""MIRA""",MOVIMIENTO MIRA,true,54,75,1.3889,75,13,0.1733,,,
jal>concejo,2011,2015,YOFRE HERNAN PARADA LEON,YOFRE HERNAN PARADA LEON,25,25-001,14,PARTIDO VERDE,PARTIDO ALIANZA VERDE,false,53,485,9.1509,485,84,0.1732,,,
jal>concejo,2011,2015,JOSE EDUARDO SANCHEZ GUTIERREZ,JOSE EDUARDO SANCHEZ GUTIERREZ,31,31-034,04,MOVIMIENTO DE INCLUSION Y OPORTUNIDADES,PARTIDO CONSERVADOR COLOMBIANO,false,52,162,3.1154,162,37,0.2284,,,
jal>concejo,2011,2015,GUSTAVO ANTONIO MONTOYA RUEDA,GUSTAVO ANTONIO MONTOYA RUEDA,01,01-049,04,POLO DEMOCRÁTICO ALTERNATIVO,PARTIDO POLO DEMOCRÁTICO ALTERNATIVO,true,49,108,2.2041,108,10,0.0926,,,
jal>concejo,2011,2015,BENITO GOMEZ MORALES,BENITO GOMEZ MORALES,15,15-094,01,PARTIDO CONSERVADOR COLOMBIANO,PARTIDO CONSERVADOR COLOMBIANO,true,47,33,0.7021,33,18,0.5455,,,
jal>concejo,2011,2015,WILLIAM ALFONSO RUIZ MIRANDA,WILLIAM ALFONSO RUIZ MIRANDA,21,21-001,01,PARTIDO SOCIAL DE UNIDAD NACIONAL,PARTIDO CENTRO DEMOCRÁTICO,false,47,139,2.9574,139,28,0.2014,,,
jal>concejo,2011,2015,PABLO OMAR VERGARA GARZON,PABLO OMAR VERGARA GARZON,54,54-001,02,PARTIDO VERDE,PARTIDO ALIANZA VERDE,false,47,84,1.7872,84,39,0.4643,,,
jal>concejo,2011,2015,JULIA ELVIRA MORENO CORDOBA,JULIA ELVIRA MORENO CORDOBA,01,01-001,17,MOVIMIENTO AUTORIDADES INDIGENAS DE COLOMBIA,PARTIDO ALIANZA SOCIAL INDEPENDIENTE,false,46,742,16.1304,742,55,0.0741,,,
jal>concejo,2011,2015,ROSA PATRICIA NARVAEZ LEON,ROSA PATRICIA NARVAEZ LEON,23,23-001,19,PARTIDO CAMBIO RADICAL,"MOVIMIENTO ALTERNATIVO INDÍGENA Y SOCIAL ""MAIS""",false,44,124,2.8182,124,0,0,,,
jal>concejo,2011,2015,AURA INES MORENO DE POSADA,AURA INES MORENO DE POSADA,29,29-061,01,PARTIDO DE INTEGRACION NACIONAL,PARTIDO DE LA U,false,44,58,1.3182,58,52,0.8966,,,
jal>concejo,2011,2015,CARLOS ENRIQUE ZAPATA VERGARA,CARLOS ENRIQUE ZAPATA VERGARA,01,01-043,01,MOVIMIENTO DE INCLUSION Y OPORTUNIDADES,PARTIDO POLO DEMOCRÁTICO ALTERNATIVO,false,43,54,1.2558,54,24,0.4444,,,
jal>concejo,2011,2015,AURA TEODORA ORTIZ MUNIZ,AURA TEODORA ORTIZ MUNIZ,48,48-001,12,PARTIDO SOCIAL DE UNIDAD NACIONAL,PARTIDO DE LA U,false,43,339,7.8837,339,111,0.3274,,,
jal>concejo,2011,2015,ESTEBAN CORTES DAZA,ESTEBAN CORTES DAZA,15,15-094,01,PARTIDO DE INTEGRACION NACIONAL,PARTIDO OPCIÓN CIUDADANA,false,40,74,1.85,74,27,0.3649,,,
jal>concejo,2011,2015,YOLANDA ROMERO OTALVARO,YOLANDA ROMERO OTALVARO,24,24-025,02,"MOVIMIENTO ""MIRA""",MOVIMIENTO MIRA,true,40,54,1.35,54,7,0.1296,,,
jal>concejo,2011,2015,JOHN FREDDY MOSQUERA,JOHN FREDDY MOSQUERA,26,26-001,05,PARTIDO CAMBIO RADICAL,PARTIDO OPCIÓN CIUDADANA,false,40,89,2.225,89,4,0.0449,,,
jal>concejo,2011,2015,GLORIA YAZMIN CARRERA CASTRO,GLORIA YAZMIN CARRERA CASTRO,31,31-055,01,PARTIDO DE INTEGRACION NACIONAL,PARTIDO OPCIÓN CIUDADANA,false,37,30,0.8108,30,10,0.3333,,,
jal>concejo,2011,2015,JUAN GABRIEL URIBE ESPINEL,JUAN GABRIEL URIBE ESPINEL,26,26-001,03,PARTIDO CONSERVADOR COLOMBIANO,PARTIDO OPCIÓN CIUDADANA,false,34,100,2.9412,100,11,0.11,,,
jal>concejo,2011,2015,ESAUL RAMIREZ ROCHA,ESAUL RAMIREZ ROCHA,54,54-001,01,PARTIDO SOCIAL DE UNIDAD NACIONAL,PARTIDO ALIANZA SOCIAL INDEPENDIENTE,false,34,40,1.1765,40,10,0.25,,,
jal>concejo,2011,2015,HERMINIA DEL CARMEN MONTALVO SIERRA,HERMINIA DEL CARMEN MONTALVO SIERRA,48,48-001,03,PARTIDO CONSERVADOR COLOMBIANO,PARTIDO ALIANZA VERDE,false,33,176,5.3333,176,41,0.233,,,
jal>concejo,2011,2015,LUCAS ALBEIRO VALLEJO CUASQUER,LUCAS ALBEIRO VALLEJO CUASQUER,23,23-058,01,POLO DEMOCRÁTICO ALTERNATIVO,PARTIDO POLO DEMOCRÁTICO ALTERNATIVO,true,32,49,1.5313,49,13,0.2653,,,
jal>concejo,2011,2015,JHOVANNY QUINTERO MARTINEZ,JHOVANNY QUINTERO MARTINEZ,09,09-001,17,PARTIDO CAMBIO RADICAL,PARTIDO CAMBIO RADICAL,true,29,261,9,261,23,0.0881,,,
jal>concejo,2011,2015,CARLOS ANDRES VALENCIA MORALES,CARLOS ANDRES VALENCIA MORALES,01,01-082,07,PARTIDO CONSERVADOR COLOMBIANO,PARTIDO CONSERVADOR COLOMBIANO,true,27,130,4.8148,130,98,0.7538,,,
jal>concejo,2011,2015,JAIRO MORENO MORA,JAIRO MORENO MORA,54,54-001,02,PARTIDO SOCIAL DE UNIDAD NACIONAL,PARTIDO DE LA U,false,27,59,2.1852,59,20,0.339,,,
jal>concejo,2011,2015,GUSTAVO SARMIENTO MORA,GUSTAVO SARMIENTO MORA,44,44-001,11,PARTIDO SOCIAL DE UNIDAD NACIONAL,PARTIDO DE LA U,false,21,121,5.7619,121,13,0.1074,,,
jal>concejo,2011,2015,ANGELA MARIA MARIN MARIN,ANGELA MARIA MARIN MARIN,24,24-038,01,PARTIDO SOCIAL DE UNIDAD NACIONAL,PARTIDO CAMBIO RADICAL,false,17,55,3.2353,55,6,0.1091,,,
jal>concejo,2011,2015,LEYDI JOHANNA AGUILAR RIVERA,LEYDI JOHANNA AGUILAR RIVERA,27,27-001,01,PARTIDO ALIANZA SOCIAL INDEPENDIENTE,PARTIDO POLO DEMOCRÁTICO ALTERNATIVO,false,15,62,4.1333,62,4,0.0645,,,
jal>concejo,2011,2015,JAVIR LOZANO AMAYA,JAVIR LOZANO AMAYA,52,52-042,02,PARTIDO VERDE,PARTIDO ALIANZA VERDE,false,15,11,0.7333,11,4,0.3636,,,
jal>concejo,2011,2015,GUILLERMINA DIAZ HIGUERA,GUILLERMINA DIAZ HIGUERA,27,27-145,01,PARTIDO CAMBIO RADICAL,PARTIDO CAMBIO RADICAL,true,14,18,1.2857,18,8,0.4444,,,
jal>concejo,2011,2015,HERMES RODRIGUEZ SALDANA,HERMES RODRIGUEZ SALDANA,15,15-334,01,PARTIDO DE INTEGRACION NACIONAL,PARTIDO OPCIÓN CIUDADANA,false,13,46,3.5385,46,41,0.8913,,,
jal>concejo,2011,2015,YENNY LORENA BOHORQUEZ RODRIGUEZ,YENNY LORENA BOHORQUEZ RODRIGUEZ,19,19-061,99,PARTIDO CAMBIO RADICAL,MOVIMIENTO AUTORIDADES INDÍGENAS DE COLOMBIA,false,3,2,0.6667,2,1,0.5,,,
jal>concejo,2015,2019,LUIS HERNANDO AVILA CORTES,LUIS HERNANDO AVILA CORTES,16,16-001,08,PARTIDO CAMBIO RADICAL,PARTIDO CAMBIO RADICAL,true,9817,7602,0.7744,7602,3561,0.4684,,,
jal>concejo,2015,2019,FABIAN ANDRES PUENTES SIERRA,FABIAN ANDRES PUENTES SIERRA,16,16-001,10,MOVIMIENTO MIRA,PARTIDO POLITICO  MIRA,false,4154,23400,5.6331,23400,7655,0.3271,,,
jal>concejo,2015,2019,LUIS HERNANDO PARRA NOPE,LUIS HERNANDO PARRA NOPE,16,16-001,07,PARTIDO POLO DEMOCRÁTICO ALTERNATIVO,PARTIDO POLO DEMOCRATICO ALTERNATIVO,true,3965,9446,2.3823,9446,3885,0.4113,,,
jal>concejo,2015,2019,LUIS FRANCISCO CASTANEDA RAVELO,LUIS FRANCISCO CASTANEDA RAVELO,16,16-001,08,PARTIDO ALIANZA VERDE,PARTIDO ALIANZA VERDE,true,3884,9229,2.3762,9229,2100,0.2275,,,
jal>concejo,2015,2019,JUAN CARLOS ZARATE DAZA,JUAN CARLOS ZARATE DAZA,05,05-001,01,PARTIDO CAMBIO RADICAL,PARTIDO CAMBIO RADICAL,true,3737,3640,0.974,3640,1891,0.5195,,,
jal>concejo,2015,2019,WILLIAM ALFONSO DIAZ SANCHEZ,WILLIAM ALFONSO DIAZ SANCHEZ,16,16-001,11,PARTIDO ALIANZA VERDE,PARTIDO ALIANZA VERDE,true,3720,6216,1.671,6216,2758,0.4437,,,
jal>concejo,2015,2019,JUAN DAVID QUINTERO RUBIO,JUAN DAVID QUINTERO RUBIO,16,16-001,01,PARTIDO LIBERAL COLOMBIANO,PARTIDO LIBERAL COLOMBIANO,true,3426,7732,2.2569,7732,2159,0.2792,,,
jal>concejo,2015,2019,CARLOS MANUEL JIMENEZ FERNANDEZ,CARLOS MANUEL JIMENEZ FERNANDEZ,05,05-001,03,PARTIDO CAMBIO RADICAL,PARTIDO CAMBIO RADICAL,true,3113,6690,2.1491,6690,2590,0.3871,,,
jal>concejo,2015,2019,FANNY MELINA GUTIERREZ GARZON,FANNY MELINA GUTIERREZ GARZON,16,16-001,09,PARTIDO ALIANZA VERDE,PARTIDO ALIANZA VERDE,true,2898,6386,2.2036,6386,1224,0.1917,,,
jal>concejo,2015,2019,PAOLA ANDREA DIAZ GARZON,PAOLA ANDREA DIAZ GARZON,25,25-001,02,PARTIDO CENTRO DEMOCRÁTICO,PARTIDO CENTRO DEMOCRATICO,true,2831,647,0.2285,647,129,0.1994,,,
jal>concejo,2015,2019,HERNANDO PINA ELLES,HERNANDO PINA ELLES,05,05-001,01,PARTIDO LIBERAL COLOMBIANO,PARTIDO LIBERAL COLOMBIANO,true,2755,7151,2.5956,7151,3408,0.4766,,,
jal>concejo,2015,2019,JUAN CARLOS TRIANA RUBIANO,JUAN CARLOS TRIANA RUBIANO,16,16-001,04,PARTIDO ALIANZA VERDE,PARTIDO ALIANZA VERDE,true,2747,10338,3.7634,10338,3128,0.3026,,,
jal>concejo,2015,2019,LUIS ALFREDO CARABALLO,LUIS ALFREDO CARABALLO,05,05-001,01,PARTIDO CENTRO DEMOCRÁTICO,PARTIDO CENTRO DEMOCRATICO- PARTIDO POLITICO MIRA,false,2513,2113,0.8408,2113,904,0.4278,,,
jal>concejo,2015,2019,GLORIA ISABEL ESTRADA BENAVIDES,GLORIA ISABEL ESTRADA BENAVIDES,05,05-001,03,PARTIDO OPCIÓN CIUDADANA,PARTIDO LIBERAL COLOMBIANO,false,2416,7750,3.2078,7750,3418,0.441,,,
jal>concejo,2015,2019,JOSE LUIS BARBOZA GRAU,JOSE LUIS BARBOZA GRAU,05,05-001,02,PARTIDO DE LA U,PARTIDO SOCIAL DE UNIDAD NACIONAL  PARTIDO DE LA U,false,2264,5926,2.6175,5926,3898,0.6578,,,
jal>concejo,2015,2019,HEIDY MARIA BARRERA VERGARA,HEIDY MARIA BARRERA VERGARA,03,03-001,01,PARTIDO DE LA U,PARTIDO SOCIAL DE UNIDAD NACIONAL  PARTIDO DE LA U,false,2227,11718,5.2618,11718,5081,0.4336,,,
jal>concejo,2015,2019,JAIR ANTONIO FALS GUERRA,JAIR ANTONIO FALS GUERRA,03,03-001,01,MOVIMIENTO AUTORIDADES INDÍGENAS DE COLOMBIA,MOVIMIENTO AUTORIDADES INDIGENAS DE COLOMBIA AICO,false,2057,2417,1.175,2417,1479,0.6119,,,
jal>concejo,2015,2019,JAKE STEPHANIA TINJACA NINO,JAKE STEPHANIA TINJACA NINO,15,15-340,04,PARTIDO ALIANZA VERDE,PARTIDO ALIANZA VERDE,true,2044,495,0.2422,495,271,0.5475,,,
jal>concejo,2015,2019,CARLOS ANDRES CASTANO ORTIZ,CARLOS ANDRES CASTANO ORTIZ,24,24-001,06,PARTIDO CENTRO DEMOCRÁTICO,PARTIDO CENTRO DEMOCRATICO,true,2015,196,0.0973,196,46,0.2347,,,
jal>concejo,2015,2019,HISTAR ARIZA HERRERA,HISTAR ARIZA HERRERA,05,05-001,01,PARTIDO ALIANZA VERDE,PARTIDO ALIANZA VERDE,true,1918,2165,1.1288,2165,984,0.4545,,,
jal>concejo,2015,2019,DEIVYS ENRIQUE CANATE SIERRA,DEIVYS ENRIQUE CANATE SIERRA,03,03-001,01,PARTIDO CAMBIO RADICAL,PARTIDO CAMBIO RADICAL,true,1841,1310,0.7116,1310,607,0.4634,,,
jal>concejo,2015,2019,EDGAR OSORIO HERNANDEZ,EDGAR OSORIO HERNANDEZ,16,16-001,07,PARTIDO ALIANZA VERDE,PARTIDO ALIANZA VERDE,true,1783,3253,1.8245,3253,1374,0.4224,,,
jal>concejo,2015,2019,EDGARDO ENRIQUE GOMEZ MARTINEZ,EDGARDO ENRIQUE GOMEZ MARTINEZ,03,03-001,03,PARTIDO LIBERAL COLOMBIANO,PARTIDO LIBERAL COLOMBIANO,true,1748,2461,1.4079,2461,630,0.256,,,
jal>concejo,2015,2019,MARTHA ELIZABETH TRIANA LAVERDE,MARTHA ELIZABETH TRIANA LAVERDE,16,16-001,13,PARTIDO ALIANZA VERDE,PARTIDO ALIANZA VERDE,true,1648,6240,3.7864,6240,610,0.0978,,,
jal>concejo,2015,2019,LIBARDO VEGA PEREZ,LIBARDO VEGA PEREZ,48,48-010,01,PARTIDO CAMBIO RADICAL,PARTIDO CAMBIO RADICAL,true,1553,170,0.1095,170,54,0.3176,,,
jal>concejo,2015,2019,ANDRES DARIO ONZAGA NINO,ANDRES DARIO ONZAGA NINO,16,16-001,16,PARTIDO ALIANZA VERDE,PARTIDO ALIANZA VERDE,true,1526,12670,8.3028,12670,2147,0.1695,,,
jal>concejo,2015,2019,DIEGO FERNANDO HERRERA ROJAS,DIEGO FERNANDO HERRERA ROJAS,16,16-001,14,PARTIDO ALIANZA VERDE,PARTIDO ALIANZA VERDE,true,1505,4813,3.198,4813,439,0.0912,,,
jal>concejo,2015,2019,ANDRES FELIPE ORTIZ HERNANDEZ,ANDRES FELIPE ORTIZ HERNANDEZ,03,03-001,03,PARTIDO CONSERVADOR COLOMBIANO,PARTIDO CONSERVADOR COLOMBIANO,true,1472,8880,6.0326,8880,1849,0.2082,,,
jal>concejo,2015,2019,WILSON FRANCISCO ORLANDI PENA,WILSON FRANCISCO ORLANDI PENA,03,03-001,03,PARTIDO CENTRO DEMOCRÁTICO,PARTIDO CENTRO DEMOCRATICO,true,1394,2145,1.5387,2145,511,0.2382,,,
jal>concejo,2015,2019,ADRIEL BELENO CASADO,ADRIEL BELENO CASADO,27,27-019,02,PARTIDO POLO DEMOCRÁTICO ALTERNATIVO,PARTIDO POLO DEMOCRATICO ALTERNATIVO,true,1336,338,0.253,338,112,0.3314,,,
jal>concejo,2015,2019,MIGUEL ANGEL GOMEZ CABALLERO,MIGUEL ANGEL GOMEZ CABALLERO,16,16-001,09,PARTIDO ALIANZA VERDE,PARTIDO SOCIAL DE UNIDAD NACIONAL  PARTIDO DE LA U,false,1278,748,0.5853,748,152,0.2032,,,
jal>concejo,2015,2019,OSCAR JAIME RAMIREZ VAHOS,OSCAR JAIME RAMIREZ VAHOS,16,16-001,02,PARTIDO DE LA U,PARTIDO CENTRO DEMOCRATICO,false,1183,17602,14.8791,17602,438,0.0249,,,
jal>concejo,2015,2019,JONNY ALBEIRO ABRIL MORA,JONNY ALBEIRO ABRIL MORA,29,29-001,10,PARTIDO LIBERAL COLOMBIANO,PARTIDO LIBERAL COLOMBIANO,true,1183,645,0.5452,645,134,0.2078,,,
jal>concejo,2015,2019,GUILLERMO CHAPMAN LLINAS,GUILLERMO CHAPMAN LLINAS,03,03-001,03,PARTIDO LIBERAL COLOMBIANO,PARTIDO LIBERAL COLOMBIANO,true,1177,8595,7.3025,8595,2154,0.2506,,,
jal>concejo,2015,2019,WILLIAM FERNANDO DIAZ TORRIJOS,WILLIAM FERNANDO DIAZ TORRIJOS,16,16-001,11,MOVIMIENTO MIRA,PARTIDO POLITICO  MIRA,false,1157,650,0.5618,650,258,0.3969,,,
jal>concejo,2015,2019,JOHN JAVIER ROJAS FONSECA,JOHN JAVIER ROJAS FONSECA,27,27-019,03,PARTIDO CAMBIO RADICAL,PARTIDO CAMBIO RADICAL,true,1048,322,0.3073,322,51,0.1584,,,
jal>concejo,2015,2019,GERMAN DAVID MOLINA MUNOZ,GERMAN DAVID MOLINA MUNOZ,11,11-001,02,PARTIDO LIBERAL COLOMBIANO,PARTIDO LIBERAL COLOMBIANO,true,1043,408,0.3912,408,135,0.3309,,,
jal>concejo,2015,2019,CARLOS ALFREDO RIVERA REVELO,CARLOS ALFREDO RIVERA REVELO,23,23-001,04,PARTIDO ALIANZA VERDE,CONVERGENCIA.,false,1024,175,0.1709,175,18,0.1029,,,
jal>concejo,2015,2019,WALTER AYALA ZULUAGA,WALTER AYALA ZULUAGA,31,31-121,02,PARTIDO POLO DEMOCRÁTICO ALTERNATIVO,PARTIDO POLO DEMOCRATICO ALTERNATIVO,true,1021,9,0.0088,9,2,0.2222,,,
jal>concejo,2015,2019,LUZ ANGELA RINCON SANCHEZ,LUZ ANGELA RINCON SANCHEZ,16,16-001,01,PARTIDO DE LA U,PARTIDO ALIANZA SOCIAL INDEPENDIENTE ASI,false,1010,404,0.4,404,60,0.1485,,,
jal>concejo,2015,2019,YAINYS PAOLA MEDINA LOPEZ,YAINYS PAOLA MEDINA LOPEZ,12,12-001,02,PARTIDO LIBERAL COLOMBIANO,PARTIDO LIBERAL COLOMBIANO,true,1009,181,0.1794,181,53,0.2928,,,
jal>concejo,2015,2019,EDWIN ALEXANDER BETANCOURT GONGORA,EDWIN ALEXANDER BETANCOURT GONGORA,16,16-001,13,PARTIDO CONSERVADOR COLOMBIANO,PARTIDO ALIANZA VERDE,false,990,5049,5.1,5049,313,0.062,,,
jal>concejo,2015,2019,JOSE PARRA BRICENO,JOSE PARRA BRICENO,27,27-001,03,PARTIDO LIBERAL COLOMBIANO,MOVIMIENTO ALTERNATIVA DEMOCRATICA,false,982,267,0.2719,267,156,0.5843,,,
jal>concejo,2015,2019,NANCY JIMENEZ SERRANO,NANCY JIMENEZ SERRANO,27,27-019,01,PARTIDO CAMBIO RADICAL,PARTIDO CAMBIO RADICAL,true,979,183,0.1869,183,73,0.3989,,,
jal>concejo,2015,2019,MARIO ANDRES QUINTERO SANTOS,MARIO ANDRES QUINTERO SANTOS,21,21-001,02,PARTIDO LIBERAL COLOMBIANO,PARTIDO LIBERAL COLOMBIANO,true,968,644,0.6653,644,364,0.5652,,,
jal>concejo,2015,2019,GUSTAVO CORRALES POSSE,GUSTAVO CORRALES POSSE,31,31-001,07,PARTIDO LIBERAL COLOMBIANO,PARTIDO LIBERAL COLOMBIANO,true,965,837,0.8674,837,244,0.2915,,,
jal>concejo,2015,2019,JUAN PABLO JARAMILLO OSORIO,JUAN PABLO JARAMILLO OSORIO,01,01-049,05,PARTIDO CAMBIO RADICAL,PARTIDO SOCIAL DE UNIDAD NACIONAL  PARTIDO DE LA U,false,949,552,0.5817,552,55,0.0996,,,
jal>concejo,2015,2019,VICTOR MANUEL TRIBINO PORTO,VICTOR MANUEL TRIBINO PORTO,05,05-001,01,PARTIDO ALIANZA VERDE,PARTIDO COLOMBIA RENACIENTE,false,942,47,0.0499,47,7,0.1489,,,
jal>concejo,2015,2019,BERGMAN ARIAS VERA,BERGMAN ARIAS VERA,52,52-001,04,PARTIDO DE LA U,PARTIDO SOCIAL DE UNIDAD NACIONAL  PARTIDO DE LA U,false,931,176,0.189,176,15,0.0852,,,
jal>concejo,2015,2019,SEBASTIAN URAN PEREZ,SEBASTIAN URAN PEREZ,01,01-151,01,PARTIDO ALIANZA SOCIAL INDEPENDIENTE,PARTIDO LIBERAL COLOMBIANO,false,927,1055,1.1381,1055,413,0.3915,,,
jal>concejo,2015,2019,SERGIO ANDRES MENDOZA CASTRO,SERGIO ANDRES MENDOZA CASTRO,05,05-001,03,PARTIDO ALIANZA VERDE,PARTIDO ALIANZA VERDE,true,899,5765,6.4127,5765,2960,0.5134,,,
jal>concejo,2015,2019,HANNER ALEXIS SABOGAL GONZALEZ,HANNER ALEXIS SABOGAL GONZALEZ,52,52-001,000,PARTIDO POLO DEMOCRÁTICO ALTERNATIVO,PARTIDO POLO DEMOCRATICO ALTERNATIVO,true,897,1639,1.8272,1639,638,0.3893,,,
jal>concejo,2015,2019,MARIA CRISTINA POVEDA ORTIZ,MARIA CRISTINA POVEDA ORTIZ,01,01-001,10,PARTIDO POLO DEMOCRÁTICO ALTERNATIVO,QUEREMOS,false,854,312,0.3653,312,92,0.2949,,,
jal>concejo,2015,2019,MARCOS ANTONIO BAENA ORTIZ,MARCOS ANTONIO BAENA ORTIZ,01,01-049,03,PARTIDO CAMBIO RADICAL,COALICION CAMBIO RADICAL  - MIRA,false,850,229,0.2694,229,109,0.476,,,
jal>concejo,2015,2019,IRMA ESPERANZA RODRIGUEZ VILLARREAL,IRMA ESPERANZA RODRIGUEZ VILLARREAL,23,23-001,06,PARTIDO OPCIÓN CIUDADANA,PARTIDO CAMBIO RADICAL,false,830,580,0.6988,580,168,0.2897,,,
jal>concejo,2015,2019,HENRY LOPEZ RIANO,HENRY LOPEZ RIANO,16,16-001,12,MOVIMIENTO MIRA,PARTIDO POLITICO  MIRA,false,824,481,0.5837,481,107,0.2225,,,
jal>concejo,2015,2019,MARIA MARLENY MORALES GARCIA,MARIA MARLENY MORALES GARCIA,24,24-001,18,PARTIDO CENTRO DEMOCRÁTICO,PARTIDO CENTRO DEMOCRATICO,true,823,360,0.4374,360,44,0.1222,,,
jal>concejo,2015,2019,JESUS RUPERTO ZAMBRANO RINCON,JESUS RUPERTO ZAMBRANO RINCON,25,25-001,01,PARTIDO LIBERAL COLOMBIANO,"PARTIDO DE REIVINDICACION ETNICA ""PRE""",false,796,200,0.2513,200,99,0.495,,,
jal>concejo,2015,2019,JAIME ALFONSO BARRANTES FONTALVO,JAIME ALFONSO BARRANTES FONTALVO,03,03-001,04,PARTIDO DE LA U,PARTIDO SOCIAL DE UNIDAD NACIONAL  PARTIDO DE LA U,false,784,1499,1.912,1499,299,0.1995,,,
jal>concejo,2015,2019,MARIA SOLEDAD ECHAVARRIA DE GUZMAN,MARIA SOLEDAD ECHAVARRIA DE GUZMAN,01,01-151,02,PARTIDO CONSERVADOR COLOMBIANO,PARTIDO ALIANZA SOCIAL INDEPENDIENTE ASI,false,783,223,0.2848,223,104,0.4664,,,
jal>concejo,2015,2019,GEDWARD ESNEIDER CANIZALES BELTRAN,GEDWARD ESNEIDER CANIZALES BELTRAN,52,52-001,000,PARTIDO CAMBIO RADICAL,PARTIDO CAMBIO RADICAL,true,783,425,0.5428,425,27,0.0635,,,
jal>concejo,2015,2019,MARCEL KOGUI LOPEZ MORENO,MARCEL KOGUI LOPEZ MORENO,31,31-001,06,PARTIDO POLO DEMOCRÁTICO ALTERNATIVO,PARTIDO POLO DEMOCRATICO ALTERNATIVO,true,780,2327,2.9833,2327,298,0.1281,,,
jal>concejo,2015,2019,ANTONIO VIVANCO CARABALLO,ANTONIO VIVANCO CARABALLO,05,05-001,03,PARTIDO CAMBIO RADICAL,PARTIDO CENTRO DEMOCRATICO- PARTIDO POLITICO MIRA,false,764,194,0.2539,194,121,0.6237,,,
jal>concejo,2015,2019,LUIS CARLOS GALLEGO ARENAS,LUIS CARLOS GALLEGO ARENAS,52,52-001,02,PARTIDO LIBERAL COLOMBIANO,PARTIDO CENTRO DEMOCRATICO,false,760,168,0.2211,168,33,0.1964,,,
jal>concejo,2015,2019,DIEGO ALONSO PULIDO RINCON,DIEGO ALONSO PULIDO RINCON,19,19-001,02,PARTIDO ALIANZA VERDE,PARTIDO ALIANZA VERDE,true,753,418,0.5551,418,92,0.2201,,,
jal>concejo,2015,2019,JOSE HILARIO PADILLA SERRANO,JOSE HILARIO PADILLA SERRANO,27,27-001,03,PARTIDO POLO DEMOCRÁTICO ALTERNATIVO,UNIDAD ALTERNATIVA,false,740,708,0.9568,708,262,0.3701,,,
jal>concejo,2015,2019,DIEGO ALEXANDER RUIZ ROJAS,DIEGO ALEXANDER RUIZ ROJAS,52,52-001,000,PARTIDO DE LA U,PARTIDO SOCIAL DE UNIDAD NACIONAL  PARTIDO DE LA U,false,725,529,0.7297,529,53,0.1002,,,
jal>concejo,2015,2019,JOSE ARLEX GIL VEGA,JOSE ARLEX GIL VEGA,31,31-034,000,PARTIDO DE LA U,"PARTIDO DE REIVINDICACION ETNICA ""PRE""",false,709,151,0.213,151,5,0.0331,,,
jal>concejo,2015,2019,BLANCA INES MORENO DURAN,BLANCA INES MORENO DURAN,25,25-001,06,PARTIDO OPCIÓN CIUDADANA,PARTIDO CAMBIO RADICAL,false,701,534,0.7618,534,150,0.2809,,,
jal>concejo,2015,2019,DIEGO PAREDES RENGIFO,DIEGO PAREDES RENGIFO,31,31-001,12,MOVIMIENTO MIRA,PARTIDO POLITICO  MIRA,false,701,760,1.0842,760,298,0.3921,,,
jal>concejo,2015,2019,LUIS EDUARDO DIAZ OBANDO,LUIS EDUARDO DIAZ OBANDO,23,23-001,06,PARTIDO DE LA U,PARTIDO COLOMBIA RENACIENTE,false,699,335,0.4793,335,77,0.2299,,,
jal>concejo,2015,2019,ROBER ALBERTO RANGEL RODRIGUEZ,ROBER ALBERTO RANGEL RODRIGUEZ,21,21-016,01,PARTIDO LIBERAL COLOMBIANO,PARTIDO LIBERAL COLOMBIANO,true,678,91,0.1342,91,36,0.3956,,,
jal>concejo,2015,2019,MARLON ANDRES OCAMPO TABARES,MARLON ANDRES OCAMPO TABARES,01,01-151,01,PARTIDO OPCIÓN CIUDADANA,PARTIDO ALIANZA VERDE,false,675,225,0.3333,225,93,0.4133,,,
jal>concejo,2015,2019,ANA ISABEL ARIAS MORA,ANA ISABEL ARIAS MORA,16,16-001,09,PARTIDO ALIANZA VERDE,PARTIDO POLO DEMOCRATICO ALTERNATIVO,false,672,1381,2.0551,1381,258,0.1868,,,
jal>concejo,2015,2019,CLAUDIA ARBOLEDA TORRES,CLAUDIA ARBOLEDA TORRES,05,05-001,03,MOVIMIENTO MIRA,PARTIDO CENTRO DEMOCRATICO- PARTIDO POLITICO MIRA,false,672,3210,4.7768,3210,1114,0.347,,,
jal>concejo,2015,2019,WILSON CELIS HOYOS,WILSON CELIS HOYOS,05,05-001,03,PARTIDO ALIANZA SOCIAL INDEPENDIENTE,PARTIDO COLOMBIA RENACIENTE,false,655,276,0.4214,276,177,0.6413,,,
jal>concejo,2015,2019,JORGE ENRIQUE MEZA,JORGE ENRIQUE MEZA,09,09-001,03,PARTIDO DE LA U,PARTIDO ALIANZA SOCIAL INDEPENDIENTE ASI,false,650,299,0.46,299,155,0.5184,,,
jal>concejo,2015,2019,BLANCA STELLA EGURROLA ARAUJO,BLANCA STELLA EGURROLA ARAUJO,12,12-001,01,PARTIDO LIBERAL COLOMBIANO,PARTIDO LIBERAL COLOMBIANO,true,640,159,0.2484,159,64,0.4025,,,
jal>concejo,2015,2019,HUGO HERNANDO CARDOZO CAMARGO,HUGO HERNANDO CARDOZO CAMARGO,46,46-001,01,PARTIDO DE LA U,PARTIDO SOCIAL DE UNIDAD NACIONAL  PARTIDO DE LA U,false,640,152,0.2375,152,35,0.2303,,,
jal>concejo,2015,2019,LUIS ALFONSO PARDO RODRIGUEZ,LUIS ALFONSO PARDO RODRIGUEZ,52,52-001,000,PARTIDO DE LA U,PARTIDO SOCIAL DE UNIDAD NACIONAL  PARTIDO DE LA U,false,632,244,0.3861,244,26,0.1066,,,
jal>concejo,2015,2019,POLO FABIAN RODRIGUEZ GUEVARA,POLO FABIAN RODRIGUEZ GUEVARA,07,07-079,04,PARTIDO ALIANZA VERDE,PARTIDO SOCIAL DE UNIDAD NACIONAL  PARTIDO DE LA U,false,631,110,0.1743,110,28,0.2545,,,
jal>concejo,2015,2019,ALEXIS MEJIA ECHEVERRY,ALEXIS MEJIA ECHEVERRY,01,01-001,000,PARTIDO CAMBIO RADICAL,PARTIDO LIBERAL COLOMBIANO,false,630,8261,13.1127,8261,108,0.0131,,,
jal>concejo,2015,2019,MONICA GERARDINA SEGURA PENA,MONICA GERARDINA SEGURA PENA,11,11-001,04,PARTIDO ALIANZA SOCIAL INDEPENDIENTE,PARTIDO ALIANZA SOCIAL INDEPENDIENTE ASI,false,625,247,0.3952,247,96,0.3887,,,
jal>concejo,2015,2019,CLARA HELENA COTE VILLAMIZAR,CLARA HELENA COTE VILLAMIZAR,27,27-001,03,PARTIDO LIBERAL COLOMBIANO,HAGAMOS CIUDADANIA POR BUCARAMANGA,false,617,401,0.6499,401,167,0.4165,,,
jal>concejo,2015,2019,MARIA PATRICIA VELASQUEZ GAVIRIA,MARIA PATRICIA VELASQUEZ GAVIRIA,01,01-151,02,PARTIDO CONSERVADOR COLOMBIANO,PARTIDO ALIANZA SOCIAL INDEPENDIENTE ASI,false,611,116,0.1899,116,43,0.3707,,,
jal>concejo,2015,2019,JAIBER HERNANDEZ SARMIENTO,JAIBER HERNANDEZ SARMIENTO,29,29-001,09,PARTIDO ALIANZA VERDE,PARTIDO ALIANZA VERDE,true,610,284,0.4656,284,101,0.3556,,,
jal>concejo,2015,2019,DAVID ANDRES OCHOA QUINTERO,DAVID ANDRES OCHOA QUINTERO,26,26-001,06,PARTIDO ALIANZA VERDE,ARMENIA DIFERENTE,false,604,222,0.3675,222,51,0.2297,,,
jal>concejo,2015,2019,CARMEN ALICIA MOSQUERA DE RODRIGUEZ,CARMEN ALICIA MOSQUERA DE RODRIGUEZ,31,31-019,01,PARTIDO LIBERAL COLOMBIANO,PARTIDO LIBERAL COLOMBIANO,true,598,610,1.0201,610,267,0.4377,,,
jal>concejo,2015,2019,EDILBERTO GONZALEZ MEJIA,EDILBERTO GONZALEZ MEJIA,26,26-001,02,PARTIDO LIBERAL COLOMBIANO,PARTIDO LIBERAL COLOMBIANO,true,593,382,0.6442,382,145,0.3796,,,
jal>concejo,2015,2019,OVER EDWIN GONZALEZ DIAZ,OVER EDWIN GONZALEZ DIAZ,46,46-001,01,PARTIDO OPCIÓN CIUDADANA,"PARTIDO DE REIVINDICACION ETNICA ""PRE""",false,580,25,0.0431,25,6,0.24,,,
jal>concejo,2015,2019,ORLANDO ALEX HENRIQUEZ CAYON,ORLANDO ALEX HENRIQUEZ CAYON,13,13-001,03,PARTIDO CAMBIO RADICAL,PARTIDO CAMBIO RADICAL,true,564,286,0.5071,286,101,0.3531,,,
jal>concejo,2015,2019,JOSE DANIEL CASTELLANOS MOROS,JOSE DANIEL CASTELLANOS MOROS,25,25-001,06,PARTIDO CAMBIO RADICAL,PARTIDO ADA,false,559,130,0.2326,130,36,0.2769,,,
jal>concejo,2015,2019,LUZ MARINA ACEVEDO VELANDIA,LUZ MARINA ACEVEDO VELANDIA,26,26-001,000,MOVIMIENTO MIRA,PARTIDO CENTRO DEMOCRATICO- PARTIDO POLITICO MIRA,false,554,256,0.4621,256,125,0.4883,,,
jal>concejo,2015,2019,DANIEL GIL NINO,DANIEL GIL NINO,27,27-001,01,PARTIDO LIBERAL COLOMBIANO,PARTIDO LIBERAL COLOMBIANO,true,553,1251,2.2622,1251,433,0.3461,,,
jal>concejo,2015,2019,BLANCA TERESA DE JESUS SANCHEZ ROA,BLANCA TERESA DE JESUS SANCHEZ ROA,16,16-001,01,MOVIMIENTO MIRA,PARTIDO POLITICO  MIRA,false,544,1232,2.2647,1232,505,0.4099,,,
jal>concejo,2015,2019,RUTH NOREYA RODRIGUEZ,RUTH NOREYA RODRIGUEZ,11,11-001,06,MOVIMIENTO MIRA,PARTIDO POLITICO  MIRA,false,536,192,0.3582,192,92,0.4792,,,
jal>concejo,2015,2019,CLARA INES RODRIGUEZ ALEMAN,CLARA INES RODRIGUEZ ALEMAN,12,12-001,04,PARTIDO LIBERAL COLOMBIANO,PARTIDO ADA,false,532,26,0.0489,26,6,0.2308,,,
jal>concejo,2015,2019,JUAN GABRIEL GIRALDO,JUAN GABRIEL GIRALDO,24,24-025,01,MOVIMIENTO MIRA,PARTIDO POLITICO  MIRA,false,522,508,0.9732,508,28,0.0551,,,
jal>concejo,2015,2019,JUAN SEBASTIAN GOMEZ DURAN,JUAN SEBASTIAN GOMEZ DURAN,27,27-001,03,PARTIDO CAMBIO RADICAL,MOVIMIENTO AUTORIDADES INDIGENAS DE COLOMBIA AICO,false,519,323,0.6224,323,59,0.1827,,,
jal>concejo,2015,2019,JULIAN ESTEBAN BETANCOURT GOMEZ,JULIAN ESTEBAN BETANCOURT GOMEZ,29,29-001,10,PARTIDO CAMBIO RADICAL,"PARTIDO DE REIVINDICACION ETNICA ""PRE""",false,517,66,0.1277,66,24,0.3636,,,
jal>concejo,2015,2019,LUIS FERNANDO QUEVEDO GONZALEZ,LUIS FERNANDO QUEVEDO GONZALEZ,19,19-001,01,PARTIDO DE LA U,TRANSFORMEMOS NEIVA,false,513,318,0.6199,318,162,0.5094,,,
jal>concejo,2015,2019,LUZ ESTELA BELLIO DE PEREIRA,LUZ ESTELA BELLIO DE PEREIRA,31,31-001,14,MOVIMIENTO MIRA,PARTIDO POLITICO  MIRA,false,510,664,1.302,664,335,0.5045,,,
jal>concejo,2015,2019,ANA MERCEDES COLINA DE LA CRUZ,ANA MERCEDES COLINA DE LA CRUZ,21,21-016,01,PARTIDO LIBERAL COLOMBIANO,PARTIDO SOCIAL DE UNIDAD NACIONAL  PARTIDO DE LA U,false,509,21,0.0413,21,2,0.0952,,,
jal>concejo,2015,2019,JORGE EDUARDO GONZALEZ ARDILA,JORGE EDUARDO GONZALEZ ARDILA,15,15-247,02,PARTIDO CAMBIO RADICAL,PARTIDO CAMBIO RADICAL,true,493,310,0.6288,310,110,0.3548,,,
jal>concejo,2015,2019,JAVIER DE JESUS ROJANO MELO,JAVIER DE JESUS ROJANO MELO,21,21-001,02,PARTIDO CAMBIO RADICAL,PARTIDO ALIANZA SOCIAL INDEPENDIENTE ASI,false,490,133,0.2714,133,69,0.5188,,,
jal>concejo,2015,2019,ROSA MYRIAN RACINES CAMACHO,ROSA MYRIAN RACINES CAMACHO,31,31-019,02,PARTIDO ALIANZA VERDE,PARTIDO ALIANZA VERDE,true,488,473,0.9693,473,291,0.6152,,,
jal>concejo,2015,2019,LEONEL DE JESUS GARCIA LADINO,LEONEL DE JESUS GARCIA LADINO,24,24-001,06,PARTIDO DE LA U,PARTIDO COLOMBIA RENACIENTE,false,480,64,0.1333,64,17,0.2656,,,
jal>concejo,2015,2019,MARIA LIMBANIA ACOSTA SILVA,MARIA LIMBANIA ACOSTA SILVA,15,15-247,02,PARTIDO CENTRO DEMOCRÁTICO,PARTIDO CENTRO DEMOCRATICO,true,479,253,0.5282,253,74,0.2925,,,
jal>concejo,2015,2019,HERMES DE JESUS SANCHEZ CALLEJAS,HERMES DE JESUS SANCHEZ CALLEJAS,29,29-001,03,PARTIDO LIBERAL COLOMBIANO,PARTIDO LIBERAL COLOMBIANO,true,478,315,0.659,315,55,0.1746,,,
jal>concejo,2015,2019,NUBIA ESPERANZA QUINTERO TRUJILLO,NUBIA ESPERANZA QUINTERO TRUJILLO,29,29-001,10,PARTIDO CONSERVADOR COLOMBIANO,PARTIDO ADA,false,477,138,0.2893,138,18,0.1304,,,
jal>concejo,2015,2019,ESMEIRA JUDITH CAMACHO MIRANDA,ESMEIRA JUDITH CAMACHO MIRANDA,21,21-001,02,PARTIDO ALIANZA SOCIAL INDEPENDIENTE,PARTIDO ALIANZA SOCIAL INDEPENDIENTE ASI,false,472,66,0.1398,66,31,0.4697,,,
jal>concejo,2015,2019,MARIA JOSE ZABALA PIEDRAHITA,MARIA JOSE ZABALA PIEDRAHITA,52,52-001,01,PARTIDO ALIANZA VERDE,PARTIDO ALIANZA VERDE,true,472,1079,2.286,1079,98,0.0908,,,
jal>concejo,2015,2019,JUAN FRANCISCO HERNANDEZ ESQUIVEL,JUAN FRANCISCO HERNANDEZ ESQUIVEL,13,13-001,08,PARTIDO CONSERVADOR COLOMBIANO,PARTIDO SOCIAL DE UNIDAD NACIONAL  PARTIDO DE LA U,false,471,159,0.3376,159,34,0.2138,,,
jal>concejo,2015,2019,JOSE APOLINAR GARCIA PARADA,JOSE APOLINAR GARCIA PARADA,25,25-001,06,PARTIDO CONSERVADOR COLOMBIANO,"PARTIDO DE REIVINDICACION ETNICA ""PRE""",false,468,207,0.4423,207,61,0.2947,,,
jal>concejo,2015,2019,MAGDALENA GUTIERREZ ARICAPA,MAGDALENA GUTIERREZ ARICAPA,24,24-001,18,PARTIDO DE LA U,PARTIDO SOCIAL DE UNIDAD NACIONAL  PARTIDO DE LA U,false,458,313,0.6834,313,94,0.3003,,,
jal>concejo,2015,2019,MARGARITA MARIA ECHEVERRI ORREGO,MARGARITA MARIA ECHEVERRI ORREGO,01,01-001,01,PARTIDO LIBERAL COLOMBIANO,PARTIDO LIBERAL COLOMBIANO,true,457,757,1.6565,757,127,0.1678,,,
jal>concejo,2015,2019,MAURO FRANCISCO LEON RAMIREZ,MAURO FRANCISCO LEON RAMIREZ,46,46-001,01,PARTIDO DE LA U,PARTIDO SOCIAL DE UNIDAD NACIONAL  PARTIDO DE LA U,false,457,301,0.6586,301,98,0.3256,,,
jal>concejo,2015,2019,GERMAN SANTO CASTILLA HERRERA,GERMAN SANTO CASTILLA HERRERA,05,05-007,02,PARTIDO LIBERAL COLOMBIANO,PARTIDO LIBERAL COLOMBIANO,true,457,126,0.2757,126,68,0.5397,,,
jal>concejo,2015,2019,JOSE LUIS QUINONEZ ANGULO,JOSE LUIS QUINONEZ ANGULO,23,23-139,05,PARTIDO LIBERAL COLOMBIANO,PARTIDO ALIANZA VERDE,false,454,189,0.4163,189,37,0.1958,,,
jal>concejo,2015,2019,JESUS ELADIO LOZANO IBARGUEN,JESUS ELADIO LOZANO IBARGUEN,29,29-001,09,PARTIDO LIBERAL COLOMBIANO,PARTIDO LIBERAL COLOMBIANO,true,452,210,0.4646,210,84,0.4,,,
jal>concejo,2015,2019,JUAN CARLOS MANJARRES ARIAS,JUAN CARLOS MANJARRES ARIAS,21,21-001,03,PARTIDO LIBERAL COLOMBIANO,PARTIDO LIBERAL COLOMBIANO,true,451,570,1.2639,570,414,0.7263,,,
jal>concejo,2015,2019,YESICA PAOLA MARIMON VEGA,YESICA PAOLA MARIMON VEGA,05,05-118,02,PARTIDO CAMBIO RADICAL,PARTIDO ALIANZA SOCIAL INDEPENDIENTE ASI,false,444,136,0.3063,136,30,0.2206,,,
jal>concejo,2015,2019,GLORIA COLOMBIA HERRERA ZUNIGA,GLORIA COLOMBIA HERRERA ZUNIGA,31,31-001,07,MOVIMIENTO MIRA,PARTIDO POLITICO  MIRA,false,440,587,1.3341,587,238,0.4055,,,
jal>concejo,2015,2019,EXTREIZON PEREA VALERO,EXTREIZON PEREA VALERO,15,15-109,02,PARTIDO ALIANZA VERDE,PARTIDO ALIANZA VERDE,true,438,82,0.1872,82,7,0.0854,,,
jal>concejo,2015,2019,NUBIA ESTHER COTRINA ROMERO,NUBIA ESTHER COTRINA ROMERO,16,16-001,12,PARTIDO ALIANZA VERDE,PARTIDO ALIANZA SOCIAL INDEPENDIENTE ASI,false,437,635,1.4531,635,51,0.0803,,,
jal>concejo,2015,2019,ROBERTO LUIS OLARTE CORREA,ROBERTO LUIS OLARTE CORREA,13,13-001,08,PARTIDO CONSERVADOR COLOMBIANO,PARTIDO ADA,false,434,349,0.8041,349,60,0.1719,,,
jal>concejo,2015,2019,DIEGO AMBROSIO CASTRO GARZON,DIEGO AMBROSIO CASTRO GARZON,01,01-001,09,PARTIDO LIBERAL COLOMBIANO,PARTIDO LIBERAL COLOMBIANO,true,431,667,1.5476,667,131,0.1964,,,
jal>concejo,2015,2019,EDINSON RAMIREZ TIVIDOR,EDINSON RAMIREZ TIVIDOR,05,05-001,01,PARTIDO POLO DEMOCRÁTICO ALTERNATIVO,PARTIDO COLOMBIA RENACIENTE,false,429,178,0.4149,178,19,0.1067,,,
jal>concejo,2015,2019,OSCAR HERNAN ZAPATA CASANAS,OSCAR HERNAN ZAPATA CASANAS,31,31-022,03,PARTIDO LIBERAL COLOMBIANO,PARTIDO LIBERAL COLOMBIANO,true,426,140,0.3286,140,39,0.2786,,,
jal>concejo,2015,2019,JOSE LUBINO GUAQUEZ TORRES,JOSE LUBINO GUAQUEZ TORRES,64,64-002,01,PARTIDO POLO DEMOCRÁTICO ALTERNATIVO,PARTIDO ALIANZA VERDE,false,426,153,0.3592,153,82,0.5359,,,
jal>concejo,2015,2019,LUIS ROBERTO HERNANDEZ BECERRA,LUIS ROBERTO HERNANDEZ BECERRA,46,46-001,01,PARTIDO ALIANZA VERDE,PARTIDO ALIANZA VERDE,true,420,160,0.381,160,25,0.1563,,,
jal>concejo,2015,2019,RICARDO ANTONIO GARCIA MEJIA,RICARDO ANTONIO GARCIA MEJIA,11,11-001,07,MOVIMIENTO MIRA,PARTIDO POLITICO  MIRA,false,419,565,1.3484,565,169,0.2991,,,
jal>concejo,2015,2019,YERLIS PAOLA BELENO ESTRADA,YERLIS PAOLA BELENO ESTRADA,15,15-247,05,PARTIDO CENTRO DEMOCRÁTICO,PARTIDO CENTRO DEMOCRATICO,true,416,92,0.2212,92,22,0.2391,,,
jal>concejo,2015,2019,JAHDER ALBERTO RAMIREZ GIRALDO,JAHDER ALBERTO RAMIREZ GIRALDO,01,01-001,09,PARTIDO POLO DEMOCRÁTICO ALTERNATIVO,QUEREMOS,false,413,1642,3.9758,1642,962,0.5859,,,
jal>concejo,2015,2019,JULIA ESPINOSA BARRERA,JULIA ESPINOSA BARRERA,07,07-079,03,PARTIDO CONSERVADOR COLOMBIANO,PARTIDO CONSERVADOR COLOMBIANO,true,404,65,0.1609,65,11,0.1692,,,
jal>concejo,2015,2019,CARLOS ANDRES POLANIA TOVAR,CARLOS ANDRES POLANIA TOVAR,46,46-001,02,"MOVIMIENTO ALTERNATIVO INDÍGENA Y SOCIAL ""MAIS""",MOVIMIENTO ALTERNATIVO INDIGENA Y SOCIAL MAIS,true,401,173,0.4314,173,32,0.185,,,
jal>concejo,2015,2019,LILIANA SANCHEZ CANABAL,LILIANA SANCHEZ CANABAL,26,26-001,02,PARTIDO CAMBIO RADICAL,PARTIDO CAMBIO RADICAL,true,400,352,0.88,352,149,0.4233,,,
jal>concejo,2015,2019,MARIA ISABEL SEPULVEDA VELANDIA,MARIA ISABEL SEPULVEDA VELANDIA,16,16-001,18,MOVIMIENTO MIRA,PARTIDO POLITICO  MIRA,false,397,1129,2.8438,1129,191,0.1692,,,
jal>concejo,2015,2019,JOSE OLIVERIO FONSECA FONSECA,JOSE OLIVERIO FONSECA FONSECA,46,46-001,01,PARTIDO ALIANZA VERDE,PARTIDO POLO DEMOCRATICO ALTERNATIVO,false,397,232,0.5844,232,35,0.1509,,,
jal>concejo,2015,2019,JULIA ELENA CAUCALI,JULIA ELENA CAUCALI,15,15-247,02,MOVIMIENTO AUTORIDADES INDÍGENAS DE COLOMBIA,PARTIDO ADA,false,392,79,0.2015,79,58,0.7342,,,
jal>concejo,2015,2019,LUZ MARINA TOBOS DE ESTUPINAN,LUZ MARINA TOBOS DE ESTUPINAN,07,07-079,01,PARTIDO DE LA U,PARTIDO SOCIAL DE UNIDAD NACIONAL  PARTIDO DE LA U,false,392,130,0.3316,130,55,0.4231,,,
jal>concejo,2015,2019,LEONIDAS MARTINEZ HURTADO,LEONIDAS MARTINEZ HURTADO,31,31-019,02,PARTIDO DE LA U,PARTIDO SOCIAL DE UNIDAD NACIONAL  PARTIDO DE LA U,false,391,513,1.312,513,314,0.6121,,,
jal>concejo,2015,2019,RUBEN ARTURO FLOREZ JARAMILLO,RUBEN ARTURO FLOREZ JARAMILLO,24,24-025,000,PARTIDO ALIANZA SOCIAL INDEPENDIENTE,DOSQUEBRADAS SI ES POSIBLE,false,390,146,0.3744,146,124,0.8493,,,
jal>concejo,2015,2019,FABIOLA SUAREZ ORTIZ,FABIOLA SUAREZ ORTIZ,16,16-001,11,MOVIMIENTO MIRA,PARTIDO POLITICO  MIRA,false,387,1424,3.6796,1424,181,0.1271,,,
jal>concejo,2015,2019,RAMON ANDRES TRUJILLO,RAMON ANDRES TRUJILLO,24,24-025,000,PARTIDO DE LA U,PARTIDO COLOMBIA RENACIENTE,false,384,17,0.0443,17,14,0.8235,,,
jal>concejo,2015,2019,DIEGO ALEJANDRO CORREDOR GIRON,DIEGO ALEJANDRO CORREDOR GIRON,46,46-001,01,PARTIDO OPCIÓN CIUDADANA,PARTIDO COLOMBIA RENACIENTE,false,383,203,0.53,203,61,0.3005,,,
jal>concejo,2015,2019,MARIA MELBA RIOS,MARIA MELBA RIOS,11,11-001,02,PARTIDO POLO DEMOCRÁTICO ALTERNATIVO,POPAYAN SOMOS TODOS,false,381,85,0.2231,85,42,0.4941,,,
jal>concejo,2015,2019,OLGA STELLA LOPEZ DE LOPEZ,OLGA STELLA LOPEZ DE LOPEZ,46,46-001,01,PARTIDO DE LA U,PARTIDO SOCIAL DE UNIDAD NACIONAL  PARTIDO DE LA U,false,380,195,0.5132,195,45,0.2308,,,
jal>concejo,2015,2019,JAIRO SANDOVAL HERNANDEZ,JAIRO SANDOVAL HERNANDEZ,25,25-001,04,PARTIDO CAMBIO RADICAL,PARTIDO CENTRO DEMOCRATICO,false,376,143,0.3803,143,31,0.2168,,,
jal>concejo,2015,2019,AXEL GUSTAVO ALZATE RODRIGUEZ,AXEL GUSTAVO ALZATE RODRIGUEZ,16,16-001,02,MOVIMIENTO MIRA,PARTIDO POLITICO  MIRA,false,369,743,2.0136,743,81,0.109,,,
jal>concejo,2015,2019,CILIA GUTIERREZ RODRIGUEZ,CILIA GUTIERREZ RODRIGUEZ,27,27-019,000,PARTIDO ALIANZA VERDE,PARTIDO ALIANZA VERDE,true,365,115,0.3151,115,0,0,,,
jal>concejo,2015,2019,WILMER FABIAN MORENO MATIZ,WILMER FABIAN MORENO MATIZ,29,29-001,03,PARTIDO CONSERVADOR COLOMBIANO,FIRME POR IBAGUE,false,365,349,0.9562,349,75,0.2149,,,
jal>concejo,2015,2019,EDUER HUMBERTO LARA PACHECO,EDUER HUMBERTO LARA PACHECO,15,15-247,01,PARTIDO CENTRO DEMOCRÁTICO,PARTIDO CENTRO DEMOCRATICO,true,362,372,1.0276,372,232,0.6237,,,
jal>concejo,2015,2019,MAURIN ALEXIS OSORIO PINZON,MAURIN ALEXIS OSORIO PINZON,25,25-001,10,"MOVIMIENTO ALTERNATIVO INDÍGENA Y SOCIAL ""MAIS""",MOVIMIENTO ALTERNATIVO INDIGENA Y SOCIAL MAIS,true,362,261,0.721,261,92,0.3525,,,
jal>concejo,2015,2019,NANCY ADRIANA ENRIQUEZ MARTINEZ,NANCY ADRIANA ENRIQUEZ MARTINEZ,23,23-001,20,PARTIDO CAMBIO RADICAL,PARTIDO CONSERVADOR COLOMBIANO,false,357,152,0.4258,152,65,0.4276,,,
jal>concejo,2015,2019,VLADIMIR SAAVEDRA MARTINEZ,VLADIMIR SAAVEDRA MARTINEZ,27,27-001,09,PARTIDO CAMBIO RADICAL,PARTIDO CAMBIO RADICAL,true,357,443,1.2409,443,14,0.0316,,,
jal>concejo,2015,2019,RUBEN ALEXANDER LEON VASQUEZ,RUBEN ALEXANDER LEON VASQUEZ,28,28-001,08,PARTIDO OPCIÓN CIUDADANA,PARTIDO CONSERVADOR COLOMBIANO,false,356,441,1.2388,441,106,0.2404,,,
jal>concejo,2015,2019,SHIRLEY MARGARITA CASTRO ROSALES,SHIRLEY MARGARITA CASTRO ROSALES,03,03-001,02,PARTIDO POLO DEMOCRÁTICO ALTERNATIVO,PARTIDO POLO DEMOCRATICO ALTERNATIVO,true,356,337,0.9466,337,115,0.3412,,,
jal>concejo,2015,2019,DIEGO EFREN CANDELA VILLEGAS,DIEGO EFREN CANDELA VILLEGAS,31,31-034,13,PARTIDO DE LA U,PARTIDO SOCIAL DE UNIDAD NACIONAL  PARTIDO DE LA U,false,355,780,2.1972,780,483,0.6192,,,
jal>concejo,2015,2019,JAVIER GUARIN DUQUE,JAVIER GUARIN DUQUE,26,26-001,02,PARTIDO CONSERVADOR COLOMBIANO,NUEVA CIUDADANIA,false,343,119,0.3469,119,68,0.5714,,,
jal>concejo,2015,2019,JAVIER ALBERTO TRIGOS REY,JAVIER ALBERTO TRIGOS REY,27,27-001,09,PARTIDO ALIANZA VERDE,PARTIDO CAMBIO RADICAL,false,336,580,1.7262,580,15,0.0259,,,
jal>concejo,2015,2019,MARIA CONSUELO LOPEZ ORTEGA,MARIA CONSUELO LOPEZ ORTEGA,52,52-001,05,PARTIDO CAMBIO RADICAL,PARTIDO ALIANZA VERDE,false,336,113,0.3363,113,42,0.3717,,,
jal>concejo,2015,2019,MIGUEL ANGEL PABON MUNOZ,MIGUEL ANGEL PABON MUNOZ,15,15-094,04,PARTIDO DE LA U,PARTIDO LIBERAL COLOMBIANO,false,335,387,1.1552,387,218,0.5633,,,
jal>concejo,2015,2019,SANDRA MILENA ACEVEDO ECHEVERRY,SANDRA MILENA ACEVEDO ECHEVERRY,15,15-247,06,PARTIDO DE LA U,PARTIDO ADA,false,331,487,1.4713,487,203,0.4168,,,
jal>concejo,2015,2019,MARIA NUBY SANCHEZ,MARIA NUBY SANCHEZ,19,19-001,01,PARTIDO ALIANZA VERDE,PARTIDO ALIANZA VERDE,true,330,501,1.5182,501,116,0.2315,,,
jal>concejo,2015,2019,JOHANA QUINTERO MERCHAN,JOHANA QUINTERO MERCHAN,19,19-001,10,PARTIDO ALIANZA VERDE,NEIVA HUMANA Y ALTERNATIVA,false,329,242,0.7356,242,50,0.2066,,,
jal>concejo,2015,2019,ELIANA RUBIO GUANGA,ELIANA RUBIO GUANGA,31,31-019,01,PARTIDO ALIANZA SOCIAL INDEPENDIENTE,PARTIDO SOCIAL DE UNIDAD NACIONAL  PARTIDO DE LA U,false,329,522,1.5866,522,205,0.3927,,,
jal>concejo,2015,2019,VICTOR HUGO VARGAS GUEVARA,VICTOR HUGO VARGAS GUEVARA,26,26-001,01,PARTIDO LIBERAL COLOMBIANO,PARTIDO LIBERAL COLOMBIANO,true,328,182,0.5549,182,29,0.1593,,,
jal>concejo,2015,2019,LUZ ERICA RIASCOS FLOREZ,LUZ ERICA RIASCOS FLOREZ,31,31-019,02,MOVIMIENTO AUTORIDADES INDÍGENAS DE COLOMBIA,PARTIDO COLOMBIA RENACIENTE,false,327,87,0.2661,87,64,0.7356,,,
jal>concejo,2015,2019,ALVARO ANTONIO BAENA GOMEZ,ALVARO ANTONIO BAENA GOMEZ,01,01-035,01,PARTIDO POLO DEMOCRÁTICO ALTERNATIVO,PARTIDO POLO DEMOCRATICO ALTERNATIVO,true,326,46,0.1411,46,9,0.1957,,,
jal>concejo,2015,2019,JOSE MEDEL RODRIGUEZ MACIAS,JOSE MEDEL RODRIGUEZ MACIAS,05,05-028,03,PARTIDO CONSERVADOR COLOMBIANO,MAGANGUE REVOLUCION COMUNITARIA,false,323,80,0.2477,80,47,0.5875,,,
jal>concejo,2015,2019,ORLANDO VILLAMIZAR HERNANDEZ,ORLANDO VILLAMIZAR HERNANDEZ,27,27-001,09,PARTIDO CAMBIO RADICAL,PARTIDO SOCIAL DE UNIDAD NACIONAL  PARTIDO DE LA U,false,319,362,1.1348,362,4,0.011,,,
jal>concejo,2015,2019,YENITH CARINA PATERNINA JIMENEZ,YENITH CARINA PATERNINA JIMENEZ,12,12-001,01,PARTIDO DE LA U,PARTIDO ALIANZA VERDE,false,316,87,0.2753,87,3,0.0345,,,
jal>concejo,2015,2019,PAULA VIVIANA LOPEZ CLAVIJO,PAULA VIVIANA LOPEZ CLAVIJO,24,24-025,01,PARTIDO LIBERAL COLOMBIANO,MOVIMIENTO AUTORIDADES INDIGENAS DE COLOMBIA AICO,false,316,47,0.1487,47,24,0.5106,,,
jal>concejo,2015,2019,MATIAS BURGOS RIOS,MATIAS BURGOS RIOS,09,09-001,10,PARTIDO DE LA U,PARTIDO LIBERAL COLOMBIANO,false,315,1048,3.327,1048,254,0.2424,,,
jal>concejo,2015,2019,JORGE ELIECER CASTRO CASTRO,JORGE ELIECER CASTRO CASTRO,46,46-001,12,PARTIDO ALIANZA SOCIAL INDEPENDIENTE,PARTIDO ALIANZA SOCIAL INDEPENDIENTE ASI,false,314,746,2.3758,746,501,0.6716,,,
jal>concejo,2015,2019,FELIPE ARENAS RENGIFO,FELIPE ARENAS RENGIFO,24,24-001,11,PARTIDO CONSERVADOR COLOMBIANO,PARTIDO CONSERVADOR COLOMBIANO,true,313,487,1.5559,487,81,0.1663,,,
jal>concejo,2015,2019,JUAN CARLOS SANDOVAL MENDOZA,JUAN CARLOS SANDOVAL MENDOZA,03,03-001,01,PARTIDO UNIÓN PATRIÓTICA,COALICION BARRANQUILLA HUMANA,false,313,465,1.4856,465,188,0.4043,,,
jal>concejo,2015,2019,EDWIN CARDENAS GARCIA,EDWIN CARDENAS GARCIA,01,01-049,02,PARTIDO CONSERVADOR COLOMBIANO,COALICION CAMBIO RADICAL  - MIRA,false,312,731,2.3429,731,108,0.1477,,,
jal>concejo,2015,2019,JULIO CESAR SUAREZ MORRON,JULIO CESAR SUAREZ MORRON,21,21-001,02,PARTIDO ALIANZA SOCIAL INDEPENDIENTE,PARTIDO ALIANZA SOCIAL INDEPENDIENTE ASI,false,312,250,0.8013,250,95,0.38,,,
jal>concejo,2015,2019,WILMER URID RODRIGUEZ LOPEZ,WILMER URID RODRIGUEZ LOPEZ,46,46-001,01,PARTIDO OPCIÓN CIUDADANA,PARTIDO COLOMBIA RENACIENTE,false,311,170,0.5466,170,51,0.3,,,
jal>concejo,2015,2019,EDWIN DE LA CRUZ SALAS,EDWIN DE LA CRUZ SALAS,23,23-001,11,PARTIDO CAMBIO RADICAL,"MOVIMIENTO CIUDADANO ""CAMBIEMOS - PASTO PRIMERO""",false,310,571,1.8419,571,173,0.303,,,
jal>concejo,2015,2019,CLARCK JOSE VALENCIA VALENCIA,CLARCK JOSE VALENCIA VALENCIA,31,31-019,02,PARTIDO CONSERVADOR COLOMBIANO,PARTIDO CENTRO DEMOCRATICO,false,308,209,0.6786,209,137,0.6555,,,
jal>concejo,2015,2019,DORA ALBA TORRES ORTIZ,DORA ALBA TORRES ORTIZ,01,01-049,01,PARTIDO LIBERAL COLOMBIANO,PARTIDO LIBERAL COLOMBIANO,true,307,273,0.8893,273,151,0.5531,,,
jal>concejo,2015,2019,EDGAR AUGUSTO MONTES ROJAS,EDGAR AUGUSTO MONTES ROJAS,25,25-001,05,PARTIDO CONSERVADOR COLOMBIANO,TODOS POR CUCUTA,false,307,475,1.5472,475,93,0.1958,,,
jal>concejo,2015,2019,JHON JAIME HERRERA PARRA,JHON JAIME HERRERA PARRA,31,31-055,04,PARTIDO CENTRO DEMOCRÁTICO,PARTIDO CONSERVADOR COLOMBIANO,false,307,562,1.8306,562,259,0.4609,,,
jal>concejo,2015,2019,RICHAR ALFONSO OLMOS VILLALOBOS,RICHAR ALFONSO OLMOS VILLALOBOS,21,21-001,02,PARTIDO OPCIÓN CIUDADANA,PARTIDO ADA,false,305,584,1.9148,584,481,0.8236,,,
jal>concejo,2015,2019,DUBIS DEL ROSARIO CARRASQUILLA RODRIGUEZ,DUBIS DEL ROSARIO CARRASQUILLA RODRIGUEZ,05,05-118,06,PARTIDO OPCIÓN CIUDADANA,PARTIDO COLOMBIA RENACIENTE,false,305,125,0.4098,125,38,0.304,,,
jal>concejo,2015,2019,JOSE MANUEL DONATO SOGAMOSO,JOSE MANUEL DONATO SOGAMOSO,16,16-001,12,PARTIDO DE LA U,PARTIDO CAMBIO RADICAL,false,302,1506,4.9868,1506,169,0.1122,,,
jal>concejo,2015,2019,DAVID ALEJANDRO CORDOBA GUEVARA,DAVID ALEJANDRO CORDOBA GUEVARA,24,24-001,06,PARTIDO ALIANZA VERDE,PARTIDO ALIANZA VERDE,true,295,332,1.1254,332,69,0.2078,,,
jal>concejo,2015,2019,GUSTAVO ADOLFO QUIJANO FONSECA,GUSTAVO ADOLFO QUIJANO FONSECA,46,46-001,02,PARTIDO OPCIÓN CIUDADANA,MOVIMIENTO ALTERNATIVO INDIGENA Y SOCIAL MAIS,false,295,66,0.2237,66,14,0.2121,,,
jal>concejo,2015,2019,FERNANDO GONZALEZ LATORRE,FERNANDO GONZALEZ LATORRE,15,15-247,01,PARTIDO OPCIÓN CIUDADANA,PARTIDO CAMBIO RADICAL,false,294,545,1.8537,545,215,0.3945,,,
jal>concejo,2015,2019,DORA LUZ GARCIA,DORA LUZ GARCIA,26,26-001,06,PARTIDO LIBERAL COLOMBIANO,PARTIDO LIBERAL COLOMBIANO,true,294,93,0.3163,93,15,0.1613,,,
jal>concejo,2015,2019,MARIA CONSUELO GUEVARA,MARIA CONSUELO GUEVARA,31,31-001,03,MOVIMIENTO MIRA,PARTIDO POLITICO  MIRA,false,293,274,0.9352,274,101,0.3686,,,
jal>concejo,2015,2019,MARIA DOLORES MONSALVE CASTRO,MARIA DOLORES MONSALVE CASTRO,01,01-049,08,PARTIDO CONSERVADOR COLOMBIANO,PARTIDO CONSERVADOR COLOMBIANO,true,292,272,0.9315,272,78,0.2868,,,
jal>concejo,2015,2019,ALBERTO GOMEZ SANCHEZ,ALBERTO GOMEZ SANCHEZ,31,31-079,13,PARTIDO DE LA U,PARTIDO CENTRO DEMOCRATICO,false,290,200,0.6897,200,85,0.425,,,
jal>concejo,2015,2019,JUSTO ENRIQUE MEJIA BALLESTERO,JUSTO ENRIQUE MEJIA BALLESTERO,12,12-001,01,PARTIDO DE LA U,PARTIDO ALIANZA VERDE,false,289,53,0.1834,53,5,0.0943,,,
jal>concejo,2015,2019,ROSA ESPERANZA GARZON HENAO,ROSA ESPERANZA GARZON HENAO,26,26-001,06,PARTIDO CAMBIO RADICAL,PARTIDO CAMBIO RADICAL,true,289,188,0.6505,188,34,0.1809,,,
jal>concejo,2015,2019,GENTIL JAVELA GOMEZ,GENTIL JAVELA GOMEZ,19,19-001,05,PARTIDO ALIANZA VERDE,NEIVA HUMANA Y ALTERNATIVA,false,288,318,1.1042,318,83,0.261,,,
jal>concejo,2015,2019,RAMON GALINDO CIFUENTES,RAMON GALINDO CIFUENTES,16,16-001,07,PARTIDO UNIÓN PATRIÓTICA,PARTIDO POLO DEMOCRATICO ALTERNATIVO,false,286,1129,3.9476,1129,167,0.1479,,,
jal>concejo,2015,2019,JOSE ALFREDO MARIMON PATINO,JOSE ALFREDO MARIMON PATINO,05,05-001,02,"MOVIMIENTO ALTERNATIVO INDÍGENA Y SOCIAL ""MAIS""",PARTIDO COLOMBIA RENACIENTE,false,285,181,0.6351,181,88,0.4862,,,
jal>concejo,2015,2019,HUGO ALEXANDER GANAN ANDICA,HUGO ALEXANDER GANAN ANDICA,26,26-001,02,PARTIDO DE LA U,PARTIDO SOCIAL DE UNIDAD NACIONAL  PARTIDO DE LA U,false,284,189,0.6655,189,117,0.619,,,
jal>concejo,2015,2019,OSVALDO ENRIQUE RODRIGUEZ VILORIA,OSVALDO ENRIQUE RODRIGUEZ VILORIA,03,03-001,01,PARTIDO ALIANZA SOCIAL INDEPENDIENTE,PARTIDO ALIANZA SOCIAL INDEPENDIENTE ASI,false,284,166,0.5845,166,89,0.5361,,,
jal>concejo,2015,2019,SERGIO IVAN CORDOBA GOMEZ,SERGIO IVAN CORDOBA GOMEZ,19,19-061,01,PARTIDO LIBERAL COLOMBIANO,PARTIDO LIBERAL COLOMBIANO,true,283,47,0.1661,47,17,0.3617,,,
jal>concejo,2015,2019,BETILDA CARRILLO TORREGLOSA,BETILDA CARRILLO TORREGLOSA,05,05-001,02,PARTIDO POLO DEMOCRÁTICO ALTERNATIVO,COALICION ALTERNATIVA CARTAGENA,false,282,273,0.9681,273,100,0.3663,,,
jal>concejo,2015,2019,MAIRA PATRICIA BARROSO VERA,MAIRA PATRICIA BARROSO VERA,07,07-079,04,PARTIDO ALIANZA VERDE,PARTIDO ALIANZA VERDE,true,281,291,1.0356,291,77,0.2646,,,
jal>concejo,2015,2019,EVER ENRIQUE ESPITIA ROBLEDO,EVER ENRIQUE ESPITIA ROBLEDO,17,17-001,02,PARTIDO LIBERAL COLOMBIANO,PARTIDO LIBERAL COLOMBIANO,true,279,215,0.7706,215,70,0.3256,,,
jal>concejo,2015,2019,JOSE DE JESUS OLIVEROS SANDOVAL,JOSE DE JESUS OLIVEROS SANDOVAL,21,21-001,01,PARTIDO LIBERAL COLOMBIANO,PARTIDO CONSERVADOR -  PARTIDO POLITICO MIRA,false,278,161,0.5791,161,53,0.3292,,,
jal>concejo,2015,2019,YESID CORDERO DIAZ,YESID CORDERO DIAZ,27,27-001,09,PARTIDO LIBERAL COLOMBIANO,MOVIMIENTO ALTERNATIVO INDIGENA Y SOCIAL MAIS,false,277,446,1.6101,446,11,0.0247,,,
jal>concejo,2015,2019,ANGELA PATRICIA CHICUE CABRERA,ANGELA PATRICIA CHICUE CABRERA,15,15-247,02,PARTIDO CAMBIO RADICAL,PARTIDO CAMBIO RADICAL,true,276,365,1.3225,365,178,0.4877,,,
jal>concejo,2015,2019,GUSTAVO ADOLFO BASTO FORERO,GUSTAVO ADOLFO BASTO FORERO,52,52-001,04,PARTIDO POLO DEMOCRÁTICO ALTERNATIVO,PARTIDO POLO DEMOCRATICO ALTERNATIVO,true,274,1469,5.3613,1469,254,0.1729,,,
jal>concejo,2015,2019,ANDRES FELIPE RAMIREZ LLANO,ANDRES FELIPE RAMIREZ LLANO,24,24-025,02,MOVIMIENTO MIRA,PARTIDO POLITICO  MIRA,false,272,138,0.5074,138,45,0.3261,,,
jal>concejo,2015,2019,CARMEN TERESA PEREZ,CARMEN TERESA PEREZ,40,40-001,05,PARTIDO CAMBIO RADICAL,PARTIDO CAMBIO RADICAL,true,272,265,0.9743,265,89,0.3358,,,
jal>concejo,2015,2019,ALIEN ALFONSO AVILA MURCIA,ALIEN ALFONSO AVILA MURCIA,15,15-094,01,MOVIMIENTO MIRA,PARTIDO POLITICO  MIRA,false,270,181,0.6704,181,66,0.3646,,,
jal>concejo,2015,2019,MARIA ISABELINA RENTERIA MORENO,MARIA ISABELINA RENTERIA MORENO,17,17-001,02,PARTIDO CAMBIO RADICAL,PARTIDO CENTRO DEMOCRATICO,false,270,114,0.4222,114,31,0.2719,,,
jal>concejo,2015,2019,NESTOR DAVID JIMENEZ VEGA,NESTOR DAVID JIMENEZ VEGA,15,15-340,02,PARTIDO LIBERAL COLOMBIANO,PARTIDO LIBERAL COLOMBIANO,true,269,495,1.8401,495,130,0.2626,,,
jal>concejo,2015,2019,DANY ALEJANDRO GAVIRIA GIRALDO,DANY ALEJANDRO GAVIRIA GIRALDO,26,26-001,03,PARTIDO LIBERAL COLOMBIANO,PARTIDO LIBERAL COLOMBIANO,true,268,368,1.3731,368,104,0.2826,,,
jal>concejo,2015,2019,ALVARO ANTONIO BADILLO HOYOS,ALVARO ANTONIO BADILLO HOYOS,27,27-019,07,PARTIDO LIBERAL COLOMBIANO,BARRANCABERMEJA LIBRE HUMANA Y EN PAZ,false,268,83,0.3097,83,32,0.3855,,,
jal>concejo,2015,2019,MARIA ISABEL ROMERO ESPEJO,MARIA ISABEL ROMERO ESPEJO,27,27-001,05,PARTIDO ALIANZA VERDE,PARTIDO ADA,false,267,41,0.1536,41,2,0.0488,,,
jal>concejo,2015,2019,ANDRES FELIPE AREVALO URIBE,ANDRES FELIPE AREVALO URIBE,03,03-001,03,PARTIDO CENTRO DEMOCRÁTICO,PARTIDO CENTRO DEMOCRATICO,true,265,337,1.2717,337,79,0.2344,,,
jal>concejo,2015,2019,SANDRA PAOLA MOSQUERA,SANDRA PAOLA MOSQUERA,31,31-001,13,PARTIDO POLO DEMOCRÁTICO ALTERNATIVO,PARTIDO SOCIAL DE UNIDAD NACIONAL  PARTIDO DE LA U,false,265,473,1.7849,473,33,0.0698,,,
jal>concejo,2015,2019,CLAUDIA OSORIO DELGADO,CLAUDIA OSORIO DELGADO,31,31-055,04,PARTIDO CONSERVADOR COLOMBIANO,PARTIDO CONSERVADOR COLOMBIANO,true,261,73,0.2797,73,43,0.589,,,
jal>concejo,2015,2019,ROMEL DANIEL QUINTERO BARRETO,ROMEL DANIEL QUINTERO BARRETO,21,21-001,01,PARTIDO ALIANZA SOCIAL INDEPENDIENTE,PARTIDO ALIANZA SOCIAL INDEPENDIENTE ASI,false,260,144,0.5538,144,78,0.5417,,,
jal>concejo,2015,2019,JOSE LUIS NINO BARRERA,JOSE LUIS NINO BARRERA,27,27-001,09,PARTIDO LIBERAL COLOMBIANO,PARTIDO LIBERAL COLOMBIANO,true,260,200,0.7692,200,6,0.03,,,
jal>concejo,2015,2019,MONICA LORENA CARCAMO SALINA,MONICA LORENA CARCAMO SALINA,05,05-028,03,PARTIDO DE LA U,PARTIDO COLOMBIA RENACIENTE,false,259,37,0.1429,37,10,0.2703,,,
jal>concejo,2015,2019,JORGE EDUARDO RODRIGUEZ MELO,JORGE EDUARDO RODRIGUEZ MELO,29,29-001,03,PARTIDO DE LA U,COALICION PARTIDO DE LA U - PARTIDO MIRA,false,258,386,1.4961,386,72,0.1865,,,
jal>concejo,2015,2019,NELSON ENRIQUE MUNOZ BEDOYA,NELSON ENRIQUE MUNOZ BEDOYA,01,01-151,03,PARTIDO ALIANZA SOCIAL INDEPENDIENTE,PARTIDO ALIANZA SOCIAL INDEPENDIENTE ASI,false,257,194,0.7549,194,102,0.5258,,,
jal>concejo,2015,2019,CARLOS ALIRIO AGUILERA SALGADO,CARLOS ALIRIO AGUILERA SALGADO,15,15-247,02,PARTIDO CENTRO DEMOCRÁTICO,PARTIDO CENTRO DEMOCRATICO,true,257,95,0.3696,95,34,0.3579,,,
jal>concejo,2015,2019,DANILO ALEXANDER RINCON DUQUE,DANILO ALEXANDER RINCON DUQUE,09,09-001,05,PARTIDO DE LA U,PARTIDO ALIANZA SOCIAL INDEPENDIENTE ASI,false,256,702,2.7422,702,386,0.5499,,,
jal>concejo,2015,2019,JOSE DE JESUS ATEHORTUA SANCHEZ,JOSE DE JESUS ATEHORTUA SANCHEZ,01,01-001,13,PARTIDO ALIANZA VERDE,"PARTIDO DE REIVINDICACION ETNICA ""PRE""",false,254,111,0.437,111,10,0.0901,,,
jal>concejo,2015,2019,MARCELA DEL CARMEN RAMOS MELO,MARCELA DEL CARMEN RAMOS MELO,26,26-001,01,PARTIDO DE LA U,PARTIDO SOCIAL DE UNIDAD NACIONAL  PARTIDO DE LA U,false,254,258,1.0157,258,124,0.4806,,,
jal>concejo,2015,2019,PAOLA FERNANDA SOTO CUELLAR,PAOLA FERNANDA SOTO CUELLAR,44,44-001,01,PARTIDO ALIANZA VERDE,MOVIMIENTO AUTORIDADES INDIGENAS DE COLOMBIA AICO,false,254,21,0.0827,21,5,0.2381,,,
jal>concejo,2015,2019,JOHANA MARCELA ALBARRACIN,JOHANA MARCELA ALBARRACIN,01,01-151,04,PARTIDO DE LA U,PARTIDO CONSERVADOR COLOMBIANO,false,247,149,0.6032,149,36,0.2416,,,
jal>concejo,2015,2019,MARTA ISABEL BUITRON SALAZAR,MARTA ISABEL BUITRON SALAZAR,19,19-061,99,PARTIDO ALIANZA VERDE,PARTIDO ALIANZA VERDE,true,246,182,0.7398,182,141,0.7747,,,
jal>concejo,2015,2019,DARIO VELEZ AGUIRRE,DARIO VELEZ AGUIRRE,31,31-022,01,PARTIDO CONSERVADOR COLOMBIANO,PARTIDO CAMBIO RADICAL,false,246,29,0.1179,29,7,0.2414,,,
jal>concejo,2015,2019,GUSTAVO ADOLFO TORRES VASQUEZ,GUSTAVO ADOLFO TORRES VASQUEZ,29,29-001,10,PARTIDO DE LA U,PARTIDO COLOMBIA RENACIENTE,false,244,149,0.6107,149,16,0.1074,,,
jal>concejo,2015,2019,ZULEYKA AURELIA GALINDO SANTIESTEBAN,ZULEYKA AURELIA GALINDO SANTIESTEBAN,46,46-001,03,PARTIDO DE LA U,PARTIDO SOCIAL DE UNIDAD NACIONAL  PARTIDO DE LA U,false,244,194,0.7951,194,19,0.0979,,,
jal>concejo,2015,2019,DIEGO ALEJANDRO MONCADA AGUIRRE,DIEGO ALEJANDRO MONCADA AGUIRRE,24,24-086,04,PARTIDO ALIANZA SOCIAL INDEPENDIENTE,COLOMBIA HUMANA - UNION PATRIOTICA,false,243,7,0.0288,7,1,0.1429,,,
jal>concejo,2015,2019,RUTH ESTHER ZAMORA VELASCO,RUTH ESTHER ZAMORA VELASCO,15,15-247,03,PARTIDO CENTRO DEMOCRÁTICO,PARTIDO CENTRO DEMOCRATICO,true,241,119,0.4938,119,28,0.2353,,,
jal>concejo,2015,2019,JORGE ELIECER JARAMILLO CALDERON,JORGE ELIECER JARAMILLO CALDERON,27,27-019,05,PARTIDO POLO DEMOCRÁTICO ALTERNATIVO,PARTIDO POLO DEMOCRATICO ALTERNATIVO,true,241,68,0.2822,68,29,0.4265,,,
jal>concejo,2015,2019,CARMEN FABIOLA ROPERO GALAVIS,CARMEN FABIOLA ROPERO GALAVIS,25,25-001,01,MOVIMIENTO MIRA,PARTIDO POLITICO MIRA Y G.S.C. COLOMBIA JUSTA LIBRES,false,240,50,0.2083,50,7,0.14,,,
jal>concejo,2015,2019,JADER FERNANDO MARTELO BELLO,JADER FERNANDO MARTELO BELLO,48,48-001,04,PARTIDO DE LA U,PARTIDO SOCIAL DE UNIDAD NACIONAL  PARTIDO DE LA U,false,234,438,1.8718,438,11,0.0251,,,
jal>concejo,2015,2019,SONIA ELOISA HIDALGO FLOREZ,SONIA ELOISA HIDALGO FLOREZ,09,09-001,04,PARTIDO CONSERVADOR COLOMBIANO,PARTIDO CONSERVADOR COLOMBIANO,true,234,213,0.9103,213,42,0.1972,,,
jal>concejo,2015,2019,MARIO ALEXANDER ALVAREZ GIRALDO,MARIO ALEXANDER ALVAREZ GIRALDO,09,09-001,09,PARTIDO POLO DEMOCRÁTICO ALTERNATIVO,ALTERNATIVA,false,233,1742,7.4764,1742,121,0.0695,,,
jal>concejo,2015,2019,FABIO ALFONSO MARTINEZ FLOREZ,FABIO ALFONSO MARTINEZ FLOREZ,12,12-001,03,PARTIDO CAMBIO RADICAL,PARTIDO COLOMBIA RENACIENTE,false,231,36,0.1558,36,16,0.4444,,,
jal>concejo,2015,2019,EUCARIS MARGARITA MUNOZ GUERRERO,EUCARIS MARGARITA MUNOZ GUERRERO,48,48-001,04,PARTIDO LIBERAL COLOMBIANO,PARTIDO CAMBIO RADICAL,false,229,44,0.1921,44,4,0.0909,,,
jal>concejo,2015,2019,EDWAR MAURICIO PRIETO SANCHEZ,EDWAR MAURICIO PRIETO SANCHEZ,29,29-001,08,MOVIMIENTO AUTORIDADES INDÍGENAS DE COLOMBIA,MOVIMIENTO AUTORIDADES INDIGENAS DE COLOMBIA AICO,false,228,340,1.4912,340,79,0.2324,,,
jal>concejo,2015,2019,MARTHA LUCIA REY ALVAREZ,MARTHA LUCIA REY ALVAREZ,15,15-247,06,PARTIDO DE LA U,PARTIDO SOCIAL DE UNIDAD NACIONAL  PARTIDO DE LA U,false,227,91,0.4009,91,30,0.3297,,,
jal>concejo,2015,2019,VICTORIA ELENA LOPEZ VASQUEZ,VICTORIA ELENA LOPEZ VASQUEZ,03,03-001,01,PARTIDO CENTRO DEMOCRÁTICO,PARTIDO CENTRO DEMOCRATICO,true,225,467,2.0756,467,177,0.379,,,
jal>concejo,2015,2019,FERNANDO DE JESUS VERGARA CUELLO,FERNANDO DE JESUS VERGARA CUELLO,05,05-028,05,PARTIDO CAMBIO RADICAL,PARTIDO CAMBIO RADICAL,true,223,236,1.0583,236,73,0.3093,,,
jal>concejo,2015,2019,ALBA LUCIA RAMIREZ LONDONO,ALBA LUCIA RAMIREZ LONDONO,24,24-025,000,MOVIMIENTO MIRA,PARTIDO POLITICO  MIRA,false,221,70,0.3167,70,53,0.7571,,,
jal>concejo,2015,2019,OLGER CEUDIEL CHAVEZ NEME,OLGER CEUDIEL CHAVEZ NEME,40,40-001,05,PARTIDO LIBERAL COLOMBIANO,PARTIDO LIBERAL COLOMBIANO,true,221,198,0.8959,198,110,0.5556,,,
jal>concejo,2015,2019,SANDRA LUCIA MORENO CAMACHO,SANDRA LUCIA MORENO CAMACHO,07,07-079,03,PARTIDO ALIANZA VERDE,PARTIDO CONSERVADOR COLOMBIANO,false,221,147,0.6652,147,30,0.2041,,,
jal>concejo,2015,2019,JOSE HUMBERTO SALAMANCA VARGAS,JOSE HUMBERTO SALAMANCA VARGAS,16,16-001,12,MOVIMIENTO MIRA,PARTIDO POLITICO  MIRA,false,220,209,0.95,209,26,0.1244,,,
jal>concejo,2015,2019,JUAN NICOLAS RESTREPO OSORIO,JUAN NICOLAS RESTREPO OSORIO,01,01-151,04,PARTIDO CONSERVADOR COLOMBIANO,PARTIDO ADA,false,218,55,0.2523,55,29,0.5273,,,
jal>concejo,2015,2019,RICARDO JOSE FIGUEROA ARRIETA,RICARDO JOSE FIGUEROA ARRIETA,21,21-016,02,PARTIDO LIBERAL COLOMBIANO,CONVERGENCIA POR LA VIDA  LA PAZ Y LA DEMOCRACIA,false,218,24,0.1101,24,18,0.75,,,
jal>concejo,2015,2019,JULIO CESAR ZAPATA PALACIOS,JULIO CESAR ZAPATA PALACIOS,15,15-340,03,PARTIDO LIBERAL COLOMBIANO,COLOMBIA HUMANA - UNION PATRIOTICA,false,217,166,0.765,166,88,0.5301,,,
jal>concejo,2015,2019,OLGA LILIANA AREVALO MUNOZ,OLGA LILIANA AREVALO MUNOZ,11,11-001,01,MOVIMIENTO MIRA,PARTIDO POLITICO  MIRA,false,216,198,0.9167,198,30,0.1515,,,
jal>concejo,2015,2019,ALVARO ALBERTO FLECHER TORO,ALVARO ALBERTO FLECHER TORO,21,21-001,03,PARTIDO LIBERAL COLOMBIANO,PARTIDO LIBERAL COLOMBIANO,true,216,129,0.5972,129,53,0.4109,,,
jal>concejo,2015,2019,PATRICIA HERNANDEZ VALENZUELA,PATRICIA HERNANDEZ VALENZUELA,31,31-019,01,PARTIDO POLO DEMOCRÁTICO ALTERNATIVO,PARTIDO POLO DEMOCRATICO ALTERNATIVO,true,216,127,0.588,127,69,0.5433,,,
jal>concejo,2015,2019,MARGARITA MARIA OCHOA SERNA,MARGARITA MARIA OCHOA SERNA,01,01-049,07,PARTIDO ALIANZA VERDE,PARTIDO ALIANZA VERDE,true,214,467,2.1822,467,152,0.3255,,,
jal>concejo,2015,2019,LUZ MARINA OBREGON OBANDO,LUZ MARINA OBREGON OBANDO,31,31-001,17,PARTIDO ALIANZA VERDE,PARTIDO POLO DEMOCRATICO ALTERNATIVO,false,214,195,0.9112,195,12,0.0615,,,
jal>concejo,2015,2019,LUZ ELENA MEZA LOPEZ,LUZ ELENA MEZA LOPEZ,24,24-086,01,PARTIDO CONSERVADOR COLOMBIANO,PARTIDO CENTRO DEMOCRATICO,false,213,43,0.2019,43,4,0.093,,,
jal>concejo,2015,2019,MIGUEL ROBERTO SANCHEZ PARRA,MIGUEL ROBERTO SANCHEZ PARRA,15,15-247,05,PARTIDO CENTRO DEMOCRÁTICO,PARTIDO CENTRO DEMOCRATICO,true,212,192,0.9057,192,91,0.474,,,
jal>concejo,2015,2019,ARACELLY SOTO GONZALEZ,ARACELLY SOTO GONZALEZ,40,40-001,04,PARTIDO OPCIÓN CIUDADANA,PARTIDO CENTRO DEMOCRATICO,false,212,109,0.5142,109,37,0.3394,,,
jal>concejo,2015,2019,YESENIA MARIMON GARCES,YESENIA MARIMON GARCES,05,05-001,02,PARTIDO POLO DEMOCRÁTICO ALTERNATIVO,COALICION ALTERNATIVA CARTAGENA,false,211,171,0.8104,171,78,0.4561,,,
jal>concejo,2015,2019,ALFREDO RODRIGUEZ CASTILLO,ALFREDO RODRIGUEZ CASTILLO,15,15-094,01,PARTIDO LIBERAL COLOMBIANO,PARTIDO CENTRO DEMOCRATICO,false,209,80,0.3828,80,27,0.3375,,,
jal>concejo,2015,2019,MANUEL ENRIQUE VALENZUELA PERDOMO,MANUEL ENRIQUE VALENZUELA PERDOMO,19,19-001,01,PARTIDO ALIANZA VERDE,PARTIDO COLOMBIA RENACIENTE,false,209,53,0.2536,53,18,0.3396,,,
jal>concejo,2015,2019,MARIA ELIZABETH ARCILA GOMEZ,MARIA ELIZABETH ARCILA GOMEZ,24,24-086,02,PARTIDO DE LA U,PARTIDO SOCIAL DE UNIDAD NACIONAL  PARTIDO DE LA U,false,209,78,0.3732,78,10,0.1282,,,
jal>concejo,2015,2019,DIANA PATRICIA BEDOYA LONDONO,DIANA PATRICIA BEDOYA LONDONO,26,26-010,01,PARTIDO LIBERAL COLOMBIANO,PARTIDO LIBERAL COLOMBIANO,true,208,294,1.4135,294,194,0.6599,,,
jal>concejo,2015,2019,ALCIBIADES MIGUEL BARROS OTERO,ALCIBIADES MIGUEL BARROS OTERO,48,48-001,11,PARTIDO ALIANZA SOCIAL INDEPENDIENTE,PARTIDO ALIANZA SOCIAL INDEPENDIENTE ASI,false,208,115,0.5529,115,52,0.4522,,,
jal>concejo,2015,2019,CAMILO TAVERA VILLA,CAMILO TAVERA VILLA,29,29-001,000,MOVIMIENTO MIRA,COALICION PARTIDO DE LA U - PARTIDO MIRA,false,207,3204,15.4783,3204,215,0.0671,,,
jal>concejo,2015,2019,JOSE LUIS GARCIA BECERRA,JOSE LUIS GARCIA BECERRA,27,27-001,09,PARTIDO LIBERAL COLOMBIANO,"PARTIDO DE REIVINDICACION ETNICA ""PRE""",false,206,433,2.1019,433,6,0.0139,,,
jal>concejo,2015,2019,ROBERTO JULIO WILCHES,ROBERTO JULIO WILCHES,48,48-001,02,PARTIDO LIBERAL COLOMBIANO,PARTIDO COLOMBIA RENACIENTE,false,206,39,0.1893,39,4,0.1026,,,
jal>concejo,2015,2019,LEONARDO LISCANO CORTES,LEONARDO LISCANO CORTES,52,52-001,06,PARTIDO ALIANZA VERDE,MOVIMIENTO AUTORIDADES INDIGENAS DE COLOMBIA AICO,false,206,394,1.9126,394,12,0.0305,,,
jal>concejo,2015,2019,CARLOS ANDRES ARANGO MACHADO,CARLOS ANDRES ARANGO MACHADO,01,01-001,02,PARTIDO OPCIÓN CIUDADANA,PARTIDO LIBERAL COLOMBIANO,false,204,884,4.3333,884,91,0.1029,,,
jal>concejo,2015,2019,JOSE DEL CARMEN SARMIENTO BENAVIDEZ,JOSE DEL CARMEN SARMIENTO BENAVIDEZ,15,15-247,01,PARTIDO LIBERAL COLOMBIANO,PARTIDO COLOMBIA RENACIENTE,false,204,68,0.3333,68,42,0.6176,,,
jal>concejo,2015,2019,LUZ ESTELA CRUZ MEDINA,LUZ ESTELA CRUZ MEDINA,29,29-001,07,PARTIDO CAMBIO RADICAL,PARTIDO CONSERVADOR COLOMBIANO,false,204,290,1.4216,290,34,0.1172,,,
jal>concejo,2015,2019,GUSTAVO ADOLFO JIMENEZ CAMPO,GUSTAVO ADOLFO JIMENEZ CAMPO,24,24-086,01,PARTIDO ALIANZA SOCIAL INDEPENDIENTE,MOVIMIENTO ALTERNATIVO INDIGENA Y SOCIAL MAIS,false,203,267,1.3153,267,15,0.0562,,,
jal>concejo,2015,2019,SANDRA MARIA VELASQUEZ OJEDA,SANDRA MARIA VELASQUEZ OJEDA,40,40-001,05,PARTIDO LIBERAL COLOMBIANO,PARTIDO LIBERAL COLOMBIANO,true,203,60,0.2956,60,23,0.3833,,,
jal>concejo,2015,2019,LUIS ALFONSO MARTINEZ MARQUEZ,LUIS ALFONSO MARTINEZ MARQUEZ,15,15-340,01,PARTIDO ALIANZA SOCIAL INDEPENDIENTE,PARTIDO ALIANZA SOCIAL INDEPENDIENTE ASI,false,202,91,0.4505,91,19,0.2088,,,
jal>concejo,2015,2019,DIANA CRISTINA SILVA GOMEZ,DIANA CRISTINA SILVA GOMEZ,26,26-001,03,MOVIMIENTO MIRA,PARTIDO CENTRO DEMOCRATICO- PARTIDO POLITICO MIRA,false,202,533,2.6386,533,303,0.5685,,,
jal>concejo,2015,2019,MARIA CUPERTINA CANDELO MONTANO,MARIA CUPERTINA CANDELO MONTANO,31,31-055,24,PARTIDO LIBERAL COLOMBIANO,PARTIDO LIBERAL COLOMBIANO,true,200,31,0.155,31,8,0.2581,,,
jal>concejo,2015,2019,ALEJANDRA GAITAN RIOS,ALEJANDRA GAITAN RIOS,52,52-001,000,PARTIDO ALIANZA VERDE,COLOMBIA HUMANA - UNION PATRIOTICA,false,200,30,0.15,30,7,0.2333,,,
jal>concejo,2015,2019,JORGE ALBERTO TORRES SUAREZ,JORGE ALBERTO TORRES SUAREZ,16,16-001,14,MOVIMIENTO MIRA,PARTIDO POLITICO  MIRA,false,197,1120,5.6853,1120,95,0.0848,,,
jal>concejo,2015,2019,CARLOS ARTURO RAMIREZ,CARLOS ARTURO RAMIREZ,24,24-001,20,PARTIDO DE LA U,PARTIDO ALIANZA SOCIAL INDEPENDIENTE ASI,false,197,69,0.3503,69,0,0,,,
jal>concejo,2015,2019,EDGAR IVANNY MOLINA CARRILLO,EDGAR IVANNY MOLINA CARRILLO,25,25-001,03,PARTIDO LIBERAL COLOMBIANO,ALTERNATIVA DEMOCRATICA,false,194,293,1.5103,293,35,0.1195,,,
jal>concejo,2015,2019,PAOLA CRISTINA RAMIREZ USUGA,PAOLA CRISTINA RAMIREZ USUGA,01,01-001,06,PARTIDO DE LA U,"PARTIDO DE REIVINDICACION ETNICA ""PRE""",false,189,27,0.1429,27,2,0.0741,,,
jal>concejo,2015,2019,ANDRES NORBERTO GUTIERREZ ROSERO,ANDRES NORBERTO GUTIERREZ ROSERO,29,29-001,000,PARTIDO POLO DEMOCRÁTICO ALTERNATIVO,PARTIDO POLO DEMOCRATICO ALTERNATIVO,true,189,215,1.1376,215,63,0.293,,,
jal>concejo,2015,2019,FRANCISCO JAVIER TORRES ORTIZ,FRANCISCO JAVIER TORRES ORTIZ,48,48-001,04,PARTIDO ALIANZA SOCIAL INDEPENDIENTE,PARTIDO CENTRO DEMOCRATICO,false,187,576,3.0802,576,38,0.066,,,
jal>concejo,2015,2019,JOSE RAFAEL BRUGES MARTINEZ,JOSE RAFAEL BRUGES MARTINEZ,21,21-001,02,PARTIDO DE LA U,PARTIDO LIBERAL COLOMBIANO,false,186,84,0.4516,84,47,0.5595,,,
jal>concejo,2015,2019,JOSE FABIO RESTREPO PULGARIN,JOSE FABIO RESTREPO PULGARIN,24,24-001,05,MOVIMIENTO MIRA,PARTIDO POLITICO  MIRA,false,185,248,1.3405,248,8,0.0323,,,
jal>concejo,2015,2019,ROBERTO ENRIQUE ROMERO RUIZ,ROBERTO ENRIQUE ROMERO RUIZ,01,01-151,000,PARTIDO CONSERVADOR COLOMBIANO,MOVIMIENTO AUTORIDADES INDIGENAS DE COLOMBIA AICO,false,184,272,1.4783,272,8,0.0294,,,
jal>concejo,2015,2019,PEDRO PABLO VEGA GARCIA,PEDRO PABLO VEGA GARCIA,27,27-001,08,PARTIDO LIBERAL COLOMBIANO,PARTIDO ADA,false,184,59,0.3207,59,1,0.0169,,,
jal>concejo,2015,2019,JAIRO NORVEY PINEDA SUAREZ,JAIRO NORVEY PINEDA SUAREZ,26,26-001,01,MOVIMIENTO MIRA,PARTIDO CENTRO DEMOCRATICO- PARTIDO POLITICO MIRA,false,182,181,0.9945,181,29,0.1602,,,
jal>concejo,2015,2019,OSCAR ENRIQUE OROZCO GUERRA,OSCAR ENRIQUE OROZCO GUERRA,21,21-016,06,PARTIDO CENTRO DEMOCRÁTICO,PARTIDO CENTRO DEMOCRATICO,true,180,40,0.2222,40,28,0.7,,,
jal>concejo,2015,2019,JENGER ELIECER MANYOMA CUERO,JENGER ELIECER MANYOMA CUERO,31,31-019,01,PARTIDO DE LA U,MOVIMIENTO ALTERNATIVO INDIGENA Y SOCIAL MAIS,false,180,180,1,180,102,0.5667,,,
jal>concejo,2015,2019,JAIME RAMIREZ PALMA,JAIME RAMIREZ PALMA,15,15-247,01,MOVIMIENTO AUTORIDADES INDÍGENAS DE COLOMBIA,MOVIMIENTO ALTERNATIVO INDIGENA Y SOCIAL MAIS,false,179,55,0.3073,55,19,0.3455,,,
jal>concejo,2015,2019,ELIZABETH BALANTA LUCUMI,ELIZABETH BALANTA LUCUMI,52,52-001,000,PARTIDO CAMBIO RADICAL,PARTIDO COLOMBIA RENACIENTE,false,177,78,0.4407,78,27,0.3462,,,
jal>concejo,2015,2019,VICTOR MALAVER CAICEDO,VICTOR MALAVER CAICEDO,15,15-094,09,PARTIDO CONSERVADOR COLOMBIANO,PARTIDO CONSERVADOR COLOMBIANO,true,176,282,1.6023,282,129,0.4574,,,
jal>concejo,2015,2019,JOSE WILMAR ORREGO ESPEJO,JOSE WILMAR ORREGO ESPEJO,24,24-001,09,PARTIDO CONSERVADOR COLOMBIANO,PARTIDO SOCIAL DE UNIDAD NACIONAL  PARTIDO DE LA U,false,176,106,0.6023,106,11,0.1038,,,
jal>concejo,2015,2019,JOSE WILLIAM RODRIGUEZ MEDINA,JOSE WILLIAM RODRIGUEZ MEDINA,26,26-010,01,PARTIDO ALIANZA SOCIAL INDEPENDIENTE,PARTIDO ALIANZA SOCIAL INDEPENDIENTE ASI,false,175,102,0.5829,102,52,0.5098,,,
jal>concejo,2015,2019,JORGE ANDRES RODAS PULIDO,JORGE ANDRES RODAS PULIDO,26,26-001,000,PARTIDO CAMBIO RADICAL,PARTIDO ALIANZA SOCIAL INDEPENDIENTE ASI,false,174,363,2.0862,363,89,0.2452,,,
jal>concejo,2015,2019,LUISA MARIA FERNANDEZ CERVANTES,LUISA MARIA FERNANDEZ CERVANTES,21,21-001,01,PARTIDO DE LA U,PARTIDO CENTRO DEMOCRATICO,false,171,130,0.7602,130,55,0.4231,,,
jal>concejo,2015,2019,KATHERINE MERCEDES CASTRO ESCORCIA,KATHERINE MERCEDES CASTRO ESCORCIA,48,48-001,04,MOVIMIENTO AUTORIDADES INDÍGENAS DE COLOMBIA,CONVERGENCIA ALTERNATIVA POR RIOHACHA,false,171,54,0.3158,54,0,0,,,
jal>concejo,2015,2019,JHOANY ANDRES VELASQUEZ RINCON,JHOANY ANDRES VELASQUEZ RINCON,26,26-001,02,PARTIDO DE LA U,MOVIMIENTO ALTERNATIVO INDIGENA Y SOCIAL MAIS,false,170,202,1.1882,202,38,0.1881,,,
jal>concejo,2015,2019,YOLMAN JAVIER SANCHEZ ESPINOSA,YOLMAN JAVIER SANCHEZ ESPINOSA,46,46-001,11,PARTIDO ALIANZA SOCIAL INDEPENDIENTE,PARTIDO ALIANZA SOCIAL INDEPENDIENTE ASI,false,167,520,3.1138,520,234,0.45,,,
jal>concejo,2015,2019,GLORIA AMPARO CARDENAS RAMIREZ,GLORIA AMPARO CARDENAS RAMIREZ,25,25-001,09,PARTIDO CONSERVADOR COLOMBIANO,PARTIDO CONSERVADOR COLOMBIANO,true,165,201,1.2182,201,22,0.1095,,,
jal>concejo,2015,2019,YUCEI VALENCIA SEGURA,YUCEI VALENCIA SEGURA,31,31-019,02,"MOVIMIENTO ALTERNATIVO INDÍGENA Y SOCIAL ""MAIS""",PARTIDO SOCIAL DE UNIDAD NACIONAL  PARTIDO DE LA U,false,165,829,5.0242,829,562,0.6779,,,
jal>concejo,2015,2019,ALFONSO JOSE LOPEZ ESCOBAR,ALFONSO JOSE LOPEZ ESCOBAR,19,19-001,02,PARTIDO UNIÓN PATRIÓTICA,NEIVA HUMANA Y ALTERNATIVA,false,164,401,2.4451,401,123,0.3067,,,
jal>concejo,2015,2019,MARIA FERNANDA MEJIA RODRIGUEZ,MARIA FERNANDA MEJIA RODRIGUEZ,31,31-001,06,PARTIDO CONSERVADOR COLOMBIANO,PARTIDO SOCIAL DE UNIDAD NACIONAL  PARTIDO DE LA U,false,163,325,1.9939,325,34,0.1046,,,
jal>concejo,2015,2019,JHON FREDY CARDENAS ALZATE,JHON FREDY CARDENAS ALZATE,24,24-001,01,PARTIDO CAMBIO RADICAL,PARTIDO CAMBIO RADICAL,true,162,172,1.0617,172,23,0.1337,,,
jal>concejo,2015,2019,YULEF HOYOS ALARCON,YULEF HOYOS ALARCON,26,26-001,03,PARTIDO LIBERAL COLOMBIANO,MOVIMIENTO AUTORIDADES INDIGENAS DE COLOMBIA AICO,false,162,126,0.7778,126,28,0.2222,,,
jal>concejo,2015,2019,YIMY LEONEL CORTES GRACIA,YIMY LEONEL CORTES GRACIA,26,26-010,01,PARTIDO DE LA U,PARTIDO SOCIAL DE UNIDAD NACIONAL  PARTIDO DE LA U,false,159,57,0.3585,57,28,0.4912,,,
jal>concejo,2015,2019,MARIBEL PAEZ CASTANEDA,MARIBEL PAEZ CASTANEDA,16,16-001,05,"MOVIMIENTO ALTERNATIVO INDÍGENA Y SOCIAL ""MAIS""",PARTIDO ALIANZA SOCIAL INDEPENDIENTE ASI,false,156,521,3.3397,521,24,0.0461,,,
jal>concejo,2015,2019,ZORAYA NIEVES LARRAHONDO,ZORAYA NIEVES LARRAHONDO,25,25-001,06,"MOVIMIENTO ALTERNATIVO INDÍGENA Y SOCIAL ""MAIS""",MOVIMIENTO AUTORIDADES INDIGENAS DE COLOMBIA AICO,false,155,103,0.6645,103,15,0.1456,,,
jal>concejo,2015,2019,IVAN DE JESUS VARGAS,IVAN DE JESUS VARGAS,03,03-001,01,"MOVIMIENTO ALTERNATIVO INDÍGENA Y SOCIAL ""MAIS""",COALICION BARRANQUILLA HUMANA,false,155,1634,10.5419,1634,771,0.4718,,,
jal>concejo,2015,2019,CARLOS JAVIER APARICIO GONZALEZ,CARLOS JAVIER APARICIO GONZALEZ,05,05-118,05,PARTIDO OPCIÓN CIUDADANA,PARTIDO COLOMBIA RENACIENTE,false,155,63,0.4065,63,18,0.2857,,,
jal>concejo,2015,2019,GERMAN ALBERTO MORALES SANCHEZ,GERMAN ALBERTO MORALES SANCHEZ,19,19-001,07,MOVIMIENTO AUTORIDADES INDÍGENAS DE COLOMBIA,NEIVA HUMANA Y ALTERNATIVA,false,154,83,0.539,83,4,0.0482,,,
jal>concejo,2015,2019,ROCIO DEL SOCORRO MUTIS GARCIA,ROCIO DEL SOCORRO MUTIS GARCIA,27,27-019,05,PARTIDO CONSERVADOR COLOMBIANO,PARTIDO ADA,false,154,21,0.1364,21,13,0.619,,,
jal>concejo,2015,2019,RUBY EYICED GARCIA GIRALDO,RUBY EYICED GARCIA GIRALDO,40,40-001,02,PARTIDO CONSERVADOR COLOMBIANO,PARTIDO SOCIAL DE UNIDAD NACIONAL  PARTIDO DE LA U,false,154,62,0.4026,62,14,0.2258,,,
jal>concejo,2015,2019,JESUS ARMANDO ORTEGA,JESUS ARMANDO ORTEGA,01,01-049,05,MOVIMIENTO AUTORIDADES INDÍGENAS DE COLOMBIA,"PARTIDO DE REIVINDICACION ETNICA ""PRE""",false,153,36,0.2353,36,12,0.3333,,,
jal>concejo,2015,2019,CRUZ DAMARIS LOAIZA ARICAPA,CRUZ DAMARIS LOAIZA ARICAPA,24,24-025,000,PARTIDO CONSERVADOR COLOMBIANO,PARTIDO CONSERVADOR COLOMBIANO,true,153,239,1.5621,239,157,0.6569,,,
jal>concejo,2015,2019,JOSE ERNESTO GUEVARA,JOSE ERNESTO GUEVARA,16,16-001,19,PARTIDO OPCIÓN CIUDADANA,PARTIDO ALIANZA SOCIAL INDEPENDIENTE ASI,false,152,562,3.6974,562,228,0.4057,,,
jal>concejo,2015,2019,YENI KATERINE MARINO PABON,YENI KATERINE MARINO PABON,27,27-001,10,PARTIDO POLO DEMOCRÁTICO ALTERNATIVO,UNIDAD ALTERNATIVA,false,152,528,3.4737,528,49,0.0928,,,
jal>concejo,2015,2019,ALEXANDRA USECHE CUERVO,ALEXANDRA USECHE CUERVO,16,16-001,10,PROGRESISTAS,PARTIDO ALIANZA SOCIAL INDEPENDIENTE ASI,false,150,716,4.7733,716,89,0.1243,,,
jal>concejo,2015,2019,JOSE DE LOS SANTOS BOLANO FLOREZ,JOSE DE LOS SANTOS BOLANO FLOREZ,48,48-001,01,PARTIDO POLO DEMOCRÁTICO ALTERNATIVO,CONVERGENCIA ALTERNATIVA POR RIOHACHA,false,149,51,0.3423,51,0,0,,,
jal>concejo,2015,2019,SANDRA MILENA NARVAEZ QUELAL,SANDRA MILENA NARVAEZ QUELAL,23,23-001,08,PARTIDO LIBERAL COLOMBIANO,PARTIDO LIBERAL COLOMBIANO,true,145,253,1.7448,253,62,0.2451,,,
jal>concejo,2015,2019,CARLOS ALBERTO GALVIS URSPRUMG,CARLOS ALBERTO GALVIS URSPRUMG,27,27-001,07,MOVIMIENTO MIRA,HAGAMOS CIUDADANIA POR BUCARAMANGA,false,145,1272,8.7724,1272,107,0.0841,,,
jal>concejo,2015,2019,LUIS MIGUEL ACOSTA MARTINEZ,LUIS MIGUEL ACOSTA MARTINEZ,29,29-109,01,PARTIDO DE LA U,PARTIDO ALIANZA VERDE,false,144,5,0.0347,5,0,0,,,
jal>concejo,2015,2019,MARISOL AVENDANO PACHECO,MARISOL AVENDANO PACHECO,24,24-025,000,PARTIDO DE LA U,PARTIDO COLOMBIA RENACIENTE,false,143,42,0.2937,42,27,0.6429,,,
jal>concejo,2015,2019,ORLANDO ANTONIO BARRERA GOMEZ,ORLANDO ANTONIO BARRERA GOMEZ,13,13-001,03,PARTIDO CAMBIO RADICAL,PARTIDO CAMBIO RADICAL,true,140,308,2.2,308,116,0.3766,,,
jal>concejo,2015,2019,JOSE MALDONADO PEREZ,JOSE MALDONADO PEREZ,46,46-001,17,PARTIDO DE LA U,PARTIDO SOCIAL DE UNIDAD NACIONAL  PARTIDO DE LA U,false,139,461,3.3165,461,127,0.2755,,,
jal>concejo,2015,2019,ESTHER JULIA NUNEZ BOYA,ESTHER JULIA NUNEZ BOYA,31,31-019,02,PARTIDO CENTRO DEMOCRÁTICO,PARTIDO CENTRO DEMOCRATICO,true,138,77,0.558,77,48,0.6234,,,
jal>concejo,2015,2019,HECTOR HERNANDO RODRIGUEZ,HECTOR HERNANDO RODRIGUEZ,46,46-001,15,PARTIDO ALIANZA SOCIAL INDEPENDIENTE,PARTIDO ALIANZA SOCIAL INDEPENDIENTE ASI,false,138,663,4.8043,663,420,0.6335,,,
jal>concejo,2015,2019,NORELIS MARIA CALDERA RAMOS,NORELIS MARIA CALDERA RAMOS,48,48-001,04,PARTIDO ALIANZA VERDE,PARTIDO ALIANZA VERDE,true,136,30,0.2206,30,0,0,,,
jal>concejo,2015,2019,ARMANDO NICOLAS MORA CERPA,ARMANDO NICOLAS MORA CERPA,05,05-028,01,PARTIDO CONSERVADOR COLOMBIANO,"PARTIDO DE REIVINDICACION ETNICA ""PRE""",false,136,26,0.1912,26,9,0.3462,,,
jal>concejo,2015,2019,LUIS HERNANDO QUIROGA ROJAS,LUIS HERNANDO QUIROGA ROJAS,29,29-001,11,PARTIDO CONSERVADOR COLOMBIANO,"PARTIDO DE REIVINDICACION ETNICA ""PRE""",false,135,58,0.4296,58,24,0.4138,,,
jal>concejo,2015,2019,JOSE OMAR MUNOZ TELLES,JOSE OMAR MUNOZ TELLES,29,29-073,05,PARTIDO LIBERAL COLOMBIANO,PARTIDO CONSERVADOR  -  PARTIDO POLITICO MIRA,false,134,280,2.0896,280,161,0.575,,,
jal>concejo,2015,2019,HECTOR JULIO RODRIGUEZ,HECTOR JULIO RODRIGUEZ,15,15-247,04,PARTIDO DE LA U,PARTIDO SOCIAL DE UNIDAD NACIONAL  PARTIDO DE LA U,false,130,120,0.9231,120,13,0.1083,,,
jal>concejo,2015,2019,YULEIMY ORTEGA LAGARES,YULEIMY ORTEGA LAGARES,21,21-001,03,PARTIDO LIBERAL COLOMBIANO,PARTIDO CAMBIO RADICAL,false,128,219,1.7109,219,99,0.4521,,,
jal>concejo,2015,2019,HORACIO LEON ARBELAEZ,HORACIO LEON ARBELAEZ,26,26-001,01,PARTIDO DE LA U,PARTIDO SOCIAL DE UNIDAD NACIONAL  PARTIDO DE LA U,false,127,64,0.5039,64,14,0.2188,,,
jal>concejo,2015,2019,TERESA DE JESUS MARTINEZ MARTINEZ,TERESA DE JESUS MARTINEZ MARTINEZ,01,01-151,02,PARTIDO ALIANZA SOCIAL INDEPENDIENTE,"PARTIDO DE REIVINDICACION ETNICA ""PRE""",false,125,21,0.168,21,13,0.619,,,
jal>concejo,2015,2019,JORGE LUIS GRIEGO RIVADENEIRA,JORGE LUIS GRIEGO RIVADENEIRA,48,48-001,04,PARTIDO DE LA U,PARTIDO SOCIAL DE UNIDAD NACIONAL  PARTIDO DE LA U,false,125,247,1.976,247,7,0.0283,,,
jal>concejo,2015,2019,HERMINDA BLANCO GOMEZ,HERMINDA BLANCO GOMEZ,27,27-001,13,PARTIDO CENTRO DEMOCRÁTICO,PARTIDO CENTRO DEMOCRATICO,true,124,172,1.3871,172,29,0.1686,,,
jal>concejo,2015,2019,HAIDER YATE BUCURU,HAIDER YATE BUCURU,15,15-247,06,PARTIDO ALIANZA SOCIAL INDEPENDIENTE,PARTIDO COLOMBIA RENACIENTE,false,123,70,0.5691,70,15,0.2143,,,
jal>concejo,2015,2019,CARLOS ALBERTO GARCIA CASTANEDA,CARLOS ALBERTO GARCIA CASTANEDA,26,26-001,01,PARTIDO DE LA U,"PARTIDO DE REIVINDICACION ETNICA ""PRE""",false,122,141,1.1557,141,65,0.461,,,
jal>concejo,2015,2019,VIVIANA RODRIGUEZ CABALLERO,VIVIANA RODRIGUEZ CABALLERO,27,27-001,01,PARTIDO ALIANZA SOCIAL INDEPENDIENTE,PARTIDO ALIANZA SOCIAL INDEPENDIENTE ASI,false,122,257,2.1066,257,24,0.0934,,,
jal>concejo,2015,2019,MARIA YORLEYTH CAMARGO FLOREZ,MARIA YORLEYTH CAMARGO FLOREZ,27,27-001,18,PARTIDO LIBERAL COLOMBIANO,MOVIMIENTO ALTERNATIVO INDIGENA Y SOCIAL MAIS,false,121,217,1.7934,217,68,0.3134,,,
jal>concejo,2015,2019,KELLY JOHANA ARROYAVE ARANGO,KELLY JOHANA ARROYAVE ARANGO,01,01-151,04,PARTIDO ALIANZA SOCIAL INDEPENDIENTE,PARTIDO CAMBIO RADICAL,false,119,39,0.3277,39,10,0.2564,,,
jal>concejo,2015,2019,JOSE WILLIAN CASTANEDA BURITICA,JOSE WILLIAN CASTANEDA BURITICA,07,07-214,01,PARTIDO DE LA U,MOVIMIENTO AUTORIDADES INDIGENAS DE COLOMBIA AICO,false,119,52,0.437,52,37,0.7115,,,
jal>concejo,2015,2019,JAIME ALFONSO VANEGAS SOTO,JAIME ALFONSO VANEGAS SOTO,15,15-094,04,PARTIDO CONSERVADOR COLOMBIANO,PARTIDO SOCIAL DE UNIDAD NACIONAL  PARTIDO DE LA U,false,118,186,1.5763,186,88,0.4731,,,
jal>concejo,2015,2019,MYRIAM EUGENIA ESPINAL GALVIS,MYRIAM EUGENIA ESPINAL GALVIS,24,24-025,000,PARTIDO POLO DEMOCRÁTICO ALTERNATIVO,ALIANZA ALTERNATIVA  POR DOSQUEBRADAS,false,118,181,1.5339,181,110,0.6077,,,
jal>concejo,2015,2019,CONSUELO ISAZA CALLE,CONSUELO ISAZA CALLE,29,29-001,08,PARTIDO LIBERAL COLOMBIANO,JUNTOS POR IBAGUE,false,114,22,0.193,22,2,0.0909,,,
jal>concejo,2015,2019,JULIO MANUEL ROMERO LARA,JULIO MANUEL ROMERO LARA,05,05-118,04,PARTIDO OPCIÓN CIUDADANA,PARTIDO POLO DEMOCRATICO ALTERNATIVO,false,114,25,0.2193,25,3,0.12,,,
jal>concejo,2015,2019,CAREN VIVIANA PIRATEQUE CASTRO,CAREN VIVIANA PIRATEQUE CASTRO,15,15-340,000,PARTIDO DE LA U,PARTIDO SOCIAL DE UNIDAD NACIONAL  PARTIDO DE LA U,false,113,49,0.4336,49,18,0.3673,,,
jal>concejo,2015,2019,VANESSA AGUDELO TORO,VANESSA AGUDELO TORO,01,01-049,000,MOVIMIENTO AUTORIDADES INDÍGENAS DE COLOMBIA,PARTIDO ADA,false,112,355,3.1696,355,150,0.4225,,,
jal>concejo,2015,2019,ROCIO DEL PILAR GIRALDO CORONADO,ROCIO DEL PILAR GIRALDO CORONADO,09,09-001,01,PARTIDO POLO DEMOCRÁTICO ALTERNATIVO,ALTERNATIVA,false,112,57,0.5089,57,9,0.1579,,,
jal>concejo,2015,2019,CLARA PATRICIA RIVERA RINCON,CLARA PATRICIA RIVERA RINCON,15,15-247,02,PARTIDO LIBERAL COLOMBIANO,PARTIDO COLOMBIA RENACIENTE,false,111,77,0.6937,77,38,0.4935,,,
jal>concejo,2015,2019,ADALMIS DEL PILAR COTES DAZA,ADALMIS DEL PILAR COTES DAZA,48,48-001,03,PARTIDO DE LA U,PARTIDO SOCIAL DE UNIDAD NACIONAL  PARTIDO DE LA U,false,111,84,0.7568,84,30,0.3571,,,
jal>concejo,2015,2019,ANGELA PATRICIA ZAPATA OROZCO,ANGELA PATRICIA ZAPATA OROZCO,07,07-214,01,PARTIDO LIBERAL COLOMBIANO,PARTIDO LIBERAL COLOMBIANO,true,111,59,0.5315,59,24,0.4068,,,
jal>concejo,2015,2019,NORA YANETH GUTIERREZ MONTOYA,NORA YANETH GUTIERREZ MONTOYA,15,15-247,02,PARTIDO OPCIÓN CIUDADANA,MOVIMIENTO AUTORIDADES INDIGENAS DE COLOMBIA AICO,false,110,56,0.5091,56,34,0.6071,,,
jal>concejo,2015,2019,RICARDO ELIAS BARACALDO GUERRERO,RICARDO ELIAS BARACALDO GUERRERO,15,15-340,000,PARTIDO CONSERVADOR COLOMBIANO,PARTIDO CONSERVADOR COLOMBIANO,true,108,53,0.4907,53,8,0.1509,,,
jal>concejo,2015,2019,CIRO ALEXANDER JAIMES GOMEZ,CIRO ALEXANDER JAIMES GOMEZ,27,27-001,12,PARTIDO OPCIÓN CIUDADANA,MOVIMIENTO AUTORIDADES INDIGENAS DE COLOMBIA AICO,false,108,223,2.0648,223,14,0.0628,,,
jal>concejo,2015,2019,RUBEN DARIO VIDAL MEJIA,RUBEN DARIO VIDAL MEJIA,31,31-055,02,PARTIDO CONSERVADOR COLOMBIANO,PARTIDO CONSERVADOR COLOMBIANO,true,108,225,2.0833,225,34,0.1511,,,
jal>concejo,2015,2019,OLGA LUCIA LIMA GUTIERREZ,OLGA LUCIA LIMA GUTIERREZ,29,29-001,07,PARTIDO LIBERAL COLOMBIANO,FIRME POR IBAGUE,false,107,196,1.8318,196,74,0.3776,,,
jal>concejo,2015,2019,ALONSO PEDRAZA ALMEIDA,ALONSO PEDRAZA ALMEIDA,27,27-001,09,PARTIDO OPCIÓN CIUDADANA,MOVIMIENTO ALTERNATIVA DEMOCRATICA,false,102,454,4.451,454,11,0.0242,,,
jal>concejo,2015,2019,LUZ MARLENY BURITICA HERRERA,LUZ MARLENY BURITICA HERRERA,19,19-061,01,PARTIDO LIBERAL COLOMBIANO,PARTIDO LIBERAL COLOMBIANO,true,101,53,0.5248,53,24,0.4528,,,
jal>concejo,2015,2019,CESAR AUGUSTO CASTRO,CESAR AUGUSTO CASTRO,15,15-094,04,PARTIDO CAMBIO RADICAL,PARTIDO CAMBIO RADICAL,true,97,212,2.1856,212,50,0.2358,,,
jal>concejo,2015,2019,CESAR AUGUSTO MARTINEZ MOLINA,CESAR AUGUSTO MARTINEZ MOLINA,09,09-001,02,PARTIDO ALIANZA SOCIAL INDEPENDIENTE,PARTIDO ALIANZA SOCIAL INDEPENDIENTE ASI,false,97,641,6.6082,641,32,0.0499,,,
jal>concejo,2015,2019,RAMIRO ANTONIO SEPULVEDA VARGAS,RAMIRO ANTONIO SEPULVEDA VARGAS,01,01-151,000,PARTIDO DE LA U,PARTIDO SOCIAL DE UNIDAD NACIONAL  PARTIDO DE LA U,false,96,70,0.7292,70,3,0.0429,,,
jal>concejo,2015,2019,CIRO ANTONIO OYOLA ANTEQUERA,CIRO ANTONIO OYOLA ANTEQUERA,03,03-001,01,PARTIDO ALIANZA SOCIAL INDEPENDIENTE,PARTIDO CENTRO DEMOCRATICO,false,95,262,2.7579,262,84,0.3206,,,
jal>concejo,2015,2019,ANA MARIA GARCIA RODRIGUEZ,ANA MARIA GARCIA RODRIGUEZ,01,01-001,03,PARTIDO POLO DEMOCRÁTICO ALTERNATIVO,QUEREMOS,false,94,198,2.1064,198,12,0.0606,,,
jal>concejo,2015,2019,LINA ROSA VEGA RINCON,LINA ROSA VEGA RINCON,27,27-019,07,PARTIDO DE LA U,BARRANCABERMEJA LIBRE HUMANA Y EN PAZ,false,93,9,0.0968,9,0,0,,,
jal>concejo,2015,2019,RODOLFO ANTONIO OROZCO ARRIETA,RODOLFO ANTONIO OROZCO ARRIETA,07,07-214,01,PARTIDO DE LA U,PARTIDO ALIANZA VERDE,false,93,157,1.6882,157,107,0.6815,,,
jal>concejo,2015,2019,TILCIA VILLAMIZAR VILLAMIZAR,TILCIA VILLAMIZAR VILLAMIZAR,27,27-001,02,PARTIDO LIBERAL COLOMBIANO,PARTIDO CENTRO DEMOCRATICO,false,91,309,3.3956,309,56,0.1812,,,
jal>concejo,2015,2019,RICARDO RODRIGUEZ GUERRA,RICARDO RODRIGUEZ GUERRA,29,29-046,01,PARTIDO ALIANZA VERDE,PARTIDO ALIANZA VERDE,true,90,76,0.8444,76,12,0.1579,,,
jal>concejo,2015,2019,ANA ELVIA PEREZ PINZON,ANA ELVIA PEREZ PINZON,07,07-079,06,PARTIDO DE LA U,MOVIMIENTO ALTERNATIVO INDIGENA Y SOCIAL MAIS,false,89,64,0.7191,64,5,0.0781,,,
jal>concejo,2015,2019,MARTHA CATALINA GALINDO ROMERO,MARTHA CATALINA GALINDO ROMERO,15,15-094,09,PARTIDO CONSERVADOR COLOMBIANO,PARTIDO CONSERVADOR COLOMBIANO,true,88,453,5.1477,453,120,0.2649,,,
jal>concejo,2015,2019,JENARO GALLEGO MEDINA,JENARO GALLEGO MEDINA,26,26-001,03,"MOVIMIENTO ALTERNATIVO INDÍGENA Y SOCIAL ""MAIS""",PARTIDO ALIANZA SOCIAL INDEPENDIENTE ASI,false,88,266,3.0227,266,34,0.1278,,,
jal>concejo,2015,2019,GRACIELA CARDONA CARDONA,GRACIELA CARDONA CARDONA,24,24-086,01,PARTIDO CONSERVADOR COLOMBIANO,PARTIDO CONSERVADOR COLOMBIANO,true,85,119,1.4,119,19,0.1597,,,
jal>concejo,2015,2019,JOSE JAYLOHER PLAZAS SALDANA,JOSE JAYLOHER PLAZAS SALDANA,54,54-001,02,PARTIDO CONSERVADOR COLOMBIANO,PARTIDO CONSERVADOR COLOMBIANO,true,82,113,1.378,113,72,0.6372,,,
jal>concejo,2015,2019,ALONSO HENAO SEPULVEDA,ALONSO HENAO SEPULVEDA,24,24-001,04,PARTIDO CAMBIO RADICAL,PARTIDO SOCIAL DE UNIDAD NACIONAL  PARTIDO DE LA U,false,81,178,2.1975,178,17,0.0955,,,
jal>concejo,2015,2019,MILADYS SANCHEZ ESPANA,MILADYS SANCHEZ ESPANA,28,28-001,03,PARTIDO DE LA U,PARTIDO ADA,false,80,203,2.5375,203,34,0.1675,,,
jal>concejo,2015,2019,IGNACIO MANUEL ACUNA BARRIOS,IGNACIO MANUEL ACUNA BARRIOS,05,05-028,01,PARTIDO ALIANZA VERDE,CONVERGENCIA MAGANGUE DECENTE,false,80,16,0.2,16,8,0.5,,,
jal>concejo,2015,2019,ALVARO LUIS DIEZ JIMENEZ,ALVARO LUIS DIEZ JIMENEZ,26,26-001,04,PARTIDO CAMBIO RADICAL,MOVIMIENTO ALTERNATIVO INDIGENA Y SOCIAL MAIS,false,78,80,1.0256,80,19,0.2375,,,
jal>concejo,2015,2019,MIGUEL ANGEL BERNAL,MIGUEL ANGEL BERNAL,16,16-001,17,PARTIDO OPCIÓN CIUDADANA,PARTIDO SOCIAL DE UNIDAD NACIONAL  PARTIDO DE LA U,false,75,256,3.4133,256,20,0.0781,,,
jal>concejo,2015,2019,TATIANA LORENA SANCHEZ CHIQUIZA,TATIANA LORENA SANCHEZ CHIQUIZA,15,15-340,000,PARTIDO DE LA U,PARTIDO ALIANZA SOCIAL INDEPENDIENTE ASI,false,74,25,0.3378,25,8,0.32,,,
jal>concejo,2015,2019,LUIS ANGEL GUTIERREZ,LUIS ANGEL GUTIERREZ,46,46-001,12,PARTIDO DE LA U,MOVIMIENTO ALTERNATIVO INDIGENA Y SOCIAL MAIS,false,74,298,4.027,298,209,0.7013,,,
jal>concejo,2015,2019,YOLANDA DE JESUS MALDONADO DE LA HOZ,YOLANDA DE JESUS MALDONADO DE LA HOZ,03,03-001,02,MOVIMIENTO AUTORIDADES INDÍGENAS DE COLOMBIA,PARTIDO SOCIAL DE UNIDAD NACIONAL  PARTIDO DE LA U,false,73,290,3.9726,290,42,0.1448,,,
jal>concejo,2015,2019,YOMEIRA BEATRIZ GOMEZ BARROS,YOMEIRA BEATRIZ GOMEZ BARROS,48,48-001,11,PARTIDO ALIANZA SOCIAL INDEPENDIENTE,PARTIDO ALIANZA SOCIAL INDEPENDIENTE ASI,false,73,98,1.3425,98,16,0.1633,,,
jal>concejo,2015,2019,JOSE VICENTE MALLAMA VALLEJO,JOSE VICENTE MALLAMA VALLEJO,23,23-058,01,PARTIDO CONSERVADOR COLOMBIANO,PARTIDO CONSERVADOR COLOMBIANO,true,72,193,2.6806,193,112,0.5803,,,
jal>concejo,2015,2019,JEMAY ALFREDO ARIAS PRIETO,JEMAY ALFREDO ARIAS PRIETO,26,26-001,06,PARTIDO CONSERVADOR COLOMBIANO,COMPROMETIDOS CON LA ESPERANZA,false,71,19,0.2676,19,1,0.0526,,,
jal>concejo,2015,2019,JEANETHE MARCELA SOLORZANO GUZMAN,JEANETHE MARCELA SOLORZANO GUZMAN,29,29-001,04,PARTIDO CAMBIO RADICAL,PARTIDO CAMBIO RADICAL,true,71,173,2.4366,173,12,0.0694,,,
jal>concejo,2015,2019,CONSUELO GARCIA AVENDANO,CONSUELO GARCIA AVENDANO,07,07-079,09,PARTIDO ALIANZA VERDE,PARTIDO ALIANZA VERDE,true,71,256,3.6056,256,42,0.1641,,,
jal>concejo,2015,2019,YONI ALEXANDER HERNANDEZ ROLDAN,YONI ALEXANDER HERNANDEZ ROLDAN,01,01-049,02,MOVIMIENTO AUTORIDADES INDÍGENAS DE COLOMBIA,"PARTIDO DE REIVINDICACION ETNICA ""PRE""",false,68,111,1.6324,111,7,0.0631,,,
jal>concejo,2015,2019,MARIA OLGA AGUIRRE SANCHEZ,MARIA OLGA AGUIRRE SANCHEZ,16,16-001,17,PARTIDO DE LA U,PARTIDO CONSERVADOR COLOMBIANO,false,68,337,4.9559,337,4,0.0119,,,
jal>concejo,2015,2019,CARLOS ANDRES SARMIENTO SANDOVAL,CARLOS ANDRES SARMIENTO SANDOVAL,27,27-001,02,"MOVIMIENTO ALTERNATIVO INDÍGENA Y SOCIAL ""MAIS""",PARTIDO CAMBIO RADICAL,false,64,364,5.6875,364,13,0.0357,,,
jal>concejo,2015,2019,GABRIELA PERDOMO SILGADO,GABRIELA PERDOMO SILGADO,29,29-001,08,PARTIDO DE LA U,PARTIDO COLOMBIA RENACIENTE,false,63,85,1.3492,85,16,0.1882,,,
jal>concejo,2015,2019,YECENIA PATRICIA PEREZ CANTILLO,YECENIA PATRICIA PEREZ CANTILLO,21,21-001,03,MOVIMIENTO MIRA,PARTIDO CONSERVADOR -  PARTIDO POLITICO MIRA,false,60,58,0.9667,58,4,0.069,,,
jal>concejo,2015,2019,DIANA MARIA CANTERO GALVAN,DIANA MARIA CANTERO GALVAN,13,13-001,06,PARTIDO UNIÓN PATRIÓTICA,PARTIDO ADA,false,59,52,0.8814,52,13,0.25,,,
jal>concejo,2015,2019,MYRIAM AMAYA MORALES,MYRIAM AMAYA MORALES,15,15-247,04,"MOVIMIENTO ALTERNATIVO INDÍGENA Y SOCIAL ""MAIS""",MOVIMIENTO ALTERNATIVO INDIGENA Y SOCIAL MAIS,true,59,90,1.5254,90,24,0.2667,,,
jal>concejo,2015,2019,CLAUDIA MILENA MARTINEZ RODRIGUEZ,CLAUDIA MILENA MARTINEZ RODRIGUEZ,15,15-340,000,PARTIDO DE LA U,PARTIDO LIBERAL COLOMBIANO,false,59,115,1.9492,115,49,0.4261,,,
jal>concejo,2015,2019,JAIRO ZULUAGA CARDONA,JAIRO ZULUAGA CARDONA,29,29-046,01,PARTIDO ALIANZA VERDE,PARTIDO ALIANZA VERDE,true,58,61,1.0517,61,14,0.2295,,,
jal>concejo,2015,2019,SONIA INES VALLEJO DE CABEZAS,SONIA INES VALLEJO DE CABEZAS,31,31-001,33,PARTIDO CONSERVADOR COLOMBIANO,MOVIMIENTO ALTERNATIVO INDIGENA Y SOCIAL MAIS,false,58,85,1.4655,85,4,0.0471,,,
jal>concejo,2015,2019,CARLOS MARTIN JAIME SILVA,CARLOS MARTIN JAIME SILVA,27,27-001,13,PARTIDO ALIANZA SOCIAL INDEPENDIENTE,PARTIDO ADA,false,54,161,2.9815,161,11,0.0683,,,
jal>concejo,2015,2019,BLADIMIR TILANO TILANO,BLADIMIR TILANO TILANO,24,24-001,25,PARTIDO ALIANZA SOCIAL INDEPENDIENTE,MOVIMIENTO AUTORIDADES INDIGENAS DE COLOMBIA AICO,false,52,185,3.5577,185,151,0.8162,,,
jal>concejo,2015,2019,EMILIA HERNANDEZ NARVAEZ,EMILIA HERNANDEZ NARVAEZ,23,23-058,01,PARTIDO CONSERVADOR COLOMBIANO,PARTIDO CONSERVADOR COLOMBIANO,true,51,117,2.2941,117,63,0.5385,,,
jal>concejo,2015,2019,REINA DEL SOCORRO RESTREPO FLOREZ,REINA DEL SOCORRO RESTREPO FLOREZ,01,01-043,01,PARTIDO CONSERVADOR COLOMBIANO,PARTIDO COLOMBIA RENACIENTE,false,50,20,0.4,20,13,0.65,,,
jal>concejo,2015,2019,CARLOS ROBERTO FERIA RUBIO,CARLOS ROBERTO FERIA RUBIO,29,29-109,01,PARTIDO CONSERVADOR COLOMBIANO,PARTIDO CONSERVADOR COLOMBIANO,true,49,54,1.102,54,37,0.6852,,,
jal>concejo,2015,2019,LUIS GERARDO MORALES MURILLO,LUIS GERARDO MORALES MURILLO,24,24-021,01,PARTIDO DE LA U,"EL PARTIDO POLITICO MIRA EL MOVIMIENTO ALTERNATIVO INDIGENA Y SOCIAL ""MAIS"" EL PARTIDO POLO DEMO",false,48,58,1.2083,58,29,0.5,,,
jal>concejo,2015,2019,JOSE OMAR CEBALLOS CARMONA,JOSE OMAR CEBALLOS CARMONA,24,24-025,03,PARTIDO ALIANZA SOCIAL INDEPENDIENTE,PARTIDO COLOMBIA RENACIENTE,false,48,20,0.4167,20,9,0.45,,,
jal>concejo,2015,2019,MELDENSO ISMAEL GUZMAN FERNANDEZ,MELDENSO ISMAEL GUZMAN FERNANDEZ,05,05-028,02,PARTIDO OPCIÓN CIUDADANA,PARTIDO COLOMBIA RENACIENTE,false,48,31,0.6458,31,8,0.2581,,,
jal>concejo,2015,2019,LUCELLY RAMIREZ SANCHEZ,LUCELLY RAMIREZ SANCHEZ,26,26-001,01,"MOVIMIENTO ALTERNATIVO INDÍGENA Y SOCIAL ""MAIS""",PARTIDO SOCIAL DE UNIDAD NACIONAL  PARTIDO DE LA U,false,42,83,1.9762,83,6,0.0723,,,
jal>concejo,2015,2019,ALOIMAN JOSE MIRANDA DE AVILA,ALOIMAN JOSE MIRANDA DE AVILA,48,48-001,24,PARTIDO ALIANZA VERDE,PARTIDO ALIANZA VERDE,true,40,813,20.325,813,241,0.2964,,,
jal>concejo,2015,2019,CARLOS ALBERTO MARIN ECHEVERRI,CARLOS ALBERTO MARIN ECHEVERRI,24,24-086,01,PARTIDO DE LA U,PARTIDO SOCIAL DE UNIDAD NACIONAL  PARTIDO DE LA U,false,36,8,0.2222,8,1,0.125,,,
jal>concejo,2015,2019,NOHEMY DEL CARMEN ARRIETA ALMANZA,NOHEMY DEL CARMEN ARRIETA ALMANZA,48,48-001,05,PARTIDO ALIANZA SOCIAL INDEPENDIENTE,PARTIDO ALIANZA VERDE,false,36,57,1.5833,57,7,0.1228,,,
jal>concejo,2015,2019,MARTA ISABEL FERIA ALVAREZ,MARTA ISABEL FERIA ALVAREZ,28,28-001,01,PARTIDO ALIANZA SOCIAL INDEPENDIENTE,PARTIDO ALIANZA SOCIAL INDEPENDIENTE ASI,false,33,162,4.9091,162,5,0.0309,,,
jal>concejo,2015,2019,YESSENIA MARIA CICERI JIMENEZ,YESSENIA MARIA CICERI JIMENEZ,01,01-151,05,PARTIDO DE LA U,PARTIDO SOCIAL DE UNIDAD NACIONAL  PARTIDO DE LA U,false,30,21,0.7,21,1,0.0476,,,
jal>concejo,2015,2019,MARIO ANDRES LONDONO LEON,MARIO ANDRES LONDONO LEON,15,15-247,07,PARTIDO LIBERAL COLOMBIANO,PARTIDO LIBERAL COLOMBIANO,true,30,144,4.8,144,14,0.0972,,,
jal>concejo,2015,2019,EDNA CATALINA COLMENARES FLOREZ,EDNA CATALINA COLMENARES FLOREZ,26,26-001,06,PARTIDO CONSERVADOR COLOMBIANO,COMPROMETIDOS CON LA ESPERANZA,false,30,20,0.6667,20,3,0.15,,,
jal>concejo,2015,2019,ANIMILENA SARAVIA RIVERA,ANIMILENA SARAVIA RIVERA,21,21-016,05,PARTIDO CAMBIO RADICAL,PARTIDO CENTRO DEMOCRATICO,false,27,446,16.5185,446,36,0.0807,,,
jal>concejo,2015,2019,NOHELIA SOSA LONDONO,NOHELIA SOSA LONDONO,26,26-030,01,PARTIDO ALIANZA VERDE,PARTIDO ALIANZA VERDE,true,26,25,0.9615,25,5,0.2,,,
jal>concejo,2015,2019,MAIRA ALEJANDRA GARCIA,MAIRA ALEJANDRA GARCIA,48,48-001,06,PARTIDO ALIANZA SOCIAL INDEPENDIENTE,PARTIDO ALIANZA SOCIAL INDEPENDIENTE ASI,false,23,41,1.7826,41,1,0.0244,,,
jal>concejo,2015,2019,ANTONIO CESAR MUNOZ MOLINA,ANTONIO CESAR MUNOZ MOLINA,40,40-001,05,PARTIDO CONSERVADOR COLOMBIANO,PARTIDO SOCIAL DE UNIDAD NACIONAL  PARTIDO DE LA U,false,20,47,2.35,47,3,0.0638,,,
jal>concejo,2015,2019,GONZALO ANTONIO CARRILLO MARTINEZ,GONZALO ANTONIO CARRILLO MARTINEZ,15,15-094,07,PARTIDO DE LA U,PARTIDO ALIANZA VERDE,false,16,355,22.1875,355,32,0.0901,,,
jal>concejo,2015,2019,GABRIEL ROJAS TOVAR,GABRIEL ROJAS TOVAR,19,19-001,10,PARTIDO UNIÓN PATRIÓTICA,PARTIDO CENTRO DEMOCRATICO,false,15,205,13.6667,205,16,0.078,,,
jal>concejo,2015,2019,YOHAN ENRIQUE REDONDO MARTINEZ,YOHAN ENRIQUE REDONDO MARTINEZ,48,48-001,19,PARTIDO ALIANZA SOCIAL INDEPENDIENTE,PARTIDO ALIANZA SOCIAL INDEPENDIENTE ASI,false,15,282,18.8,282,13,0.0461,,,
jal>concejo,2019,2023,HUGO BARAJAS GARCIA,HUGO BARAJAS GARCIA,16,16-001,11,Liberal,PARTIDO LIBERAL COLOMBIANO,false,6384,4628,0.7249,4628,1910,0.4127,0.1335,partido,3.0921
jal>concejo,2019,2023,JAIME ARIEL CARO TALERO,JAIME ARIEL CARO TALERO,16,16-001,08,Cambio Radical,"LIDERAZGO AMPLIO DE RENOVACIÓN AVANZADA DE BTÁ ""LARA BOGOTÁ""",false,5532,6314,1.1414,6314,3032,0.4802,0.1675,partido,2.8661
jal>concejo,2019,2023,CESAR AUGUSTO SALAMANCA ROJAS,CESAR AUGUSTO SALAMANCA ROJAS,16,16-001,11,Cambio Radical,NUEVO LIBERALISMO EN MARCHA,false,4939,6461,1.3082,6461,2732,0.4228,0.1752,partido,2.4141
jal>concejo,2019,2023,OSCAR FERNEY HERNANDEZ PEREZ,OSCAR FERNEY HERNANDEZ PEREZ,16,16-001,07,Cambio Radical,PARTIDO CAMBIO RADICAL - PARTIDO MIRA - PARTIDO DE LA U,false,4836,8530,1.7639,8530,2589,0.3035,0.0783,partido,3.8764
jal>concejo,2019,2023,PEDRO DE JESUS APONTE GARCIA,PEDRO DE JESUS APONTE GARCIA,05,05-001,02,Cambio Radical,PARTIDO CAMBIO RADICAL,true,4487,10103,2.2516,10103,4884,0.4834,,,
jal>concejo,2019,2023,LINA MILENA GARCIA SIERRA,LINA MILENA GARCIA SIERRA,16,16-001,01,Alianza Verde,PARTIDO ALIANZA VERDE,true,4479,7916,1.7674,7916,1387,0.1752,0.0752,partido,2.3312
jal>concejo,2019,2023,MARCELA OSPINA GOMEZ,MARCELA OSPINA GOMEZ,16,16-001,11,Centro Democrático,PARTIDO CENTRO DEMOCRÁTICO,true,4360,3574,0.8197,3574,1661,0.4647,0.197,partido,2.3588
jal>concejo,2019,2023,ASTRID LEONOR DAZA GOMEZ,ASTRID LEONOR DAZA GOMEZ,16,16-001,08,Alianza Verde,PARTIDO ALIANZA VERDE,true,3918,3506,0.8948,3506,1017,0.2901,0.1104,partido,2.628
jal>concejo,2019,2023,JESUS DAVID ARAQUE MEJIA,JESUS DAVID ARAQUE MEJIA,16,16-001,01,G.S.C. Bogotá Para La Gente,NUEVO LIBERALISMO EN MARCHA,false,3738,16164,4.3242,16164,3055,0.189,0.1168,partido,1.6183
jal>concejo,2019,2023,JULIAN USCATEGUI PASTRANA,JULIAN USCATEGUI PASTRANA,16,16-001,01,Centro Democrático,PARTIDO CENTRO DEMOCRÁTICO,true,3707,18640,5.0283,18640,5319,0.2854,0.1668,partido,1.7106
jal>concejo,2019,2023,CLAUDIA MARCELA CLAVIJO PINZON,CLAUDIA MARCELA CLAVIJO PINZON,16,16-001,02,Alianza Verde,PARTIDO ALIANZA VERDE,true,3559,2855,0.8022,2855,270,0.0946,0.0315,partido,2.9987
jal>concejo,2019,2023,JULIAN FELIPE TRIANA VARGAS,JULIAN FELIPE TRIANA VARGAS,16,16-001,09,Alianza Verde,PARTIDO ALIANZA VERDE,true,3465,33710,9.7287,33710,3341,0.0991,0.0634,partido,1.5621
jal>concejo,2019,2023,ALEXIS JESUS CASTILLO JIMENEZ,ALEXIS JESUS CASTILLO JIMENEZ,03,03-001,01,Conservador,PARTIDO CONSERVADOR COLOMBIANO,false,3140,12218,3.8911,12218,7405,0.6061,,,
jal>concejo,2019,2023,ARNALDO HOYOS TRIBINO,ARNALDO HOYOS TRIBINO,16,16-001,11,Centro Democrático,NUEVO LIBERALISMO EN MARCHA,false,3018,4722,1.5646,4722,747,0.1582,0.1752,partido,0.9032
jal>concejo,2019,2023,CRISTIAN LEONARDO CALDERON CARRILLO,CRISTIAN LEONARDO CALDERON CARRILLO,52,52-001,02,Alianza Verde,PARTIDO ALIANZA VERDE,true,2794,1191,0.4263,1191,275,0.2309,0.1104,partido,2.0911
jal>concejo,2019,2023,GLORIA EMPERATRIZ GUERRERO TAPIA,GLORIA EMPERATRIZ GUERRERO TAPIA,03,03-001,01,Cambio Radical,PARTIDO CAMBIO RADICAL,true,2773,3288,1.1857,3288,442,0.1344,,,
jal>concejo,2019,2023,VICTOR ALFONSO MORALES SALCEDO,VICTOR ALFONSO MORALES SALCEDO,16,16-001,10,Liberal,NUEVO LIBERALISMO EN MARCHA,false,2712,2976,1.0973,2976,502,0.1687,0.1109,partido,1.5213
jal>concejo,2019,2023,CARLOS ANDRES RODRIGUEZ ROBLES,CARLOS ANDRES RODRIGUEZ ROBLES,16,16-001,16,Conservador,PARTIDO CONSERVADOR - PARTIDO COLOMBIA JUSTA LIBRES,false,2497,10926,4.3757,10926,2243,0.2053,0.0794,partido,2.5855
jal>concejo,2019,2023,ELKIN ALFONSO CALVO MUNERA,ELKIN ALFONSO CALVO MUNERA,16,16-001,07,Alianza Verde,PARTIDO ALIANZA VERDE,true,2254,2128,0.9441,2128,444,0.2086,0.062,partido,3.3671
jal>concejo,2019,2023,PEDRO PABLO ARISMENDI SOSSA,PEDRO PABLO ARISMENDI SOSSA,01,01-001,12,Centro Democrático,PARTIDO CENTRO DEMOCRÁTICO,true,2237,1346,0.6017,1346,190,0.1412,0.0928,partido,1.5206
jal>concejo,2019,2023,LILIANA CASTANEDA MORALES,LILIANA CASTANEDA MORALES,16,16-001,13,Polo Democrático,PARTIDO POLÍTICO DIGNIDAD & COMPROMISO,false,2040,4103,2.0113,4103,570,0.1389,0.0696,partido,1.9952
jal>concejo,2019,2023,LENNIN EDUARDO MEZA SANCHEZ,LENNIN EDUARDO MEZA SANCHEZ,25,25-001,01,Alianza Verde,PARTIDO ALIANZA VERDE,true,2004,828,0.4132,828,80,0.0966,0.0727,partido,1.3293
jal>concejo,2019,2023,LEYIS MILENA PARALES,LEYIS MILENA PARALES,40,40-001,04,Centro Democrático,PARTIDO CENTRO DEMOCRÁTICO,true,1981,373,0.1883,373,158,0.4236,,,
jal>concejo,2019,2023,JOSE ANTONIO CASTELBLANCO ORTIZ,JOSE ANTONIO CASTELBLANCO ORTIZ,16,16-001,04,Polo Democrático,PARTIDO POLÍTICO ESPERANZA DEMOCRÁTICA,false,1924,781,0.4059,781,356,0.4558,0.0411,bloque,11.0797
jal>concejo,2019,2023,JUAN DAVID ABISAMBRA CARBONELL,JUAN DAVID ABISAMBRA CARBONELL,03,03-001,04,Cambio Radical,PARTIDO CAMBIO RADICAL,true,1854,14085,7.5971,14085,3750,0.2662,,,
jal>concejo,2019,2023,OSCAR ARMANDO RENDON DUQUE,OSCAR ARMANDO RENDON DUQUE,16,16-001,11,Cambio Radical,"LIDERAZGO AMPLIO DE RENOVACIÓN AVANZADA DE BTÁ ""LARA BOGOTÁ""",false,1666,1698,1.0192,1698,274,0.1614,0.1258,partido,1.2827
jal>concejo,2019,2023,MILLER JONNJANIS RUIZ DIAZ,MILLER JONNJANIS RUIZ DIAZ,16,16-001,14,Liberal,PARTIDO LIBERAL COLOMBIANO,false,1665,3538,2.1249,3538,491,0.1388,0.0169,partido,8.2062
jal>concejo,2019,2023,ANDREA CAROLINA HERNANDEZ UCROS,ANDREA CAROLINA HERNANDEZ UCROS,16,16-001,02,Centro Democrático,PARTIDO CENTRO DEMOCRÁTICO,true,1654,12014,7.2636,12014,427,0.0355,0.0585,partido,0.6077
jal>concejo,2019,2023,FRANCISCO JAVIER RUBIO GUARIN,FRANCISCO JAVIER RUBIO GUARIN,16,16-001,06,Alianza Verde,PARTIDO ALIANZA VERDE,true,1643,2425,1.476,2425,328,0.1353,0.028,partido,4.8239
jal>concejo,2019,2023,OMAR ENRIQUE RIANO AGUILAR,OMAR ENRIQUE RIANO AGUILAR,16,16-001,13,Alianza Verde,PARTIDO ALIANZA VERDE,true,1617,2454,1.5176,2454,186,0.0758,0.0404,partido,1.8765
jal>concejo,2019,2023,DANIEL DAVID ARBOLEDA ORTIZ,DANIEL DAVID ARBOLEDA ORTIZ,01,01-151,01,Alianza Verde,PARTIDO ALIANZA VERDE,true,1616,286,0.177,286,142,0.4965,,,
jal>concejo,2019,2023,NATALIA PAOLA GOYENECHE VELANDIA,NATALIA PAOLA GOYENECHE VELANDIA,16,16-001,13,Alianza Verde,PARTIDO ALIANZA VERDE,true,1409,9690,6.8772,9690,433,0.0447,0.0404,partido,1.1063
jal>concejo,2019,2023,JOSE DARIO RIASCOS CALLEJAS,JOSE DARIO RIASCOS CALLEJAS,13,13-001,05,Liberal,PARTIDO LIBERAL COLOMBIANO,false,1401,1452,1.0364,1452,234,0.1612,0.0914,partido,1.7638
jal>concejo,2019,2023,HERNANDO FRANCO GARCIA,HERNANDO FRANCO GARCIA,16,16-001,03,Alianza Verde,PARTIDO ALIANZA VERDE,true,1398,3427,2.4514,3427,250,0.073,0.0162,partido,4.5151
jal>concejo,2019,2023,ANTHONY ALBERTO DE AVILA ROSANIA,ANTHONY ALBERTO DE AVILA ROSANIA,03,03-001,02,AICO,S.O.S. CONCEJALES POR BARRANQUILLA,false,1379,2563,1.8586,2563,321,0.1252,,,
jal>concejo,2019,2023,ELKIN ROBERT ROMERO VASQUEZ,ELKIN ROBERT ROMERO VASQUEZ,12,12-001,02,Cambio Radical,PARTIDO CAMBIO RADICAL,true,1378,242,0.1756,242,110,0.4545,,,
jal>concejo,2019,2023,CESAR AUGUSTO AHUMADA MENA,CESAR AUGUSTO AHUMADA MENA,12,12-001,05,Partido de la U,PARTIDO DE LA UNIÓN POR LA GENTE - PARTIDO DE LA U,false,1347,544,0.4039,544,295,0.5423,,,
jal>concejo,2019,2023,JUAN CAMILO CASTELLANOS MEDINA,JUAN CAMILO CASTELLANOS MEDINA,16,16-001,17,Liberal,PARTIDO LIBERAL COLOMBIANO,false,1340,4695,3.5037,4695,820,0.1747,0.0124,partido,14.0974
jal>concejo,2019,2023,GABRIEL GERARDO MALDONADO ESTEVEZ,GABRIEL GERARDO MALDONADO ESTEVEZ,25,25-001,02,Conservador,MOVIMIENTO ALIANZA DEMOCRÁTICA AMPLIA,false,1301,147,0.113,147,28,0.1905,0.0883,partido,2.1568
jal>concejo,2019,2023,VICTOR MANUEL BOLANO DE LA HOZ,VICTOR MANUEL BOLANO DE LA HOZ,21,21-016,03,ASI,AGRUPACIÓN POLÍTICA EN MARCHA,false,1299,411,0.3164,411,179,0.4355,,,
jal>concejo,2019,2023,JOSE LUIS CASTRO PEROZO,JOSE LUIS CASTRO PEROZO,21,21-001,01,Alianza Verde,PARTIDO ALIANZA VERDE,true,1266,3287,2.5964,3287,1438,0.4375,,,
jal>concejo,2019,2023,MARIA ALEJANDRA GIRALDO GIRALDO,MARIA ALEJANDRA GIRALDO GIRALDO,09,09-001,08,Centro Democrático,COALICION CENTRO DEMOCRATICO - NUEVA FUERZA DEMOCRATICA,false,1256,2206,1.7564,2206,1028,0.466,0.3193,partido,1.4597
jal>concejo,2019,2023,MIGUEL ELIAS MAYA PERDOMO,MIGUEL ELIAS MAYA PERDOMO,19,19-001,02,Centro Democrático,UNIDOS POR NEIVA,false,1210,303,0.2504,303,48,0.1584,0.1188,partido,1.3339
jal>concejo,2019,2023,MANUEL RICARDO PARRA VARGAS,MANUEL RICARDO PARRA VARGAS,07,07-079,01,Alianza Verde,PARTIDO ALIANZA VERDE,true,1204,414,0.3439,414,144,0.3478,,,
jal>concejo,2019,2023,LUIS MIGUEL RIVADENEIRA MENDOZA,LUIS MIGUEL RIVADENEIRA MENDOZA,48,48-001,11,MIRA,MAIS - MIRA,false,1189,698,0.587,698,100,0.1433,,,
jal>concejo,2019,2023,FABIAN ANDRES SAMBONI MERA,FABIAN ANDRES SAMBONI MERA,11,11-001,03,Alianza Verde,IDENTIDAD COMUNITARIA,false,1159,242,0.2088,242,28,0.1157,0.0616,partido,1.8785
jal>concejo,2019,2023,REMBERTO MANUEL TRUJILLO HUMANEZ,REMBERTO MANUEL TRUJILLO HUMANEZ,13,13-001,01,Centro Democrático,#DEMOCRACIA EN ACCION,false,1076,755,0.7017,755,336,0.445,0.1268,partido,3.5088
jal>concejo,2019,2023,JUAN SEBASTIAN PARRA FLOREZ,JUAN SEBASTIAN PARRA FLOREZ,25,25-001,05,Conservador,PARTIDO CONSERVADOR COLOMBIANO,false,1076,809,0.7519,809,165,0.204,0.0999,partido,2.0423
jal>concejo,2019,2023,CIRO RADIP DIAZ FUENTES,CIRO RADIP DIAZ FUENTES,03,03-001,01,Liberal,PARTIDO LIBERAL COLOMBIANO,false,1062,4559,4.2928,4559,1282,0.2812,,,
jal>concejo,2019,2023,CARLOS ARTURO ARANGO ALFONSO,CARLOS ARTURO ARANGO ALFONSO,21,21-001,01,Cambio Radical,PARTIDO CAMBIO RADICAL,true,1046,2075,1.9837,2075,1105,0.5325,,,
jal>concejo,2019,2023,SANDRA ZARIFE HALABY HALABY,SANDRA ZARIFE HALABY HALABY,31,31-001,06,Alianza Verde,PARTIDO ALIANZA VERDE,true,1030,842,0.8175,842,73,0.0867,0.0539,partido,1.6093
jal>concejo,2019,2023,NUBIA ROCIO DELGADO CORREAL,NUBIA ROCIO DELGADO CORREAL,52,52-001,07,Centro Democrático,PARTIDO CENTRO DEMOCRÁTICO,true,1028,353,0.3434,353,67,0.1898,0.2114,partido,0.8978
jal>concejo,2019,2023,ENDER AURELIO CARRILLO MARENCO,ENDER AURELIO CARRILLO MARENCO,12,12-001,04,Conservador,PARTIDO CONSERVADOR COLOMBIANO,false,1026,915,0.8918,915,244,0.2667,,,
jal>concejo,2019,2023,ALBA DORIS RINCON RODRIGUEZ,ALBA DORIS RINCON RODRIGUEZ,29,29-001,01,Centro Democrático,PARTIDO CENTRO DEMOCRÁTICO,true,1025,996,0.9717,996,110,0.1104,0.097,partido,1.139
jal>concejo,2019,2023,CARLOS MAURICIO MONTANA SEGURA,CARLOS MAURICIO MONTANA SEGURA,15,15-247,01,Alianza Verde,PARTIDO ECOLOGISTA COLOMBIANO,false,1002,60,0.0599,60,27,0.45,,,
jal>concejo,2019,2023,RAFAEL ENRIQUE ACOSTA PEREZ,RAFAEL ENRIQUE ACOSTA PEREZ,05,05-001,03,Alianza Verde,PARTIDO ALIANZA VERDE,true,1002,946,0.9441,946,446,0.4715,,,
jal>concejo,2019,2023,INGRID JOHANNA SALINA BERMUDEZ,INGRID JOHANNA SALINA BERMUDEZ,12,12-001,02,MAIS,"MOVIMIENTO ALTERNATIVO INDÍGENA Y SOCIAL ""MAIS""",false,997,120,0.1204,120,45,0.375,,,
jal>concejo,2019,2023,JAVIER ORLANDO CARRILLO LADINO,JAVIER ORLANDO CARRILLO LADINO,52,52-001,05,Alianza Verde,PARTIDO ALIANZA VERDE,true,993,749,0.7543,749,121,0.1615,0.1916,partido,0.8434
jal>concejo,2019,2023,GENNY URBANO LUNA,GENNY URBANO LUNA,11,11-001,04,Alianza Verde,PARTIDO ALIANZA VERDE,true,971,334,0.344,334,81,0.2425,0.1749,partido,1.3866
jal>concejo,2019,2023,LEIDY BIBIANA SANABRIA CHACON,LEIDY BIBIANA SANABRIA CHACON,25,25-001,04,Cambio Radical,PARTIDO CAMBIO RADICAL,true,965,360,0.3731,360,31,0.0861,0.064,partido,1.3464
jal>concejo,2019,2023,EDGAR EPALZA CASTRO,EDGAR EPALZA CASTRO,25,25-001,08,Conservador,PARTIDO CONSERVADOR COLOMBIANO,false,943,480,0.509,480,270,0.5625,0.1434,partido,3.9216
jal>concejo,2019,2023,DANIEL JOSE OSORIO NARVAEZ,DANIEL JOSE OSORIO NARVAEZ,13,13-001,12,Colombia Renaciente,PARTIDO CAMBIO RADICAL,false,940,632,0.6723,632,74,0.1171,0.0216,partido,5.4255
jal>concejo,2019,2023,MARIA CELMIRA AGUILAR,MARIA CELMIRA AGUILAR,46,46-001,03,Liberal,PARTIDO LIBERAL COLOMBIANO,false,922,126,0.1367,126,27,0.2143,,,
jal>concejo,2019,2023,YENNY ROCIO CUESTA PENA,YENNY ROCIO CUESTA PENA,52,52-001,07,Coalición Barriada Alternativa,PARTIDO POLÍTICO DIGNIDAD & COMPROMISO,false,922,441,0.4783,441,195,0.4422,0.2207,partido,2.0031
jal>concejo,2019,2023,JOSE MARIA RESTREPO RUA,JOSE MARIA RESTREPO RUA,01,01-049,05,Alianza Verde,PARTIDO ALIANZA VERDE,true,902,249,0.2761,249,28,0.1124,,,
jal>concejo,2019,2023,ADRIAN CENON MURILLO,ADRIAN CENON MURILLO,25,25-001,07,Conservador,TODOS POR CUCUTA,false,900,613,0.6811,613,293,0.478,0.1536,partido,3.1125
jal>concejo,2019,2023,EVELIN DAYANA CRUZ GELVIS,EVELIN DAYANA CRUZ GELVIS,25,25-001,08,Liberal,MOVIMIENTO ALIANZA DEMOCRÁTICA AMPLIA,false,891,80,0.0898,80,32,0.4,0.1468,partido,2.7257
jal>concejo,2019,2023,ELIANA PALLARES NUNEZ,ELIANA PALLARES NUNEZ,03,03-001,02,Conservador,PARTIDO CONSERVADOR COLOMBIANO,false,887,1943,2.1905,1943,698,0.3592,,,
jal>concejo,2019,2023,FERNANDO PULGARIN CASTANO,FERNANDO PULGARIN CASTANO,01,01-001,04,Alianza Verde,INDEPENDIENTES,false,885,1856,2.0972,1856,224,0.1207,0.0835,partido,1.4446
jal>concejo,2019,2023,NOEL MENA CORDOBA,NOEL MENA CORDOBA,31,31-079,01,ASI,PARTIDO ASI - PARTIDO CONSERVADOR COLOMBIANO,false,855,360,0.4211,360,202,0.5611,,,
jal>concejo,2019,2023,CARLOS ANDRES AMAYA PALACIO,CARLOS ANDRES AMAYA PALACIO,48,48-010,02,Conservador,PARTIDO CONSERVADOR COLOMBIANO,false,845,55,0.0651,55,18,0.3273,,,
jal>concejo,2019,2023,CAMILO ANDRES DIAZ MONGUI,CAMILO ANDRES DIAZ MONGUI,16,16-001,18,Cambio Radical,"LIDERAZGO AMPLIO DE RENOVACIÓN AVANZADA DE BTÁ ""LARA BOGOTÁ""",false,844,1311,1.5533,1311,370,0.2822,0.0487,partido,5.7948
jal>concejo,2019,2023,DARSCHAN OCAMPO ARIAS,DARSCHAN OCAMPO ARIAS,31,31-001,02,Centro Democrático,PARTIDO CAMBIO RADICAL,false,840,2893,3.444,2893,788,0.2724,0.1068,partido,2.5499
jal>concejo,2019,2023,JESSENIA LIZBETH GALVIS DIAZ,JESSENIA LIZBETH GALVIS DIAZ,25,25-001,03,Centro Democrático,PARTIDO CENTRO DEMOCRÁTICO,true,836,503,0.6017,503,86,0.171,0.0763,partido,2.2415
jal>concejo,2019,2023,MOISES ANTONIO REYES ALBA,MOISES ANTONIO REYES ALBA,21,21-001,02,Liberal,LIBERAL - MIRA,false,831,1027,1.2359,1027,440,0.4284,,,
jal>concejo,2019,2023,DORA ESPERANZA ANGEL SUAREZ,DORA ESPERANZA ANGEL SUAREZ,52,52-001,04,Centro Democrático,PARTIDO CENTRO DEMOCRÁTICO,true,828,570,0.6884,570,71,0.1246,0.1084,partido,1.1496
jal>concejo,2019,2023,FABIAN ANDRES SANCHEZ FORERO,FABIAN ANDRES SANCHEZ FORERO,24,24-001,06,Liberal,PARTIDO COLOMBIA RENACIENTE,false,826,1661,2.0109,1661,385,0.2318,,,
jal>concejo,2019,2023,JOSE ANTONIO HERNANDEZ PALMA,JOSE ANTONIO HERNANDEZ PALMA,01,01-049,07,Centro Democrático,PARTIDO CENTRO DEMOCRÁTICO,true,815,725,0.8896,725,340,0.469,,,
jal>concejo,2019,2023,DANNER MURILLO MONDRAGON,DANNER MURILLO MONDRAGON,31,31-019,02,Colombia Renaciente,PARTIDO COLOMBIA RENACIENTE,true,810,937,1.1568,937,600,0.6403,,,
jal>concejo,2019,2023,JERSON JAVIER DORIA JIMENEZ,JERSON JAVIER DORIA JIMENEZ,13,13-001,03,Partido ADA,NUEVA FUERZA DEMOCRÁTICA,false,805,160,0.1988,160,49,0.3063,0.1713,partido,1.7879
jal>concejo,2019,2023,LUZ MARY RAMIREZ TANGARIFE,LUZ MARY RAMIREZ TANGARIFE,01,01-001,03,Centro Democrático,PARTIDO CENTRO DEMOCRÁTICO,true,804,1484,1.8458,1484,141,0.095,0.0313,partido,3.0328
jal>concejo,2019,2023,FERNANDO VASQUEZ SOLORZANO,FERNANDO VASQUEZ SOLORZANO,52,52-001,06,Liberal,MOVIMIENTO  SALVACIÓN NACIONAL,false,802,59,0.0736,59,7,0.1186,0.0662,partido,1.7931
jal>concejo,2019,2023,EDUARDO JOSE FERRER LUNA,EDUARDO JOSE FERRER LUNA,05,05-001,03,Colombia Renaciente,FUERA MALANDRINES,false,798,1428,1.7895,1428,937,0.6562,,,
jal>concejo,2019,2023,WIMILLER DE JESUS JIMENEZ MENDOZA,WIMILLER DE JESUS JIMENEZ MENDOZA,12,12-001,03,Polo Democrático,UNIDOS POR VALLEDUPAR,false,783,232,0.2963,232,67,0.2888,,,
jal>concejo,2019,2023,FERNEY DE JESUS OCAMPO RIOS,FERNEY DE JESUS OCAMPO RIOS,31,31-001,11,Colombia Renaciente,PARTIDO COLOMBIA RENACIENTE,true,777,406,0.5225,406,226,0.5567,0.0635,partido,8.7595
jal>concejo,2019,2023,JUAN MANUEL MORELO MURILLO,JUAN MANUEL MORELO MURILLO,13,13-001,04,Centro Democrático,PARTIDO NUEVO LIBERALISMO,false,772,2878,3.728,2878,954,0.3315,0.1438,partido,2.3045
jal>concejo,2019,2023,RICARDO ANDRES ZAMORA PARDO,RICARDO ANDRES ZAMORA PARDO,52,52-001,06,Polo Democrático,PACTO HISTORICO COLOMBIA PUEDE,false,766,102,0.1332,102,6,0.0588,0.0583,partido,1.0087
jal>concejo,2019,2023,MIGUEL ANGEL CORREA PADILLA,MIGUEL ANGEL CORREA PADILLA,21,21-016,01,Alianza Verde,PARTIDO DE LA UNIÓN POR LA GENTE - PARTIDO DE LA U,false,726,43,0.0592,43,12,0.2791,,,
jal>concejo,2019,2023,FARIDES ISABEL MARTINEZ BLANCO,FARIDES ISABEL MARTINEZ BLANCO,12,12-001,03,MAIS,PARTIDO CAMBIO RADICAL,false,723,116,0.1604,116,28,0.2414,,,
jal>concejo,2019,2023,YANETH DEL CARMEN DIAZ BARROS,YANETH DEL CARMEN DIAZ BARROS,46,46-001,01,Partido de la U,PARTIDO DE LA UNIÓN POR LA GENTE - PARTIDO DE LA U,false,721,42,0.0583,42,7,0.1667,,,
jal>concejo,2019,2023,CONSUELO SANCHEZ JIMENEZ,CONSUELO SANCHEZ JIMENEZ,46,46-001,03,ASI,"PARTIDO ALIANZA SOCIAL INDEPENDIENTE ""ASI""",false,717,107,0.1492,107,25,0.2336,,,
jal>concejo,2019,2023,JESUS ALBERTO ZAPATA RINCON,JESUS ALBERTO ZAPATA RINCON,25,25-001,10,Conservador,PARTIDO CONSERVADOR COLOMBIANO,false,713,558,0.7826,558,75,0.1344,0.1759,partido,0.7643
jal>concejo,2019,2023,DANIEL ALEJANDRO CHAUCANES BRAVO,DANIEL ALEJANDRO CHAUCANES BRAVO,23,23-001,02,Polo Democrático,PACTO HISTORICO,false,706,1278,1.8102,1278,156,0.1221,,,
jal>concejo,2019,2023,MARIA ESTHER ARDILA OSORIO,MARIA ESTHER ARDILA OSORIO,19,19-001,01,Alianza Verde,PARTIDO ALIANZA VERDE,true,705,203,0.2879,203,64,0.3153,0.1282,partido,2.4595
jal>concejo,2019,2023,LUIS HERVIN RODRIGUEZ MONTOYA,LUIS HERVIN RODRIGUEZ MONTOYA,27,27-001,02,Liberal,"MOVIMIENTO ALTERNATIVO INDÍGENA Y SOCIAL ""MAIS""",false,697,402,0.5768,402,205,0.51,0.0677,partido,7.5316
jal>concejo,2019,2023,NANCY LORENA REY CARDENAS,NANCY LORENA REY CARDENAS,52,52-001,02,Polo Democrático,PACTO HISTORICO COLOMBIA PUEDE,false,694,443,0.6383,443,38,0.0858,0.0984,partido,0.8719
jal>concejo,2019,2023,MIRIAM EDILMA CASTANO MARIN,MIRIAM EDILMA CASTANO MARIN,01,01-001,06,Liberal,INDEPENDIENTES,false,693,792,1.1429,792,163,0.2058,0.0788,partido,2.6108
jal>concejo,2019,2023,JHON FRANKLIN ROJAS GARCIA,JHON FRANKLIN ROJAS GARCIA,52,52-001,000,Coalición Barriada Alternativa,PACTO HISTORICO COLOMBIA PUEDE,false,691,1133,1.6397,1133,31,0.0274,,,
jal>concejo,2019,2023,OSCAR USUGA CORREA,OSCAR USUGA CORREA,01,01-151,05,ASI,PARTIDO POLÍTICO DIGNIDAD & COMPROMISO,false,668,72,0.1078,72,25,0.3472,,,
jal>concejo,2019,2023,ARGIRO DE JESUS CASTANO VELASQUEZ,ARGIRO DE JESUS CASTANO VELASQUEZ,24,24-001,06,Centro Democrático,PARTIDO CENTRO DEMOCRÁTICO,true,667,171,0.2564,171,47,0.2749,,,
jal>concejo,2019,2023,ORLANDO CAPACHO CONTRERAS,ORLANDO CAPACHO CONTRERAS,27,27-001,04,MAIS,"MOVIMIENTO ALTERNATIVO INDÍGENA Y SOCIAL ""MAIS""",false,667,1009,1.5127,1009,346,0.3429,0.104,partido,3.2958
jal>concejo,2019,2023,LUIS ENRIQUE PRADO,LUIS ENRIQUE PRADO,31,31-019,01,Liberal,"MOVIMIENTO ALTERNATIVO INDÍGENA Y SOCIAL ""MAIS""",false,660,1063,1.6106,1063,604,0.5682,,,
jal>concejo,2019,2023,MAYRA ALEJANDRA LOAIZA MONROY,MAYRA ALEJANDRA LOAIZA MONROY,16,16-001,19,Coal.Colombia Humana Ciudad Bolívar,MOVIMIENTO POLITICO FUERZA CIUDADANA,false,659,170,0.258,170,29,0.1706,0.0866,bloque,1.9709
jal>concejo,2019,2023,ALVARO DE JESUS MONTALVO ARIAS,ALVARO DE JESUS MONTALVO ARIAS,28,28-001,07,Polo Democrático,PARTIDOS ALIANZA VERDE - COLOMBIA JUSTA LIBRES - MIRA,false,654,168,0.2569,168,50,0.2976,,,
jal>concejo,2019,2023,ALEXANDER ALFONSO ALVAREZ HUGUETT,ALEXANDER ALFONSO ALVAREZ HUGUETT,21,21-016,01,Centro Democrático,PARTIDO POLÍTICO DIGNIDAD & COMPROMISO,false,651,237,0.3641,237,122,0.5148,,,
jal>concejo,2019,2023,REINER CHAJIN GORI,REINER CHAJIN GORI,03,03-001,04,Liberal,COALICION BARRANQUILLA AVANZA,false,650,1021,1.5708,1021,327,0.3203,,,
jal>concejo,2019,2023,ANA DORA GONZALEZ PENALOZA,ANA DORA GONZALEZ PENALOZA,15,15-247,06,Cambio Radical,PARTIDO CAMBIO RADICAL,true,639,509,0.7966,509,300,0.5894,,,
jal>concejo,2019,2023,JHON JAIRO MONTOYA BONILLA,JHON JAIRO MONTOYA BONILLA,24,24-001,15,Alianza Verde,ALTERNATIVOS,false,622,218,0.3505,218,25,0.1147,,,
jal>concejo,2019,2023,OVIDIO OCORO OROBIO,OVIDIO OCORO OROBIO,31,31-019,02,Partido de la U,PARTIDO DE LA U Y PARTIDO MIRA,false,612,663,1.0833,663,398,0.6003,,,
jal>concejo,2019,2023,SEBASTIAN UPEGUI PALACIO,SEBASTIAN UPEGUI PALACIO,01,01-001,12,Conservador,PARTIDO POLÍTICO GENTE EN MOVIMIENTO,false,610,329,0.5393,329,74,0.2249,0.0512,bloque,4.3908
jal>concejo,2019,2023,LEONARDO FABIO DAZA LAN,LEONARDO FABIO DAZA LAN,28,28-001,06,Liberal,PARTIDO POLÍTICO GENTE EN MOVIMIENTO,false,575,239,0.4157,239,56,0.2343,,,
jal>concejo,2019,2023,GABRIEL GOMEZ HERRERA,GABRIEL GOMEZ HERRERA,09,09-001,05,Conservador,PARTIDO CONSERVADOR COLOMBIANO,false,565,471,0.8336,471,19,0.0403,0.061,partido,0.6617
jal>concejo,2019,2023,DIEGO ALEXANDER VELASCO ORTIZ,DIEGO ALEXANDER VELASCO ORTIZ,31,31-019,01,Alianza Verde,PARTIDO ALIANZA VERDE,true,562,793,1.411,793,477,0.6015,,,
jal>concejo,2019,2023,GERSON ANDRES COMBARIZA VELASQUEZ,GERSON ANDRES COMBARIZA VELASQUEZ,25,25-001,07,Cambio Radical,MOVIMIENTO ALIANZA DEMOCRÁTICA AMPLIA,false,557,53,0.0952,53,19,0.3585,0.1458,partido,2.4585
jal>concejo,2019,2023,JOSE LUIS LEON MUNCA,JOSE LUIS LEON MUNCA,16,16-001,19,Centro Democrático,PARTIDO CAMBIO RADICAL - PARTIDO MIRA - PARTIDO DE LA U,false,556,903,1.6241,903,87,0.0963,0.0719,partido,1.3392
jal>concejo,2019,2023,ALBA ROCIO VALDERRAMA BLANCO,ALBA ROCIO VALDERRAMA BLANCO,27,27-019,04,Alianza Verde,POR UN CAMBIO BUENO Y JUSTO,false,554,123,0.222,123,54,0.439,,,
jal>concejo,2019,2023,SHIRLEY FRAYCEDES URUENA MEJIA,SHIRLEY FRAYCEDES URUENA MEJIA,16,16-001,07,Partido de la U,PARTIDO ALIANZA VERDE,false,553,614,1.1103,614,86,0.1401,0.062,partido,2.2603
jal>concejo,2019,2023,JOSE BERNARDO PLAZA MUNOZ,JOSE BERNARDO PLAZA MUNOZ,31,31-079,000,Partido de la U,PARTIDO DE LA UNIÓN POR LA GENTE - PARTIDO DE LA U,false,550,723,1.3145,723,12,0.0166,,,
jal>concejo,2019,2023,MARIA EUGENIA HIDALGO ACHINTE,MARIA EUGENIA HIDALGO ACHINTE,11,11-001,04,Conservador,PARTIDO CONSERVADOR COLOMBIANO,false,546,43,0.0788,43,9,0.2093,0.1839,partido,1.1379
jal>concejo,2019,2023,JAIRO JOSE VARGAS TAPIA,JAIRO JOSE VARGAS TAPIA,13,13-001,03,Cambio Radical,PARTIDO POLÍTICO GENTE EN MOVIMIENTO,false,540,301,0.5574,301,164,0.5449,0.2047,partido,2.6614
jal>concejo,2019,2023,ANGELICA PAOLA BENAVIDES RODRIGUEZ,ANGELICA PAOLA BENAVIDES RODRIGUEZ,52,52-001,05,AICO,MOVIMIENTO  SALVACIÓN NACIONAL,false,533,208,0.3902,208,23,0.1106,0.2128,partido,0.5197
jal>concejo,2019,2023,DAYANA PAOLA PIMIENTA PATERNINA,DAYANA PAOLA PIMIENTA PATERNINA,28,28-001,04,MIRA,PARTIDOS ALIANZA VERDE - COLOMBIA JUSTA LIBRES - MIRA,false,532,35,0.0658,35,6,0.1714,,,
jal>concejo,2019,2023,CARLOS ARTURO PACHECO PEREZ,CARLOS ARTURO PACHECO PEREZ,15,15-247,06,Conservador,PARTIDO CONSERVADOR COLOMBIANO,false,530,490,0.9245,490,203,0.4143,,,
jal>concejo,2019,2023,JOHN ALEXANDER RENDON ALVAREZ,JOHN ALEXANDER RENDON ALVAREZ,31,31-034,01,Partido ADA,PARTIDO ALIANZA VERDE,false,530,208,0.3925,208,53,0.2548,,,
jal>concejo,2019,2023,KATERINE GOMEZ ARANGO,KATERINE GOMEZ ARANGO,01,01-151,06,Alianza Verde,PARTIDO POLÍTICO GENTE EN MOVIMIENTO,false,525,684,1.3029,684,234,0.3421,,,
jal>concejo,2019,2023,YAMILE SMITH GUALDRON VILLAFRADEZ,YAMILE SMITH GUALDRON VILLAFRADEZ,27,27-019,04,MAIS,"MOVIMIENTO ALTERNATIVO INDÍGENA Y SOCIAL ""MAIS""",false,525,161,0.3067,161,63,0.3913,,,
jal>concejo,2019,2023,ADRIANA VILLEGAS NIEBLES,ADRIANA VILLEGAS NIEBLES,31,31-079,000,Coalición Convergencia Palmira Humana,MOVIMIENTO POLÍTICO COLOMBIA HUMANA,false,525,1298,2.4724,1298,41,0.0316,,,
jal>concejo,2019,2023,RAFAELA VITOLA BARRIOS,RAFAELA VITOLA BARRIOS,21,21-001,01,MIRA,LIBERAL - MIRA,false,523,1634,3.1243,1634,805,0.4927,,,
jal>concejo,2019,2023,PATRICIA PELAEZ ROBAYO,PATRICIA PELAEZ ROBAYO,07,07-079,05,Alianza Verde,PARTIDO ALIANZA VERDE,true,519,123,0.237,123,38,0.3089,,,
jal>concejo,2019,2023,RUBEN ANTONIO PAZ CASTILLO,RUBEN ANTONIO PAZ CASTILLO,16,16-001,03,Conservador,NUEVO LIBERALISMO EN MARCHA,false,517,2326,4.499,2326,94,0.0404,0.012,partido,3.3539
jal>concejo,2019,2023,SANDRA JEANNETTE NIETO GUAQUETA,SANDRA JEANNETTE NIETO GUAQUETA,29,29-001,01,MIRA,PARTIDO POLÍTICO MIRA,false,514,208,0.4047,208,23,0.1106,0.0643,partido,1.7193
jal>concejo,2019,2023,ANDRES GIOVANNY HOLGUIN PINEROS,ANDRES GIOVANNY HOLGUIN PINEROS,52,52-001,07,Liberal,COALICION NUEVO LIBERALISMO EN MARCHA,false,506,615,1.2154,615,41,0.0667,0.1533,partido,0.435
jal>concejo,2019,2023,JUAN FRANCISCO NOVOA VALLE,JUAN FRANCISCO NOVOA VALLE,52,52-001,05,Centro Democrático,PARTIDO CENTRO DEMOCRÁTICO,true,506,363,0.7174,363,89,0.2452,0.1755,partido,1.397
jal>concejo,2019,2023,JOHN JAIRO ELIAS GARCIA ORTIZ,JOHN JAIRO ELIAS GARCIA ORTIZ,25,25-001,04,AICO,"COALICION LA U, JUSTA LIBRES Y AICO",false,505,186,0.3683,186,50,0.2688,0.1002,partido,2.6837
jal>concejo,2019,2023,LUIS FERNEY GALLEGO PATINO,LUIS FERNEY GALLEGO PATINO,31,31-022,01,AICO,PARTIDO DE LA UNIÓN POR LA GENTE - PARTIDO DE LA U,false,504,149,0.2956,149,33,0.2215,,,
jal>concejo,2019,2023,JAIR ALEXIS TRUJILLO MOSQUERA,JAIR ALEXIS TRUJILLO MOSQUERA,01,01-049,07,Alianza Verde,PARTIDO ALIANZA VERDE,true,503,415,0.825,415,47,0.1133,,,
jal>concejo,2019,2023,EFREN ALVAREZ BUSTAMANTE,EFREN ALVAREZ BUSTAMANTE,01,01-001,18,Liberal,PARTIDO LIBERAL COLOMBIANO,false,494,572,1.1579,572,43,0.0752,0.0047,partido,16.165
jal>concejo,2019,2023,JUAN SEBASTIAN VASQUEZ RIOS,JUAN SEBASTIAN VASQUEZ RIOS,24,24-001,13,Liberal,PARTIDO LIBERAL COLOMBIANO,false,488,1037,2.125,1037,371,0.3578,,,
jal>concejo,2019,2023,NATHALIE VILLEGAS CASTANO,NATHALIE VILLEGAS CASTANO,46,46-001,02,ASI,"PARTIDO ALIANZA SOCIAL INDEPENDIENTE ""ASI""",false,485,46,0.0948,46,17,0.3696,,,
jal>concejo,2019,2023,MARTHA LUCIA CRUZ ROJAS,MARTHA LUCIA CRUZ ROJAS,46,46-001,03,Centro Democrático,PARTIDO CENTRO DEMOCRÁTICO,true,480,131,0.2729,131,18,0.1374,,,
jal>concejo,2019,2023,ADRIANA YOLANDA GALLO CUESTA,ADRIANA YOLANDA GALLO CUESTA,15,15-247,03,Cambio Radical,PARTIDO CAMBIO RADICAL,true,479,462,0.9645,462,78,0.1688,,,
jal>concejo,2019,2023,ANTONIO JOSE OSORIO ROJAS,ANTONIO JOSE OSORIO ROJAS,25,25-001,01,AICO,PARTIDO POLÍTICO LA FUERZA DE LA PAZ,false,471,128,0.2718,128,47,0.3672,0.0766,partido,4.7933
jal>concejo,2019,2023,JAVIER ALONSO PEDRAZA SANDOVAL,JAVIER ALONSO PEDRAZA SANDOVAL,25,25-001,08,Cambio Radical,MOVIMIENTO ALIANZA DEMOCRÁTICA AMPLIA,false,470,141,0.3,141,60,0.4255,0.1468,partido,2.8997
jal>concejo,2019,2023,FREIMAR DAVID SOTO MARTINEZ,FREIMAR DAVID SOTO MARTINEZ,13,13-001,06,Partido ADA,NUEVA FUERZA DEMOCRÁTICA,false,469,44,0.0938,44,10,0.2273,0.1671,partido,1.3601
jal>concejo,2019,2023,JULIAN FERNANDO ORTIZ ORTIZ,JULIAN FERNANDO ORTIZ ORTIZ,15,15-247,03,Alianza Verde,PARTIDO ALIANZA VERDE,true,469,1007,2.1471,1007,79,0.0785,,,
jal>concejo,2019,2023,DIANA CAROLINA ORTIZ VEGA,DIANA CAROLINA ORTIZ VEGA,52,52-001,07,Alianza Verde,PARTIDO ALIANZA VERDE,true,463,200,0.432,200,55,0.275,0.1912,partido,1.4383
jal>concejo,2019,2023,CRISTIAN DAVID AGUIRRE DIAZ,CRISTIAN DAVID AGUIRRE DIAZ,01,01-049,05,Alianza Verde,PARTIDO LIBERAL COLOMBIANO,false,460,173,0.3761,173,56,0.3237,,,
jal>concejo,2019,2023,HECTOR WILLIAM CERON,HECTOR WILLIAM CERON,26,26-001,03,Partido de la U,PARTIDO DE LA UNIÓN POR LA GENTE - PARTIDO DE LA U,false,459,282,0.6144,282,88,0.3121,,,
jal>concejo,2019,2023,HELIODORO CANTOR CANTOR,HELIODORO CANTOR CANTOR,15,15-247,02,Liberal,"MOVIMIENTO ALTERNATIVO INDÍGENA Y SOCIAL ""MAIS""",false,454,81,0.1784,81,33,0.4074,,,
jal>concejo,2019,2023,JOSE ANASTACIO VARGAS SANDOVAL,JOSE ANASTACIO VARGAS SANDOVAL,25,25-001,04,Cambio Radical,PARTIDO CAMBIO RADICAL,true,454,362,0.7974,362,50,0.1381,0.064,partido,2.1597
jal>concejo,2019,2023,GIOVANNI GUTIERREZ RUBIO,GIOVANNI GUTIERREZ RUBIO,25,25-001,07,Liberal,PARTIDO VERDE OXÍGENO,false,452,25,0.0553,25,2,0.08,0.1158,bloque,0.6911
jal>concejo,2019,2023,LEONARDO CASALLAS RAMIREZ,LEONARDO CASALLAS RAMIREZ,46,46-001,04,Centro Democrático,PARTIDO CENTRO DEMOCRÁTICO,true,449,144,0.3207,144,23,0.1597,,,
jal>concejo,2019,2023,JOHN CHARLES BARRERA HERNANDEZ,JOHN CHARLES BARRERA HERNANDEZ,46,46-001,05,Partido de la U,PARTIDO DE LA UNIÓN POR LA GENTE - PARTIDO DE LA U,false,448,217,0.4844,217,97,0.447,,,
jal>concejo,2019,2023,GUSTAVO ADOLFO SALCEDO VEGA,GUSTAVO ADOLFO SALCEDO VEGA,15,15-247,03,Liberal,PARTIDO LIBERAL COLOMBIANO,false,447,293,0.6555,293,125,0.4266,,,
jal>concejo,2019,2023,JULIETH ANDREA PABON ACEVEDO,JULIETH ANDREA PABON ACEVEDO,27,27-001,17,Alianza Verde,PARTIDO ALIANZA VERDE,true,447,945,2.1141,945,194,0.2053,0.0487,partido,4.2155
jal>concejo,2019,2023,LAURA CATALINA MARULANDA RAMIREZ,LAURA CATALINA MARULANDA RAMIREZ,31,31-001,06,Polo Democrático,ASI - MIRA -  EN MARCHA - DIGNIDAD & COMPROMISO,false,446,403,0.9036,403,53,0.1315,0.0459,partido,2.8653
jal>concejo,2019,2023,RUBEN DARIO MONASTERIO GARCIA,RUBEN DARIO MONASTERIO GARCIA,24,24-025,02,ASI,DOSQUEBRADAS SI ES POSIBLE,false,440,83,0.1886,83,38,0.4578,,,
jal>concejo,2019,2023,CRISTIAN MAURICIO ALZATE CASTRO,CRISTIAN MAURICIO ALZATE CASTRO,01,01-214,000,Cambio Radical,PARTIDO DE LA UNIÓN POR LA GENTE - PARTIDO DE LA U,false,439,547,1.246,547,336,0.6143,,,
jal>concejo,2019,2023,ANGELA JULIANA IMBACHI HENAO,ANGELA JULIANA IMBACHI HENAO,31,31-001,14,Cambio Radical,PARTIDO POLÍTICO LA FUERZA DE LA PAZ,false,433,538,1.2425,538,195,0.3625,0.1124,partido,3.2236
jal>concejo,2019,2023,ANA MARIA DURANGO RIVERA,ANA MARIA DURANGO RIVERA,24,24-001,13,Polo Democrático,ALTERNATIVOS,false,432,1738,4.0231,1738,294,0.1692,,,
jal>concejo,2019,2023,DANIEL AICARDO GOMEZ ANASCO,DANIEL AICARDO GOMEZ ANASCO,11,11-001,09,Partido MIRA,PARTIDO NUEVO LIBERALISMO - MIRA,false,430,144,0.3349,144,45,0.3125,0.1321,partido,2.3649
jal>concejo,2019,2023,FREDDY EDUARDO PINZON VALVERDE,FREDDY EDUARDO PINZON VALVERDE,21,21-001,01,Cambio Radical,COALICIÓN ADN,false,428,2693,6.2921,2693,1194,0.4434,,,
jal>concejo,2019,2023,LOPE ALBENIS CAMPUZANO RAMIREZ,LOPE ALBENIS CAMPUZANO RAMIREZ,24,24-025,01,Conservador,PARTIDO CONSERVADOR COLOMBIANO,false,427,108,0.2529,108,35,0.3241,,,
jal>concejo,2019,2023,JAVIER MARRUGO MALDONADO,JAVIER MARRUGO MALDONADO,05,05-001,02,Alianza Verde,CARTAGENA MEJOR,false,427,1775,4.1569,1775,743,0.4186,,,
jal>concejo,2019,2023,CESAR HUMBERTO JAIME DIAZ,CESAR HUMBERTO JAIME DIAZ,07,07-079,07,Alianza Verde,PARTIDO ALIANZA VERDE,true,427,146,0.3419,146,32,0.2192,,,
jal>concejo,2019,2023,LUZMILA VELASQUEZ LOZA,LUZMILA VELASQUEZ LOZA,27,27-001,01,Liberal,PARTIDO LIBERAL COLOMBIANO,false,422,816,1.9336,816,272,0.3333,0.0719,partido,4.6342
jal>concejo,2019,2023,DIANA ESPERANZA LOPEZ,DIANA ESPERANZA LOPEZ,09,09-001,05,Liberal,PARTIDO LIBERAL COLOMBIANO,false,422,374,0.8863,374,37,0.0989,0.0603,partido,1.6397
jal>concejo,2019,2023,ARCENIO CASTRO CORTES,ARCENIO CASTRO CORTES,19,19-001,06,Liberal,PARTIDO LIBERAL COLOMBIANO,false,421,246,0.5843,246,101,0.4106,0.1476,partido,2.7812
jal>concejo,2019,2023,MARIA CAMILA ORTIZ CORREA,MARIA CAMILA ORTIZ CORREA,01,01-001,18,Alianza Verde,PARTIDO ALIANZA VERDE,true,419,3900,9.3079,3900,13,0.0033,0.0076,partido,0.4408
jal>concejo,2019,2023,CARMEN LETICIA LOPEZ FONTALVO,CARMEN LETICIA LOPEZ FONTALVO,21,21-001,02,Liberal,LIBERAL - MIRA,false,415,203,0.4892,203,124,0.6108,,,
jal>concejo,2019,2023,YAMILE ESTEFANY ARANA CORDOBA,YAMILE ESTEFANY ARANA CORDOBA,11,11-001,04,Polo Democrático,DIGNIDAD & COMPROMISO-COLOMBIA JUSTA LIBRES,false,414,20,0.0483,20,6,0.3,0.2684,partido,1.1176
jal>concejo,2019,2023,RUBEN GOMEZ ZULETA,RUBEN GOMEZ ZULETA,09,09-001,03,Conservador,PARTIDO POLÍTICO LA FUERZA DE LA PAZ,false,414,22,0.0531,22,5,0.2273,0.152,bloque,1.4949
jal>concejo,2019,2023,GUSTAVO ANDRES OJEDA CARO,GUSTAVO ANDRES OJEDA CARO,27,27-001,07,MAIS,"MOVIMIENTO ALTERNATIVO INDÍGENA Y SOCIAL ""MAIS""",false,412,449,1.0898,449,50,0.1114,0.0515,partido,2.1632
jal>concejo,2019,2023,GLADYS ESTER MONTES MANJARRES,GLADYS ESTER MONTES MANJARRES,05,05-001,03,Coalición Alternativa Cartagena,PARTIDO POLÍTICO ESPERANZA DEMOCRÁTICA,false,409,372,0.9095,372,269,0.7231,,,
jal>concejo,2019,2023,WILLIAM NARANJO GOMEZ,WILLIAM NARANJO GOMEZ,26,26-001,000,Liberal,PARTIDO CONSERVADOR COLOMBIANO,false,404,114,0.2822,114,1,0.0088,,,
jal>concejo,2019,2023,SANDRA JANETH RIVERA RAMIREZ,SANDRA JANETH RIVERA RAMIREZ,52,52-001,05,Liberal,"MOVIMIENTO AUTORIDADES INDÍGENAS DE COLOMBIA ""AICO""",false,400,175,0.4375,175,19,0.1086,0.1273,partido,0.8526
jal>concejo,2019,2023,MYRIAM LEYTON DIAZ,MYRIAM LEYTON DIAZ,15,15-094,04,Centro Democrático,PARTIDO CENTRO DEMOCRÁTICO,true,398,175,0.4397,175,75,0.4286,,,
jal>concejo,2019,2023,JUAN CARLOS MONTANEZ JOYA,JUAN CARLOS MONTANEZ JOYA,07,07-079,02,Alianza Verde,PARTIDO ALIANZA VERDE,true,398,148,0.3719,148,23,0.1554,,,
jal>concejo,2019,2023,LUIS ARGEMIRO OROZCO QUICENO,LUIS ARGEMIRO OROZCO QUICENO,52,52-001,05,Alianza Verde,COALICION NUEVO LIBERALISMO EN MARCHA,false,397,59,0.1486,59,21,0.3559,0.1474,partido,2.4147
jal>concejo,2019,2023,BRANDON BRAYAN BELTRAN BRAVO,BRANDON BRAYAN BELTRAN BRAVO,13,13-001,03,Partido ADA,PARTIDO COLOMBIA RENACIENTE,false,390,161,0.4128,161,54,0.3354,0.1744,partido,1.9232
jal>concejo,2019,2023,CARLOS ANDRES ANDRADE HIDALGO,CARLOS ANDRES ANDRADE HIDALGO,11,11-001,02,Alianza Verde,PARTIDO ALIANZA VERDE,true,388,167,0.4304,167,36,0.2156,0.1826,partido,1.1807
jal>concejo,2019,2023,PETER JANNS CUNDUMI OLMEDO,PETER JANNS CUNDUMI OLMEDO,31,31-019,02,Alianza Verde,PARTIDO ALIANZA VERDE,true,388,1236,3.1856,1236,759,0.6141,,,
jal>concejo,2019,2023,ALFREDO BARRIOS MARQUEZ,ALFREDO BARRIOS MARQUEZ,05,05-001,02,Partido ADA,"MOVIMIENTO AUTORIDADES INDÍGENAS DE COLOMBIA ""AICO""",false,385,173,0.4494,173,138,0.7977,,,
jal>concejo,2019,2023,HOLMAN ORLANDO PALACIOS TORRES,HOLMAN ORLANDO PALACIOS TORRES,31,31-055,01,Conservador,PARTIDO COLOMBIA RENACIENTE,false,384,31,0.0807,31,19,0.6129,,,
jal>concejo,2019,2023,LEONEL JOSE PAYARES PUELLO,LEONEL JOSE PAYARES PUELLO,05,05-118,04,Centro Democrático,PARTIDO CENTRO DEMOCRÁTICO,true,384,197,0.513,197,28,0.1421,,,
jal>concejo,2019,2023,DIEGO ARMANDO CORREA PENA,DIEGO ARMANDO CORREA PENA,19,19-061,01,Alianza Verde,PARTIDO ALIANZA VERDE,true,380,293,0.7711,293,126,0.43,,,
jal>concejo,2019,2023,JAIRO MONTANO CUERO,JAIRO MONTANO CUERO,23,23-139,05,Colombia Renaciente,PARTIDO COLOMBIA RENACIENTE,true,379,123,0.3245,123,43,0.3496,,,
jal>concejo,2019,2023,MILTON ANDRES ARDILA GUIZA,MILTON ANDRES ARDILA GUIZA,27,27-019,05,MAIS,JUNTOS,false,378,24,0.0635,24,5,0.2083,,,
jal>concejo,2019,2023,EDWARD ALFONSO ROJAS COTAMO,EDWARD ALFONSO ROJAS COTAMO,25,25-001,07,Liberal,"PARTIDO ALIANZA SOCIAL INDEPENDIENTE ""ASI""",false,368,224,0.6087,224,95,0.4241,0.1649,partido,2.5723
jal>concejo,2019,2023,HENRY DE JESUS CIRO ATEHORTUA,HENRY DE JESUS CIRO ATEHORTUA,13,13-001,05,Cambio Radical,MONTERIA ESTA LISTA PARA MAS,false,367,24,0.0654,24,3,0.125,0.0831,participacion,1.5051
jal>concejo,2019,2023,OLGA PATRICIA LOZANO REINA,OLGA PATRICIA LOZANO REINA,29,29-001,07,MIRA,PARTIDO POLÍTICO MIRA,false,366,282,0.7705,282,87,0.3085,0.0991,partido,3.1137
jal>concejo,2019,2023,CARLOS HERNAN TOVAR SOLORZANO,CARLOS HERNAN TOVAR SOLORZANO,19,19-001,07,Conservador,UNIDOS POR NEIVA,false,365,120,0.3288,120,8,0.0667,0.0766,partido,0.8707
jal>concejo,2019,2023,EDINSON AVILA DUARTE,EDINSON AVILA DUARTE,27,27-082,02,Partido ADA,PARTIDO NUEVO LIBERALISMO,false,363,290,0.7989,290,52,0.1793,,,
jal>concejo,2019,2023,BERENICE ISABEL GARAY SANGUINO,BERENICE ISABEL GARAY SANGUINO,25,25-061,01,Partido de la U,"MOVIMIENTO AUTORIDADES INDÍGENAS DE COLOMBIA ""AICO""",false,360,108,0.3,108,53,0.4907,,,
jal>concejo,2019,2023,HUBERT EDUARDO IDROBO SOTO,HUBERT EDUARDO IDROBO SOTO,11,11-001,02,Partido MIRA,PARTIDO NUEVO LIBERALISMO - MIRA,false,359,179,0.4986,179,62,0.3464,0.1736,partido,1.9952
jal>concejo,2019,2023,JHON JAIRO NORENA GUTIERREZ,JHON JAIRO NORENA GUTIERREZ,09,09-001,16,Conservador,PARTIDO CONSERVADOR COLOMBIANO,false,359,1575,4.3872,1575,332,0.2108,0.0369,partido,5.7089
jal>concejo,2019,2023,CENIDIA PARRA MARTINEZ,CENIDIA PARRA MARTINEZ,29,29-001,11,Liberal,PARTIDO LIBERAL COLOMBIANO,false,358,186,0.5196,186,6,0.0323,0.0464,partido,0.6945
jal>concejo,2019,2023,JOSE FERNANDO YANGUAS CAMPINO,JOSE FERNANDO YANGUAS CAMPINO,31,31-001,17,Partido de la U,PARTIDO POLÍTICO LA FUERZA DE LA PAZ,false,353,499,1.4136,499,74,0.1483,0.1042,partido,1.4229
jal>concejo,2019,2023,URIEL ALEJANDRO PEREZ BOLIVAR,URIEL ALEJANDRO PEREZ BOLIVAR,19,19-001,07,Polo Democrático,UNIDOS POR NEIVA,false,352,115,0.3267,115,19,0.1652,0.0766,partido,2.1579
jal>concejo,2019,2023,MAYKOL FLOREZ COCA,MAYKOL FLOREZ COCA,26,26-001,06,Liberal,"MOVIMIENTO AUTORIDADES INDÍGENAS DE COLOMBIA ""AICO""",false,352,832,2.3636,832,96,0.1154,,,
jal>concejo,2019,2023,LUIS ENRIQUE MORALES PENA,LUIS ENRIQUE MORALES PENA,27,27-019,04,MAIS,FUERZA CON DIGNIDAD,false,352,25,0.071,25,10,0.4,,,
jal>concejo,2019,2023,LUCIO JOSE CORTES RAMIREZ,LUCIO JOSE CORTES RAMIREZ,11,11-001,07,Liberal,PARTIDO LIBERAL COLOMBIANO,false,350,203,0.58,203,29,0.1429,0.1033,partido,1.3831
jal>concejo,2019,2023,LYDIA YOLANDA BECERRA PACHECO,LYDIA YOLANDA BECERRA PACHECO,07,07-079,04,Alianza Verde,PARTIDO ALIANZA VERDE,true,349,132,0.3782,132,31,0.2348,,,
jal>concejo,2019,2023,DIEGO FABIAN MORENO LEMUS,DIEGO FABIAN MORENO LEMUS,15,15-094,04,Alianza Verde,COALICIÓN CONCEJO FUSAGASUGA,false,347,473,1.3631,473,292,0.6173,,,
jal>concejo,2019,2023,JESSICA KARINA CONTRERAS CANAS,JESSICA KARINA CONTRERAS CANAS,25,25-001,09,Cambio Radical,NUEVA FUERZA DEMOCRÁTICA,false,347,176,0.5072,176,44,0.25,0.0796,partido,3.1391
jal>concejo,2019,2023,SAIN SAID BARROS VILLA,SAIN SAID BARROS VILLA,21,21-001,01,Polo Democrático,MOVIMIENTO POLITICO FUERZA CIUDADANA,false,345,2627,7.6145,2627,1384,0.5268,,,
jal>concejo,2019,2023,ANDREA CAROLINA TOVAR,ANDREA CAROLINA TOVAR,15,15-109,01,ASI,"PARTIDO ALIANZA SOCIAL INDEPENDIENTE ""ASI""",false,342,40,0.117,40,12,0.3,,,
jal>concejo,2019,2023,SAMIR MANUEL ZUNIGA MONTERO,SAMIR MANUEL ZUNIGA MONTERO,21,21-001,02,Cambio Radical,PARTIDO DE LA UNIÓN POR LA GENTE - PARTIDO DE LA U,false,342,62,0.1813,62,24,0.3871,,,
jal>concejo,2019,2023,EDINSON OBANDO JACOME,EDINSON OBANDO JACOME,23,23-139,05,Colombia Humana - Unión Patriótica,PACTO HISTÓRICO,false,342,513,1.5,513,179,0.3489,,,
jal>concejo,2019,2023,GILBERTO ANTONIO LOPEZ BOLIVAR,GILBERTO ANTONIO LOPEZ BOLIVAR,40,40-001,05,Centro Democrático,PARTIDO CENTRO DEMOCRÁTICO,true,341,100,0.2933,100,42,0.42,,,
jal>concejo,2019,2023,JAIME GREGORIO GARCES GUTIERREZ,JAIME GREGORIO GARCES GUTIERREZ,03,03-001,02,Alianza Verde,PARTIDO VERDE OXÍGENO,false,338,65,0.1923,65,7,0.1077,,,
jal>concejo,2019,2023,MARIA KATERINE MONSALVE GARCIA,MARIA KATERINE MONSALVE GARCIA,01,01-049,02,Centro Democrático,PARTIDO CENTRO DEMOCRÁTICO,true,336,526,1.5655,526,95,0.1806,,,
jal>concejo,2019,2023,GLORIA ROCIO PEREZ TRUJILLO,GLORIA ROCIO PEREZ TRUJILLO,27,27-001,13,ASI,PARTIDO NUEVO LIBERALISMO,false,335,96,0.2866,96,20,0.2083,0.1492,partido,1.3966
jal>concejo,2019,2023,JESUS ALFONSO MUNOZ FLOREZ,JESUS ALFONSO MUNOZ FLOREZ,11,11-001,04,Conservador,PARTIDO POLÍTICO CREEMOS,false,331,94,0.284,94,39,0.4149,0.187,partido,2.2184
jal>concejo,2019,2023,LUZ DARY LONDONO GIRALDO,LUZ DARY LONDONO GIRALDO,09,09-001,01,Colombia Renaciente,PARTIDO COLOMBIA RENACIENTE,true,324,233,0.7191,233,153,0.6567,0.1012,partido,6.4918
jal>concejo,2019,2023,CECILIA MORENO CHINCHILLA,CECILIA MORENO CHINCHILLA,27,27-019,04,Partido ADA,MOVIMIENTO ALIANZA DEMOCRÁTICA AMPLIA,false,322,95,0.295,95,71,0.7474,,,
jal>concejo,2019,2023,JESUS ALBEIRO ESCALANTE GUERRERO,JESUS ALBEIRO ESCALANTE GUERRERO,25,25-001,06,AICO,PARTIDO DEMÓCRATA COLOMBIANO,false,321,46,0.1433,46,26,0.5652,0.092,bloque,6.144
jal>concejo,2019,2023,MARIA ISABEL PUERTA GUERRA,MARIA ISABEL PUERTA GUERRA,01,01-151,04,AICO,ITAGÜÍ SOMOS TODOS,false,320,181,0.5656,181,92,0.5083,,,
jal>concejo,2019,2023,JOSE DUVAN OROZCO MARTINEZ,JOSE DUVAN OROZCO MARTINEZ,09,09-001,09,Colombia Renaciente,PARTIDO COLOMBIA RENACIENTE,true,318,185,0.5818,185,97,0.5243,0.1162,partido,4.5129
jal>concejo,2019,2023,LUZ ADRIANA RODRIGUEZ MUNOZ,LUZ ADRIANA RODRIGUEZ MUNOZ,31,31-001,09,Conservador,PARTIDO CONSERVADOR COLOMBIANO,false,316,649,2.0538,649,179,0.2758,0.027,partido,10.2166
jal>concejo,2019,2023,MARIA LUCILA LUNA CARRERO,MARIA LUCILA LUNA CARRERO,40,40-001,000,MIRA,COALICION PARTIDO DE LA U - PARTIDO POLITICO MIRA,false,316,47,0.1487,47,0,0,,,
jal>concejo,2019,2023,HEIDY GLEIDY GOMEZ BAUTISTA,HEIDY GLEIDY GOMEZ BAUTISTA,15,15-340,03,Alianza Verde,PARTIDO ALIANZA VERDE,true,315,186,0.5905,186,57,0.3065,,,
jal>concejo,2019,2023,WILSON JOSE FERNANDEZ MELENDEZ,WILSON JOSE FERNANDEZ MELENDEZ,21,21-001,02,Alianza Verde,PARTIDO CAMBIO RADICAL,false,313,163,0.5208,163,79,0.4847,,,
jal>concejo,2019,2023,JERARDINE ANGELICA RUA RINCON,JERARDINE ANGELICA RUA RINCON,52,52-001,03,Alianza Verde,PARTIDO ALIANZA VERDE,true,313,421,1.345,421,23,0.0546,0.0553,partido,0.9883
jal>concejo,2019,2023,ANA MARIA OSORIO FLOREZ,ANA MARIA OSORIO FLOREZ,21,21-001,01,Cambio Radical,MOVIMIENTO ALIANZA DEMOCRÁTICA AMPLIA,false,310,110,0.3548,110,65,0.5909,,,
jal>concejo,2019,2023,WILLIAM ERNESTO AYALA AYALA,WILLIAM ERNESTO AYALA AYALA,07,07-079,02,Cambio Radical,PARTIDO CAMBIO RADICAL,true,310,390,1.2581,390,80,0.2051,,,
jal>concejo,2019,2023,FRANCISCO FERNAN GONZALEZ LOAIZA,FRANCISCO FERNAN GONZALEZ LOAIZA,09,09-001,01,Liberal,PARTIDO LIBERAL COLOMBIANO,false,309,749,2.4239,749,249,0.3324,0.1012,partido,3.2849
jal>concejo,2019,2023,DORA INES BUITRAGO PEREZ,DORA INES BUITRAGO PEREZ,24,24-001,09,Liberal,PARTIDO LIBERAL COLOMBIANO,false,308,983,3.1916,983,155,0.1577,,,
jal>concejo,2019,2023,JONATHAN YATE GONZALEZ,JONATHAN YATE GONZALEZ,27,27-019,03,Polo Democrático,PARTIDO COLOMBIA RENACIENTE,false,307,160,0.5212,160,62,0.3875,,,
jal>concejo,2019,2023,VERONICA PATRICIA RODRIGUEZ OVALLE,VERONICA PATRICIA RODRIGUEZ OVALLE,21,21-016,06,Centro Democrático,PARTIDO CONSERVADOR COLOMBIANO,false,306,477,1.5588,477,370,0.7757,,,
jal>concejo,2019,2023,JESY SAMIR VALLECILLA RIASCOS,JESY SAMIR VALLECILLA RIASCOS,31,31-019,02,Centro Democrático,PARTIDO ECOLOGISTA COLOMBIANO,false,305,1009,3.3082,1009,820,0.8127,,,
jal>concejo,2019,2023,BERTHA ROCIO LOPEZ LOPEZ,BERTHA ROCIO LOPEZ LOPEZ,09,09-001,06,Colombia Renaciente,PARTIDO COLOMBIA RENACIENTE,true,303,348,1.1485,348,112,0.3218,0.0844,partido,3.8111
jal>concejo,2019,2023,JUAN CAMILO PINZA CORDOBA,JUAN CAMILO PINZA CORDOBA,23,23-001,05,Polo Democrático,PARTIDO POLÍTICO DIGNIDAD & COMPROMISO,false,300,1005,3.35,1005,245,0.2438,,,
jal>concejo,2019,2023,ALVIN RAFAEL RUIZ MARTINEZ,ALVIN RAFAEL RUIZ MARTINEZ,12,12-001,05,Centro Democrático,INDEPENDIENTES,false,299,103,0.3445,103,41,0.3981,,,
jal>concejo,2019,2023,JAIRO ARENGAS GOMEZ,JAIRO ARENGAS GOMEZ,46,46-001,03,Centro Democrático,"MOVIMIENTO ALTERNATIVO INDÍGENA Y SOCIAL ""MAIS""",false,299,187,0.6254,187,51,0.2727,,,
jal>concejo,2019,2023,YALEIMER YONEL TUMAY DE DIOS,YALEIMER YONEL TUMAY DE DIOS,46,46-001,03,ASI,"PARTIDO ALIANZA SOCIAL INDEPENDIENTE ""ASI""",false,297,92,0.3098,92,18,0.1957,,,
jal>concejo,2019,2023,FELICITA BALLESTEROS VANEGAS,FELICITA BALLESTEROS VANEGAS,27,27-019,05,Liberal,PARTIDO LIBERAL COLOMBIANO,false,296,87,0.2939,87,23,0.2644,,,
jal>concejo,2019,2023,NELSON ARTEAGA GARCIA,NELSON ARTEAGA GARCIA,15,15-109,03,Partido de la U,PARTIDO DE LA UNIÓN POR LA GENTE - PARTIDO DE LA U,false,293,40,0.1365,40,21,0.525,,,
jal>concejo,2019,2023,OLGA LUCIA RINCON GRANADOS,OLGA LUCIA RINCON GRANADOS,07,07-079,05,Cambio Radical,PARTIDO NUEVO LIBERALISMO,false,292,106,0.363,106,25,0.2358,,,
jal>concejo,2019,2023,RAMIRO SANCHEZ GUTIERREZ,RAMIRO SANCHEZ GUTIERREZ,15,15-109,05,Partido de la U,PARTIDO DE LA UNIÓN POR LA GENTE - PARTIDO DE LA U,false,291,29,0.0997,29,12,0.4138,,,
jal>concejo,2019,2023,ERICK SEBASTIAN FACUNDO QUINTERO,ERICK SEBASTIAN FACUNDO QUINTERO,24,24-025,000,ASI,ALTERNATIVOS,false,289,405,1.4014,405,287,0.7086,,,
jal>concejo,2019,2023,ARLEZ MOSCOSO BONILLA,ARLEZ MOSCOSO BONILLA,29,29-109,01,Partido de la U,PARTIDO CONSERVADOR COLOMBIANO,false,289,399,1.3806,399,374,0.9373,,,
jal>concejo,2019,2023,ASTRID CAROLINA COLORADO VERGARA,ASTRID CAROLINA COLORADO VERGARA,01,01-049,05,Conservador,COALICION CONCEJO UNIDOS,false,288,59,0.2049,59,13,0.2203,,,
jal>concejo,2019,2023,YESIDT LEONARDO ALVEAR MAUNA,YESIDT LEONARDO ALVEAR MAUNA,11,11-001,09,Partido MIRA,PARTIDO NUEVO LIBERALISMO - MIRA,false,288,503,1.7465,503,123,0.2445,0.1321,partido,1.8505
jal>concejo,2019,2023,ONEIDA ISABEL LOPEZ MANJARRES,ONEIDA ISABEL LOPEZ MANJARRES,21,21-001,02,Conservador,COALICIÓN ADN,false,287,154,0.5366,154,101,0.6558,,,
jal>concejo,2019,2023,LUIS ANTONIO CARRILLO CARRILLO,LUIS ANTONIO CARRILLO CARRILLO,15,15-247,01,Centro Democrático,PARTIDO CENTRO DEMOCRÁTICO,true,285,206,0.7228,206,64,0.3107,,,
jal>concejo,2019,2023,FERNANDO IVAN GONZALEZ,FERNANDO IVAN GONZALEZ,15,15-094,02,Liberal,PARTIDO LIBERAL COLOMBIANO,false,283,147,0.5194,147,41,0.2789,,,
jal>concejo,2019,2023,LUIS ALBERTO RIVERO ZUNIGA,LUIS ALBERTO RIVERO ZUNIGA,48,48-001,10,MAIS,MAIS - MIRA,false,283,226,0.7986,226,91,0.4027,,,
jal>concejo,2019,2023,LORETO ORTIZ GONZALEZ,LORETO ORTIZ GONZALEZ,48,48-001,06,Liberal,PARTIDO LIBERAL COLOMBIANO,false,282,181,0.6418,181,58,0.3204,,,
jal>concejo,2019,2023,ALIX PACHECO QUIROGA,ALIX PACHECO QUIROGA,15,15-109,01,MAIS,"MOVIMIENTO ALTERNATIVO INDÍGENA Y SOCIAL ""MAIS""",false,279,80,0.2867,80,24,0.3,,,
jal>concejo,2019,2023,EMBER GUZMAN DELGADO,EMBER GUZMAN DELGADO,29,29-001,07,Cambio Radical,MOVIMIENTO  SALVACIÓN NACIONAL,false,276,40,0.1449,40,6,0.15,0.0561,partido,2.6716
jal>concejo,2019,2023,SEBASTIAN PALMA RAMIREZ,SEBASTIAN PALMA RAMIREZ,21,21-001,02,AICO,PARTIDO POLÍTICO CREEMOS,false,275,362,1.3164,362,168,0.4641,,,
jal>concejo,2019,2023,YULI PAOLA GALLEGO AGUIRRE,YULI PAOLA GALLEGO AGUIRRE,09,09-001,01,Partido MIRA,GENTE EN MOVIMIENTO - MIRA,false,274,3877,14.1496,3877,261,0.0673,0.0786,partido,0.8565
jal>concejo,2019,2023,JOSE ELIAS ALTAMAR MENDOZA,JOSE ELIAS ALTAMAR MENDOZA,05,05-001,02,Colombia Renaciente,INDEPENDIENTES,false,270,212,0.7852,212,104,0.4906,,,
jal>concejo,2019,2023,SANDRA ALICIA PALACIO GIL,SANDRA ALICIA PALACIO GIL,29,29-001,03,MIRA,PARTIDO POLÍTICO MIRA,false,269,1220,4.5353,1220,135,0.1107,0.0702,partido,1.5774
jal>concejo,2019,2023,CESAR AUGUSTO ROMERO CLAVIJO,CESAR AUGUSTO ROMERO CLAVIJO,52,52-001,05,Polo Democrático,PARTIDO DEMÓCRATA COLOMBIANO,false,268,441,1.6455,441,162,0.3673,0.1846,partido,1.9897
jal>concejo,2019,2023,JEFERSON STEVEN PERDOMO,JEFERSON STEVEN PERDOMO,26,26-001,000,Liberal,NUEVA FUERZA DEMOCRÁTICA,false,266,344,1.2932,344,7,0.0203,,,
jal>concejo,2019,2023,JAVIER BORJA GUERRERO,JAVIER BORJA GUERRERO,27,27-019,04,Liberal,PARTIDO POLÍTICO LA FUERZA DE LA PAZ,false,264,24,0.0909,24,7,0.2917,,,
jal>concejo,2019,2023,LUIS EMILIO FONSECA SANTIAGO,LUIS EMILIO FONSECA SANTIAGO,16,16-001,19,Partido de la U,PARTIDO CAMBIO RADICAL - PARTIDO MIRA - PARTIDO DE LA U,false,263,1197,4.5513,1197,207,0.1729,0.0719,partido,2.4038
jal>concejo,2019,2023,YANIBIS DEL CARMEN SANTANDER DEVOZ,YANIBIS DEL CARMEN SANTANDER DEVOZ,05,05-118,03,Partido MIRA,PARTIDO POLÍTICO MIRA,false,262,191,0.729,191,46,0.2408,,,
jal>concejo,2019,2023,FREDY GABINO LAGOS NEIRA,FREDY GABINO LAGOS NEIRA,27,27-019,04,Cambio Radical,POR UN CAMBIO BUENO Y JUSTO,false,260,100,0.3846,100,30,0.3,,,
jal>concejo,2019,2023,RICAURTE SANABRIA VELASQUEZ,RICAURTE SANABRIA VELASQUEZ,29,29-001,01,MIRA,PARTIDO POLÍTICO MIRA,false,258,239,0.9264,239,37,0.1548,0.0643,partido,2.4071
jal>concejo,2019,2023,BEATRIZ ELENA RODRIGUEZ MADRID,BEATRIZ ELENA RODRIGUEZ MADRID,01,01-043,01,Polo Democrático,PARTIDO LIBERAL COLOMBIANO,false,253,459,1.8142,459,157,0.342,,,
jal>concejo,2019,2023,MIGUEL ANTONIO MUNOZ GARZON,MIGUEL ANTONIO MUNOZ GARZON,03,03-001,01,G.S.C. Soy de Aquí,PARTIDO VERDE OXÍGENO,false,252,134,0.5317,134,103,0.7687,,,
jal>concejo,2019,2023,DIONICIO FRANCISCO MOVIL PERALTA,DIONICIO FRANCISCO MOVIL PERALTA,48,48-001,08,Conservador,PARTIDO CONSERVADOR COLOMBIANO,false,252,405,1.6071,405,141,0.3481,,,
jal>concejo,2019,2023,VIKY ADRIANA MENDEZ BAEZ,VIKY ADRIANA MENDEZ BAEZ,15,15-094,01,Liberal,PARTIDO NUEVO LIBERALISMO,false,250,35,0.14,35,12,0.3429,,,
jal>concejo,2019,2023,ALEXANDER RUEDA GALVIS,ALEXANDER RUEDA GALVIS,40,40-001,02,Conservador,COALICION PARTIDO DE LA U - PARTIDO POLITICO MIRA,false,250,24,0.096,24,1,0.0417,,,
jal>concejo,2019,2023,ANDRES FELIPE GONZALEZ GUTIERREZ,ANDRES FELIPE GONZALEZ GUTIERREZ,19,19-001,06,Conservador,"PARTIDO ALIANZA SOCIAL INDEPENDIENTE ""ASI""",false,249,182,0.7309,182,34,0.1868,0.2003,partido,0.9325
jal>concejo,2019,2023,WILBER ANDRES GONZALEZ GUTIERREZ,WILBER ANDRES GONZALEZ GUTIERREZ,15,15-247,02,Partido ADA,AGRUPACIÓN POLÍTICA EN MARCHA,false,248,842,3.3952,842,396,0.4703,,,
jal>concejo,2019,2023,RAFAEL TAPIERO AYALA,RAFAEL TAPIERO AYALA,15,15-340,02,Partido de la U,PARTIDO DE LA UNIÓN POR LA GENTE - PARTIDO DE LA U,false,248,773,3.1169,773,247,0.3195,,,
jal>concejo,2019,2023,EDWIN DANIEL SOSA CORREA,EDWIN DANIEL SOSA CORREA,01,01-049,03,Centro Democrático,PARTIDO DE LA UNIÓN POR LA GENTE - PARTIDO DE LA U,false,247,41,0.166,41,10,0.2439,,,
jal>concejo,2019,2023,GLORIA INES NINO MENDEZ,GLORIA INES NINO MENDEZ,27,27-001,04,Alianza Verde,MOVIMIENTO ALIANZA DEMOCRÁTICA AMPLIA,false,246,69,0.2805,69,21,0.3043,0.1531,partido,1.9882
jal>concejo,2019,2023,GLORIA NANCY ARIAS ARISTIZABAL,GLORIA NANCY ARIAS ARISTIZABAL,15,15-247,02,Centro Democrático,"PARTIDO ALIANZA SOCIAL INDEPENDIENTE ""ASI""",false,245,66,0.2694,66,23,0.3485,,,
jal>concejo,2019,2023,GUSTAVO RAFAEL ALVAREZ SIERRA,GUSTAVO RAFAEL ALVAREZ SIERRA,13,13-001,06,Partido de la U,PACTO POR MONTERIA,false,244,36,0.1475,36,3,0.0833,0.1378,partido,0.6046
jal>concejo,2019,2023,PEDRO LUIS MENDOZA MERCADO,PEDRO LUIS MENDOZA MERCADO,28,28-001,06,Centro Democrático,PARTIDOS ALIANZA VERDE - COLOMBIA JUSTA LIBRES - MIRA,false,241,66,0.2739,66,22,0.3333,,,
jal>concejo,2019,2023,LUZ DARI BELLO LARIOS,LUZ DARI BELLO LARIOS,28,28-001,09,Partido de la U,AGRUPACIÓN POLÍTICA EN MARCHA,false,240,100,0.4167,100,57,0.57,,,
jal>concejo,2019,2023,SIERVO DE DIOS RAMIREZ BUSTOS,SIERVO DE DIOS RAMIREZ BUSTOS,15,15-247,03,Cambio Radical,PARTIDO CAMBIO RADICAL,true,239,208,0.8703,208,81,0.3894,,,
jal>concejo,2019,2023,GERALDINE COTES CORREDOR,GERALDINE COTES CORREDOR,21,21-001,03,Conservador,COALICIÓN ADN,false,239,40,0.1674,40,5,0.125,,,
jal>concejo,2019,2023,FERNANDO RIVERO TOVAR,FERNANDO RIVERO TOVAR,15,15-247,04,Centro Democrático,PARTIDO CENTRO DEMOCRÁTICO,true,237,256,1.0802,256,84,0.3281,,,
jal>concejo,2019,2023,WILSON MIGUEL HERNANDEZ SIERRA,WILSON MIGUEL HERNANDEZ SIERRA,13,13-001,02,Partido de la U,PARTIDO POLÍTICO LA FUERZA DE LA PAZ,false,236,122,0.5169,122,41,0.3361,0.0514,partido,6.5385
jal>concejo,2019,2023,VICTOR MANUEL BELTRAN RICAURTE,VICTOR MANUEL BELTRAN RICAURTE,15,15-094,02,Partido de la U,PARTIDO DE LA UNIÓN POR LA GENTE - PARTIDO DE LA U,false,236,53,0.2246,53,10,0.1887,,,
jal>concejo,2019,2023,ROBINSON SINISTERRA CASTRO,ROBINSON SINISTERRA CASTRO,31,31-019,02,Cambio Radical,PARTIDO ALIANZA VERDE,false,236,311,1.3178,311,199,0.6399,,,
jal>concejo,2019,2023,MARIA ESNEDA ARCILA SANCHEZ,MARIA ESNEDA ARCILA SANCHEZ,24,24-001,22,Liberal,MOVIMIENTO  SALVACIÓN NACIONAL,false,234,82,0.3504,82,22,0.2683,,,
jal>concejo,2019,2023,FREDYS AVILA LEONES,FREDYS AVILA LEONES,05,05-001,03,"Partido de Reivindicación Étnica ""Pre""",CARTAGENA DIGNA Y RENACIENTE,false,233,65,0.279,65,42,0.6462,,,
jal>concejo,2019,2023,JORGE ANDRES HERNANDEZ MARTINEZ,JORGE ANDRES HERNANDEZ MARTINEZ,28,28-001,11,Centro Democrático,PARTIDO NUEVO LIBERALISMO,false,232,219,0.944,219,117,0.5342,,,
jal>concejo,2019,2023,ANGELICA PATRICIA MARTINEZ TORRES,ANGELICA PATRICIA MARTINEZ TORRES,15,15-094,01,Liberal,PARTIDO LIBERAL COLOMBIANO,false,227,151,0.6652,151,73,0.4834,,,
jal>concejo,2019,2023,YILFER ALEXANDER VELA SANABRIA,YILFER ALEXANDER VELA SANABRIA,46,46-001,06,Liberal,"MOVIMIENTO ALTERNATIVO INDÍGENA Y SOCIAL ""MAIS""",false,227,563,2.4802,563,181,0.3215,,,
jal>concejo,2019,2023,ANA ISABEL GALVIS TRIANA,ANA ISABEL GALVIS TRIANA,15,15-340,05,Liberal,CREEMOS ZIPAQUIRA,false,226,230,1.0177,230,108,0.4696,,,
jal>concejo,2019,2023,SANDRA PAOLA MONTOYA RUIZ,SANDRA PAOLA MONTOYA RUIZ,15,15-247,05,Centro Democrático,PARTIDO CENTRO DEMOCRÁTICO,true,225,742,3.2978,742,187,0.252,,,
jal>concejo,2019,2023,DIONISELDO ALVARADO ESPINOSA,DIONISELDO ALVARADO ESPINOSA,54,54-001,01,Conservador,PARTIDO CONSERVADOR COLOMBIANO,false,225,571,2.5378,571,384,0.6725,,,
jal>concejo,2019,2023,JOSE MARIA RAPALINO CLARO,JOSE MARIA RAPALINO CLARO,48,48-010,03,Cambio Radical,PARTIDO DEMÓCRATA COLOMBIANO,false,224,63,0.2813,63,23,0.3651,,,
jal>concejo,2019,2023,CRISTIAN ANDRES IJAJI SOTELO,CRISTIAN ANDRES IJAJI SOTELO,11,11-001,05,Partido de la U,PARTIDO DE LA UNIÓN POR LA GENTE - PARTIDO DE LA U,false,222,356,1.6036,356,103,0.2893,0.0398,partido,7.2713
jal>concejo,2019,2023,MARIA ALEJANDRA PACHON OSORIO,MARIA ALEJANDRA PACHON OSORIO,15,15-094,01,Alianza Verde,FUSAGASUGA FUTURO,false,222,252,1.1351,252,103,0.4087,,,
jal>concejo,2019,2023,ALEJANDRINO CANON ORTIZ,ALEJANDRINO CANON ORTIZ,29,29-001,03,Conservador,PARTIDO DE LA U-NUEVO LIBERALISMO-COLOMBIA JUSTA LIBRES,false,222,79,0.3559,79,19,0.2405,0.0706,partido,3.4068
jal>concejo,2019,2023,JULIO CESAR ROMERO JIMENEZ,JULIO CESAR ROMERO JIMENEZ,27,27-019,05,Liberal,PARTIDO LIBERAL COLOMBIANO,false,221,150,0.6787,150,30,0.2,,,
jal>concejo,2019,2023,ALIX LORENA ORDONEZ MARTINEZ,ALIX LORENA ORDONEZ MARTINEZ,11,11-001,06,Partido MIRA,PARTIDO NUEVO LIBERALISMO - MIRA,false,220,23,0.1045,23,7,0.3043,0.1267,partido,2.4015
jal>concejo,2019,2023,RUBIELA PENA DIAZ,RUBIELA PENA DIAZ,15,15-247,02,Partido de la U,COALICION - CONCEJO,false,220,290,1.3182,290,114,0.3931,,,
jal>concejo,2019,2023,NAIRO FERNANDEZ CARVAJAL,NAIRO FERNANDEZ CARVAJAL,16,16-001,05,AICO,PARTIDO POLÍTICO ESPERANZA DEMOCRÁTICA,false,220,749,3.4045,749,51,0.0681,0.0315,bloque,2.1602
jal>concejo,2019,2023,CLAUDIA PATRICIA MARTINEZ QUINTERO,CLAUDIA PATRICIA MARTINEZ QUINTERO,01,01-049,01,Alianza Verde,PARTIDO ALIANZA VERDE,true,218,182,0.8349,182,56,0.3077,,,
jal>concejo,2019,2023,MAURICIO ESTIVEN BOMBITA RINCON,MAURICIO ESTIVEN BOMBITA RINCON,15,15-094,01,Liberal,PARTIDO DEMÓCRATA COLOMBIANO,false,217,15,0.0691,15,6,0.4,,,
jal>concejo,2019,2023,MAURICIO ENRIQUE BEJARANO LOZANO,MAURICIO ENRIQUE BEJARANO LOZANO,16,16-001,01,Polo Democrático,MOVIMIENTO POLITICO FUERZA CIUDADANA,false,217,92,0.424,92,4,0.0435,0.0512,bloque,0.8486
jal>concejo,2019,2023,RICARDO COSTO RODRIGUEZ,RICARDO COSTO RODRIGUEZ,27,27-082,02,Partido ADA,PARTIDO DEMÓCRATA COLOMBIANO,false,217,3,0.0138,3,0,0,,,
jal>concejo,2019,2023,JUSTO ELIAS CALZADA CHAVES,JUSTO ELIAS CALZADA CHAVES,31,31-001,14,Colombia Renaciente,PARTIDO COLOMBIA RENACIENTE,true,216,218,1.0093,218,55,0.2523,0.0628,partido,4.0179
jal>concejo,2019,2023,HUGO ALBERTO TRUJILLO CUADRADO,HUGO ALBERTO TRUJILLO CUADRADO,07,07-214,01,Cambio Radical,"MOVIMIENTO ALTERNATIVO INDÍGENA Y SOCIAL ""MAIS""",false,214,132,0.6168,132,58,0.4394,,,
jal>concejo,2019,2023,JOSEFA YARIMA GUERRA MOSCOTE,JOSEFA YARIMA GUERRA MOSCOTE,12,12-001,05,Cambio Radical,PARTIDO DE LA UNIÓN POR LA GENTE - PARTIDO DE LA U,false,208,220,1.0577,220,52,0.2364,,,
jal>concejo,2019,2023,NURY MARIA GUERRERO ASCANIO,NURY MARIA GUERRERO ASCANIO,25,25-061,03,Coalición Ocaña Solidaria y En Paz,PARTIDO ALIANZA VERDE,false,208,64,0.3077,64,23,0.3594,,,
jal>concejo,2019,2023,TREYCI JHOANA OVIEDO CASTANO,TREYCI JHOANA OVIEDO CASTANO,16,16-001,18,ASI,BOGOTÁ MÁS FUERTE,false,206,123,0.5971,123,15,0.122,0.0388,partido,3.1438
jal>concejo,2019,2023,MARIA ANTONIETA TORRES CARDENAS,MARIA ANTONIETA TORRES CARDENAS,29,29-073,02,Colombia Humana - Unión Patriótica,PARTIDO ALIANZA VERDE,false,205,41,0.2,41,17,0.4146,,,
jal>concejo,2019,2023,YOSHUA DANIEL CAMELO CAICEDO,YOSHUA DANIEL CAMELO CAICEDO,23,23-001,08,Alianza Verde,PARTIDO CONSERVADOR COLOMBIANO,false,204,224,1.098,224,6,0.0268,,,
jal>concejo,2019,2023,JAIME MAURICIO VELEZ ACEVEDO,JAIME MAURICIO VELEZ ACEVEDO,24,24-001,12,Partido de la U,CONCEJO -PARTIDO DE LA U-PARTIDO POLÍTICO MIRA,false,203,234,1.1527,234,31,0.1325,,,
jal>concejo,2019,2023,JAIME ARTURO ROSERO CASTRO,JAIME ARTURO ROSERO CASTRO,11,11-001,07,ASI,"PARTIDO ALIANZA SOCIAL INDEPENDIENTE ""ASI""",false,202,216,1.0693,216,82,0.3796,0.0928,partido,4.0894
jal>concejo,2019,2023,OLGA LUCIA OLMOS SALAZAR,OLGA LUCIA OLMOS SALAZAR,15,15-340,03,MAIS,PARTIDO POLÍTICO GENTE EN MOVIMIENTO,false,202,39,0.1931,39,6,0.1538,,,
jal>concejo,2019,2023,JUAN MANUEL SANTOYA SANCHEZ,JUAN MANUEL SANTOYA SANCHEZ,05,05-001,01,Coalición Alternativa Cartagena,PARTIDO POLÍTICO ESPERANZA DEMOCRÁTICA,false,201,210,1.0448,210,66,0.3143,,,
jal>concejo,2019,2023,REINALDO ANTONIO GUTIERREZ MONTOYA,REINALDO ANTONIO GUTIERREZ MONTOYA,01,01-001,01,Alianza Verde,PACTO DECENTE,false,199,29,0.1457,29,11,0.3793,0.0451,participacion,8.4148
jal>concejo,2019,2023,MAYLEVIS TATIANA MARTINEZ OQUENDO,MAYLEVIS TATIANA MARTINEZ OQUENDO,01,01-049,02,Alianza Verde,PARTIDO ALIANZA VERDE,true,199,372,1.8693,372,119,0.3199,,,
jal>concejo,2019,2023,MAURICIO JESUS NAVARRO ROSALES,MAURICIO JESUS NAVARRO ROSALES,03,03-001,05,ASI,UNIDOS POR BARRANQUILLA,false,199,194,0.9749,194,66,0.3402,,,
jal>concejo,2019,2023,ORLANDO ALCALA RODRIGUEZ,ORLANDO ALCALA RODRIGUEZ,05,05-118,02,MAIS,PARTIDO DEMÓCRATA COLOMBIANO,false,198,39,0.197,39,10,0.2564,,,
jal>concejo,2019,2023,NORIDA CASTRO MARTINEZ,NORIDA CASTRO MARTINEZ,40,40-001,000,Colombia Renaciente,PARTIDO COLOMBIA RENACIENTE,true,197,47,0.2386,47,2,0.0426,,,
jal>concejo,2019,2023,DIANA CAROLINA CAMARGO PINZON,DIANA CAROLINA CAMARGO PINZON,15,15-247,06,Centro Democrático,PARTIDO LIBERAL COLOMBIANO,false,195,173,0.8872,173,70,0.4046,,,
jal>concejo,2019,2023,EDWIN VESGA GUALDRON,EDWIN VESGA GUALDRON,15,15-247,05,Alianza Verde,PARTIDO ALIANZA VERDE,true,193,115,0.5959,115,30,0.2609,,,
jal>concejo,2019,2023,DIONISIO GARCIA RAMOS,DIONISIO GARCIA RAMOS,05,05-001,02,Coalición Alternativa Cartagena,PARTIDO POLÍTICO ESPERANZA DEMOCRÁTICA,false,191,66,0.3455,66,36,0.5455,,,
jal>concejo,2019,2023,YAMID ALCIDES CASTRO GARCIA,YAMID ALCIDES CASTRO GARCIA,27,27-019,05,Partido ADA,FUERZA CON DIGNIDAD,false,186,428,2.3011,428,100,0.2336,,,
jal>concejo,2019,2023,LILIANA ALVAREZ ACOSTA,LILIANA ALVAREZ ACOSTA,05,05-118,05,MAIS,PARTIDO COLOMBIA RENACIENTE,false,185,18,0.0973,18,3,0.1667,,,
jal>concejo,2019,2023,PLINIO JIMENEZ CUBIDES,PLINIO JIMENEZ CUBIDES,07,07-079,05,Partido de la U,COALICION PARTIDO DE LA U- PARTIDO POLITICO MIRA,false,183,55,0.3005,55,16,0.2909,,,
jal>concejo,2019,2023,NORMA CONSTANZA OSORIO RODRIGUEZ,NORMA CONSTANZA OSORIO RODRIGUEZ,15,15-094,04,Liberal,PARTIDO LIBERAL COLOMBIANO,false,178,72,0.4045,72,30,0.4167,,,
jal>concejo,2019,2023,JUAN CAMILO GONZALEZ DELGADO,JUAN CAMILO GONZALEZ DELGADO,23,23-001,05,Colombia Humana - Unión Patriótica,PACTO HISTORICO,false,177,758,4.2825,758,73,0.0963,,,
jal>concejo,2019,2023,STEFANIA MANCILLA ROMERO,STEFANIA MANCILLA ROMERO,16,16-001,05,Polo Democrático,PARTIDO POLÍTICO DIGNIDAD & COMPROMISO,false,175,315,1.8,315,42,0.1333,0.0261,partido,5.1027
jal>concejo,2019,2023,JUAN JOSE YUSTRE,JUAN JOSE YUSTRE,40,40-001,05,ASI,PARTIDO COLOMBIA RENACIENTE,false,175,29,0.1657,29,4,0.1379,,,
jal>concejo,2019,2023,JORGE IVAN OJEDA CARRANZA,JORGE IVAN OJEDA CARRANZA,48,48-010,05,Conservador,MOVIMIENTO POLITICO FUERZA CIUDADANA,false,175,413,2.36,413,125,0.3027,,,
jal>concejo,2019,2023,NOHORA CONSTANZA MORA GARCIA,NOHORA CONSTANZA MORA GARCIA,15,15-247,06,Cambio Radical,MOVIMIENTO POLITICO FUERZA CIUDADANA,false,174,42,0.2414,42,13,0.3095,,,
jal>concejo,2019,2023,HENRY BETANCOURT SANCHEZ,HENRY BETANCOURT SANCHEZ,26,26-001,01,Cambio Radical,PARTIDO POLÍTICO LA FUERZA DE LA PAZ,false,171,137,0.8012,137,53,0.3869,,,
jal>concejo,2019,2023,JESUS WIGBERTO AREVALO ACOSTA,JESUS WIGBERTO AREVALO ACOSTA,15,15-094,04,Liberal,PARTIDO LIBERAL COLOMBIANO,false,170,163,0.9588,163,98,0.6012,,,
jal>concejo,2019,2023,ROSARIO DE JESUS ACEVEDO GUEVARA,ROSARIO DE JESUS ACEVEDO GUEVARA,48,48-010,04,MIRA,MAIS-MIRA,false,170,216,1.2706,216,33,0.1528,,,
jal>concejo,2019,2023,OSNAIDER ENRIQUE CARDENAS BARRIOS,OSNAIDER ENRIQUE CARDENAS BARRIOS,28,28-001,01,MIRA,PARTIDOS ALIANZA VERDE - COLOMBIA JUSTA LIBRES - MIRA,false,169,363,2.1479,363,60,0.1653,,,
jal>concejo,2019,2023,LUZ STELLA PRIETO RAMIREZ,LUZ STELLA PRIETO RAMIREZ,52,52-001,07,Liberal,INDEPENDIENTES,false,168,51,0.3036,51,10,0.1961,0.1394,partido,1.4062
jal>concejo,2019,2023,LUZ STELLA SUAREZ QUINTERO,LUZ STELLA SUAREZ QUINTERO,01,01-043,01,Alianza Verde,"MOVIMIENTO AUTORIDADES INDÍGENAS DE COLOMBIA ""AICO""",false,161,141,0.8758,141,82,0.5816,,,
jal>concejo,2019,2023,MATEO CIFUENTES RUDA,MATEO CIFUENTES RUDA,01,01-049,000,Liberal,PARTIDO LIBERAL COLOMBIANO,false,159,307,1.9308,307,22,0.0717,,,
jal>concejo,2019,2023,CLAUDIA MARCELA ALARCON BENAVIDES,CLAUDIA MARCELA ALARCON BENAVIDES,26,26-001,07,Liberal,PARTIDO LIBERAL COLOMBIANO,false,157,111,0.707,111,12,0.1081,,,
jal>concejo,2019,2023,PRUDENCIANA GAMBOA RUIZ,PRUDENCIANA GAMBOA RUIZ,31,31-019,02,Colombia Humana - Unión Patriótica,PARTIDO NUEVO LIBERALISMO,false,157,21,0.1338,21,16,0.7619,,,
jal>concejo,2019,2023,EDUARDO DAVID RIVERA QUINONES,EDUARDO DAVID RIVERA QUINONES,31,31-019,01,Cambio Radical,"MOVIMIENTO AUTORIDADES INDÍGENAS DE COLOMBIA ""AICO""",false,156,134,0.859,134,49,0.3657,,,
jal>concejo,2019,2023,DIANA PATRICIA ALVIS BRITO,DIANA PATRICIA ALVIS BRITO,40,40-001,05,Liberal,PARTIDO COLOMBIA RENACIENTE,false,155,61,0.3935,61,30,0.4918,,,
jal>concejo,2019,2023,JUAN ANTONIO CALABRIA LOPEZ,JUAN ANTONIO CALABRIA LOPEZ,21,21-001,01,Polo Democrático,PARTIDO CENTRO DEMOCRÁTICO,false,153,113,0.7386,113,47,0.4159,,,
jal>concejo,2019,2023,MARINA NOVA GUALDRON,MARINA NOVA GUALDRON,27,27-001,02,Liberal,"MOVIMIENTO ALTERNATIVO INDÍGENA Y SOCIAL ""MAIS""",false,151,125,0.8278,125,27,0.216,0.0677,partido,3.1902
jal>concejo,2019,2023,JHON FREDY CEBALLOS,JHON FREDY CEBALLOS,24,24-001,26,Alianza Verde,ALTERNATIVOS,false,150,428,2.8533,428,145,0.3388,,,
jal>concejo,2019,2023,JUAN ESTEBAN CADENA ALVAREZ,JUAN ESTEBAN CADENA ALVAREZ,27,27-019,03,Alianza Verde,JUNTOS,false,146,88,0.6027,88,45,0.5114,,,
jal>concejo,2019,2023,JULIO ALEXANDER CASTRO,JULIO ALEXANDER CASTRO,46,46-001,11,ASI,"PARTIDO ALIANZA SOCIAL INDEPENDIENTE ""ASI""",false,146,686,4.6986,686,268,0.3907,,,
jal>concejo,2019,2023,ALVARO ANDRES CAICEDO MOSQUERA,ALVARO ANDRES CAICEDO MOSQUERA,31,31-079,14,Conservador,PARTIDO ASI - PARTIDO CONSERVADOR COLOMBIANO,false,145,741,5.1103,741,139,0.1876,,,
jal>concejo,2019,2023,FERNANDO GALINDO SANCHEZ,FERNANDO GALINDO SANCHEZ,15,15-340,000,Alianza Verde,PARTIDO ALIANZA VERDE,true,144,231,1.6042,231,62,0.2684,,,
jal>concejo,2019,2023,ORFA RUTH GARCIA,ORFA RUTH GARCIA,01,01-049,05,Conservador,UNIDOS POR BELLO,false,141,131,0.9291,131,14,0.1069,,,
jal>concejo,2019,2023,SAIDER SNEIDER CORTES RINCONES,SAIDER SNEIDER CORTES RINCONES,48,48-001,04,Polo Democrático,PARTIDO POLÍTICO DIGNIDAD & COMPROMISO,false,140,58,0.4143,58,19,0.3276,,,
jal>concejo,2019,2023,OSCAR SEGUNDO OJEDA CANTILLO,OSCAR SEGUNDO OJEDA CANTILLO,03,03-001,01,MAIS,COALICION PACTO CARIBE - BARRANQUILLA,false,139,233,1.6763,233,80,0.3433,,,
jal>concejo,2019,2023,PASTORA FLORINDA TARAPUES CUAICAL,PASTORA FLORINDA TARAPUES CUAICAL,16,16-001,17,Coal.Candelaria Humana,PARTIDO POLÍTICO DIGNIDAD & COMPROMISO,false,138,306,2.2174,306,15,0.049,0.0098,partido,5.0099
jal>concejo,2019,2023,RUTH ROZO VILLAMIZAR,RUTH ROZO VILLAMIZAR,27,27-001,14,Colombia Renaciente,PARTIDO ECOLOGISTA COLOMBIANO,false,138,79,0.5725,79,27,0.3418,0.0321,bloque,10.636
jal>concejo,2019,2023,FREDY ALEXANDER QUIROGA PALACIO,FREDY ALEXANDER QUIROGA PALACIO,15,15-340,02,MAIS,AGRUPACIÓN POLÍTICA EN MARCHA,false,137,52,0.3796,52,22,0.4231,,,
jal>concejo,2019,2023,JORDAN NICOLAI MARTINEZ MORENO,JORDAN NICOLAI MARTINEZ MORENO,15,15-094,01,Partido de la U,PARTIDO DE LA UNIÓN POR LA GENTE - PARTIDO DE LA U,false,136,86,0.6324,86,34,0.3953,,,
jal>concejo,2019,2023,MARILU MONCADA LOPEZ,MARILU MONCADA LOPEZ,25,25-001,09,"Partido de Reivindicación Étnica ""Pre""",EL PLAN  CÚCUTA,false,134,11,0.0821,11,0,0,0.118,partido,0
jal>concejo,2019,2023,CARMELO BENJAMIN GARCIA VISBAL,CARMELO BENJAMIN GARCIA VISBAL,03,03-001,02,ASI,COALICION PACTO CARIBE - BARRANQUILLA,false,134,179,1.3358,179,31,0.1732,,,
jal>concejo,2019,2023,CELIA CRUZ ROCHA MARTINEZ,CELIA CRUZ ROCHA MARTINEZ,05,05-001,01,Partido ADA,"PARTIDO ALIANZA SOCIAL INDEPENDIENTE ""ASI""",false,131,163,1.2443,163,50,0.3067,,,
jal>concejo,2019,2023,JOHN EDWIN SEPULVEDA ALVAREZ,JOHN EDWIN SEPULVEDA ALVAREZ,09,09-001,05,Liberal,PARTIDO DE LA UNIÓN POR LA GENTE - PARTIDO DE LA U,false,130,85,0.6538,85,8,0.0941,0.071,partido,1.3258
jal>concejo,2019,2023,JOSE EDILSON CORDOBA JOVER,JOSE EDILSON CORDOBA JOVER,15,15-247,01,MAIS,"MOVIMIENTO ALTERNATIVO INDÍGENA Y SOCIAL ""MAIS""",false,129,140,1.0853,140,79,0.5643,,,
jal>concejo,2019,2023,LUIS HERNAN ROCHA NOA,LUIS HERNAN ROCHA NOA,29,29-073,04,MAIS,PACTO HISTORICO POR EL RENACER DEL LIBANO,false,128,47,0.3672,47,7,0.1489,,,
jal>concejo,2019,2023,JOSE JOAQUIN VARON LOPEZ,JOSE JOAQUIN VARON LOPEZ,54,54-001,01,Partido de la U,PARTIDO DE LA UNIÓN POR LA GENTE - PARTIDO DE LA U,false,127,74,0.5827,74,42,0.5676,,,
jal>concejo,2019,2023,MARIA VIRGINIA CAUCALI NUNEZ,MARIA VIRGINIA CAUCALI NUNEZ,15,15-094,05,Centro Democrático,PARTIDO CENTRO DEMOCRÁTICO,true,125,176,1.408,176,95,0.5398,,,
jal>concejo,2019,2023,NANCY MILENA GARCIAS CORTES,NANCY MILENA GARCIAS CORTES,23,23-139,02,Colombia Humana - Unión Patriótica,PACTO HISTÓRICO,false,124,92,0.7419,92,14,0.1522,,,
jal>concejo,2019,2023,JOAQUIN PRADA ROJAS,JOAQUIN PRADA ROJAS,25,25-001,08,Partido ADA,EL PLAN  CÚCUTA,false,124,226,1.8226,226,129,0.5708,0.1232,partido,4.6336
jal>concejo,2019,2023,JONIER AUGUSTO OCAMPO MURILLO,JONIER AUGUSTO OCAMPO MURILLO,24,24-001,01,Liberal,SOMOS LA FUERZA DE LA GENTE,false,123,72,0.5854,72,27,0.375,,,
jal>concejo,2019,2023,MARIA BERNARDA MUNOZ GUERRERO,MARIA BERNARDA MUNOZ GUERRERO,31,31-121,01,Partido de la U,MOVIMIENTO POLITICO FUERZA CIUDADANA,false,123,12,0.0976,12,5,0.4167,,,
jal>concejo,2019,2023,VICTOR HUGO VAQUERO ANDRADE,VICTOR HUGO VAQUERO ANDRADE,46,46-001,05,Liberal,COALICION DEMOCRATA CONSERVADOR,false,118,123,1.0424,123,30,0.2439,,,
jal>concejo,2019,2023,HENRY POLANIA CUELLAR,HENRY POLANIA CUELLAR,19,19-001,03,Liberal,PARTIDO LIBERAL COLOMBIANO,false,117,153,1.3077,153,17,0.1111,0.0868,partido,1.2801
jal>concejo,2019,2023,JOHN MARIO CORONADO HERNANDEZ,JOHN MARIO CORONADO HERNANDEZ,15,15-340,02,Liberal,PARTIDO LIBERAL COLOMBIANO,false,115,119,1.0348,119,37,0.3109,,,
jal>concejo,2019,2023,KELLY JOHANA INELLA BELENO,KELLY JOHANA INELLA BELENO,05,05-118,01,MAIS,PARTIDO DEMÓCRATA COLOMBIANO,false,115,29,0.2522,29,10,0.3448,,,
jal>concejo,2019,2023,FABIO YEZID GRIZALEZ GRIZALEZ,FABIO YEZID GRIZALEZ GRIZALEZ,29,29-073,02,Colombia Humana - Unión Patriótica,PACTO HISTORICO POR EL RENACER DEL LIBANO,false,114,63,0.5526,63,13,0.2063,,,
jal>concejo,2019,2023,DARY YSABEL RAVE TABORDA,DARY YSABEL RAVE TABORDA,26,26-001,02,Partido de la U,SALVEMOS A ARMENIA,false,111,34,0.3063,34,13,0.3824,,,
jal>concejo,2019,2023,MIGUEL ANGEL SILVA VELANDIA,MIGUEL ANGEL SILVA VELANDIA,27,27-145,01,Polo Democrático,PARTIDO POLO DEMOCRÁTICO ALTERNATIVO,false,111,137,1.2342,137,64,0.4672,,,
jal>concejo,2019,2023,JORGE ELIECER GAITAN BEDOYA,JORGE ELIECER GAITAN BEDOYA,26,26-001,04,Liberal,PARTIDO LIBERAL COLOMBIANO,false,109,175,1.6055,175,4,0.0229,,,
jal>concejo,2019,2023,JOHN JAIRO YEPES GAVIRIA,JOHN JAIRO YEPES GAVIRIA,01,01-049,08,Conservador,MOVIMIENTO ALIANZA DEMOCRÁTICA AMPLIA,false,108,64,0.5926,64,9,0.1406,,,
jal>concejo,2019,2023,MARIA LUZ NELLY LEGUIZAMO,MARIA LUZ NELLY LEGUIZAMO,15,15-094,05,Partido de la U,PARTIDO POLÍTICO CREEMOS,false,108,50,0.463,50,30,0.6,,,
jal>concejo,2019,2023,JOSE LIBORIO BOCANEGRA PEREZ,JOSE LIBORIO BOCANEGRA PEREZ,15,15-109,01,ASI,PARTIDO POLÍTICO DIGNIDAD & COMPROMISO,false,106,19,0.1792,19,2,0.1053,,,
jal>concejo,2019,2023,OMAIRA DEL CARMEN BARLIZA IPUANA,OMAIRA DEL CARMEN BARLIZA IPUANA,48,48-010,09,Polo Democrático,PARTIDO POLO DEMOCRÁTICO ALTERNATIVO,false,106,578,5.4528,578,155,0.2682,,,
jal>concejo,2019,2023,GLORIA INES QUIROS PALACIO,GLORIA INES QUIROS PALACIO,01,01-214,04,AICO,MOVIMIENTO  SALVACIÓN NACIONAL,false,104,34,0.3269,34,17,0.5,,,
jal>concejo,2019,2023,ALEXIS TOVAR BENAVIDES,ALEXIS TOVAR BENAVIDES,54,54-001,01,Cambio Radical,PARTIDO CAMBIO RADICAL,true,101,40,0.396,40,27,0.675,,,
jal>concejo,2019,2023,ADRIAN AGUIRRE CIFUENTES,ADRIAN AGUIRRE CIFUENTES,26,26-030,01,Conservador,PARTIDO CONSERVADOR COLOMBIANO,false,100,68,0.68,68,42,0.6176,,,
jal>concejo,2019,2023,ROBERTO SUAREZ LOPEZ,ROBERTO SUAREZ LOPEZ,27,27-019,05,Partido de la U,"MOVIMIENTO ALTERNATIVO INDÍGENA Y SOCIAL ""MAIS""",false,100,73,0.73,73,9,0.1233,,,
jal>concejo,2019,2023,CAMILO RAMIREZ RODRIGUEZ,CAMILO RAMIREZ RODRIGUEZ,46,46-001,13,AICO,AICO - POLO,false,100,286,2.86,286,88,0.3077,,,
jal>concejo,2019,2023,JEFERSON GOMEZ GRISALES,JEFERSON GOMEZ GRISALES,09,09-001,01,Colombia Renaciente,PARTIDO COLOMBIA RENACIENTE,true,99,614,6.202,614,70,0.114,0.1012,partido,1.1271
jal>concejo,2019,2023,MARILIS MIRELLA VIDAL GONZALEZ,MARILIS MIRELLA VIDAL GONZALEZ,21,21-016,04,Alianza Verde,PARTIDO POLÍTICO DIGNIDAD & COMPROMISO,false,98,46,0.4694,46,27,0.587,,,
jal>concejo,2019,2023,DAGOBERTO CARDENAS MONTANO,DAGOBERTO CARDENAS MONTANO,25,25-061,04,Coalición Ocaña Solidaria y En Paz,UNIDOS POR EL RESCATE DE OCAÑA,false,96,243,2.5313,243,74,0.3045,,,
jal>concejo,2019,2023,NORMAN JACOB JIMENEZ SOLANO,NORMAN JACOB JIMENEZ SOLANO,64,64-002,04,Polo Democrático,DIGNIDAD Y COMPROMISO MIRA,false,92,15,0.163,15,8,0.5333,,,
jal>concejo,2019,2023,JHON JAIRO LOPEZ GARCIA,JHON JAIRO LOPEZ GARCIA,24,24-001,19,Partido de la U,"PARTIDO ALIANZA SOCIAL INDEPENDIENTE ""ASI""",false,90,37,0.4111,37,7,0.1892,,,
jal>concejo,2019,2023,YUDY EGUE ROJAS,YUDY EGUE ROJAS,46,46-001,06,Liberal,PARTIDO LIBERAL COLOMBIANO,false,90,446,4.9556,446,84,0.1883,,,
jal>concejo,2019,2023,DIANA YALENA CADENA VALDES,DIANA YALENA CADENA VALDES,54,54-001,02,Alianza Verde,PARTIDO ALIANZA VERDE,true,88,108,1.2273,108,40,0.3704,,,
jal>concejo,2019,2023,WILLIAM ALFONSO PIEDRAHITA RAMIREZ,WILLIAM ALFONSO PIEDRAHITA RAMIREZ,15,15-340,000,Alianza Verde,PARTIDO ALIANZA VERDE,true,84,327,3.8929,327,73,0.2232,,,
jal>concejo,2019,2023,ADRIANA STELLA HERNANDEZ,ADRIANA STELLA HERNANDEZ,15,15-247,01,Partido ADA,PARTIDO NUEVO LIBERALISMO,false,79,137,1.7342,137,25,0.1825,,,
jal>concejo,2019,2023,MAYCO ADRIAN ROJAS DIAZ,MAYCO ADRIAN ROJAS DIAZ,27,27-001,04,Colombia Renaciente,INDEPENDIENTES,false,75,42,0.56,42,10,0.2381,0.0556,participacion,4.284
jal>concejo,2019,2023,BENJAMIN SANABRIA TRUJILLO,BENJAMIN SANABRIA TRUJILLO,15,15-247,06,Cambio Radical,"PARTIDO ALIANZA SOCIAL INDEPENDIENTE ""ASI""",false,73,51,0.6986,51,10,0.1961,,,
jal>concejo,2019,2023,ETILVIA ESTHER SANDOVAL GIL,ETILVIA ESTHER SANDOVAL GIL,21,21-001,02,"Partido de Reivindicación Étnica ""Pre""",PARTIDO CENTRO DEMOCRÁTICO,false,71,72,1.0141,72,25,0.3472,,,
jal>concejo,2019,2023,RIGOBERTO BLANCO RUEDA,RIGOBERTO BLANCO RUEDA,26,26-030,01,Conservador,PARTIDO CONSERVADOR COLOMBIANO,false,71,38,0.5352,38,19,0.5,,,
jal>concejo,2019,2023,ANGELA MARIA ARANGO CEBALLOS,ANGELA MARIA ARANGO CEBALLOS,31,31-022,03,MAIS,PARTIDO DEMÓCRATA COLOMBIANO,false,70,15,0.2143,15,2,0.1333,,,
jal>concejo,2019,2023,JOHAN SEBASTIAN VARGAS ACHAGUA,JOHAN SEBASTIAN VARGAS ACHAGUA,46,46-001,17,MAIS,"PARTIDO ALIANZA SOCIAL INDEPENDIENTE ""ASI""",false,68,447,6.5735,447,75,0.1678,,,
jal>concejo,2019,2023,BIBIANA NARANJO GIRON,BIBIANA NARANJO GIRON,29,29-001,07,Polo Democrático,IBAGUÈ INDEPENDIENTE,false,67,25,0.3731,25,1,0.04,0.0726,partido,0.5512
jal>concejo,2019,2023,YASMIN ELISA CASTRO VASQUEZ,YASMIN ELISA CASTRO VASQUEZ,54,54-001,02,Partido de la U,PARTIDO DE LA UNIÓN POR LA GENTE - PARTIDO DE LA U,false,67,80,1.194,80,28,0.35,,,
jal>concejo,2019,2023,YEIMMY KATHERINE RODRIGUEZ,YEIMMY KATHERINE RODRIGUEZ,07,07-079,08,Cambio Radical,MOVIMIENTO  SALVACIÓN NACIONAL,false,65,23,0.3538,23,4,0.1739,,,
jal>concejo,2019,2023,ADONIS ADELIA BUSTOS POVEDA,ADONIS ADELIA BUSTOS POVEDA,15,15-094,04,Liberal,PARTIDO POLÍTICO LA FUERZA DE LA PAZ,false,64,20,0.3125,20,7,0.35,,,
jal>concejo,2019,2023,ZUNILDA ESTHER CARRILLO JIMENEZ,ZUNILDA ESTHER CARRILLO JIMENEZ,48,48-001,10,Colombia Renaciente,PARTIDO CONSERVADOR COLOMBIANO,false,64,77,1.2031,77,22,0.2857,,,
jal>concejo,2019,2023,JHON FREDY CUBILLOS URREGO,JHON FREDY CUBILLOS URREGO,15,15-094,10,Polo Democrático,FUSAGASUGA FUTURO,false,58,114,1.9655,114,52,0.4561,,,
jal>concejo,2019,2023,GENIZ CARRENO LERMA,GENIZ CARRENO LERMA,21,21-001,02,Partido ADA,"PARTIDO ALIANZA SOCIAL INDEPENDIENTE ""ASI""",false,55,43,0.7818,43,18,0.4186,,,
jal>concejo,2019,2023,NANCY PILAR RODRIGUEZ CUBILLOS,NANCY PILAR RODRIGUEZ CUBILLOS,15,15-094,05,Alianza Verde,AGRUPACIÓN POLÍTICA EN MARCHA,false,53,15,0.283,15,2,0.1333,,,
jal>concejo,2019,2023,ELKIN YARDANI ORTEGA JALLER,ELKIN YARDANI ORTEGA JALLER,27,27-019,03,Colombia Humana - Unión Patriótica,PARTIDO POLÍTICO LA FUERZA DE LA PAZ,false,53,57,1.0755,57,21,0.3684,,,
jal>concejo,2019,2023,JUDY ZIOMARA PEDRAZA CARDENAS,JUDY ZIOMARA PEDRAZA CARDENAS,29,29-073,01,Colombia Humana - Unión Patriótica,PARTIDO LIBERAL COLOMBIANO,false,53,59,1.1132,59,23,0.3898,,,
jal>concejo,2019,2023,JUAN GUILLERMO SEGURA CRISTANCHO,JUAN GUILLERMO SEGURA CRISTANCHO,15,15-094,11,Conservador,PARTIDO CONSERVADOR COLOMBIANO,false,50,162,3.24,162,44,0.2716,,,
jal>concejo,2019,2023,LUIS DAVID CHAVERRA MONSALVE,LUIS DAVID CHAVERRA MONSALVE,01,01-049,01,Liberal,PARTIDO POLÍTICO GENTE EN MOVIMIENTO,false,48,17,0.3542,17,2,0.1176,,,
jal>concejo,2019,2023,JUAN DE DIOS URREA CARDENAS,JUAN DE DIOS URREA CARDENAS,15,15-094,08,Alianza Verde,COALICIÓN CONCEJO FUSAGASUGA,false,47,43,0.9149,43,2,0.0465,,,
jal>concejo,2019,2023,EVA DE LAS MERCEDES PARRA BALAGUERA,EVA DE LAS MERCEDES PARRA BALAGUERA,15,15-247,01,MAIS,"MOVIMIENTO ALTERNATIVO INDÍGENA Y SOCIAL ""MAIS""",false,45,38,0.8444,38,11,0.2895,,,
jal>concejo,2019,2023,YULI JHASBLEIDY VARGAS SILVA,YULI JHASBLEIDY VARGAS SILVA,15,15-247,000,Partido de la U,COALICION - CONCEJO,false,43,82,1.907,82,21,0.2561,,,
jal>concejo,2019,2023,LUZ EDITH CAMACHO AGUIRRE,LUZ EDITH CAMACHO AGUIRRE,26,26-001,04,Liberal,GRUPO SIGNIFICATIVO DE CIUDADANOS NUEVA CIUDADANÍA,false,43,4,0.093,4,0,0,,,
jal>concejo,2019,2023,ALEXANDER DELGADO REY,ALEXANDER DELGADO REY,27,27-001,14,Partido de la U,MOVIMIENTO ALIANZA DEMOCRÁTICA AMPLIA,false,42,131,3.119,131,6,0.0458,0.0328,partido,1.3963
jal>concejo,2019,2023,LUZ MARINA CACERES ORTIZ,LUZ MARINA CACERES ORTIZ,25,25-001,06,"Partido de Reivindicación Étnica ""Pre""",PARTIDO VERDE OXÍGENO,false,41,47,1.1463,47,4,0.0851,0.1091,bloque,0.7799
jal>concejo,2019,2023,MARVIN HAGLER MORA CONTRERAS,MARVIN HAGLER MORA CONTRERAS,27,27-001,17,MAIS,PARTIDO CAMBIO RADICAL,false,38,243,6.3947,243,9,0.037,0.0426,partido,0.87
jal>concejo,2019,2023,JOSE YESID LEAL LOPEZ,JOSE YESID LEAL LOPEZ,27,27-001,01,Colombia Renaciente,INDEPENDIENTES,false,35,21,0.6,21,2,0.0952,0.0857,participacion,1.1116
jal>concejo,2019,2023,JOSE EDISON MORALES POSADA,JOSE EDISON MORALES POSADA,24,24-086,01,ASI,PARTIDO ALIANZA VERDE,false,30,48,1.6,48,11,0.2292,,,
jal>concejo,2019,2023,JESUS ANTONIO IDARRAGA MORENO,JESUS ANTONIO IDARRAGA MORENO,07,07-214,01,Alianza Verde,PARTIDO VERDE OXÍGENO,false,30,13,0.4333,13,9,0.6923,,,
jal>concejo,2019,2023,JULIAN MESA MESA,JULIAN MESA MESA,26,26-001,06,"Partido de Reivindicación Étnica ""Pre""",PARTIDO POLÍTICO GENTE EN MOVIMIENTO,false,27,20,0.7407,20,2,0.1,,,
jal>concejo,2019,2023,MARTA EUGENIA DELGADO ESPINOSA,MARTA EUGENIA DELGADO ESPINOSA,27,27-001,15,Colombia Renaciente,JUNTOS POR BUCARAMANGA,false,27,83,3.0741,83,6,0.0723,0.0499,partido,1.4475
jal>concejo,2019,2023,NUBIA DEL CARMEN OVIEDO RICO,NUBIA DEL CARMEN OVIEDO RICO,48,48-001,10,Partido ADA,PARTIDO POLÍTICO DIGNIDAD & COMPROMISO,false,26,25,0.9615,25,11,0.44,,,
jal>concejo,2019,2023,WENDY VANNESA CUEVAS MORENO,WENDY VANNESA CUEVAS MORENO,15,15-340,000,Alianza Verde,AGRUPACIÓN POLÍTICA EN MARCHA,false,24,36,1.5,36,7,0.1944,,,
jal>concejo,2019,2023,EDGAR GONZALEZ LEON,EDGAR GONZALEZ LEON,15,15-094,05,Partido ADA,MOVIMIENTO ALIANZA DEMOCRÁTICA AMPLIA,false,22,11,0.5,11,6,0.5455,,,
jal>concejo,2019,2023,MARIA ELENA HERNANDEZ CANO,MARIA ELENA HERNANDEZ CANO,01,01-115,04,Conservador,"PARTIDO ALIANZA SOCIAL INDEPENDIENTE ""ASI""",false,21,93,4.4286,93,83,0.8925,,,
jal>concejo,2019,2023,JOSE LUBIN BASTO ROMERO,JOSE LUBIN BASTO ROMERO,15,15-340,000,Colombia Humana - Unión Patriótica,MOVIMIENTO POLITICO FUERZA CIUDADANA,false,20,34,1.7,34,5,0.1471,,,
jal>concejo,2019,2023,ANYELO ACEVEDO GONZALEZ,ANYELO ACEVEDO GONZALEZ,15,15-247,07,Liberal,PARTIDO LIBERAL COLOMBIANO,false,15,501,33.4,501,203,0.4052,,,
jal>concejo,2019,2023,JAMIR DAVID CAICEDO RENGIFO,JAMIR DAVID CAICEDO RENGIFO,29,29-001,28,Centro Democrático,PARTIDO CENTRO DEMOCRÁTICO,true,9,398,44.2222,398,7,0.0176,0.001,partido,17.5456
