salto,anoOrigen,anoDestino,persona,nombre,dep,municipio,origen,partidoOrigen,partidoDestino,mismoPartido,votosOrigen,votosDestino,gap,votosDestinoAmbito,votosDestinoEnOrigen,arraigo,neutro,neutroFuente,lift
concejo>asamblea,2011,2015,SANTIAGO MANUEL MARTINEZ MENDOZA,SANTIAGO MANUEL MARTINEZ MENDOZA,01,01-001,01-001,PARTIDO SOCIAL DE UNIDAD NACIONAL,PARTIDO DE LA U,false,8058,19890,2.4684,19890,7845,0.3944,,,
concejo>asamblea,2011,2015,JORGE LUIS RANGEL BELLO,JORGE LUIS RANGEL BELLO,03,03-001,03-001,PARTIDO CONSERVADOR COLOMBIANO,PARTIDO CONSERVADOR COLOMBIANO,true,7199,29208,4.0572,29208,26962,0.9231,,,
concejo>asamblea,2011,2015,JUAN CARLOS GARCES ROJAS,JUAN CARLOS GARCES ROJAS,31,31-001,31-001,PARTIDO SOCIAL DE UNIDAD NACIONAL,PARTIDO DE LA U,false,5966,47443,7.9522,47443,22123,0.4663,,,
concejo>asamblea,2011,2015,EMERSON MENESES GONZALEZ,EMERSON MENESES GONZALEZ,25,25-001,25-001,PARTIDO CONSERVADOR COLOMBIANO,PARTIDO CONSERVADOR COLOMBIANO,true,5878,13430,2.2848,13430,8780,0.6538,,,
concejo>asamblea,2011,2015,RUBEN DARIO CALLEJAS GOMEZ,RUBEN DARIO CALLEJAS GOMEZ,01,01-001,01-001,PARTIDO CAMBIO RADICAL,PARTIDO LIBERAL COLOMBIANO,false,5501,33152,6.0265,33152,8199,0.2473,,,
concejo>asamblea,2011,2015,LUIS CARLOS HERNANDEZ CASTRO,LUIS CARLOS HERNANDEZ CASTRO,01,01-001,01-001,PARTIDO SOCIAL DE UNIDAD NACIONAL,PARTIDO DE LA U,false,4616,28218,6.1131,28218,10201,0.3615,,,
concejo>asamblea,2011,2015,MANUEL FELIPE BARRAGAN LOPEZ,MANUEL FELIPE BARRAGAN LOPEZ,31,31-001,31-001,PARTIDO CAMBIO RADICAL,PARTIDO CAMBIO RADICAL,true,4457,5156,1.1568,5156,3111,0.6034,,,
concejo>asamblea,2011,2015,EDGAR SUAREZ GUTIERREZ,EDGAR SUAREZ GUTIERREZ,27,27-001,27-001,PARTIDO CAMBIO RADICAL,PARTIDO CAMBIO RADICAL,true,4325,22610,5.2277,22610,10807,0.478,,,
concejo>asamblea,2011,2015,REINALDO MANUEL PENA LOPEZ,REINALDO MANUEL PENA LOPEZ,13,13-001,13-001,PARTIDO CONSERVADOR COLOMBIANO,PARTIDO CONSERVADOR COLOMBIANO,true,4135,19496,4.7149,19496,9902,0.5079,,,
concejo>asamblea,2011,2015,BRAULIO ALONSO ESPINOSA MARQUEZ,BRAULIO ALONSO ESPINOSA MARQUEZ,01,01-121,01-121,PARTIDO LIBERAL COLOMBIANO,PARTIDO LIBERAL COLOMBIANO,true,3502,40600,11.5934,40600,19151,0.4717,,,
concejo>asamblea,2011,2015,JOSE ALEJANDRO ARANGO CUERO,JOSE ALEJANDRO ARANGO CUERO,31,31-001,31-001,MOVIMIENTO DE INCLUSION Y OPORTUNIDADES,PARTIDO LIBERAL COLOMBIANO,false,3459,10694,3.0916,10694,6019,0.5628,,,
concejo>asamblea,2011,2015,LUDYS ESTHER RODRIGUEZ ANGULO,LUDYS ESTHER RODRIGUEZ ANGULO,13,13-001,13-001,PARTIDO LIBERAL COLOMBIANO,PARTIDO LIBERAL COLOMBIANO,true,3353,18483,5.5124,18483,7502,0.4059,,,
concejo>asamblea,2011,2015,LUIS GABRIEL DEGIOVANNI BEHAINE,LUIS GABRIEL DEGIOVANNI BEHAINE,13,13-001,13-001,PARTIDO SOCIAL DE UNIDAD NACIONAL,PARTIDO DE LA U,false,3142,22097,7.0328,22097,7405,0.3351,,,
concejo>asamblea,2011,2015,LUZDEY MARTINEZ MARTINEZ,LUZDEY MARTINEZ MARTINEZ,31,31-079,31-079,PARTIDO LIBERAL COLOMBIANO,PARTIDO LIBERAL COLOMBIANO,true,3076,15835,5.1479,15835,4962,0.3134,,,
concejo>asamblea,2011,2015,GUILLERMO MONTALVO OROZCO,GUILLERMO MONTALVO OROZCO,31,31-079,31-079,PARTIDO SOCIAL DE UNIDAD NACIONAL,PARTIDO DE LA U,false,3070,32968,10.7388,32968,18263,0.554,,,
concejo>asamblea,2011,2015,DUBERNEY POLANIA SILVA,DUBERNEY POLANIA SILVA,31,31-001,31-001,POLO DEMOCRÁTICO ALTERNATIVO,PARTIDO LIBERAL COLOMBIANO,false,3008,10918,3.6297,10918,9063,0.8301,,,
concejo>asamblea,2011,2015,ROCIO DE JESUS PINEDA GARCIA,ROCIO DE JESUS PINEDA GARCIA,01,01-001,01-001,PARTIDO VERDE,PARTIDO ALIANZA VERDE,false,2640,7687,2.9117,7687,3839,0.4994,,,
concejo>asamblea,2011,2015,HECTOR FABIO VELEZ BERMUDEZ,HECTOR FABIO VELEZ BERMUDEZ,52,52-001,52-001,PARTIDO CONSERVADOR COLOMBIANO,PARTIDO CONSERVADOR COLOMBIANO,true,2593,12366,4.769,12366,8263,0.6682,,,
concejo>asamblea,2011,2015,JUAN DANIEL PENUELA CALVACHE,JUAN DANIEL PENUELA CALVACHE,23,23-001,23-001,PARTIDO CONSERVADOR COLOMBIANO,PARTIDO CONSERVADOR COLOMBIANO,true,2450,24173,9.8665,24173,7137,0.2952,,,
concejo>asamblea,2011,2015,LUCIA AMELIA COHEN URZOLA,LUCIA AMELIA COHEN URZOLA,28,28-001,28-001,PARTIDO CONSERVADOR COLOMBIANO,PARTIDO CONSERVADOR COLOMBIANO,true,2392,18362,7.6764,18362,3988,0.2172,,,
concejo>asamblea,2011,2015,OSCAR EDUARDO APOLINAR MARTINEZ,OSCAR EDUARDO APOLINAR MARTINEZ,52,52-001,52-001,PARTIDO SOCIAL DE UNIDAD NACIONAL,PARTIDO DE LA U,false,2362,12059,5.1054,12059,8158,0.6765,,,
concejo>asamblea,2011,2015,MILTON RENE CHAVES MOLINA,MILTON RENE CHAVES MOLINA,24,24-001,24-001,PARTIDO SOCIAL DE UNIDAD NACIONAL,PARTIDO DE LA U,false,2313,7242,3.131,7242,4630,0.6393,,,
concejo>asamblea,2011,2015,JUAN SEBASTIAN GOMEZ GONZALES,JUAN SEBASTIAN GOMEZ GONZALES,09,09-001,09-001,PARTIDO SOCIAL DE UNIDAD NACIONAL,PARTIDO DE LA U,false,2225,12760,5.7348,12760,7573,0.5935,,,
concejo>asamblea,2011,2015,JOSE SANTOS CASTRO GONZALEZ,JOSE SANTOS CASTRO GONZALEZ,12,12-001,12-001,PARTIDO SOCIAL DE UNIDAD NACIONAL,PARTIDO DE LA U,false,2139,16185,7.5666,16185,7955,0.4915,,,
concejo>asamblea,2011,2015,JAVIER SILVA LARA,JAVIER SILVA LARA,19,19-001,19-001,PARTIDO SOCIAL DE UNIDAD NACIONAL,PARTIDO DE LA U,false,1867,12132,6.4981,12132,6963,0.5739,,,
concejo>asamblea,2011,2015,IGNACIO ALBERTO GOMEZ ALZATE,IGNACIO ALBERTO GOMEZ ALZATE,09,09-001,09-001,PARTIDO CONSERVADOR COLOMBIANO,PARTIDO CONSERVADOR COLOMBIANO,true,1865,8666,4.6466,8666,4693,0.5415,,,
concejo>asamblea,2011,2015,OSCAR ALONSO VARGAS JARAMILLO,OSCAR ALONSO VARGAS JARAMILLO,09,09-001,09-001,PARTIDO LIBERAL COLOMBIANO,PARTIDO LIBERAL COLOMBIANO,true,1864,10517,5.6422,10517,5874,0.5585,,,
concejo>asamblea,2011,2015,JOSE DURGUES ESPINOSA MARTINEZ,JOSE DURGUES ESPINOSA MARTINEZ,24,24-001,24-001,PARTIDO CONSERVADOR COLOMBIANO,PARTIDO CENTRO DEMOCRÁTICO,false,1852,5125,2.7673,5125,2594,0.5061,,,
concejo>asamblea,2011,2015,OCTAVIO ALEXANDER AGUDELO,OCTAVIO ALEXANDER AGUDELO,26,26-001,26-001,PARTIDO SOCIAL DE UNIDAD NACIONAL,PARTIDO DE LA U,false,1835,5792,3.1564,5792,2612,0.451,,,
concejo>asamblea,2011,2015,ARLEY OCTAVIO VALERO SAENZ,ARLEY OCTAVIO VALERO SAENZ,27,27-160,27-160,PARTIDO DE INTEGRACION NACIONAL,PARTIDO OPCIÓN CIUDADANA,false,1774,12066,6.8016,12066,7370,0.6108,,,
concejo>asamblea,2011,2015,RAMON ALBERTO CAMPO GONZALEZ,RAMON ALBERTO CAMPO GONZALEZ,21,21-001,21-001,PARTIDO CONSERVADOR COLOMBIANO,PARTIDO CONSERVADOR COLOMBIANO,true,1747,5385,3.0824,5385,3010,0.559,,,
concejo>asamblea,2011,2015,JOHN JAIRO CAICEDO VILLEGAS,JOHN JAIRO CAICEDO VILLEGAS,31,31-106,31-106,PARTIDO CONSERVADOR COLOMBIANO,PARTIDO CONSERVADOR COLOMBIANO,true,1710,24127,14.1094,24127,9222,0.3822,,,
concejo>asamblea,2011,2015,JOSE FERNANDO MEJIA CASTANO,JOSE FERNANDO MEJIA CASTANO,09,09-001,09-001,PARTIDO LIBERAL COLOMBIANO,PARTIDO LIBERAL COLOMBIANO,true,1643,8518,5.1844,8518,3178,0.3731,,,
concejo>asamblea,2011,2015,JOSE MANUEL SANDOVAL GARZON,JOSE MANUEL SANDOVAL GARZON,52,52-001,52-001,PARTIDO ALIANZA SOCIAL INDEPENDIENTE,PARTIDO ALIANZA SOCIAL INDEPENDIENTE,true,1609,9999,6.2144,9999,6224,0.6225,,,
concejo>asamblea,2011,2015,NORALDO MONTES DIAZ,NORALDO MONTES DIAZ,13,13-037,13-037,PARTIDO SOCIAL DE UNIDAD NACIONAL,PARTIDO DE LA U,false,1569,14828,9.4506,14828,4272,0.2881,,,
concejo>asamblea,2011,2015,CLARA INES VEGA PEREZ,CLARA INES VEGA PEREZ,19,19-001,19-001,PARTIDO CAMBIO RADICAL,PARTIDO CAMBIO RADICAL,true,1554,11230,7.2265,11230,5895,0.5249,,,
concejo>asamblea,2011,2015,JOSE MARIO RODRIGUEZ BARRIGA,JOSE MARIO RODRIGUEZ BARRIGA,12,12-001,12-001,PARTIDO CONSERVADOR COLOMBIANO,PARTIDO CONSERVADOR COLOMBIANO,true,1435,14994,10.4488,14994,5822,0.3883,,,
concejo>asamblea,2011,2015,JHON JAIRO RAMIREZ CANO,JHON JAIRO RAMIREZ CANO,01,01-001,01-001,"MOVIMIENTO ""MIRA""",MOVIMIENTO MIRA,true,1406,1623,1.1543,1623,787,0.4849,,,
concejo>asamblea,2011,2015,JOSE HUGO RESTAN SANCHEZ,JOSE HUGO RESTAN SANCHEZ,13,13-037,13-037,PARTIDO SOCIAL DE UNIDAD NACIONAL,PARTIDO DE LA U,false,1401,28711,20.4932,28711,15831,0.5514,,,
concejo>asamblea,2011,2015,LUIS CARLOS BERROCAL HERNANDEZ,LUIS CARLOS BERROCAL HERNANDEZ,13,13-001,13-001,PARTIDO CONSERVADOR COLOMBIANO,PARTIDO LIBERAL COLOMBIANO,false,1396,3928,2.8138,3928,1713,0.4361,,,
concejo>asamblea,2011,2015,VICENTE ANIBAL OJEDA MARTINEZ,VICENTE ANIBAL OJEDA MARTINEZ,07,07-001,07-001,PARTIDO CONSERVADOR COLOMBIANO,PARTIDO CONSERVADOR COLOMBIANO,true,1379,5844,4.2379,5844,2244,0.384,,,
concejo>asamblea,2011,2015,FREDDY VALENCIA CARDONA,FREDDY VALENCIA CARDONA,26,26-001,26-001,PARTIDO DE INTEGRACION NACIONAL,PARTIDO LIBERAL COLOMBIANO,false,1369,7122,5.2023,7122,5328,0.7481,,,
concejo>asamblea,2011,2015,OSCAR HUMBERTO URUENA MEDINA,OSCAR HUMBERTO URUENA MEDINA,19,19-001,19-001,PARTIDO VERDE,PARTIDO ALIANZA VERDE,false,1366,10104,7.3968,10104,6336,0.6271,,,
concejo>asamblea,2011,2015,JACQUELINE FERNANDES PELAEZ,JACQUELINE FERNANDES PELAEZ,24,24-001,24-001,"MOVIMIENTO ""MIRA""",MOVIMIENTO MIRA,true,1357,1212,0.8931,1212,738,0.6089,,,
concejo>asamblea,2011,2015,ALVARO ALONSO VILLADA GARCIA,ALVARO ALONSO VILLADA GARCIA,01,01-001,01-001,FIRMES POR EL RESCATE DE MEDELLIN,PARTIDO DE LA U,false,1345,11477,8.5331,11477,2608,0.2272,,,
concejo>asamblea,2011,2015,OSCAR ORLANDO BEJARANO HERRERA,OSCAR ORLANDO BEJARANO HERRERA,52,52-001,52-001,PARTIDO DE INTEGRACION NACIONAL,PARTIDO CENTRO DEMOCRÁTICO,false,1325,6714,5.0672,6714,4270,0.636,,,
concejo>asamblea,2011,2015,LIFAN MAURICIO CAMACHO MOLANO,LIFAN MAURICIO CAMACHO MOLANO,07,07-001,07-001,PARTIDO LIBERAL COLOMBIANO,PARTIDO LIBERAL COLOMBIANO,true,1319,15744,11.9363,15744,3895,0.2474,,,
concejo>asamblea,2011,2015,EUTIMIO BALLESTEROS SARMIENTO,EUTIMIO BALLESTEROS SARMIENTO,29,29-001,29-001,PARTIDO DE INTEGRACION NACIONAL,PARTIDO ALIANZA VERDE,false,1199,4410,3.6781,4410,2704,0.6132,,,
concejo>asamblea,2011,2015,VICTOR MANUEL PEREZ MOGUEA,VICTOR MANUEL PEREZ MOGUEA,28,28-001,28-001,PARTIDO LIBERAL COLOMBIANO,PARTIDO OPCIÓN CIUDADANA,false,1197,2523,2.1078,2523,1496,0.5929,,,
concejo>asamblea,2011,2015,JOSE DE LOS SANTOS CHACIN LOPEZ,JOSE DE LOS SANTOS CHACIN LOPEZ,21,21-001,21-001,PARTIDO CAMBIO RADICAL,PARTIDO CAMBIO RADICAL,true,1186,6815,5.7462,6815,3431,0.5034,,,
concejo>asamblea,2011,2015,ORLANDO SEGURA VIATELA,ORLANDO SEGURA VIATELA,29,29-046,29-046,PARTIDO CAMBIO RADICAL,PARTIDO CAMBIO RADICAL,true,1152,15604,13.5451,15604,7782,0.4987,,,
concejo>asamblea,2011,2015,ERWIN ENRIQUE BAENA LOZANO,ERWIN ENRIQUE BAENA LOZANO,03,03-052,03-052,PARTIDO VERDE,PARTIDO ALIANZA VERDE,false,1142,3467,3.0359,3467,1622,0.4678,,,
concejo>asamblea,2011,2015,JOHN WILSON GUEVARA PORTOCARRERO,JOHN WILSON GUEVARA PORTOCARRERO,23,23-139,23-139,POLO DEMOCRÁTICO ALTERNATIVO,PARTIDO ALIANZA SOCIAL INDEPENDIENTE,false,1131,6411,5.6684,6411,3826,0.5968,,,
concejo>asamblea,2011,2015,ERIBERTO ANTONIO IBARRA CAMPO,ERIBERTO ANTONIO IBARRA CAMPO,48,48-001,48-001,MOVIMIENTO DE INCLUSION Y OPORTUNIDADES,PARTIDO ALIANZA SOCIAL INDEPENDIENTE,false,1113,8939,8.0314,8939,4746,0.5309,,,
concejo>asamblea,2011,2015,HERNAN ALONSO LEON HERNANDEZ,HERNAN ALONSO LEON HERNANDEZ,31,31-001,31-001,"MOVIMIENTO ""MIRA""",MOVIMIENTO MIRA,true,1025,3471,3.3863,3471,3044,0.877,,,
concejo>asamblea,2011,2015,JOSE IGNACIO BAQUERO BONILLA,JOSE IGNACIO BAQUERO BONILLA,12,12-001,12-001,PARTIDO SOCIAL DE UNIDAD NACIONAL,PARTIDO CAMBIO RADICAL,false,1007,3755,3.7289,3755,2576,0.686,,,
concejo>asamblea,2011,2015,ALEXANDER VELASCO BARON,ALEXANDER VELASCO BARON,07,07-079,07-079,PARTIDO CONSERVADOR COLOMBIANO,PARTIDO CONSERVADOR COLOMBIANO,true,997,1156,1.1595,1156,100,0.0865,,,
concejo>asamblea,2011,2015,FREDY ENRIQUE MARTINEZ ARTEAGA,FREDY ENRIQUE MARTINEZ ARTEAGA,40,40-001,40-001,PARTIDO CAMBIO RADICAL,PARTIDO CAMBIO RADICAL,true,987,2182,2.2107,2182,1904,0.8726,,,
concejo>asamblea,2011,2015,EDGAR FELIPE FAJARDO ZUNIGA,EDGAR FELIPE FAJARDO ZUNIGA,13,13-025,13-025,PARTIDO SOCIAL DE UNIDAD NACIONAL,PARTIDO CENTRO DEMOCRÁTICO,false,972,8352,8.5926,8352,3014,0.3609,,,
concejo>asamblea,2011,2015,CESAR ANTONIO PEREZ NARANJO,CESAR ANTONIO PEREZ NARANJO,07,07-001,07-001,PARTIDO VERDE,PARTIDO ALIANZA VERDE,false,940,6125,6.516,6125,2386,0.3896,,,
concejo>asamblea,2011,2015,JOSE MIGUEL MESTRA RAMOS,JOSE MIGUEL MESTRA RAMOS,13,13-010,13-010,PARTIDO LIBERAL COLOMBIANO,PARTIDO LIBERAL COLOMBIANO,true,938,4067,4.3358,4067,2288,0.5626,,,
concejo>asamblea,2011,2015,MARIA LOURDES CASTILLEJO PADILLA,MARIA LOURDES CASTILLEJO PADILLA,01,01-001,01-001,PARTIDO CAMBIO RADICAL,PARTIDO CENTRO DEMOCRÁTICO,false,926,9068,9.7927,9068,3973,0.4381,,,
concejo>asamblea,2011,2015,HERNANDO VARGAS RENGIFO,HERNANDO VARGAS RENGIFO,23,23-139,23-139,PARTIDO CONSERVADOR COLOMBIANO,PARTIDO LIBERAL COLOMBIANO,false,915,9331,10.1978,9331,7058,0.7564,,,
concejo>asamblea,2011,2015,GUSTAVO RIOS PENA,GUSTAVO RIOS PENA,31,31-106,31-106,PARTIDO CONSERVADOR COLOMBIANO,PARTIDO ALIANZA SOCIAL INDEPENDIENTE,false,894,2480,2.774,2480,1239,0.4996,,,
concejo>asamblea,2011,2015,RAMON ELIAS ABADIA RIVAS,RAMON ELIAS ABADIA RIVAS,31,31-019,31-019,"MOVIMIENTO ""MIRA""",MOVIMIENTO MIRA,true,882,2278,2.5828,2278,218,0.0957,,,
concejo>asamblea,2011,2015,GESSICA VALLEJO VALENCIA,GESSICA VALLEJO VALENCIA,31,31-031,31-031,PARTIDO DE INTEGRACION NACIONAL,PARTIDO LIBERAL COLOMBIANO,false,882,20102,22.7914,20102,8849,0.4402,,,
concejo>asamblea,2011,2015,LUIS ALBERTO CEBALLOS LOPEZ,LUIS ALBERTO CEBALLOS LOPEZ,31,31-001,31-001,PARTIDO VERDE,PARTIDO ALIANZA VERDE,false,850,2659,3.1282,2659,1578,0.5935,,,
concejo>asamblea,2011,2015,BIBIANA CAMACHO ARDILA,BIBIANA CAMACHO ARDILA,52,52-005,52-005,PARTIDO SOCIAL DE UNIDAD NACIONAL,PARTIDO DE LA U,false,845,2087,2.4698,2087,1213,0.5812,,,
concejo>asamblea,2011,2015,LUIS GEOVANI ORTIZ ARIAS,LUIS GEOVANI ORTIZ ARIAS,15,15-109,15-109,PARTIDO VERDE,PARTIDO ALIANZA VERDE,false,843,7881,9.3488,7881,4053,0.5143,,,
concejo>asamblea,2011,2015,EDWIN TEHERAN AMARIS,EDWIN TEHERAN AMARIS,48,48-016,48-016,PARTIDO ALIANZA SOCIAL INDEPENDIENTE,PARTIDO ALIANZA SOCIAL INDEPENDIENTE,true,843,4488,5.3238,4488,1776,0.3957,,,
concejo>asamblea,2011,2015,CELIA NORENA BANGUERO CAMILO,CELIA NORENA BANGUERO CAMILO,11,11-025,11-025,PARTIDO LIBERAL COLOMBIANO,PARTIDO LIBERAL COLOMBIANO,true,824,7396,8.9757,7396,3612,0.4884,,,
concejo>asamblea,2011,2015,HERNAN DARIO TORRES ALZATE,HERNAN DARIO TORRES ALZATE,01,01-133,01-133,PARTIDO LIBERAL COLOMBIANO,PARTIDO LIBERAL COLOMBIANO,true,819,36788,44.9182,36788,3129,0.0851,,,
concejo>asamblea,2011,2015,HERNAN ANSELMO PERCY GRACIA,HERNAN ANSELMO PERCY GRACIA,28,28-040,28-040,PARTIDO SOCIAL DE UNIDAD NACIONAL,PARTIDO DE LA U,false,812,8998,11.0813,8998,6733,0.7483,,,
concejo>asamblea,2011,2015,EDNA GRIJALBA MONCAYO,EDNA GRIJALBA MONCAYO,11,11-076,11-076,PARTIDO CONSERVADOR COLOMBIANO,PARTIDO CONSERVADOR COLOMBIANO,true,801,4307,5.377,4307,2096,0.4866,,,
concejo>asamblea,2011,2015,NERBEL REYES SOLANO,NERBEL REYES SOLANO,48,48-010,48-010,PARTIDO ALIANZA SOCIAL INDEPENDIENTE,PARTIDO ALIANZA SOCIAL INDEPENDIENTE,true,799,2739,3.428,2739,2131,0.778,,,
concejo>asamblea,2011,2015,JHON JAIRO CORDOBA BENITEZ,JHON JAIRO CORDOBA BENITEZ,17,17-001,17-001,PARTIDO CAMBIO RADICAL,PARTIDO CAMBIO RADICAL,true,796,1936,2.4322,1936,960,0.4959,,,
concejo>asamblea,2011,2015,ANDRES MAURICIO MORALES ANZOLA,ANDRES MAURICIO MORALES ANZOLA,40,40-001,40-001,PARTIDO CAMBIO RADICAL,PARTIDO CAMBIO RADICAL,true,796,1511,1.8982,1511,1194,0.7902,,,
concejo>asamblea,2011,2015,IVAN DANILO ALFEREZ FIGUEREDO,IVAN DANILO ALFEREZ FIGUEREDO,52,52-001,52-001,PARTIDO VERDE,PARTIDO ALIANZA SOCIAL INDEPENDIENTE,false,796,3784,4.7538,3784,851,0.2249,,,
concejo>asamblea,2011,2015,JESUS OMAR RENTERIA BORJA,JESUS OMAR RENTERIA BORJA,17,17-001,17-001,PARTIDO SOCIAL DE UNIDAD NACIONAL,PARTIDO DE LA U,false,792,3167,3.9987,3167,1706,0.5387,,,
concejo>asamblea,2011,2015,LUIS YESID VARGAS ESCARRAGA,LUIS YESID VARGAS ESCARRAGA,19,19-061,19-061,PARTIDO LIBERAL COLOMBIANO,PARTIDO LIBERAL COLOMBIANO,true,768,5991,7.8008,5991,2787,0.4652,,,
concejo>asamblea,2011,2015,ORLANDO JOSE CARDILES HERNANDEZ,ORLANDO JOSE CARDILES HERNANDEZ,21,21-001,21-001,PARTIDO DE INTEGRACION NACIONAL,PARTIDO OPCIÓN CIUDADANA,false,759,4823,6.3544,4823,2718,0.5635,,,
concejo>asamblea,2011,2015,CAMILO JOSE ROA MERCADO,CAMILO JOSE ROA MERCADO,03,03-046,03-046,PARTIDO CAMBIO RADICAL,PARTIDO CAMBIO RADICAL,true,751,6898,9.1851,6898,1238,0.1795,,,
concejo>asamblea,2011,2015,JOSE NOE PARRA ROMERO,JOSE NOE PARRA ROMERO,15,15-094,15-094,PARTIDO DE INTEGRACION NACIONAL,PARTIDO OPCIÓN CIUDADANA,false,745,4266,5.7262,4266,1672,0.3919,,,
concejo>asamblea,2011,2015,PABLO EVARISTO BERNAL MURILLO,PABLO EVARISTO BERNAL MURILLO,15,15-076,15-076,PARTIDO DE INTEGRACION NACIONAL,PARTIDO OPCIÓN CIUDADANA,false,738,5783,7.836,5783,3199,0.5532,,,
concejo>asamblea,2011,2015,ANGELA PATRICIA HERNANDEZ ALVAREZ,ANGELA PATRICIA HERNANDEZ ALVAREZ,27,27-082,27-082,PARTIDO SOCIAL DE UNIDAD NACIONAL,PARTIDO DE LA U,false,719,15572,21.6579,15572,3311,0.2126,,,
concejo>asamblea,2011,2015,EMIRO TORO PALOMINO,EMIRO TORO PALOMINO,05,05-043,05-043,PARTIDO DE INTEGRACION NACIONAL,PARTIDO OPCIÓN CIUDADANA,false,717,1462,2.0391,1462,734,0.5021,,,
concejo>asamblea,2011,2015,JOSE MANUEL GUERRA PASTRANA,JOSE MANUEL GUERRA PASTRANA,13,13-058,13-058,PARTIDO SOCIAL DE UNIDAD NACIONAL,PARTIDO DE LA U,false,712,5517,7.7486,5517,2469,0.4475,,,
concejo>asamblea,2011,2015,JOHN FREDY CORDOBA SANCHEZ,JOHN FREDY CORDOBA SANCHEZ,11,11-088,11-088,PARTIDO LIBERAL COLOMBIANO,PARTIDO LIBERAL COLOMBIANO,true,706,2652,3.7564,2652,1078,0.4065,,,
concejo>asamblea,2011,2015,YINETH YISELA CAVIEDES TRUJILLO,YINETH YISELA CAVIEDES TRUJILLO,44,44-001,44-001,PARTIDO SOCIAL DE UNIDAD NACIONAL,PARTIDO DE LA U,false,702,315,0.4487,315,111,0.3524,,,
concejo>asamblea,2011,2015,ANGELICA MARIA HENAO TORRES,ANGELICA MARIA HENAO TORRES,44,44-006,44-006,"MOVIMIENTO ""MIRA""",MOVIMIENTO MIRA,true,689,2863,4.1553,2863,1894,0.6615,,,
concejo>asamblea,2011,2015,ROMULO ALBERTO GONZALEZ MOSQUERA,ROMULO ALBERTO GONZALEZ MOSQUERA,31,31-022,31-022,PARTIDO LIBERAL COLOMBIANO,PARTIDO LIBERAL COLOMBIANO,true,687,7324,10.6608,7324,5214,0.7119,,,
concejo>asamblea,2011,2015,LUIS FERNANDO CASTANEDA PRADILLA,LUIS FERNANDO CASTANEDA PRADILLA,27,27-160,27-160,PARTIDO DE INTEGRACION NACIONAL,PARTIDO CENTRO DEMOCRÁTICO,false,679,10762,15.8498,10762,3036,0.2821,,,
concejo>asamblea,2011,2015,MARLEN FUERTE FAUSTINO,MARLEN FUERTE FAUSTINO,07,07-001,07-001,PARTIDO CAMBIO RADICAL,PARTIDO CAMBIO RADICAL,true,665,5439,8.1789,5439,1275,0.2344,,,
concejo>asamblea,2011,2015,OMAR ANDRES REINA MUNOZ,OMAR ANDRES REINA MUNOZ,09,09-007,09-007,PARTIDO CONSERVADOR COLOMBIANO,PARTIDO CONSERVADOR COLOMBIANO,true,659,9570,14.522,9570,2660,0.278,,,
concejo>asamblea,2011,2015,BERNARDO OTMARO BELALCAZAR DORADO,BERNARDO OTMARO BELALCAZAR DORADO,23,23-001,23-001,PARTIDO ALIANZA SOCIAL INDEPENDIENTE,PARTIDO CONSERVADOR COLOMBIANO,false,657,3121,4.7504,3121,375,0.1202,,,
concejo>asamblea,2011,2015,LIA MARGARITA MUNOZ RANGEL,LIA MARGARITA MUNOZ RANGEL,05,05-001,05-001,MOVIMIENTO POLITICO AFROVIDES,PARTIDO OPCIÓN CIUDADANA,false,653,966,1.4793,966,626,0.648,,,
concejo>asamblea,2011,2015,FABIO ALEXANDER MARROQUIN VEGA,FABIO ALEXANDER MARROQUIN VEGA,09,09-049,09-049,PARTIDO SOCIAL DE UNIDAD NACIONAL,PARTIDO DE LA U,false,652,1092,1.6748,1092,515,0.4716,,,
concejo>asamblea,2011,2015,JOSE EDWUAR MALPICA LIZARAZO,JOSE EDWUAR MALPICA LIZARAZO,25,25-054,25-054,PARTIDO CAMBIO RADICAL,PARTIDO ALIANZA VERDE,false,637,2596,4.0754,2596,1830,0.7049,,,
concejo>asamblea,2011,2015,GERMAN TARCICIO MORA SANDOVAL,GERMAN TARCICIO MORA SANDOVAL,07,07-001,07-001,PARTIDO CAMBIO RADICAL,PARTIDO OPCIÓN CIUDADANA,false,626,1819,2.9058,1819,555,0.3051,,,
concejo>asamblea,2011,2015,NESTOR IVAN PAEZ TOVAR,NESTOR IVAN PAEZ TOVAR,26,26-001,26-001,"MOVIMIENTO ""MIRA""",MOVIMIENTO MIRA,true,622,461,0.7412,461,282,0.6117,,,
concejo>asamblea,2011,2015,EDIER ERNEY LOBOA MINA,EDIER ERNEY LOBOA MINA,11,11-076,11-076,PARTIDO DE INTEGRACION NACIONAL,PARTIDO CAMBIO RADICAL,false,621,5155,8.3011,5155,3726,0.7228,,,
concejo>asamblea,2011,2015,ALIRIO MENDIETA PACHECO,ALIRIO MENDIETA PACHECO,09,09-001,09-001,PARTIDO VERDE,PARTIDO ALIANZA VERDE,false,610,1680,2.7541,1680,1128,0.6714,,,
concejo>asamblea,2011,2015,CARLOS JULIO DIAZ GRANADOS ALVAREZ,CARLOS JULIO DIAZ GRANADOS ALVAREZ,21,21-016,21-016,PARTIDO VERDE,PARTIDO ALIANZA VERDE,false,609,11069,18.1757,11069,5837,0.5273,,,
concejo>asamblea,2011,2015,SILVIO EDUARDO ARBOLEDA ARBOLEDA,SILVIO EDUARDO ARBOLEDA ARBOLEDA,09,09-130,09-130,PARTIDO LIBERAL COLOMBIANO,PARTIDO LIBERAL COLOMBIANO,true,609,9166,15.0509,9166,1855,0.2024,,,
concejo>asamblea,2011,2015,LEONARDO PINZON PACHON,LEONARDO PINZON PACHON,27,27-001,27-001,PARTIDO VERDE,PARTIDO ALIANZA VERDE,false,603,1510,2.5041,1510,704,0.4662,,,
concejo>asamblea,2011,2015,GUILLERMO EDUARDO FLETCHER VELASCO,GUILLERMO EDUARDO FLETCHER VELASCO,52,52-001,52-001,PARTIDO VERDE,PARTIDO CENTRO DEMOCRÁTICO,false,601,2468,4.1065,2468,1699,0.6884,,,
concejo>asamblea,2011,2015,CAMILO ALFONSO TORRES PRADA,CAMILO ALFONSO TORRES PRADA,27,27-019,27-019,POLO DEMOCRÁTICO ALTERNATIVO,PARTIDO POLO DEMOCRÁTICO ALTERNATIVO,true,597,9815,16.4405,9815,8141,0.8294,,,
concejo>asamblea,2011,2015,ALBA ROCIO CUEVAS ESPINOSA,ALBA ROCIO CUEVAS ESPINOSA,29,29-001,29-001,"MOVIMIENTO ""MIRA""",MOVIMIENTO MIRA,true,590,1393,2.361,1393,1095,0.7861,,,
concejo>asamblea,2011,2015,RAMON ORTIZ SANTOS,RAMON ORTIZ SANTOS,27,27-091,27-091,PARTIDO VERDE,PARTIDO ALIANZA VERDE,false,589,696,1.1817,696,95,0.1365,,,
concejo>asamblea,2011,2015,NAYID SALOMON NAFFAH HERNANDEZ,NAYID SALOMON NAFFAH HERNANDEZ,29,29-076,29-076,POLO DEMOCRÁTICO ALTERNATIVO,PARTIDO POLO DEMOCRÁTICO ALTERNATIVO,true,589,1341,2.2767,1341,99,0.0738,,,
concejo>asamblea,2011,2015,JUAN CARLOS PRIETO BARRIOS,JUAN CARLOS PRIETO BARRIOS,12,12-001,12-001,POLO DEMOCRÁTICO ALTERNATIVO,PARTIDO POLO DEMOCRÁTICO ALTERNATIVO,true,587,2647,4.5094,2647,1264,0.4775,,,
concejo>asamblea,2011,2015,CESAR AUGUSTO CARDENAS ALMARIO,CESAR AUGUSTO CARDENAS ALMARIO,44,44-001,44-001,PARTIDO CAMBIO RADICAL,PARTIDO CAMBIO RADICAL,true,580,431,0.7431,431,213,0.4942,,,
concejo>asamblea,2011,2015,MARCOS SOMOZA CAMPEROS,MARCOS SOMOZA CAMPEROS,40,40-025,40-025,PARTIDO ALIANZA SOCIAL INDEPENDIENTE,PARTIDO ALIANZA SOCIAL INDEPENDIENTE,true,564,2335,4.1401,2335,1829,0.7833,,,
concejo>asamblea,2011,2015,HENRY ALBERTO PENA PARRA,HENRY ALBERTO PENA PARRA,25,25-001,25-001,PARTIDO VERDE,PARTIDO ALIANZA VERDE,false,553,1671,3.0217,1671,915,0.5476,,,
concejo>asamblea,2011,2015,JUAN FERNANDO OLARTE COLLAZOS,JUAN FERNANDO OLARTE COLLAZOS,44,44-001,44-001,PARTIDO VERDE,PARTIDO ALIANZA VERDE,false,551,734,1.3321,734,263,0.3583,,,
concejo>asamblea,2011,2015,MAGNOLIA TOBON MELO,MAGNOLIA TOBON MELO,31,31-001,31-001,PARTIDO SOCIAL DE UNIDAD NACIONAL,PARTIDO DE LA U,false,544,5957,10.9504,5957,3159,0.5303,,,
concejo>asamblea,2011,2015,SONIA ESTHER VERGARA DIAZ,SONIA ESTHER VERGARA DIAZ,28,28-200,28-200,PARTIDO DE INTEGRACION NACIONAL,PARTIDO OPCIÓN CIUDADANA,false,523,6203,11.8604,6203,2345,0.378,,,
concejo>asamblea,2011,2015,CARLOS ANDRES DAZA PALOMINO,CARLOS ANDRES DAZA PALOMINO,48,48-013,48-013,PARTIDO ALIANZA SOCIAL INDEPENDIENTE,PARTIDO ALIANZA SOCIAL INDEPENDIENTE,true,514,6569,12.7802,6569,4327,0.6587,,,
concejo>asamblea,2011,2015,CARLOS FERNANDO OREJUELA CORDOBA,CARLOS FERNANDO OREJUELA CORDOBA,31,31-001,31-001,PARTIDO VERDE,PARTIDO ALIANZA SOCIAL INDEPENDIENTE,false,513,418,0.8148,418,195,0.4665,,,
concejo>asamblea,2011,2015,ORLANDO GRANADOS ACEVEDO,ORLANDO GRANADOS ACEVEDO,52,52-005,52-005,PARTIDO DE INTEGRACION NACIONAL,PARTIDO ALIANZA SOCIAL INDEPENDIENTE,false,508,3123,6.1476,3123,2033,0.651,,,
concejo>asamblea,2011,2015,JAVIER HERNANDO CAYCEDO SASTOQUE,JAVIER HERNANDO CAYCEDO SASTOQUE,15,15-340,15-340,ZIPAQUIRA DE TODOS,PARTIDO ALIANZA SOCIAL INDEPENDIENTE,false,495,2481,5.0121,2481,1151,0.4639,,,
concejo>asamblea,2011,2015,LUIS VICENTE ARIAS PALACIOS,LUIS VICENTE ARIAS PALACIOS,17,17-001,17-001,PARTIDO CAMBIO RADICAL,PARTIDO LIBERAL COLOMBIANO,false,493,3458,7.0142,3458,784,0.2267,,,
concejo>asamblea,2011,2015,FELIPE ANDRES PEREZ CABRERA,FELIPE ANDRES PEREZ CABRERA,44,44-001,44-001,POLO DEMOCRÁTICO ALTERNATIVO,PARTIDO POLO DEMOCRÁTICO ALTERNATIVO,true,488,1406,2.8811,1406,665,0.473,,,
concejo>asamblea,2011,2015,JOSE RODRIGO SARMIENTO,JOSE RODRIGO SARMIENTO,64,64-002,64-002,PARTIDO CONSERVADOR COLOMBIANO,PARTIDO CONSERVADOR COLOMBIANO,true,486,1316,2.7078,1316,1024,0.7781,,,
concejo>asamblea,2011,2015,JUAN CARLOS MENZA ULCUE,JUAN CARLOS MENZA ULCUE,11,11-076,11-076,PARTIDO ALIANZA SOCIAL INDEPENDIENTE,PARTIDO ALIANZA SOCIAL INDEPENDIENTE,true,485,1068,2.2021,1068,500,0.4682,,,
concejo>asamblea,2011,2015,ANDERSON ADOLFO PALACIOS URRUTIA,ANDERSON ADOLFO PALACIOS URRUTIA,17,17-001,17-001,PARTIDO LIBERAL COLOMBIANO,PARTIDO LIBERAL COLOMBIANO,true,485,3020,6.2268,3020,969,0.3209,,,
concejo>asamblea,2011,2015,FAUNIER ANTONIO VILLADA BETANCOURT,FAUNIER ANTONIO VILLADA BETANCOURT,24,24-046,24-046,"MOVIMIENTO ""MIRA""",MOVIMIENTO MIRA,true,483,2838,5.8758,2838,589,0.2075,,,
concejo>asamblea,2011,2015,JULIAN ANDRES RAMIREZ ALARCON,JULIAN ANDRES RAMIREZ ALARCON,31,31-103,31-103,PARTIDO ALIANZA SOCIAL INDEPENDIENTE,PARTIDO ALIANZA SOCIAL INDEPENDIENTE,true,479,1001,2.0898,1001,14,0.014,,,
concejo>asamblea,2011,2015,DIANA CAROLINA GOMEZ SERNA,DIANA CAROLINA GOMEZ SERNA,52,52-035,52-035,PARTIDO DE INTEGRACION NACIONAL,PARTIDO OPCIÓN CIUDADANA,false,458,2036,4.4454,2036,1139,0.5594,,,
concejo>asamblea,2011,2015,CARLOS ADOLFO VELASCO HOLGUIN,CARLOS ADOLFO VELASCO HOLGUIN,23,23-001,23-001,PARTIDO CAMBIO RADICAL,PARTIDO UNIÓN PATRIÓTICA,false,457,643,1.407,643,263,0.409,,,
concejo>asamblea,2011,2015,GILBERTO MARIN TOSNE,GILBERTO MARIN TOSNE,11,11-088,11-088,PARTIDO ALIANZA SOCIAL INDEPENDIENTE,PARTIDO ALIANZA SOCIAL INDEPENDIENTE,true,449,5562,12.3875,5562,1542,0.2772,,,
concejo>asamblea,2011,2015,HERNAN ALBERTO RODAS ORTIZ,HERNAN ALBERTO RODAS ORTIZ,01,01-001,01-001,PARTIDO VERDE,PARTIDO LIBERAL COLOMBIANO,false,446,4030,9.0359,4030,1047,0.2598,,,
concejo>asamblea,2011,2015,JOHN FREDY VILLARRAGA RODRIGUEZ,JOHN FREDY VILLARRAGA RODRIGUEZ,15,15-340,15-340,VIVE ZIPAQUIRA,PARTIDO OPCIÓN CIUDADANA,false,446,3270,7.3318,3270,1647,0.5037,,,
concejo>asamblea,2011,2015,PABLO ANTONIO RIOS MENDEZ,PABLO ANTONIO RIOS MENDEZ,40,40-010,40-010,MOVIMIENTO POLITICO AFROVIDES,PARTIDO ALIANZA VERDE,false,443,1329,3,1329,1068,0.8036,,,
concejo>asamblea,2011,2015,LUIS FELIPE CORTES TRIANA,LUIS FELIPE CORTES TRIANA,29,29-046,29-046,PARTIDO CONSERVADOR COLOMBIANO,PARTIDO CONSERVADOR COLOMBIANO,true,439,1689,3.8474,1689,484,0.2866,,,
concejo>asamblea,2011,2015,JHONIER VALENCIA MARIN,JHONIER VALENCIA MARIN,24,24-001,24-001,"MOVIMIENTO ""MIRA""",MOVIMIENTO MIRA,true,438,592,1.3516,592,309,0.522,,,
concejo>asamblea,2011,2015,IVONNE ANDREA PINEDA MOTTA,IVONNE ANDREA PINEDA MOTTA,44,44-001,44-001,PARTIDO SOCIAL DE UNIDAD NACIONAL,PARTIDO LIBERAL COLOMBIANO,false,436,540,1.2385,540,333,0.6167,,,
concejo>asamblea,2011,2015,CESAR AUGUSTO BATEMAN ROMERO,CESAR AUGUSTO BATEMAN ROMERO,21,21-001,21-001,MOVIMIENTO POLITICO AFROVIDES,PARTIDO ALIANZA VERDE,false,435,1648,3.7885,1648,848,0.5146,,,
concejo>asamblea,2011,2015,LUIS ALFREDO ZULETA LEGUIZAMO,LUIS ALFREDO ZULETA LEGUIZAMO,54,54-001,54-001,PARTIDO VERDE,PARTIDO ALIANZA VERDE,false,434,548,1.2627,548,528,0.9635,,,
concejo>asamblea,2011,2015,FABIO HUEPA CAICEDO,FABIO HUEPA CAICEDO,09,09-049,09-049,PARTIDO CAMBIO RADICAL,PARTIDO ALIANZA VERDE,false,434,396,0.9124,396,112,0.2828,,,
concejo>asamblea,2011,2015,JOSE EMIL LEAL DEVIA,JOSE EMIL LEAL DEVIA,29,29-046,29-046,PARTIDO CONSERVADOR COLOMBIANO,PARTIDO CONSERVADOR COLOMBIANO,true,432,2887,6.6829,2887,2175,0.7534,,,
concejo>asamblea,2011,2015,JOSE DE LOS SANTOS YANCE,JOSE DE LOS SANTOS YANCE,40,40-001,40-001,PARTIDO SOCIAL DE UNIDAD NACIONAL,PARTIDO DE LA U,false,430,538,1.2512,538,472,0.8773,,,
concejo>asamblea,2011,2015,JOSE ALFONSO ARIAS CAMPUZANO,JOSE ALFONSO ARIAS CAMPUZANO,48,48-004,48-004,PARTIDO CAMBIO RADICAL,PARTIDO CAMBIO RADICAL,true,429,7234,16.8625,7234,2820,0.3898,,,
concejo>asamblea,2011,2015,CARLOS ARTURO MAYORGA MORA,CARLOS ARTURO MAYORGA MORA,44,44-001,44-001,POLO DEMOCRÁTICO ALTERNATIVO,PARTIDO POLO DEMOCRÁTICO ALTERNATIVO,true,423,2292,5.4184,2292,1541,0.6723,,,
concejo>asamblea,2011,2015,GUILLERMO BERMEO TEJADA,GUILLERMO BERMEO TEJADA,19,19-049,19-049,PARTIDO LIBERAL COLOMBIANO,PARTIDO LIBERAL COLOMBIANO,true,418,1999,4.7823,1999,582,0.2911,,,
concejo>asamblea,2011,2015,GERARDO RUBIO CARRILLO,GERARDO RUBIO CARRILLO,26,26-001,26-001,POLO DEMOCRÁTICO ALTERNATIVO,PARTIDO POLO DEMOCRÁTICO ALTERNATIVO,true,414,447,1.0797,447,261,0.5839,,,
concejo>asamblea,2011,2015,HECTOR HIDEL AMAYA FERRUCHO,HECTOR HIDEL AMAYA FERRUCHO,05,05-095,05-095,PARTIDO CAMBIO RADICAL,PARTIDO CAMBIO RADICAL,true,414,3471,8.3841,3471,1758,0.5065,,,
concejo>asamblea,2011,2015,JORGE EDUARDO DIAZ REVOLLO,JORGE EDUARDO DIAZ REVOLLO,12,12-200,12-200,PARTIDO CONSERVADOR COLOMBIANO,PARTIDO CONSERVADOR COLOMBIANO,true,407,5269,12.9459,5269,4029,0.7647,,,
concejo>asamblea,2011,2015,LEANDRO ROGELIO LINARES MUNOZ,LEANDRO ROGELIO LINARES MUNOZ,40,40-001,40-001,PARTIDO VERDE,PARTIDO ALIANZA VERDE,false,402,982,2.4428,982,597,0.6079,,,
concejo>asamblea,2011,2015,CESAR AUGUSTO MOJICA BEDOYA,CESAR AUGUSTO MOJICA BEDOYA,07,07-079,07-079,PARTIDO LIBERAL COLOMBIANO,PARTIDO LIBERAL COLOMBIANO,true,401,3238,8.0748,3238,1511,0.4666,,,
concejo>asamblea,2011,2015,LUIS CARLOS SOLARTE DE LA CRUZ,LUIS CARLOS SOLARTE DE LA CRUZ,64,64-001,64-001,PARTIDO SOCIAL DE UNIDAD NACIONAL,PARTIDO DE LA U,false,383,539,1.4073,539,372,0.6902,,,
concejo>asamblea,2011,2015,ROBERT GREGORY ROA CASTANEDA,ROBERT GREGORY ROA CASTANEDA,03,03-052,03-052,MOVIMIENTO DE INCLUSION Y OPORTUNIDADES,PARTIDO LIBERAL COLOMBIANO,false,382,797,2.0864,797,130,0.1631,,,
concejo>asamblea,2011,2015,LEONARDO FABIO RIVERA GONZALEZ,LEONARDO FABIO RIVERA GONZALEZ,11,11-022,11-022,PARTIDO LIBERAL COLOMBIANO,PARTIDO LIBERAL COLOMBIANO,true,380,4410,11.6053,4410,2603,0.5902,,,
concejo>asamblea,2011,2015,JORGE ALEJANDRO VELEZ VASQUEZ,JORGE ALEJANDRO VELEZ VASQUEZ,50,50-001,50-001,PARTIDO LIBERAL COLOMBIANO,PARTIDO LIBERAL COLOMBIANO,true,378,325,0.8598,325,294,0.9046,,,
concejo>asamblea,2011,2015,ALEX HERNAN OCAMPO RODRIGUEZ,ALEX HERNAN OCAMPO RODRIGUEZ,54,54-001,54-001,PARTIDO SOCIAL DE UNIDAD NACIONAL,PARTIDO DE LA U,false,375,1254,3.344,1254,836,0.6667,,,
concejo>asamblea,2011,2015,YARIME SAMANDRA LOBO BAUTE,YARIME SAMANDRA LOBO BAUTE,12,12-001,12-001,PARTIDO VERDE,PARTIDO ALIANZA VERDE,false,373,1894,5.0777,1894,766,0.4044,,,
concejo>asamblea,2011,2015,JUAN ALEJANDRO RAMIREZ RAMIREZ,JUAN ALEJANDRO RAMIREZ RAMIREZ,01,01-001,01-001,PARTIDO DE INTEGRACION NACIONAL,PARTIDO ALIANZA VERDE,false,367,3653,9.9537,3653,1467,0.4016,,,
concejo>asamblea,2011,2015,YEISON FERNEY ROJAS MARTINEZ,YEISON FERNEY ROJAS MARTINEZ,54,54-007,54-007,PARTIDO SOCIAL DE UNIDAD NACIONAL,PARTIDO DE LA U,false,367,1518,4.1362,1518,1221,0.8043,,,
concejo>asamblea,2011,2015,FRANCISCO CESAR CALLEJAS MENDOZA,FRANCISCO CESAR CALLEJAS MENDOZA,07,07-181,07-181,PARTIDO SOCIAL DE UNIDAD NACIONAL,PARTIDO DE LA U,false,362,1586,4.3812,1586,360,0.227,,,
concejo>asamblea,2011,2015,HILDEBRANDO DUENAS ROJAS,HILDEBRANDO DUENAS ROJAS,46,46-880,46-880,PARTIDO SOCIAL DE UNIDAD NACIONAL,PARTIDO DE LA U,false,361,1717,4.7562,1717,1191,0.6937,,,
concejo>asamblea,2011,2015,FEDERMAN OSSA GIRALDO,FEDERMAN OSSA GIRALDO,24,24-086,24-086,PARTIDO CAMBIO RADICAL,PARTIDO DE LA U,false,360,2699,7.4972,2699,920,0.3409,,,
concejo>asamblea,2011,2015,BEATRIZ DIAZ PINEROS,BEATRIZ DIAZ PINEROS,60,60-001,60-001,PARTIDO SOCIAL DE UNIDAD NACIONAL,PARTIDO DE LA U,false,353,315,0.8924,315,288,0.9143,,,
concejo>asamblea,2011,2015,JUAN BAUTISTA DIAZ RIASCOS,JUAN BAUTISTA DIAZ RIASCOS,23,23-098,23-098,PARTIDO ALIANZA SOCIAL INDEPENDIENTE,PARTIDO ALIANZA SOCIAL INDEPENDIENTE,true,343,2037,5.9388,2037,525,0.2577,,,
concejo>asamblea,2011,2015,MIGUEL ANTONIO APARICIO QUENZA,MIGUEL ANTONIO APARICIO QUENZA,40,40-005,40-005,PARTIDO CAMBIO RADICAL,PARTIDO CAMBIO RADICAL,true,341,525,1.5396,525,397,0.7562,,,
concejo>asamblea,2011,2015,WILSON ORLANDO MORALES ALONSO,WILSON ORLANDO MORALES ALONSO,29,29-076,29-076,MOVIMIENTO DE INCLUSION Y OPORTUNIDADES,GANA EL TOLIMA,false,340,2043,6.0088,2043,1030,0.5042,,,
concejo>asamblea,2011,2015,HUGO CAMELO PELAEZ,HUGO CAMELO PELAEZ,26,26-010,26-010,PARTIDO CAMBIO RADICAL,PARTIDO CENTRO DEMOCRÁTICO,false,338,2366,7,2366,665,0.2811,,,
concejo>asamblea,2011,2015,YOLANDA ISABEL GUTIERREZ RIVAS,YOLANDA ISABEL GUTIERREZ RIVAS,01,01-088,01-088,PARTIDO CAMBIO RADICAL,PARTIDO CAMBIO RADICAL,true,336,2943,8.7589,2943,905,0.3075,,,
concejo>asamblea,2011,2015,GUSTAVO ALBERTO RENTERIA BERRIO,GUSTAVO ALBERTO RENTERIA BERRIO,01,01-001,01-001,POLO DEMOCRÁTICO ALTERNATIVO,PARTIDO CAMBIO RADICAL,false,333,3148,9.4535,3148,784,0.249,,,
concejo>asamblea,2011,2015,DONALDO DE JESUS GONZALEZ ROJAS,DONALDO DE JESUS GONZALEZ ROJAS,03,03-001,03-001,PARTIDO ALIANZA SOCIAL INDEPENDIENTE,PARTIDO ALIANZA VERDE,false,333,1440,4.3243,1440,1087,0.7549,,,
concejo>asamblea,2011,2015,JULIAN ENRIQUE BECARIA SANCHEZ,JULIAN ENRIQUE BECARIA SANCHEZ,27,27-013,27-013,PARTIDO SOCIAL DE UNIDAD NACIONAL,PARTIDO DE LA U,false,332,6957,20.9548,6957,2885,0.4147,,,
concejo>asamblea,2011,2015,ANGEL ANTONIO ARAGONES CORTEZ,ANGEL ANTONIO ARAGONES CORTEZ,44,44-001,44-001,"MOVIMIENTO ""MIRA""",MOVIMIENTO MIRA,true,329,687,2.0881,687,387,0.5633,,,
concejo>asamblea,2011,2015,JOSE ENOC CHICA RAMIREZ,JOSE ENOC CHICA RAMIREZ,40,40-005,40-005,POLO DEMOCRÁTICO ALTERNATIVO,PARTIDO POLO DEMOCRÁTICO ALTERNATIVO,true,326,298,0.9141,298,195,0.6544,,,
concejo>asamblea,2011,2015,FREDY YESID HERRERA,FREDY YESID HERRERA,54,54-001,54-001,PARTIDO CAMBIO RADICAL,PARTIDO CAMBIO RADICAL,true,323,614,1.9009,614,590,0.9609,,,
concejo>asamblea,2011,2015,MIREYA MARTINEZ DE YEPES,MIREYA MARTINEZ DE YEPES,07,07-214,07-214,PARTIDO SOCIAL DE UNIDAD NACIONAL,PARTIDO DE LA U,false,321,1188,3.7009,1188,547,0.4604,,,
concejo>asamblea,2011,2015,CARLOS ALBERTO GUIZA FIGUEROA,CARLOS ALBERTO GUIZA FIGUEROA,64,64-023,64-023,PARTIDO ALIANZA SOCIAL INDEPENDIENTE,PARTIDO ALIANZA SOCIAL INDEPENDIENTE,true,320,905,2.8281,905,786,0.8685,,,
concejo>asamblea,2011,2015,ORLANDO PACHECO PACHECO,ORLANDO PACHECO PACHECO,15,15-088,15-088,PARTIDO CAMBIO RADICAL,PARTIDO OPCIÓN CIUDADANA,false,319,1076,3.373,1076,43,0.04,,,
concejo>asamblea,2011,2015,SANDRA MILENA SOLIS LUNA,SANDRA MILENA SOLIS LUNA,52,52-045,52-045,PARTIDO SOCIAL DE UNIDAD NACIONAL,PARTIDO DE LA U,false,317,1818,5.735,1818,846,0.4653,,,
concejo>asamblea,2011,2015,BERNARDO BETANCOURT SERNA,BERNARDO BETANCOURT SERNA,54,54-001,54-001,PARTIDO VERDE,PARTIDO ALIANZA VERDE,false,317,450,1.4196,450,420,0.9333,,,
concejo>asamblea,2011,2015,OLGA YANETH BELTRAN DORADO,OLGA YANETH BELTRAN DORADO,07,07-001,07-001,PARTIDO SOCIAL DE UNIDAD NACIONAL,PARTIDO CENTRO DEMOCRÁTICO,false,316,3606,11.4114,3606,742,0.2058,,,
concejo>asamblea,2011,2015,DELBIS ESTHER MARTELO BARRIENTOS,DELBIS ESTHER MARTELO BARRIENTOS,05,05-001,05-001,PARTIDO ALIANZA SOCIAL INDEPENDIENTE,PARTIDO CENTRO DEMOCRÁTICO,false,312,1386,4.4423,1386,949,0.6847,,,
concejo>asamblea,2011,2015,CESAR HUMBERTO MORENO CORTES,CESAR HUMBERTO MORENO CORTES,54,54-001,54-001,PARTIDO LIBERAL COLOMBIANO,PARTIDO LIBERAL COLOMBIANO,true,304,373,1.227,373,345,0.9249,,,
concejo>asamblea,2011,2015,PAUL OSNEY MAMBI MARTINEZ,PAUL OSNEY MAMBI MARTINEZ,54,54-001,54-001,PARTIDO DE INTEGRACION NACIONAL,PARTIDO OPCIÓN CIUDADANA,false,296,346,1.1689,346,294,0.8497,,,
concejo>asamblea,2011,2015,JULIAN ALBERTO AMADOR HAYDAR,JULIAN ALBERTO AMADOR HAYDAR,21,21-052,21-052,PARTIDO VERDE,PARTIDO ALIANZA VERDE,false,295,2395,8.1186,2395,213,0.0889,,,
concejo>asamblea,2011,2015,LAUREANO ROJAS GALVAN,LAUREANO ROJAS GALVAN,25,25-093,25-093,PARTIDO CAMBIO RADICAL,PARTIDO CAMBIO RADICAL,true,293,3718,12.6894,3718,1935,0.5204,,,
concejo>asamblea,2011,2015,ELIGIO BERNARDO SANCHEZ ESTRADA,ELIGIO BERNARDO SANCHEZ ESTRADA,64,64-001,64-001,POLO DEMOCRÁTICO ALTERNATIVO,PARTIDO POLO DEMOCRÁTICO ALTERNATIVO,true,293,385,1.314,385,248,0.6442,,,
concejo>asamblea,2011,2015,DIONISIO DE JESUS GOMEZ CASTILLO,DIONISIO DE JESUS GOMEZ CASTILLO,28,28-001,28-001,PARTIDO CAMBIO RADICAL,PARTIDO CONSERVADOR COLOMBIANO,false,288,1985,6.8924,1985,678,0.3416,,,
concejo>asamblea,2011,2015,JOSE HUMBERTO PAEZ CEBALLOS,JOSE HUMBERTO PAEZ CEBALLOS,29,29-073,29-073,PARTIDO CAMBIO RADICAL,PARTIDO CAMBIO RADICAL,true,285,1753,6.1509,1753,1079,0.6155,,,
concejo>asamblea,2011,2015,DIEGO FERNANDO BOCANEGRA ESTRADA,DIEGO FERNANDO BOCANEGRA ESTRADA,29,29-001,29-001,PROGRESISTAS,PARTIDO ALIANZA VERDE,false,284,386,1.3592,386,199,0.5155,,,
concejo>asamblea,2011,2015,IVAN HUMBERTO MANOSALVA ROMERO,IVAN HUMBERTO MANOSALVA ROMERO,40,40-001,40-001,PARTIDO VERDE,PARTIDO ALIANZA VERDE,false,283,1641,5.7986,1641,1223,0.7453,,,
concejo>asamblea,2011,2015,HUMBERTO GOMEZ BERMUDEZ,HUMBERTO GOMEZ BERMUDEZ,52,52-043,52-043,PARTIDO CONSERVADOR COLOMBIANO,PARTIDO CONSERVADOR COLOMBIANO,true,280,1348,4.8143,1348,598,0.4436,,,
concejo>asamblea,2011,2015,JORGE FIERRO CORREA,JORGE FIERRO CORREA,44,44-010,44-010,POLO DEMOCRÁTICO ALTERNATIVO,PARTIDO POLO DEMOCRÁTICO ALTERNATIVO,true,279,1253,4.491,1253,1082,0.8635,,,
concejo>asamblea,2011,2015,JONNY FERNANDO PEREA RAMIREZ,JONNY FERNANDO PEREA RAMIREZ,11,11-049,11-049,PARTIDO VERDE,PARTIDO ALIANZA VERDE,false,278,4734,17.0288,4734,3358,0.7093,,,
concejo>asamblea,2011,2015,WILLIAM SANCHEZ BAUTISTA,WILLIAM SANCHEZ BAUTISTA,19,19-010,19-010,PARTIDO LIBERAL COLOMBIANO,PARTIDO LIBERAL COLOMBIANO,true,278,2839,10.2122,2839,939,0.3308,,,
concejo>asamblea,2011,2015,JOSE EUSTACIO RIVERA MONTES,JOSE EUSTACIO RIVERA MONTES,19,19-058,19-058,PARTIDO SOCIAL DE UNIDAD NACIONAL,PARTIDO DE LA U,false,276,7975,28.8949,7975,1332,0.167,,,
concejo>asamblea,2011,2015,ALVARO ALEJANDRO VELASQUEZ RODRIGUEZ,ALVARO ALEJANDRO VELASQUEZ RODRIGUEZ,31,31-079,31-079,"MOVIMIENTO ""MIRA""",MOVIMIENTO MIRA,true,275,3067,11.1527,3067,1499,0.4888,,,
concejo>asamblea,2011,2015,ERIKA PATRICIA GONZALEZ,ERIKA PATRICIA GONZALEZ,27,27-045,27-045,MOVIMIENTO DE INCLUSION Y OPORTUNIDADES,PARTIDO OPCIÓN CIUDADANA,false,270,5121,18.9667,5121,1538,0.3003,,,
concejo>asamblea,2011,2015,ALBERTO JOSE OSPINA GIRALDO,ALBERTO JOSE OSPINA GIRALDO,09,09-049,09-049,PARTIDO SOCIAL DE UNIDAD NACIONAL,PARTIDO ALIANZA VERDE,false,264,1194,4.5227,1194,93,0.0779,,,
concejo>asamblea,2011,2015,CARLOS ANDRES GUEVARA GOMEZ,CARLOS ANDRES GUEVARA GOMEZ,54,54-001,54-001,PARTIDO SOCIAL DE UNIDAD NACIONAL,PARTIDO CAMBIO RADICAL,false,262,1287,4.9122,1287,1259,0.9782,,,
concejo>asamblea,2011,2015,GUILLERMO CAMPOS RAMOS,GUILLERMO CAMPOS RAMOS,29,29-040,29-040,PARTIDO SOCIAL DE UNIDAD NACIONAL,PARTIDO DE LA U,false,261,6578,25.2031,6578,2524,0.3837,,,
concejo>asamblea,2011,2015,LUIS CARLOS QUINTERO ALVAREZ,LUIS CARLOS QUINTERO ALVAREZ,31,31-079,31-079,PARTIDO CAMBIO RADICAL,PARTIDO LIBERAL COLOMBIANO,false,258,3284,12.7287,3284,315,0.0959,,,
concejo>asamblea,2011,2015,OLGA PATRICIA MORALES GIRALDO,OLGA PATRICIA MORALES GIRALDO,44,44-001,44-001,PARTIDO SOCIAL DE UNIDAD NACIONAL,PARTIDO ALIANZA VERDE,false,256,694,2.7109,694,233,0.3357,,,
concejo>asamblea,2011,2015,OSWALDO YOBANY COLMENARES JARA,OSWALDO YOBANY COLMENARES JARA,46,46-680,46-680,PARTIDO LIBERAL COLOMBIANO,MOVIMIENTO AUTORIDADES INDÍGENAS DE COLOMBIA,false,253,508,2.0079,508,277,0.5453,,,
concejo>asamblea,2011,2015,JULIO LOPEZ MARTINEZ,JULIO LOPEZ MARTINEZ,50,50-001,50-001,PARTIDO CONSERVADOR COLOMBIANO,PARTIDO CONSERVADOR COLOMBIANO,true,247,48,0.1943,48,43,0.8958,,,
concejo>asamblea,2011,2015,FELIX HUMBERTO ROSANIA AGUIRRE,FELIX HUMBERTO ROSANIA AGUIRRE,48,48-010,48-010,POLO DEMOCRÁTICO ALTERNATIVO,PARTIDO POLO DEMOCRÁTICO ALTERNATIVO,true,243,1153,4.7449,1153,233,0.2021,,,
concejo>asamblea,2011,2015,NANCY PATRICIA VENEGAS GUALTEROS,NANCY PATRICIA VENEGAS GUALTEROS,15,15-031,15-031,PARTIDO LIBERAL COLOMBIANO,PARTIDO CAMBIO RADICAL,false,242,8846,36.5537,8846,2180,0.2464,,,
concejo>asamblea,2011,2015,RENNE MONTERO ROMERO,RENNE MONTERO ROMERO,50,50-001,50-001,PARTIDO LIBERAL COLOMBIANO,PARTIDO LIBERAL COLOMBIANO,true,237,138,0.5823,138,108,0.7826,,,
concejo>asamblea,2011,2015,ISRAEL SERNA MARMOLEJO,ISRAEL SERNA MARMOLEJO,17,17-001,17-001,PARTIDO LIBERAL COLOMBIANO,PARTIDO DE LA U,false,236,388,1.6441,388,208,0.5361,,,
concejo>asamblea,2011,2015,JOSE GREGORIO VIDES ZULUAGA,JOSE GREGORIO VIDES ZULUAGA,12,12-001,12-001,MOVIMIENTO AUTORIDADES INDIGENAS DE COLOMBIA,PARTIDO DE LA U,false,228,1451,6.364,1451,579,0.399,,,
concejo>asamblea,2011,2015,DAVID HURTADO MOSQUERA,DAVID HURTADO MOSQUERA,17,17-001,17-001,PARTIDO DE INTEGRACION NACIONAL,PARTIDO OPCIÓN CIUDADANA,false,228,1076,4.7193,1076,270,0.2509,,,
concejo>asamblea,2011,2015,JHONNY ALEXANDER BOTINA MARTINEZ,JHONNY ALEXANDER BOTINA MARTINEZ,64,64-002,64-002,PARTIDO LIBERAL COLOMBIANO,PARTIDO LIBERAL COLOMBIANO,true,223,1201,5.3857,1201,969,0.8068,,,
concejo>asamblea,2011,2015,JOSE SAID PERDOMO RIOBO,JOSE SAID PERDOMO RIOBO,29,29-089,29-089,PARTIDO CONSERVADOR COLOMBIANO,PARTIDO CONSERVADOR COLOMBIANO,true,221,4177,18.9005,4177,2604,0.6234,,,
concejo>asamblea,2011,2015,EDILBERTO DIX ORTEGA,EDILBERTO DIX ORTEGA,05,05-001,05-001,MOVIMIENTO DE INCLUSION Y OPORTUNIDADES,MOVIMIENTO AUTORIDADES INDÍGENAS DE COLOMBIA,false,220,490,2.2273,490,204,0.4163,,,
concejo>asamblea,2011,2015,RAUL ALBERTO DOMINGUEZ GOMEZ,RAUL ALBERTO DOMINGUEZ GOMEZ,05,05-001,05-001,MOVIMIENTO AUTORIDADES INDIGENAS DE COLOMBIA,PARTIDO CONSERVADOR COLOMBIANO,false,217,1634,7.53,1634,998,0.6108,,,
concejo>asamblea,2011,2015,JAIME GOMEZ CRUZ,JAIME GOMEZ CRUZ,60,60-001,60-001,PARTIDO CAMBIO RADICAL,PARTIDO ALIANZA VERDE,false,215,184,0.8558,184,125,0.6793,,,
concejo>asamblea,2011,2015,DAGOBERTO MORENO ALFONSO,DAGOBERTO MORENO ALFONSO,29,29-040,29-040,PARTIDO LIBERAL COLOMBIANO,GANA EL TOLIMA,false,214,536,2.5047,536,190,0.3545,,,
concejo>asamblea,2011,2015,NUBIA FLOR RUSSI,NUBIA FLOR RUSSI,29,29-001,29-001,MOVIMIENTO DE INCLUSION Y OPORTUNIDADES,PARTIDO POLO DEMOCRÁTICO ALTERNATIVO,false,212,674,3.1792,674,463,0.6869,,,
concejo>asamblea,2011,2015,CRISTIAN EDUARDO OROZCO POSADA,CRISTIAN EDUARDO OROZCO POSADA,48,48-016,48-016,PARTIDO CONSERVADOR COLOMBIANO,PARTIDO CONSERVADOR COLOMBIANO,true,212,2535,11.9575,2535,2028,0.8,,,
concejo>asamblea,2011,2015,GABRIEL HERNAN GAVIRIA BETANCUR,GABRIEL HERNAN GAVIRIA BETANCUR,01,01-019,01-019,POLO DEMOCRÁTICO ALTERNATIVO,PARTIDO POLO DEMOCRÁTICO ALTERNATIVO,true,211,3049,14.4502,3049,1475,0.4838,,,
concejo>asamblea,2011,2015,CARLOS EDILSON GARCIA SANCHEZ,CARLOS EDILSON GARCIA SANCHEZ,46,46-880,46-880,MOVIMIENTO POLITICO AFROVIDES,PARTIDO ALIANZA VERDE,false,211,2104,9.9716,2104,1422,0.6759,,,
concejo>asamblea,2011,2015,LUCAS URIEL MENDOZA CELY,LUCAS URIEL MENDOZA CELY,46,46-001,46-001,PARTIDO DE INTEGRACION NACIONAL,PARTIDO DE LA U,false,208,608,2.9231,608,486,0.7993,,,
concejo>asamblea,2011,2015,LEIDY YOHANA GARCIA MELENDEZ,LEIDY YOHANA GARCIA MELENDEZ,64,64-028,64-028,PARTIDO LIBERAL COLOMBIANO,PARTIDO LIBERAL COLOMBIANO,true,205,2798,13.6488,2798,2157,0.7709,,,
concejo>asamblea,2011,2015,RAUL HORACIO DIAZ CORTES,RAUL HORACIO DIAZ CORTES,31,31-106,31-106,MOVIMIENTO POLITICO AFROVIDES,PARTIDO ALIANZA SOCIAL INDEPENDIENTE,false,203,605,2.9803,605,312,0.5157,,,
concejo>asamblea,2011,2015,ALFONSO DIAZ CASTRO,ALFONSO DIAZ CASTRO,44,44-001,44-001,PARTIDO ALIANZA SOCIAL INDEPENDIENTE,PARTIDO UNIÓN PATRIÓTICA,false,202,208,1.0297,208,115,0.5529,,,
concejo>asamblea,2011,2015,JOSE AUGUSTO MENDOZA DIAZ,JOSE AUGUSTO MENDOZA DIAZ,60,60-001,60-001,PARTIDO CAMBIO RADICAL,PARTIDO CONSERVADOR COLOMBIANO,false,199,124,0.6231,124,105,0.8468,,,
concejo>asamblea,2011,2015,JAIRO OROZCO CASTANO,JAIRO OROZCO CASTANO,05,05-001,05-001,"MOVIMIENTO ""SI ES POSIBLE""",PARTIDO OPCIÓN CIUDADANA,false,198,1022,5.1616,1022,570,0.5577,,,
concejo>asamblea,2011,2015,EFREN CACUA BENITEZ,EFREN CACUA BENITEZ,72,72-006,72-006,PARTIDO DE INTEGRACION NACIONAL,PARTIDO OPCIÓN CIUDADANA,false,196,162,0.8265,162,151,0.9321,,,
concejo>asamblea,2011,2015,YESID CAMPOS SOTELO,YESID CAMPOS SOTELO,19,19-070,19-070,POLO DEMOCRÁTICO ALTERNATIVO,PARTIDO POLO DEMOCRÁTICO ALTERNATIVO,true,194,3739,19.2732,3739,2970,0.7943,,,
concejo>asamblea,2011,2015,URIEL CASTANO FAJARDO,URIEL CASTANO FAJARDO,50,50-001,50-001,PARTIDO SOCIAL DE UNIDAD NACIONAL,PARTIDO DE LA U,false,194,175,0.9021,175,175,1,,,
concejo>asamblea,2011,2015,WILSON OCTAVIO SANCHEZ VARGAS,WILSON OCTAVIO SANCHEZ VARGAS,60,60-007,60-007,PARTIDO CONSERVADOR COLOMBIANO,PARTIDO CONSERVADOR COLOMBIANO,true,190,360,1.8947,360,244,0.6778,,,
concejo>asamblea,2011,2015,EDUARDO SANTOS FLOREZ VERGARA,EDUARDO SANTOS FLOREZ VERGARA,12,12-608,12-608,PARTIDO VERDE,PARTIDO DE LA U,false,187,18890,101.016,18890,7554,0.3999,,,
concejo>asamblea,2011,2015,GABRIEL LOPEZ RUIZ,GABRIEL LOPEZ RUIZ,46,46-880,46-880,PARTIDO ALIANZA SOCIAL INDEPENDIENTE,PARTIDO ALIANZA SOCIAL INDEPENDIENTE,true,186,2507,13.4785,2507,1965,0.7838,,,
concejo>asamblea,2011,2015,WELLINGTON RANKIN BENT,WELLINGTON RANKIN BENT,56,56-004,56-004,PARTIDO SOCIAL DE UNIDAD NACIONAL,PARTIDO DE LA U,false,185,833,4.5027,833,739,0.8872,,,
concejo>asamblea,2011,2015,GERARDO EVELIO MENESES PAIVA,GERARDO EVELIO MENESES PAIVA,68,68-001,68-001,PARTIDO ALIANZA SOCIAL INDEPENDIENTE,PARTIDO ALIANZA SOCIAL INDEPENDIENTE,true,185,70,0.3784,70,68,0.9714,,,
concejo>asamblea,2011,2015,MARIA LIGIA PORTILLA CISNERO,MARIA LIGIA PORTILLA CISNERO,44,44-010,44-010,POLO DEMOCRÁTICO ALTERNATIVO,PARTIDO POLO DEMOCRÁTICO ALTERNATIVO,true,184,105,0.5707,105,32,0.3048,,,
concejo>asamblea,2011,2015,JOSE GERARDO ROZO ACEVEDO,JOSE GERARDO ROZO ACEVEDO,72,72-006,72-006,PARTIDO CAMBIO RADICAL,PARTIDO CAMBIO RADICAL,true,174,365,2.0977,365,281,0.7699,,,
concejo>asamblea,2011,2015,JHON FREDY TAPIA CRUZ,JHON FREDY TAPIA CRUZ,19,19-013,19-013,POLO DEMOCRÁTICO ALTERNATIVO,PARTIDO POLO DEMOCRÁTICO ALTERNATIVO,true,173,4640,26.8208,4640,2885,0.6218,,,
concejo>asamblea,2011,2015,BERTHA PINEDA BERNAL,BERTHA PINEDA BERNAL,60,60-001,60-001,PARTIDO VERDE,PARTIDO ALIANZA VERDE,false,173,152,0.8786,152,125,0.8224,,,
concejo>asamblea,2011,2015,EDISELIA NUNEZ JIMENEZ,EDISELIA NUNEZ JIMENEZ,09,09-049,09-049,"MOVIMIENTO ""MIRA""",MOVIMIENTO MIRA,true,170,1036,6.0941,1036,711,0.6863,,,
concejo>asamblea,2011,2015,ERIKA LILIANA VILLAR SARMIENTO,ERIKA LILIANA VILLAR SARMIENTO,13,13-001,13-001,MOVIMIENTO DE INCLUSION Y OPORTUNIDADES,PARTIDO CONSERVADOR COLOMBIANO,false,169,1023,6.0533,1023,443,0.433,,,
concejo>asamblea,2011,2015,MOISES CORTES ALVAREZ,MOISES CORTES ALVAREZ,29,29-001,29-001,POLO DEMOCRÁTICO ALTERNATIVO,PARTIDO POLO DEMOCRÁTICO ALTERNATIVO,true,169,559,3.3077,559,360,0.644,,,
concejo>asamblea,2011,2015,LUIS ARNULFO CRUZ OROZCO,LUIS ARNULFO CRUZ OROZCO,03,03-052,03-052,POLO DEMOCRÁTICO ALTERNATIVO,PARTIDO UNIÓN PATRIÓTICA,false,164,1273,7.7622,1273,281,0.2207,,,
concejo>asamblea,2011,2015,ALEXANDRA GUTIERREZ FONSECA,ALEXANDRA GUTIERREZ FONSECA,50,50-001,50-001,PARTIDO VERDE,PARTIDO ALIANZA VERDE,false,162,119,0.7346,119,105,0.8824,,,
concejo>asamblea,2011,2015,ANGELA PATRICIA CARVAJALINO GARRIDO,ANGELA PATRICIA CARVAJALINO GARRIDO,50,50-001,50-001,PARTIDO SOCIAL DE UNIDAD NACIONAL,PARTIDO DE LA U,false,162,140,0.8642,140,140,1,,,
concejo>asamblea,2011,2015,JORGE ELIECER GARCIA LOPEZ,JORGE ELIECER GARCIA LOPEZ,64,64-028,64-028,POLO DEMOCRÁTICO ALTERNATIVO,PARTIDO POLO DEMOCRÁTICO ALTERNATIVO,true,159,1404,8.8302,1404,1106,0.7877,,,
concejo>asamblea,2011,2015,HUBER ELIECER BARRETO OSPINO,HUBER ELIECER BARRETO OSPINO,21,21-040,21-040,PARTIDO DE INTEGRACION NACIONAL,PARTIDO CENTRO DEMOCRÁTICO,false,155,1152,7.4323,1152,436,0.3785,,,
concejo>asamblea,2011,2015,ROSA ASUNCION PINO CAICEDO,ROSA ASUNCION PINO CAICEDO,17,17-001,17-001,"MOVIMIENTO ""MIRA""",MOVIMIENTO MIRA,true,152,959,6.3092,959,435,0.4536,,,
concejo>asamblea,2011,2015,VILMA LUNA ALVAREZ,VILMA LUNA ALVAREZ,44,44-010,44-010,PARTIDO LIBERAL COLOMBIANO,PARTIDO CENTRO DEMOCRÁTICO,false,150,1645,10.9667,1645,691,0.4201,,,
concejo>asamblea,2011,2015,JAIRO GALINDO BEJARANO,JAIRO GALINDO BEJARANO,07,07-214,07-214,PARTIDO CAMBIO RADICAL,PARTIDO OPCIÓN CIUDADANA,false,149,688,4.6174,688,256,0.3721,,,
concejo>asamblea,2011,2015,ADRIANA MARIA GIRALDO GALLEGO,ADRIANA MARIA GIRALDO GALLEGO,01,01-001,01-001,POLO DEMOCRÁTICO ALTERNATIVO,PARTIDO POLO DEMOCRÁTICO ALTERNATIVO,true,147,439,2.9864,439,161,0.3667,,,
concejo>asamblea,2011,2015,WILLIAN ANGEL VARON RESTREPO,WILLIAN ANGEL VARON RESTREPO,29,29-073,29-073,PARTIDO SOCIAL DE UNIDAD NACIONAL,PARTIDO ALIANZA VERDE,false,146,690,4.726,690,456,0.6609,,,
concejo>asamblea,2011,2015,MARIA FERNANDA PERDOMO FIERRO,MARIA FERNANDA PERDOMO FIERRO,44,44-010,44-010,"MOVIMIENTO ""MIRA""",MOVIMIENTO MIRA,true,145,1154,7.9586,1154,795,0.6889,,,
concejo>asamblea,2011,2015,SADIL ALBERTO RODRIGUEZ,SADIL ALBERTO RODRIGUEZ,52,52-044,52-044,PARTIDO ALIANZA SOCIAL INDEPENDIENTE,PARTIDO ALIANZA SOCIAL INDEPENDIENTE,true,142,564,3.9718,564,234,0.4149,,,
concejo>asamblea,2011,2015,ANTONIO DE JESUS GUEVARA BETANCUR,ANTONIO DE JESUS GUEVARA BETANCUR,24,24-078,24-078,POLO DEMOCRÁTICO ALTERNATIVO,PARTIDO POLO DEMOCRÁTICO ALTERNATIVO,true,140,3453,24.6643,3453,2181,0.6316,,,
concejo>asamblea,2011,2015,WISMAN CASTANEDA ALFONSO,WISMAN CASTANEDA ALFONSO,40,40-017,40-017,POLO DEMOCRÁTICO ALTERNATIVO,PARTIDO POLO DEMOCRÁTICO ALTERNATIVO,true,140,761,5.4357,761,648,0.8515,,,
concejo>asamblea,2011,2015,JOSE OCTAVIANO CASTRO,JOSE OCTAVIANO CASTRO,15,15-328,15-328,MOVIMIENTO AUTORIDADES INDIGENAS DE COLOMBIA,PARTIDO ALIANZA SOCIAL INDEPENDIENTE,false,138,2196,15.913,2196,1300,0.592,,,
concejo>asamblea,2011,2015,JESUS SALOMON SAADE PEREZ,JESUS SALOMON SAADE PEREZ,21,21-049,21-049,PARTIDO LIBERAL COLOMBIANO,PARTIDO LIBERAL COLOMBIANO,true,133,1472,11.0677,1472,15,0.0102,,,
concejo>asamblea,2011,2015,MARIO ALONSO RAMIREZ MELCHOR,MARIO ALONSO RAMIREZ MELCHOR,25,25-001,25-001,PARTIDO DE INTEGRACION NACIONAL,PARTIDO CENTRO DEMOCRÁTICO,false,133,1492,11.218,1492,974,0.6528,,,
concejo>asamblea,2011,2015,GUILLERMO CARVAJAL PARAMO,GUILLERMO CARVAJAL PARAMO,44,44-006,44-006,PARTIDO CAMBIO RADICAL,PARTIDO CAMBIO RADICAL,true,133,1198,9.0075,1198,318,0.2654,,,
concejo>asamblea,2011,2015,ALONSO GARCIA TRUJILLO,ALONSO GARCIA TRUJILLO,68,68-001,68-001,PARTIDO CONSERVADOR COLOMBIANO,PARTIDO CONSERVADOR COLOMBIANO,true,133,26,0.1955,26,26,1,,,
concejo>asamblea,2011,2015,HERNANDO TORRES MUNOZ,HERNANDO TORRES MUNOZ,07,07-334,07-334,PARTIDO VERDE,PARTIDO ALIANZA VERDE,false,127,3304,26.0157,3304,1583,0.4791,,,
concejo>asamblea,2011,2015,ALIRIO PINERES ORDONEZ,ALIRIO PINERES ORDONEZ,27,27-181,27-181,PARTIDO VERDE,PARTIDO ALIANZA VERDE,false,126,1137,9.0238,1137,172,0.1513,,,
concejo>asamblea,2011,2015,ROBERTO DE JESUS MURGAS IBARRA,ROBERTO DE JESUS MURGAS IBARRA,48,48-005,48-005,PARTIDO SOCIAL DE UNIDAD NACIONAL,PARTIDO DE LA U,false,125,743,5.944,743,48,0.0646,,,
concejo>asamblea,2011,2015,ELDA DE JESUS JIMENEZ OSORNO,ELDA DE JESUS JIMENEZ OSORNO,72,72-006,72-006,PARTIDO DE INTEGRACION NACIONAL,PARTIDO ALIANZA VERDE,false,125,100,0.8,100,88,0.88,,,
concejo>asamblea,2011,2015,SILVIO ALZATE LOPEZ,SILVIO ALZATE LOPEZ,52,52-060,52-060,PARTIDO SOCIAL DE UNIDAD NACIONAL,PARTIDO CONSERVADOR COLOMBIANO,false,124,711,5.7339,711,290,0.4079,,,
concejo>asamblea,2011,2015,ANDERSON OSORIO MORENO,ANDERSON OSORIO MORENO,54,54-001,54-001,MOVIMIENTO DE INCLUSION Y OPORTUNIDADES,MOVIMIENTO AUTORIDADES INDÍGENAS DE COLOMBIA,false,121,314,2.595,314,244,0.7771,,,
concejo>asamblea,2011,2015,MARIA FERNANDA SISICUE,MARIA FERNANDA SISICUE,54,54-001,54-001,PARTIDO SOCIAL DE UNIDAD NACIONAL,PARTIDO DE LA U,false,121,64,0.5289,64,31,0.4844,,,
concejo>asamblea,2011,2015,HADER MARTINEZ PLAZAS,HADER MARTINEZ PLAZAS,64,64-001,64-001,PARTIDO SOCIAL DE UNIDAD NACIONAL,PARTIDO DE LA U,false,120,488,4.0667,488,193,0.3955,,,
concejo>asamblea,2011,2015,MARLY PIEDAD FORERO FLORIDO,MARLY PIEDAD FORERO FLORIDO,54,54-001,54-001,PARTIDO VERDE,MOVIMIENTO AUTORIDADES INDÍGENAS DE COLOMBIA,false,119,40,0.3361,40,39,0.975,,,
concejo>asamblea,2011,2015,MARIA CRISTINA FALLA AUDOR,MARIA CRISTINA FALLA AUDOR,68,68-001,68-001,PARTIDO CONSERVADOR COLOMBIANO,PARTIDO CONSERVADOR COLOMBIANO,true,118,60,0.5085,60,57,0.95,,,
concejo>asamblea,2011,2015,LUCY CANDELARIA ACUNA RICO,LUCY CANDELARIA ACUNA RICO,25,25-001,25-001,PARTIDO ALIANZA SOCIAL INDEPENDIENTE,PARTIDO DE LA U,false,117,1604,13.7094,1604,742,0.4626,,,
concejo>asamblea,2011,2015,JAVIER ENRIQUE CUCUNUBA REYES,JAVIER ENRIQUE CUCUNUBA REYES,21,21-001,21-001,PARTIDO ALIANZA SOCIAL INDEPENDIENTE,PARTIDO CENTRO DEMOCRÁTICO,false,115,1211,10.5304,1211,745,0.6152,,,
concejo>asamblea,2011,2015,CLAUDIA MARLENY MAYA TAPIA,CLAUDIA MARLENY MAYA TAPIA,64,64-002,64-002,PARTIDO ALIANZA SOCIAL INDEPENDIENTE,PARTIDO OPCIÓN CIUDADANA,false,111,156,1.4054,156,77,0.4936,,,
concejo>asamblea,2011,2015,NATALIA RIOS OCAMPO,NATALIA RIOS OCAMPO,09,09-001,09-001,POLO DEMOCRÁTICO ALTERNATIVO,PARTIDO POLO DEMOCRÁTICO ALTERNATIVO,true,110,994,9.0364,994,679,0.6831,,,
concejo>asamblea,2011,2015,ANA CECILIA FLOREZ CAPERA,ANA CECILIA FLOREZ CAPERA,29,29-085,29-085,PARTIDO ALIANZA SOCIAL INDEPENDIENTE,"MOVIMIENTO ALTERNATIVO INDÍGENA Y SOCIAL ""MAIS""",false,108,203,1.8796,203,8,0.0394,,,
concejo>asamblea,2011,2015,JOSE DEL CARMEN OLAYA PENA,JOSE DEL CARMEN OLAYA PENA,54,54-001,54-001,PARTIDO VERDE,PARTIDO ALIANZA VERDE,false,107,115,1.0748,115,97,0.8435,,,
concejo>asamblea,2011,2015,GEYMAN HERNAN CARDOZO PULIDO,GEYMAN HERNAN CARDOZO PULIDO,07,07-322,07-322,PARTIDO LIBERAL COLOMBIANO,PARTIDO LIBERAL COLOMBIANO,true,107,2834,26.486,2834,661,0.2332,,,
concejo>asamblea,2011,2015,RICARDO CARRILLO PALENCIA,RICARDO CARRILLO PALENCIA,15,15-340,15-340,PARTIDO LIBERAL COLOMBIANO,PARTIDO ALIANZA VERDE,false,106,975,9.1981,975,91,0.0933,,,
concejo>asamblea,2011,2015,ALVARO SOLER HUERFANO,ALVARO SOLER HUERFANO,72,72-006,72-006,PARTIDO VERDE,PARTIDO ALIANZA VERDE,false,106,70,0.6604,70,51,0.7286,,,
concejo>asamblea,2011,2015,JORGE MARINO RUIZ,JORGE MARINO RUIZ,60,60-001,60-001,MOVIMIENTO POLITICO AFROVIDES,PARTIDO ALIANZA SOCIAL INDEPENDIENTE,false,103,97,0.9417,97,83,0.8557,,,
concejo>asamblea,2011,2015,JESUS ROBERTO ZAMBRANO GOMEZ,JESUS ROBERTO ZAMBRANO GOMEZ,64,64-016,64-016,MOVIMIENTO POLITICO AFROVIDES,PARTIDO ALIANZA SOCIAL INDEPENDIENTE,false,103,273,2.6505,273,89,0.326,,,
concejo>asamblea,2011,2015,ORLANDO RIVAS HERRERA,ORLANDO RIVAS HERRERA,19,19-019,19-019,PARTIDO VERDE,PARTIDO ALIANZA VERDE,false,101,2046,20.2574,2046,466,0.2278,,,
concejo>asamblea,2011,2015,GUSTAVO TRUJILLO ARIAS,GUSTAVO TRUJILLO ARIAS,19,19-064,19-064,MOVIMIENTO DE INCLUSION Y OPORTUNIDADES,PARTIDO POLO DEMOCRÁTICO ALTERNATIVO,false,100,1327,13.27,1327,762,0.5742,,,
concejo>asamblea,2011,2015,IDELFONSO RAMON GONZALEZ PATERNINA,IDELFONSO RAMON GONZALEZ PATERNINA,60,60-001,60-001,PARTIDO DE INTEGRACION NACIONAL,PARTIDO UNIÓN PATRIÓTICA,false,96,16,0.1667,16,14,0.875,,,
concejo>asamblea,2011,2015,OVIDIO DE JESUS ALVAREZ PEREZ,OVIDIO DE JESUS ALVAREZ PEREZ,25,25-001,25-001,MOVIMIENTO DE INCLUSION Y OPORTUNIDADES,PARTIDO DE LA U,false,94,1746,18.5745,1746,925,0.5298,,,
concejo>asamblea,2011,2015,EDWIN HERLEY RAMIREZ HUERTAS,EDWIN HERLEY RAMIREZ HUERTAS,52,52-020,52-020,PARTIDO VERDE,PARTIDO OPCIÓN CIUDADANA,false,93,307,3.3011,307,103,0.3355,,,
concejo>asamblea,2011,2015,JHONY ENRIQUE TUIRAN DOMINGUEZ,JHONY ENRIQUE TUIRAN DOMINGUEZ,28,28-001,28-001,PARTIDO VERDE,PARTIDO DE LA U,false,90,498,5.5333,498,66,0.1325,,,
concejo>asamblea,2011,2015,NUBIA BEDOYA MUNOZ,NUBIA BEDOYA MUNOZ,31,31-079,31-079,"MOVIMIENTO ""MIRA""",MOVIMIENTO MIRA,true,90,2114,23.4889,2114,690,0.3264,,,
concejo>asamblea,2011,2015,PAULO OTONIEL GARCIA ORTEGA,PAULO OTONIEL GARCIA ORTEGA,64,64-023,64-023,PARTIDO VERDE,PARTIDO ALIANZA VERDE,false,90,833,9.2556,833,325,0.3902,,,
concejo>asamblea,2011,2015,LUIS RAMIRO BASTIDAS,LUIS RAMIRO BASTIDAS,44,44-022,44-022,PARTIDO ALIANZA SOCIAL INDEPENDIENTE,PARTIDO ALIANZA SOCIAL INDEPENDIENTE,true,88,623,7.0795,623,386,0.6196,,,
concejo>asamblea,2011,2015,MAMERTO ANTONIO ALFONSO VASQUEZ,MAMERTO ANTONIO ALFONSO VASQUEZ,60,60-001,60-001,POLO DEMOCRÁTICO ALTERNATIVO,"MOVIMIENTO ALTERNATIVO INDÍGENA Y SOCIAL ""MAIS""",false,88,63,0.7159,63,41,0.6508,,,
concejo>asamblea,2011,2015,MARIA DEL PILAR SERPA ROMERO,MARIA DEL PILAR SERPA ROMERO,15,15-076,15-076,POR UNA ALIANZA CIUDADANA,PARTIDO OPCIÓN CIUDADANA,false,85,233,2.7412,233,18,0.0773,,,
concejo>asamblea,2011,2015,CLARIBEL ARANGO RAMIREZ,CLARIBEL ARANGO RAMIREZ,26,26-001,26-001,POLO DEMOCRÁTICO ALTERNATIVO,PARTIDO POLO DEMOCRÁTICO ALTERNATIVO,true,85,229,2.6941,229,144,0.6288,,,
concejo>asamblea,2011,2015,MARIA MANUELA PATERNINA MEDINA,MARIA MANUELA PATERNINA MEDINA,28,28-300,28-300,PARTIDO CAMBIO RADICAL,PARTIDO CONSERVADOR COLOMBIANO,false,83,2778,33.4699,2778,905,0.3258,,,
concejo>asamblea,2011,2015,LORENA CLEMENTINA RENDON MIRANDA,LORENA CLEMENTINA RENDON MIRANDA,54,54-001,54-001,PARTIDO CONSERVADOR COLOMBIANO,MOVIMIENTO AUTORIDADES INDÍGENAS DE COLOMBIA,false,82,50,0.6098,50,43,0.86,,,
concejo>asamblea,2011,2015,AURA ELISA DIAZ PACHICHANA,AURA ELISA DIAZ PACHICHANA,64,64-030,64-030,PARTIDO CAMBIO RADICAL,PARTIDO CAMBIO RADICAL,true,82,78,0.9512,78,28,0.359,,,
concejo>asamblea,2011,2015,JHON JAIRO DURANGO REYES,JHON JAIRO DURANGO REYES,68,68-004,68-004,PARTIDO DE INTEGRACION NACIONAL,PARTIDO OPCIÓN CIUDADANA,false,82,111,1.3537,111,68,0.6126,,,
concejo>asamblea,2011,2015,MISAEL CARO PACHECO,MISAEL CARO PACHECO,44,44-003,44-003,PARTIDO ALIANZA SOCIAL INDEPENDIENTE,PARTIDO UNIÓN PATRIÓTICA,false,80,1495,18.6875,1495,1330,0.8896,,,
concejo>asamblea,2011,2015,JOHN FREDY MARTINEZ PATINO,JOHN FREDY MARTINEZ PATINO,54,54-003,54-003,PARTIDO VERDE,PARTIDO ALIANZA VERDE,false,79,441,5.5823,441,384,0.8707,,,
concejo>asamblea,2011,2015,JHON JAIRO LIZCANO MUNOZ,JHON JAIRO LIZCANO MUNOZ,64,64-004,64-004,MOVIMIENTO DE INCLUSION Y OPORTUNIDADES,PARTIDO DE LA U,false,79,340,4.3038,340,140,0.4118,,,
concejo>asamblea,2011,2015,MONICA EUGENIA SANCHEZ ROMAN,MONICA EUGENIA SANCHEZ ROMAN,01,01-247,01-247,PARTIDO ALIANZA SOCIAL INDEPENDIENTE,PARTIDO ALIANZA SOCIAL INDEPENDIENTE,true,78,3138,40.2308,3138,601,0.1915,,,
concejo>asamblea,2011,2015,DOMINGO LONDONO GOMEZ,DOMINGO LONDONO GOMEZ,31,31-001,31-001,MOVIMIENTO AUTORIDADES INDIGENAS DE COLOMBIA,PARTIDO DE LA U,false,78,3133,40.1667,3133,1453,0.4638,,,
concejo>asamblea,2011,2015,ALDUAL ESCOBAR GOMEZ,ALDUAL ESCOBAR GOMEZ,11,11-049,11-049,PARTIDO CONSERVADOR COLOMBIANO,PARTIDO ALIANZA SOCIAL INDEPENDIENTE,false,77,410,5.3247,410,31,0.0756,,,
concejo>asamblea,2011,2015,FERNANDO ALBERTO SIERRA AYALA,FERNANDO ALBERTO SIERRA AYALA,01,01-088,01-088,PARTIDO CONSERVADOR COLOMBIANO,PARTIDO ALIANZA VERDE,false,74,789,10.6622,789,66,0.0837,,,
concejo>asamblea,2011,2015,ANA SMITH CARRILLO GUTIERREZ,ANA SMITH CARRILLO GUTIERREZ,40,40-025,40-025,PARTIDO DE INTEGRACION NACIONAL,PARTIDO OPCIÓN CIUDADANA,false,73,109,1.4932,109,49,0.4495,,,
concejo>asamblea,2011,2015,HELMER TEODOLFO RIASCOS ALOMIA,HELMER TEODOLFO RIASCOS ALOMIA,31,31-046,31-046,POLO DEMOCRÁTICO ALTERNATIVO,PARTIDO POLO DEMOCRÁTICO ALTERNATIVO,true,71,2648,37.2958,2648,240,0.0906,,,
concejo>asamblea,2011,2015,LUZ AMPARO SARABIA HERNANDEZ,LUZ AMPARO SARABIA HERNANDEZ,12,12-700,12-700,PARTIDO SOCIAL DE UNIDAD NACIONAL,PARTIDO OPCIÓN CIUDADANA,false,70,1047,14.9571,1047,283,0.2703,,,
concejo>asamblea,2011,2015,NARLY MOYA MORENO,NARLY MOYA MORENO,17,17-034,17-034,PARTIDO SOCIAL DE UNIDAD NACIONAL,PARTIDO DE LA U,false,70,585,8.3571,585,89,0.1521,,,
concejo>asamblea,2011,2015,WALTER USLEY BRICENO CESPEDES,WALTER USLEY BRICENO CESPEDES,54,54-003,54-003,PARTIDO VERDE,PARTIDO CONSERVADOR COLOMBIANO,false,70,214,3.0571,214,170,0.7944,,,
concejo>asamblea,2011,2015,EUSTORGIO RAMON ARRIETA PALACIO,EUSTORGIO RAMON ARRIETA PALACIO,13,13-032,13-032,PARTIDO DE INTEGRACION NACIONAL,PARTIDO CENTRO DEMOCRÁTICO,false,66,1436,21.7576,1436,429,0.2987,,,
concejo>asamblea,2011,2015,SOFIA INES SANCHEZ QUINTANA,SOFIA INES SANCHEZ QUINTANA,29,29-016,29-016,PARTIDO SOCIAL DE UNIDAD NACIONAL,PARTIDO CAMBIO RADICAL,false,66,1265,19.1667,1265,379,0.2996,,,
concejo>asamblea,2011,2015,INES JUDITH ABELLO BEDOYA,INES JUDITH ABELLO BEDOYA,01,01-079,01-079,PARTIDO ALIANZA SOCIAL INDEPENDIENTE,"MOVIMIENTO ALTERNATIVO INDÍGENA Y SOCIAL ""MAIS""",false,65,1302,20.0308,1302,155,0.119,,,
concejo>asamblea,2011,2015,NAPOLEON DORADO ESCOBAR,NAPOLEON DORADO ESCOBAR,11,11-061,11-061,PARTIDO VERDE,"MOVIMIENTO ALTERNATIVO INDÍGENA Y SOCIAL ""MAIS""",false,65,1608,24.7385,1608,254,0.158,,,
concejo>asamblea,2011,2015,RUBY ESTER FORTICH ALARCON,RUBY ESTER FORTICH ALARCON,05,05-001,05-001,MOVIMIENTO POLITICO AFROVIDES,PARTIDO ALIANZA VERDE,false,65,709,10.9077,709,435,0.6135,,,
concejo>asamblea,2011,2015,SNEIDER VAGEON REUTO,SNEIDER VAGEON REUTO,72,72-008,72-008,PARTIDO DE INTEGRACION NACIONAL,PARTIDO CENTRO DEMOCRÁTICO,false,64,460,7.1875,460,143,0.3109,,,
concejo>asamblea,2011,2015,LUIS EDUARDO PELAEZ JARAMILLO,LUIS EDUARDO PELAEZ JARAMILLO,01,01-205,01-205,POLO DEMOCRÁTICO ALTERNATIVO,PARTIDO POLO DEMOCRÁTICO ALTERNATIVO,true,62,6643,107.1452,6643,3919,0.5899,,,
concejo>asamblea,2011,2015,WILLIAM GERARDO GARZON GARZON,WILLIAM GERARDO GARZON GARZON,15,15-064,15-064,PARTIDO ALIANZA SOCIAL INDEPENDIENTE,PARTIDO ALIANZA SOCIAL INDEPENDIENTE,true,61,5475,89.7541,5475,809,0.1478,,,
concejo>asamblea,2011,2015,PEDRO ANTONIO CARIBAN MARTINEZ,PEDRO ANTONIO CARIBAN MARTINEZ,72,72-006,72-006,MOVIMIENTO AUTORIDADES INDIGENAS DE COLOMBIA,"MOVIMIENTO ALTERNATIVO INDÍGENA Y SOCIAL ""MAIS""",false,61,104,1.7049,104,96,0.9231,,,
concejo>asamblea,2011,2015,BLANCO ALIRIO CALDERON DURAN,BLANCO ALIRIO CALDERON DURAN,44,44-004,44-004,PARTIDO LIBERAL COLOMBIANO,PARTIDO POLO DEMOCRÁTICO ALTERNATIVO,false,60,638,10.6333,638,505,0.7915,,,
concejo>asamblea,2011,2015,LUIS ARTURO FONTECHA CAMACHO,LUIS ARTURO FONTECHA CAMACHO,52,52-005,52-005,POLO DEMOCRÁTICO ALTERNATIVO,PARTIDO POLO DEMOCRÁTICO ALTERNATIVO,true,59,355,6.0169,355,57,0.1606,,,
concejo>asamblea,2011,2015,FREDY NARANJO GAITAN,FREDY NARANJO GAITAN,72,72-006,72-006,MOVIMIENTO DE INCLUSION Y OPORTUNIDADES,"MOVIMIENTO ALTERNATIVO INDÍGENA Y SOCIAL ""MAIS""",false,58,315,5.431,315,300,0.9524,,,
concejo>asamblea,2011,2015,DIANA MERCEDES CABRERA JURADO,DIANA MERCEDES CABRERA JURADO,23,23-001,23-001,PARTIDO LIBERAL COLOMBIANO,PARTIDO LIBERAL COLOMBIANO,true,57,728,12.7719,728,214,0.294,,,
concejo>asamblea,2011,2015,MARINO DE LA CRUZ HENAO FRANCO,MARINO DE LA CRUZ HENAO FRANCO,01,01-043,01-043,PARTIDO VERDE,PARTIDO ALIANZA SOCIAL INDEPENDIENTE,false,55,877,15.9455,877,188,0.2144,,,
concejo>asamblea,2011,2015,NOE FERNANDO LOPEZ MORENO,NOE FERNANDO LOPEZ MORENO,27,27-001,27-001,PARTIDO VERDE,PARTIDO OPCIÓN CIUDADANA,false,55,330,6,330,101,0.3061,,,
concejo>asamblea,2011,2015,MIGUEL RUBEN FIQUITIVA BALCERO,MIGUEL RUBEN FIQUITIVA BALCERO,15,15-046,15-046,MOVIMIENTO DE INCLUSION Y OPORTUNIDADES,PARTIDO OPCIÓN CIUDADANA,false,51,1505,29.5098,1505,427,0.2837,,,
concejo>asamblea,2011,2015,LILY IPUZ MEDINA,LILY IPUZ MEDINA,29,29-001,29-001,POLO DEMOCRÁTICO ALTERNATIVO,PARTIDO UNIÓN PATRIÓTICA,false,49,346,7.0612,346,220,0.6358,,,
concejo>asamblea,2011,2015,BLANCA NELSI CHIRAN CHANTRE,BLANCA NELSI CHIRAN CHANTRE,11,11-001,11-001,PARTIDO DE INTEGRACION NACIONAL,PARTIDO OPCIÓN CIUDADANA,false,47,340,7.234,340,104,0.3059,,,
concejo>asamblea,2011,2015,JANETH LILIAN PARDO BAOS,JANETH LILIAN PARDO BAOS,60,60-001,60-001,PARTIDO DE INTEGRACION NACIONAL,PARTIDO DE LA U,false,47,205,4.3617,205,176,0.8585,,,
concejo>asamblea,2011,2015,NILSON MANUEL YEPES BALDOVINO,NILSON MANUEL YEPES BALDOVINO,68,68-004,68-004,PARTIDO CAMBIO RADICAL,PARTIDO CAMBIO RADICAL,true,43,137,3.186,137,87,0.635,,,
concejo>asamblea,2011,2015,JAIME HUELGAS CORAL,JAIME HUELGAS CORAL,64,64-025,64-025,PARTIDO LIBERAL COLOMBIANO,PARTIDO CAMBIO RADICAL,false,42,137,3.2619,137,35,0.2555,,,
concejo>asamblea,2011,2015,FRANCISCO JAVIER POSADA LONGAS,FRANCISCO JAVIER POSADA LONGAS,24,24-025,24-025,POLO DEMOCRÁTICO ALTERNATIVO,PARTIDO POLO DEMOCRÁTICO ALTERNATIVO,true,40,553,13.825,553,104,0.1881,,,
concejo>asamblea,2011,2015,RAUL ESTEBAN SALCEDO NIETO,RAUL ESTEBAN SALCEDO NIETO,28,28-001,28-001,POLO DEMOCRÁTICO ALTERNATIVO,PARTIDO DE LA U,false,40,735,18.375,735,237,0.3224,,,
concejo>asamblea,2011,2015,OSCAR PISSO PISSO,OSCAR PISSO PISSO,64,64-025,64-025,PARTIDO VERDE,PARTIDO ALIANZA VERDE,false,40,683,17.075,683,97,0.142,,,
concejo>asamblea,2011,2015,DORIS NUBIA SUAREZ SANTAMARIA,DORIS NUBIA SUAREZ SANTAMARIA,27,27-220,27-220,PARTIDO DE INTEGRACION NACIONAL,PARTIDO OPCIÓN CIUDADANA,false,39,2513,64.4359,2513,1140,0.4536,,,
concejo>asamblea,2011,2015,ALIS PURICHO PENA,ALIS PURICHO PENA,60,60-007,60-007,PARTIDO LIBERAL COLOMBIANO,"MOVIMIENTO ALTERNATIVO INDÍGENA Y SOCIAL ""MAIS""",false,39,15,0.3846,15,2,0.1333,,,
concejo>asamblea,2011,2015,JUAN CORAL ERASO,JUAN CORAL ERASO,23,23-019,23-019,POLO DEMOCRÁTICO ALTERNATIVO,PARTIDO UNIÓN PATRIÓTICA,false,36,1661,46.1389,1661,271,0.1632,,,
concejo>asamblea,2011,2015,MISAEL DIAZ ARDILA,MISAEL DIAZ ARDILA,44,44-012,44-012,PARTIDO CONSERVADOR COLOMBIANO,PARTIDO CENTRO DEMOCRÁTICO,false,36,484,13.4444,484,8,0.0165,,,
concejo>asamblea,2011,2015,LUIS ALBERTO VIZCAINO,LUIS ALBERTO VIZCAINO,21,21-016,21-016,PARTIDO CONSERVADOR COLOMBIANO,PARTIDO CONSERVADOR COLOMBIANO,true,34,1449,42.6176,1449,258,0.1781,,,
concejo>asamblea,2011,2015,JANETH ZAMUDIO PAREDES,JANETH ZAMUDIO PAREDES,25,25-010,25-010,PARTIDO CONSERVADOR COLOMBIANO,PARTIDO POLO DEMOCRÁTICO ALTERNATIVO,false,32,620,19.375,620,37,0.0597,,,
concejo>asamblea,2011,2015,CARLOS HUMBERTO PINZON MURIEL,CARLOS HUMBERTO PINZON MURIEL,15,15-247,15-247,MOVIMIENTO DE INCLUSION Y OPORTUNIDADES,PARTIDO LIBERAL COLOMBIANO,false,30,431,14.3667,431,51,0.1183,,,
concejo>asamblea,2011,2015,CARMEN LOPEZ CASTANO,CARMEN LOPEZ CASTANO,09,09-076,09-076,PARTIDO CAMBIO RADICAL,PARTIDO CAMBIO RADICAL,true,30,764,25.4667,764,202,0.2644,,,
concejo>asamblea,2011,2015,RUBIELA MARTINEZ GAITAN,RUBIELA MARTINEZ GAITAN,72,72-006,72-006,PARTIDO CAMBIO RADICAL,MOVIMIENTO AUTORIDADES INDÍGENAS DE COLOMBIA,false,28,29,1.0357,29,7,0.2414,,,
concejo>asamblea,2011,2015,JULIO ESTEBAN ECHEVERRI ZAPATA,JULIO ESTEBAN ECHEVERRI ZAPATA,01,01-043,01-043,PARTIDO VERDE,PARTIDO ALIANZA VERDE,false,27,1157,42.8519,1157,11,0.0095,,,
concejo>asamblea,2011,2015,CAROLINA GARZON YEPEZ,CAROLINA GARZON YEPEZ,23,23-038,23-038,POLO DEMOCRÁTICO ALTERNATIVO,PARTIDO POLO DEMOCRÁTICO ALTERNATIVO,true,27,664,24.5926,664,8,0.012,,,
concejo>asamblea,2011,2015,ALBERTO QUINONEZ GRUESO,ALBERTO QUINONEZ GRUESO,64,64-004,64-004,MOVIMIENTO DE INCLUSION Y OPORTUNIDADES,MOVIMIENTO AUTORIDADES INDÍGENAS DE COLOMBIA,false,27,109,4.037,109,62,0.5688,,,
concejo>asamblea,2011,2015,JESUS DE LOS REYES SARMIENTO,JESUS DE LOS REYES SARMIENTO,03,03-046,03-046,PARTIDO ALIANZA SOCIAL INDEPENDIENTE,PARTIDO CENTRO DEMOCRÁTICO,false,25,599,23.96,599,78,0.1302,,,
concejo>asamblea,2011,2015,LUZ MARINA CARDENAS RICO,LUZ MARINA CARDENAS RICO,15,15-190,15-190,PARTIDO CAMBIO RADICAL,PARTIDO CAMBIO RADICAL,true,23,4077,177.2609,4077,124,0.0304,,,
concejo>asamblea,2011,2015,CLARA MILENA SANTAELLA BEDOYA,CLARA MILENA SANTAELLA BEDOYA,25,25-010,25-010,PARTIDO CONSERVADOR COLOMBIANO,PARTIDO CAMBIO RADICAL,false,22,3085,140.2273,3085,276,0.0895,,,
concejo>asamblea,2011,2015,JOSE IGSAEL BARRIOS,JOSE IGSAEL BARRIOS,29,29-001,29-001,PARTIDO ALIANZA SOCIAL INDEPENDIENTE,PARTIDO CAMBIO RADICAL,false,20,1244,62.2,1244,492,0.3955,,,
concejo>asamblea,2011,2015,LUIS CARLOS PALACIOS,LUIS CARLOS PALACIOS,31,31-121,31-121,MOVIMIENTO POLITICO AFROVIDES,"MOVIMIENTO ALTERNATIVO INDÍGENA Y SOCIAL ""MAIS""",false,19,956,50.3158,956,135,0.1412,,,
concejo>asamblea,2011,2015,HERNANDO SANCHEZ PEREZ,HERNANDO SANCHEZ PEREZ,72,72-006,72-006,MOVIMIENTO AUTORIDADES INDIGENAS DE COLOMBIA,PARTIDO CENTRO DEMOCRÁTICO,false,15,75,5,75,44,0.5867,,,
concejo>asamblea,2011,2015,AMPARO TOLOZA CAMPUZANO,AMPARO TOLOZA CAMPUZANO,05,05-065,05-065,PARTIDO CAMBIO RADICAL,PARTIDO ALIANZA SOCIAL INDEPENDIENTE,false,6,949,158.1667,949,129,0.1359,,,
concejo>asamblea,2011,2015,LEONEL DE JESUS MUNOZ TABORDA,LEONEL DE JESUS MUNOZ TABORDA,01,01-274,01-274,PARTIDO CAMBIO RADICAL,PARTIDO ALIANZA VERDE,false,3,733,244.3333,733,0,0,,,
concejo>asamblea,2011,2015,AUGUSTO BOTERO MARTINEZ,AUGUSTO BOTERO MARTINEZ,12,12-375,12-375,PARTIDO LIBERAL COLOMBIANO,PARTIDO ALIANZA VERDE,false,3,2348,782.6667,2348,639,0.2721,,,
concejo>asamblea,2011,2015,DAGOBERTO LOSADA GOMEZ,DAGOBERTO LOSADA GOMEZ,68,68-017,68-017,PARTIDO CONSERVADOR COLOMBIANO,PARTIDO LIBERAL COLOMBIANO,false,2,253,126.5,253,165,0.6522,,,
concejo>asamblea,2015,2019,ALVARO MUNERA BUILES,ALVARO MUNERA BUILES,01,01-001,01-001,PARTIDO CONSERVADOR COLOMBIANO,PARTIDO CONSERVADOR COLOMBIANO,true,13206,28113,2.1288,28113,17405,0.6191,,,
concejo>asamblea,2015,2019,SANTIAGO MIGUEL ARIAS FERNANDEZ,SANTIAGO MIGUEL ARIAS FERNANDEZ,03,03-001,03-001,PARTIDO CAMBIO RADICAL,PARTIDO CAMBIO RADICAL,true,11212,32896,2.934,32896,19452,0.5913,,,
concejo>asamblea,2015,2019,RENE RODRIGO GARZON MARTINEZ,RENE RODRIGO GARZON MARTINEZ,27,27-001,27-001,PARTIDO LIBERAL COLOMBIANO,PARTIDO LIBERAL COLOMBIANO,true,6117,14075,2.301,14075,4463,0.3171,,,
concejo>asamblea,2015,2019,RAFAEL GUILLERMO GONZALEZ MARTELO,RAFAEL GUILLERMO GONZALEZ MARTELO,28,28-001,28-001,PARTIDO CONSERVADOR COLOMBIANO,PARTIDO CONSERVADOR COLOMBIANO,true,5120,22202,4.3363,22202,10819,0.4873,,,
concejo>asamblea,2015,2019,HUGO PERLAZA CALLE,HUGO PERLAZA CALLE,31,31-079,31-079,PARTIDO DE LA U,PARTIDO SOCIAL DE UNIDAD NACIONAL  PARTIDO DE LA U,false,5086,37987,7.4689,37987,23486,0.6183,,,
concejo>asamblea,2015,2019,JULIO CESAR VALLEJO MONTENEGRO,JULIO CESAR VALLEJO MONTENEGRO,23,23-001,23-001,PARTIDO DE LA U,PARTIDO SOCIAL DE UNIDAD NACIONAL  PARTIDO DE LA U,false,4810,20232,4.2062,20232,5037,0.249,,,
concejo>asamblea,2015,2019,MANUEL ORLANDO CORREA BEDOYA,MANUEL ORLANDO CORREA BEDOYA,09,09-001,09-001,PARTIDO DE LA U,PARTIDO SOCIAL DE UNIDAD NACIONAL  PARTIDO DE LA U,false,3973,12717,3.2009,12717,5478,0.4308,,,
concejo>asamblea,2015,2019,JAIME ESTEBAN DUQUE GARCIA,JAIME ESTEBAN DUQUE GARCIA,24,24-001,24-001,PARTIDO LIBERAL COLOMBIANO,PARTIDO LIBERAL COLOMBIANO,true,3885,14137,3.6389,14137,10136,0.717,,,
concejo>asamblea,2015,2019,ROBERTO ESCOBAR BELTRAN,ROBERTO ESCOBAR BELTRAN,19,19-001,19-001,PARTIDO DE LA U,PARTIDO SOCIAL DE UNIDAD NACIONAL  PARTIDO DE LA U,false,3813,5367,1.4076,5367,3551,0.6616,,,
concejo>asamblea,2015,2019,STELLA CAROLINA LEON TIRIA,STELLA CAROLINA LEON TIRIA,52,52-001,52-001,PARTIDO ALIANZA SOCIAL INDEPENDIENTE,PARTIDO ALIANZA SOCIAL INDEPENDIENTE ASI,false,3786,16976,4.4839,16976,7924,0.4668,,,
concejo>asamblea,2015,2019,GERMAN DARIO ZAPATA VERGARA,GERMAN DARIO ZAPATA VERGARA,05,05-001,05-001,PARTIDO ALIANZA SOCIAL INDEPENDIENTE,PARTIDO ALIANZA SOCIAL INDEPENDIENTE ASI,false,3594,8577,2.3865,8577,4810,0.5608,,,
concejo>asamblea,2015,2019,RODOLFO ALEXANDER RASSA BRAVO,RODOLFO ALEXANDER RASSA BRAVO,23,23-001,23-001,PARTIDO LIBERAL COLOMBIANO,PARTIDO LIBERAL COLOMBIANO,true,3290,13365,4.0623,13365,4489,0.3359,,,
concejo>asamblea,2015,2019,JESUS EFREN BANGUERO VALENCIA,JESUS EFREN BANGUERO VALENCIA,31,31-001,31-001,PARTIDO LIBERAL COLOMBIANO,PARTIDO CENTRO DEMOCRATICO,false,3246,4436,1.3666,4436,2979,0.6716,,,
concejo>asamblea,2015,2019,DANIEL ISAIAS MURCIA ROJAS,DANIEL ISAIAS MURCIA ROJAS,52,52-001,52-001,PARTIDO LIBERAL COLOMBIANO,PARTIDO LIBERAL COLOMBIANO,true,3232,2868,0.8874,2868,2043,0.7123,,,
concejo>asamblea,2015,2019,JORGE ELIECER GARCIA JAIMES,JORGE ELIECER GARCIA JAIMES,27,27-001,27-001,PARTIDO LIBERAL COLOMBIANO,PARTIDO CONSERVADOR COLOMBIANO,false,3071,5401,1.7587,5401,2227,0.4123,,,
concejo>asamblea,2015,2019,HERNAN ALBERTO BEDOYA CADAVID,HERNAN ALBERTO BEDOYA CADAVID,09,09-001,09-001,PARTIDO DE LA U,PARTIDO LIBERAL COLOMBIANO,false,3033,16764,5.5272,16764,9919,0.5917,,,
concejo>asamblea,2015,2019,ALDRIN LUIS PINEDO SANCHEZ,ALDRIN LUIS PINEDO SANCHEZ,13,13-001,13-001,PARTIDO LIBERAL COLOMBIANO,PARTIDO LIBERAL COLOMBIANO,true,3019,15607,5.1696,15607,4428,0.2837,,,
concejo>asamblea,2015,2019,LUIS ALBERTO LOZANO CASTILLO,LUIS ALBERTO LOZANO CASTILLO,29,29-001,29-001,PARTIDO OPCIÓN CIUDADANA,PARTIDO CENTRO DEMOCRATICO,false,2962,4829,1.6303,4829,1984,0.4109,,,
concejo>asamblea,2015,2019,CARLOS ALBERTO HENAO SERNA,CARLOS ALBERTO HENAO SERNA,24,24-001,24-001,MOVIMIENTO MIRA,PARTIDO POLITICO  MIRA,false,2925,11669,3.9894,11669,9169,0.7858,,,
concejo>asamblea,2015,2019,RUBEN DARIO GIRALDO SEPULVEDA,RUBEN DARIO GIRALDO SEPULVEDA,09,09-001,09-001,PARTIDO CONSERVADOR COLOMBIANO,PARTIDO CONSERVADOR COLOMBIANO,true,2885,12230,4.2392,12230,6066,0.496,,,
concejo>asamblea,2015,2019,RODRIGO ALBERTO CASTRILLON,RODRIGO ALBERTO CASTRILLON,26,26-001,26-001,PARTIDO LIBERAL COLOMBIANO,PARTIDO LIBERAL COLOMBIANO,true,2804,7356,2.6234,7356,4568,0.621,,,
concejo>asamblea,2015,2019,SAULO OLAYA FAJARDO,SAULO OLAYA FAJARDO,31,31-001,31-001,PARTIDO ALIANZA VERDE,PARTIDO ALIANZA VERDE,true,2729,5609,2.0553,5609,3045,0.5429,,,
concejo>asamblea,2015,2019,JORGE ALONSO CORREA BETANCUR,JORGE ALONSO CORREA BETANCUR,01,01-121,01-121,PARTIDO CONSERVADOR COLOMBIANO,PARTIDO CONSERVADOR COLOMBIANO,true,2609,26934,10.3235,26934,5226,0.194,,,
concejo>asamblea,2015,2019,JUAN CAMILO CALLEJAS TAMAYO,JUAN CAMILO CALLEJAS TAMAYO,01,01-049,01-049,PARTIDO CONSERVADOR COLOMBIANO,PARTIDO CONSERVADOR COLOMBIANO,true,2561,27870,10.8825,27870,7627,0.2737,,,
concejo>asamblea,2015,2019,CARLOS ANDRES CASTRO LEON,CARLOS ANDRES CASTRO LEON,29,29-001,29-001,PARTIDO LIBERAL COLOMBIANO,PARTIDO LIBERAL COLOMBIANO,true,2549,6808,2.6709,6808,3291,0.4834,,,
concejo>asamblea,2015,2019,MARCO ALIRIO CARRASQUILLA RIVERA,MARCO ALIRIO CARRASQUILLA RIVERA,19,19-001,19-001,PARTIDO CONSERVADOR COLOMBIANO,PARTIDO CONSERVADOR COLOMBIANO,true,2286,3788,1.657,3788,2355,0.6217,,,
concejo>asamblea,2015,2019,JOSE FELIX GARCIA TURBAY,JOSE FELIX GARCIA TURBAY,05,05-001,05-001,PARTIDO LIBERAL COLOMBIANO,PARTIDO LIBERAL COLOMBIANO,true,2163,34072,15.7522,34072,7220,0.2119,,,
concejo>asamblea,2015,2019,ELIZABETH SABINA MOLINA CAMPO,ELIZABETH SABINA MOLINA CAMPO,21,21-001,21-001,OTRA SANTA MARTA ES POSIBLE,PARTIDO SOCIAL DE UNIDAD NACIONAL  PARTIDO DE LA U,false,2162,18832,8.7105,18832,8690,0.4614,,,
concejo>asamblea,2015,2019,EMEL DARIO HARNACHE BUSTAMANTE,EMEL DARIO HARNACHE BUSTAMANTE,27,27-019,27-019,PARTIDO LIBERAL COLOMBIANO,PARTIDO LIBERAL COLOMBIANO,true,2151,16390,7.6197,16390,7737,0.4721,,,
concejo>asamblea,2015,2019,JUAN CAMILO CHAVEZ NINO,JUAN CAMILO CHAVEZ NINO,52,52-001,52-001,PARTIDO DE LA U,PARTIDO ALIANZA VERDE,false,2129,19108,8.9751,19108,15352,0.8034,,,
concejo>asamblea,2015,2019,SANDRA MILENA NIETO ALGARIN,SANDRA MILENA NIETO ALGARIN,13,13-010,13-010,PARTIDO DE LA U,PARTIDO SOCIAL DE UNIDAD NACIONAL  PARTIDO DE LA U,false,2091,11791,5.6389,11791,1363,0.1156,,,
concejo>asamblea,2015,2019,MIGUEL FELIPE ARAGON GONZALEZ,MIGUEL FELIPE ARAGON GONZALEZ,48,48-010,48-010,PARTIDO ALIANZA SOCIAL INDEPENDIENTE,PARTIDO ALIANZA SOCIAL INDEPENDIENTE ASI,false,1972,19479,9.8778,19479,12448,0.639,,,
concejo>asamblea,2015,2019,FABIAN ENRIQUE LORA MENDEZ,FABIAN ENRIQUE LORA MENDEZ,13,13-001,13-001,PARTIDO LIBERAL COLOMBIANO,CORDOBA TIENE FUTURO,false,1926,34628,17.9792,34628,15675,0.4527,,,
concejo>asamblea,2015,2019,JUAN CARLOS PALACIO FERNANDEZ,JUAN CARLOS PALACIO FERNANDEZ,01,01-121,01-121,RENOVACIÓN,PARTIDO LIBERAL COLOMBIANO,false,1862,41773,22.4345,41773,12949,0.31,,,
concejo>asamblea,2015,2019,JOSE ARLES RIVERA CANO,JOSE ARLES RIVERA CANO,24,24-025,24-025,PARTIDO CAMBIO RADICAL,PARTIDO CAMBIO RADICAL,true,1853,3399,1.8343,3399,1956,0.5755,,,
concejo>asamblea,2015,2019,ISABELLA MARIA NAVARRO PETRO,ISABELLA MARIA NAVARRO PETRO,13,13-001,13-001,MOVIMIENTO AUTORIDADES INDÍGENAS DE COLOMBIA,PARTIDO SOCIAL DE UNIDAD NACIONAL  PARTIDO DE LA U,false,1794,4018,2.2397,4018,1108,0.2758,,,
concejo>asamblea,2015,2019,MARCO EMILIO HINCAPIE RAMIREZ,MARCO EMILIO HINCAPIE RAMIREZ,29,29-001,29-001,PARTIDO ALIANZA VERDE,DECENTES TOLIMA,false,1722,6361,3.694,6361,4472,0.703,,,
concejo>asamblea,2015,2019,MIGUEL GIOVANNI BELTRAN KNORR,MIGUEL GIOVANNI BELTRAN KNORR,52,52-001,52-001,PARTIDO OPCIÓN CIUDADANA,PARTIDO CAMBIO RADICAL,false,1715,7987,4.6571,7987,4657,0.5831,,,
concejo>asamblea,2015,2019,VICTOR HUGO GRACIA CONTRERAS,VICTOR HUGO GRACIA CONTRERAS,29,29-001,29-001,PARTIDO CAMBIO RADICAL,PARTIDO CAMBIO RADICAL,true,1679,4924,2.9327,4924,2085,0.4234,,,
concejo>asamblea,2015,2019,JOSE GREGORIO ORJUELA PEREZ,JOSE GREGORIO ORJUELA PEREZ,01,01-214,01-214,PARTIDO OPCIÓN CIUDADANA,PARTIDO CENTRO DEMOCRATICO,false,1658,22649,13.6604,22649,8270,0.3651,,,
concejo>asamblea,2015,2019,RICARDO ANDRES ESLAVA NINO,RICARDO ANDRES ESLAVA NINO,27,27-001,27-001,PARTIDO POLO DEMOCRÁTICO ALTERNATIVO,UNIDAD ALTERNATIVA,false,1657,2481,1.4973,2481,777,0.3132,,,
concejo>asamblea,2015,2019,GERMAN EDUARDO LONDONO LOPEZ,GERMAN EDUARDO LONDONO LOPEZ,24,24-025,24-025,MOVIMIENTO MIRA,PARTIDO POLITICO  MIRA,false,1575,7205,4.5746,7205,4856,0.674,,,
concejo>asamblea,2015,2019,FABIAN MAURICIO ROJAS GARCIA,FABIAN MAURICIO ROJAS GARCIA,15,15-340,15-340,PARTIDO ALIANZA VERDE,PARTIDO ALIANZA VERDE,true,1465,21150,14.4369,21150,12469,0.5896,,,
concejo>asamblea,2015,2019,ALONSO RENDON CASTRILLON,ALONSO RENDON CASTRILLON,01,01-214,01-214,UNIDOS POR RIONEGRO,COALICION CAMBIO RADICAL  - MIRA,false,1460,6520,4.4658,6520,3224,0.4945,,,
concejo>asamblea,2015,2019,JORGE ENRIQUE CASALINS TELLO,JORGE ENRIQUE CASALINS TELLO,31,31-001,31-001,PARTIDO LIBERAL COLOMBIANO,PARTIDO SOCIAL DE UNIDAD NACIONAL  PARTIDO DE LA U,false,1452,3446,2.3733,3446,1541,0.4472,,,
concejo>asamblea,2015,2019,MAXJONNY ALEXANDER BARRIOS BETANCOURT,MAXJONNY ALEXANDER BARRIOS BETANCOURT,29,29-046,29-046,PARTIDO CAMBIO RADICAL,PARTIDO CAMBIO RADICAL,true,1448,11144,7.6961,11144,5861,0.5259,,,
concejo>asamblea,2015,2019,CARLOS EDUARDO HURTADO VELA,CARLOS EDUARDO HURTADO VELA,31,31-019,31-019,PARTIDO LIBERAL COLOMBIANO,PARTIDO LIBERAL COLOMBIANO,true,1429,21672,15.1659,21672,3979,0.1836,,,
concejo>asamblea,2015,2019,FRANKY DARIO ALMARIO BRAVO,FRANKY DARIO ALMARIO BRAVO,11,11-001,11-001,PARTIDO CONSERVADOR COLOMBIANO,PARTIDO CONSERVADOR COLOMBIANO,true,1420,10553,7.4317,10553,3538,0.3353,,,
concejo>asamblea,2015,2019,HECTOR MARINO NARVAEZ HENAO,HECTOR MARINO NARVAEZ HENAO,31,31-079,31-079,PARTIDO LIBERAL COLOMBIANO,PARTIDO ADA,false,1398,3915,2.8004,3915,2256,0.5762,,,
concejo>asamblea,2015,2019,WILFRED TRUJILLO TRUJILLO,WILFRED TRUJILLO TRUJILLO,19,19-061,19-061,PARTIDO ALIANZA VERDE,PARTIDO CAMBIO RADICAL,false,1371,10036,7.3202,10036,5655,0.5635,,,
concejo>asamblea,2015,2019,DUVAN MURILLO GRAJALES,DUVAN MURILLO GRAJALES,24,24-025,24-025,PARTIDO DE LA U,PARTIDO SOCIAL DE UNIDAD NACIONAL  PARTIDO DE LA U,false,1357,5858,4.3169,5858,2390,0.408,,,
concejo>asamblea,2015,2019,EDWIN HERNANDO RAMIREZ RODRIGUEZ,EDWIN HERNANDO RAMIREZ RODRIGUEZ,46,46-001,46-001,PARTIDO ALIANZA SOCIAL INDEPENDIENTE,PARTIDO ALIANZA SOCIAL INDEPENDIENTE ASI,false,1339,5066,3.7834,5066,3355,0.6623,,,
concejo>asamblea,2015,2019,EVER JAVIER RICO ROYERO,EVER JAVIER RICO ROYERO,05,05-028,05-028,PARTIDO OPCIÓN CIUDADANA,PARTIDO LIBERAL COLOMBIANO,false,1327,26804,20.1989,26804,10136,0.3782,,,
concejo>asamblea,2015,2019,FRANCISCO CELIMO VALENCIA MARINEZ,FRANCISCO CELIMO VALENCIA MARINEZ,23,23-139,23-139,PARTIDO CONSERVADOR COLOMBIANO,PARTIDO CONSERVADOR COLOMBIANO,true,1321,9161,6.9349,9161,6089,0.6647,,,
concejo>asamblea,2015,2019,CARLOS ALBERTO BOLIVAR CORREDOR,CARLOS ALBERTO BOLIVAR CORREDOR,25,25-001,25-001,"MOVIMIENTO ALTERNATIVO INDÍGENA Y SOCIAL ""MAIS""",PARTIDO ALIANZA VERDE,false,1301,6172,4.744,6172,4902,0.7942,,,
concejo>asamblea,2015,2019,JONATAN ARMANDO MARTINEZ CASTIBLANCO,JONATAN ARMANDO MARTINEZ CASTIBLANCO,15,15-094,15-094,MOVIMIENTO MIRA,PARTIDO CONSERVADOR  -  PARTIDO POLITICO MIRA,false,1271,1199,0.9434,1199,565,0.4712,,,
concejo>asamblea,2015,2019,OMAR ALVARO ALEXIS DIAZ CUELLAR,OMAR ALVARO ALEXIS DIAZ CUELLAR,19,19-001,19-001,PARTIDO CONSERVADOR COLOMBIANO,PARTIDO CONSERVADOR COLOMBIANO,true,1251,10967,8.7666,10967,3431,0.3128,,,
concejo>asamblea,2015,2019,DIOGENES ESCALANTE AGUIRRE,DIOGENES ESCALANTE AGUIRRE,15,15-247,15-247,MOVIMIENTO MIRA,PARTIDO CONSERVADOR  -  PARTIDO POLITICO MIRA,false,1242,12900,10.3865,12900,2761,0.214,,,
concejo>asamblea,2015,2019,JOSE ALEJANDRO BUSTAMANTE,JOSE ALEJANDRO BUSTAMANTE,24,24-001,24-001,PARTIDO CENTRO DEMOCRÁTICO,PARTIDO CENTRO DEMOCRATICO,true,1207,3521,2.9171,3521,1885,0.5354,,,
concejo>asamblea,2015,2019,ANTONIO JOSE PERALTA SILVERA,ANTONIO JOSE PERALTA SILVERA,21,21-001,21-001,PARTIDO ALIANZA VERDE,CONVERGENCIA DEMOCRATICA DEL MAGDALENA,false,1203,10619,8.8271,10619,5711,0.5378,,,
concejo>asamblea,2015,2019,ROBINSON FELIPE ACOSTA ORTEGA,ROBINSON FELIPE ACOSTA ORTEGA,11,11-001,11-001,PARTIDO CAMBIO RADICAL,PARTIDO CAMBIO RADICAL,true,1168,8429,7.2166,8429,3730,0.4425,,,
concejo>asamblea,2015,2019,JESUS MARTIN ESTERILLA RUIZ,JESUS MARTIN ESTERILLA RUIZ,31,31-001,31-001,PARTIDO DE LA U,PARTIDO CAMBIO RADICAL,false,1165,1923,1.6506,1923,903,0.4696,,,
concejo>asamblea,2015,2019,JOSE LUIS RODRIGUEZ PINTO,JOSE LUIS RODRIGUEZ PINTO,44,44-001,44-001,PARTIDO LIBERAL COLOMBIANO,PARTIDO LIBERAL COLOMBIANO,true,1151,2920,2.5369,2920,1651,0.5654,,,
concejo>asamblea,2015,2019,GUSTAVO ADOLFO MORENO HURTADO,GUSTAVO ADOLFO MORENO HURTADO,27,27-019,27-019,PARTIDO CAMBIO RADICAL,PARTIDO CAMBIO RADICAL,true,1131,4520,3.9965,4520,837,0.1852,,,
concejo>asamblea,2015,2019,WILMER ANDRADE LEAL LOPEZ,WILMER ANDRADE LEAL LOPEZ,46,46-001,46-001,PARTIDO LIBERAL COLOMBIANO,PARTIDO LIBERAL COLOMBIANO,true,1114,3278,2.9425,3278,2114,0.6449,,,
concejo>asamblea,2015,2019,JAIRO ENRIQUE CABANA FONSECA,JAIRO ENRIQUE CABANA FONSECA,07,07-001,07-001,PARTIDO ALIANZA VERDE,PARTIDO ALIANZA VERDE,true,1063,4692,4.4139,4692,2330,0.4966,,,
concejo>asamblea,2015,2019,OLIMPO GABRIEL NUNEZ DE ARMAS,OLIMPO GABRIEL NUNEZ DE ARMAS,48,48-001,48-001,PARTIDO OPCIÓN CIUDADANA,MOVIMIENTO ALTERNATIVO INDIGENA Y SOCIAL MAIS,false,1054,9089,8.6233,9089,5059,0.5566,,,
concejo>asamblea,2015,2019,MARTHA CECILIA ZUNIGA TAFUR,MARTHA CECILIA ZUNIGA TAFUR,31,31-001,31-001,MOVIMIENTO MIRA,PARTIDO POLITICO  MIRA,false,1035,3519,3.4,3519,1891,0.5374,,,
concejo>asamblea,2015,2019,JUAN BURBANO GRANJA,JUAN BURBANO GRANJA,23,23-139,23-139,PARTIDO CAMBIO RADICAL,PARTIDO CONSERVADOR COLOMBIANO,false,1018,4085,4.0128,4085,2110,0.5165,,,
concejo>asamblea,2015,2019,MAURICIO DOMINGUEZ SUAREZ,MAURICIO DOMINGUEZ SUAREZ,27,27-091,27-091,PARTIDO OPCIÓN CIUDADANA,ALIANZA POR SANTANDER,false,1014,6166,6.0809,6166,3842,0.6231,,,
concejo>asamblea,2015,2019,ANGEL MIRO GARCIA,ANGEL MIRO GARCIA,27,27-160,27-160,PARTIDO DE LA U,PARTIDO ALIANZA SOCIAL INDEPENDIENTE ASI,false,999,4680,4.6847,4680,1355,0.2895,,,
concejo>asamblea,2015,2019,JUAN CAMILO MORALES RODRIGUEZ,JUAN CAMILO MORALES RODRIGUEZ,07,07-001,07-001,PARTIDO LIBERAL COLOMBIANO,PARTIDO LIBERAL COLOMBIANO,true,995,7740,7.7789,7740,3332,0.4305,,,
concejo>asamblea,2015,2019,CHRISTIAN RODRIGO PEREZ GUTIERREZ,CHRISTIAN RODRIGO PEREZ GUTIERREZ,46,46-001,46-001,PARTIDO CAMBIO RADICAL,PARTIDO CAMBIO RADICAL,true,989,3830,3.8726,3830,2742,0.7159,,,
concejo>asamblea,2015,2019,LUIS JOSE BRITO GUTIERREZ,LUIS JOSE BRITO GUTIERREZ,48,48-016,48-016,PARTIDO ALIANZA SOCIAL INDEPENDIENTE,PARTIDO ALIANZA SOCIAL INDEPENDIENTE ASI,false,987,13886,14.0689,13886,9694,0.6981,,,
concejo>asamblea,2015,2019,LUCIO VIERA CUERO,LUCIO VIERA CUERO,31,31-019,31-019,PARTIDO LIBERAL COLOMBIANO,PARTIDO CENTRO DEMOCRATICO,false,960,4463,4.649,4463,2815,0.6307,,,
concejo>asamblea,2015,2019,VICTOR JULIO ARIZA LOAIZA,VICTOR JULIO ARIZA LOAIZA,29,29-001,29-001,MOVIMIENTO AUTORIDADES INDÍGENAS DE COLOMBIA,DECENTES TOLIMA,false,954,5877,6.1604,5877,3743,0.6369,,,
concejo>asamblea,2015,2019,FABIAN FELIPE MORENO CARTAGENA,FABIAN FELIPE MORENO CARTAGENA,29,29-046,29-046,PARTIDO CONSERVADOR COLOMBIANO,PARTIDO CONSERVADOR COLOMBIANO,true,905,5756,6.3602,5756,3138,0.5452,,,
concejo>asamblea,2015,2019,ALFREDO HORACIO CORREA HIGUERA,ALFREDO HORACIO CORREA HIGUERA,07,07-079,07-079,PARTIDO CAMBIO RADICAL,PARTIDO CAMBIO RADICAL,true,904,4545,5.0277,4545,1855,0.4081,,,
concejo>asamblea,2015,2019,EDDY CECILIA ANDRADE LUNA,EDDY CECILIA ANDRADE LUNA,25,25-001,25-001,PARTIDO CENTRO DEMOCRÁTICO,PARTIDO CENTRO DEMOCRATICO,true,903,4292,4.753,4292,2416,0.5629,,,
concejo>asamblea,2015,2019,HEYDER ALEXANDER SILVA GARCIA,HEYDER ALEXANDER SILVA GARCIA,46,46-001,46-001,PARTIDO ALIANZA VERDE,PARTIDO ALIANZA VERDE,true,903,3820,4.2303,3820,3176,0.8314,,,
concejo>asamblea,2015,2019,JUAN CARLOS ROMO PEREZ,JUAN CARLOS ROMO PEREZ,48,48-010,48-010,PARTIDO CONSERVADOR COLOMBIANO,PARTIDO CONSERVADOR COLOMBIANO,true,894,2781,3.1107,2781,2131,0.7663,,,
concejo>asamblea,2015,2019,FREDY ELIAS CORREDOR ACEVEDO,FREDY ELIAS CORREDOR ACEVEDO,46,46-001,46-001,PARTIDO DE LA U,PARTIDO SOCIAL DE UNIDAD NACIONAL  PARTIDO DE LA U,false,885,1598,1.8056,1598,1232,0.771,,,
concejo>asamblea,2015,2019,ROMAN HERNANDO ORTEGA HERNANDEZ,ROMAN HERNANDO ORTEGA HERNANDEZ,07,07-277,07-277,PARTIDO ALIANZA VERDE,PARTIDO ALIANZA VERDE,true,881,7976,9.0533,7976,4766,0.5975,,,
concejo>asamblea,2015,2019,JAMES RICHARD WIEDMAN AMAYA,JAMES RICHARD WIEDMAN AMAYA,31,31-001,31-001,PARTIDO CAMBIO RADICAL,PARTIDO CAMBIO RADICAL,true,870,1058,1.2161,1058,475,0.449,,,
concejo>asamblea,2015,2019,OVIDIO ARMANDO DAZA ZUNIGA,OVIDIO ARMANDO DAZA ZUNIGA,11,11-007,11-007,PARTIDO CAMBIO RADICAL,PARTIDO CAMBIO RADICAL,true,868,3450,3.9747,3450,2532,0.7339,,,
concejo>asamblea,2015,2019,VICTOR FERNANDO STANFORD VIVEROS,VICTOR FERNANDO STANFORD VIVEROS,23,23-139,23-139,PARTIDO CONSERVADOR COLOMBIANO,UNIDOS SI PODEMOS,false,852,3088,3.6244,3088,1945,0.6299,,,
concejo>asamblea,2015,2019,JORGE GONZALO BERNAL PARRA,JORGE GONZALO BERNAL PARRA,15,15-076,15-076,PARTIDO DE LA U,PARTIDO SOCIAL DE UNIDAD NACIONAL  PARTIDO DE LA U,false,826,3167,3.8341,3167,1468,0.4635,,,
concejo>asamblea,2015,2019,LINA MARIA GARRIDO MARTIN,LINA MARIA GARRIDO MARTIN,40,40-001,40-001,PARTIDO CAMBIO RADICAL,PARTIDO CAMBIO RADICAL,true,823,2812,3.4168,2812,2158,0.7674,,,
concejo>asamblea,2015,2019,JONNY FERNANDO PORTILLA MONCAYO,JONNY FERNANDO PORTILLA MONCAYO,64,64-023,64-023,PARTIDO LIBERAL COLOMBIANO,PARTIDO LIBERAL COLOMBIANO,true,821,6837,8.3276,6837,4735,0.6926,,,
concejo>asamblea,2015,2019,EDY JOHANA BAYONA PORTILLO,EDY JOHANA BAYONA PORTILLO,12,12-075,12-075,PARTIDO CAMBIO RADICAL,PARTIDO CAMBIO RADICAL,true,819,6264,7.6484,6264,3958,0.6319,,,
concejo>asamblea,2015,2019,JULIAN PANIAGUA GRANADA,JULIAN PANIAGUA GRANADA,31,31-001,31-001,PARTIDO ALIANZA VERDE,PARTIDO ALIANZA VERDE,true,797,2904,3.6437,2904,1791,0.6167,,,
concejo>asamblea,2015,2019,OMAR HUMBERTO VILLAMIL MUNEVAR,OMAR HUMBERTO VILLAMIL MUNEVAR,07,07-067,07-067,PARTIDO CONSERVADOR COLOMBIANO,PARTIDO CONSERVADOR COLOMBIANO,true,779,4920,6.3158,4920,2711,0.551,,,
concejo>asamblea,2015,2019,ANCISAR MOSQUERA AULLON,ANCISAR MOSQUERA AULLON,44,44-001,44-001,PARTIDO ALIANZA SOCIAL INDEPENDIENTE,PARTIDO ALIANZA SOCIAL INDEPENDIENTE ASI,false,770,2677,3.4766,2677,1957,0.731,,,
concejo>asamblea,2015,2019,HARRY DIAZ DURAN,HARRY DIAZ DURAN,27,27-001,27-001,PARTIDO CONSERVADOR COLOMBIANO,PARTIDO ALIANZA SOCIAL INDEPENDIENTE ASI,false,750,3563,4.7507,3563,1164,0.3267,,,
concejo>asamblea,2015,2019,NORMAN DE JESUS QUINTERO GALLEGO,NORMAN DE JESUS QUINTERO GALLEGO,07,07-214,07-214,PARTIDO LIBERAL COLOMBIANO,PARTIDO CONSERVADOR COLOMBIANO,false,712,2218,3.1152,2218,1266,0.5708,,,
concejo>asamblea,2015,2019,YULI PAUBLINA CORREA GUTIERREZ,YULI PAUBLINA CORREA GUTIERREZ,03,03-001,03-001,PARTIDO LIBERAL COLOMBIANO,PARTIDO CONSERVADOR COLOMBIANO,false,705,6334,8.9844,6334,4798,0.7575,,,
concejo>asamblea,2015,2019,DORIS RIANO DUARTE,DORIS RIANO DUARTE,15,15-088,15-088,PARTIDO CONSERVADOR COLOMBIANO,PARTIDO CONSERVADOR  -  PARTIDO POLITICO MIRA,false,689,4580,6.6473,4580,1829,0.3993,,,
concejo>asamblea,2015,2019,LEYDI MARCELA RODRIGUEZ CRUZ,LEYDI MARCELA RODRIGUEZ CRUZ,15,15-094,15-094,PARTIDO ALIANZA SOCIAL INDEPENDIENTE,PARTIDO ALIANZA SOCIAL INDEPENDIENTE ASI,false,684,2155,3.1506,2155,121,0.0561,,,
concejo>asamblea,2015,2019,WILKINS FERNANDO CHAPARRO CUERVO,WILKINS FERNANDO CHAPARRO CUERVO,07,07-277,07-277,PARTIDO OPCIÓN CIUDADANA,PARTIDO ALIANZA SOCIAL INDEPENDIENTE ASI,false,674,2770,4.1098,2770,1031,0.3722,,,
concejo>asamblea,2015,2019,MIGUEL ESTEBAN ARCINIEGAS TALERO,MIGUEL ESTEBAN ARCINIEGAS TALERO,40,40-010,40-010,PARTIDO ALIANZA VERDE,PARTIDO ALIANZA VERDE,true,673,2754,4.0921,2754,2146,0.7792,,,
concejo>asamblea,2015,2019,OSCAR YAMITH VANEGAS PINEROS,OSCAR YAMITH VANEGAS PINEROS,54,54-001,54-001,PARTIDO DE LA U,PARTIDO SOCIAL DE UNIDAD NACIONAL  PARTIDO DE LA U,false,660,1857,2.8136,1857,1597,0.86,,,
concejo>asamblea,2015,2019,PABLO JOSE YEPES RUDAS,PABLO JOSE YEPES RUDAS,03,03-022,03-022,PARTIDO CONSERVADOR COLOMBIANO,PARTIDO CENTRO DEMOCRATICO,false,646,7151,11.0697,7151,1719,0.2404,,,
concejo>asamblea,2015,2019,VICTOR HUGO TAMAYO URREA,VICTOR HUGO TAMAYO URREA,46,46-001,46-001,PARTIDO LIBERAL COLOMBIANO,PARTIDO SOCIAL DE UNIDAD NACIONAL  PARTIDO DE LA U,false,645,3733,5.7876,3733,2646,0.7088,,,
concejo>asamblea,2015,2019,LUIS EDUARDO CABRERA RODRIGUEZ,LUIS EDUARDO CABRERA RODRIGUEZ,44,44-001,44-001,PARTIDO CENTRO DEMOCRÁTICO,PARTIDO CENTRO DEMOCRATICO,true,639,1437,2.2488,1437,848,0.5901,,,
concejo>asamblea,2015,2019,BENANCIO MORALES ZUNIGA,BENANCIO MORALES ZUNIGA,01,01-280,01-280,UVA - EL AVAL DEL PUEBLO,PARTIDO ALIANZA SOCIAL INDEPENDIENTE ASI,false,630,1001,1.5889,1001,406,0.4056,,,
concejo>asamblea,2015,2019,MANUEL RICARDO MESA TRUJILLO,MANUEL RICARDO MESA TRUJILLO,07,07-277,07-277,PARTIDO ALIANZA VERDE,PARTIDO SOCIAL DE UNIDAD NACIONAL  PARTIDO DE LA U,false,630,4070,6.4603,4070,1553,0.3816,,,
concejo>asamblea,2015,2019,CESAR ALIRIO ROJAS JARAMILLO,CESAR ALIRIO ROJAS JARAMILLO,15,15-088,15-088,PARTIDO ALIANZA SOCIAL INDEPENDIENTE,PARTIDO ALIANZA SOCIAL INDEPENDIENTE ASI,false,622,13958,22.4405,13958,2210,0.1583,,,
concejo>asamblea,2015,2019,RUBER ORTIZ OLARTE,RUBER ORTIZ OLARTE,52,52-035,52-035,PARTIDO DE LA U,PARTIDO ALIANZA SOCIAL INDEPENDIENTE ASI,false,611,1877,3.072,1877,1128,0.601,,,
concejo>asamblea,2015,2019,VICTOR TOMAS ROSADO QUINTERO,VICTOR TOMAS ROSADO QUINTERO,12,12-001,12-001,PARTIDO DE LA U,PARTIDO CONSERVADOR COLOMBIANO,false,605,1589,2.6264,1589,884,0.5563,,,
concejo>asamblea,2015,2019,JESUS DANIEL RODRIGUEZ RIVEROS,JESUS DANIEL RODRIGUEZ RIVEROS,40,40-001,40-001,PARTIDO OPCIÓN CIUDADANA,PARTIDO CENTRO DEMOCRATICO,false,598,659,1.102,659,451,0.6844,,,
concejo>asamblea,2015,2019,DUVAN DAVID MOZO ECHEVERRIA,DUVAN DAVID MOZO ECHEVERRIA,01,01-035,01-035,PARTIDO ALIANZA VERDE,PARTIDO ALIANZA VERDE,true,597,11066,18.536,11066,5141,0.4646,,,
concejo>asamblea,2015,2019,JAHN CARLOS MARTINEZ VILLAMIZAR,JAHN CARLOS MARTINEZ VILLAMIZAR,40,40-005,40-005,PARTIDO POLO DEMOCRÁTICO ALTERNATIVO,ALTERNATIVA ARAUCANA,false,597,1351,2.263,1351,1096,0.8113,,,
concejo>asamblea,2015,2019,JAVIER REYNALDO PEREZ BERMUDEZ,JAVIER REYNALDO PEREZ BERMUDEZ,27,27-091,27-091,MOVIMIENTO AUTORIDADES INDÍGENAS DE COLOMBIA,PARTIDO ALIANZA SOCIAL INDEPENDIENTE ASI,false,595,5824,9.7882,5824,2756,0.4732,,,
concejo>asamblea,2015,2019,ALEXI ALEXANDER ALVAREZ ZAMBRANO,ALEXI ALEXANDER ALVAREZ ZAMBRANO,40,40-001,40-001,PARTIDO LIBERAL COLOMBIANO,PARTIDO LIBERAL COLOMBIANO,true,592,1020,1.723,1020,704,0.6902,,,
concejo>asamblea,2015,2019,ARIES WEST ROWE MATEUS,ARIES WEST ROWE MATEUS,01,01-166,01-166,PARTIDO LIBERAL COLOMBIANO,PARTIDO LIBERAL COLOMBIANO,true,589,5394,9.1579,5394,1455,0.2697,,,
concejo>asamblea,2015,2019,ELIUD SUAREZ DAZA,ELIUD SUAREZ DAZA,40,40-005,40-005,PARTIDO LIBERAL COLOMBIANO,PARTIDO LIBERAL COLOMBIANO,true,585,1607,2.747,1607,1009,0.6279,,,
concejo>asamblea,2015,2019,NANCY FRANCO NAVARRETE,NANCY FRANCO NAVARRETE,52,52-010,52-010,PARTIDO CONSERVADOR COLOMBIANO,PARTIDO CONSERVADOR - PARTIDO POLITICO MIRA,false,575,4699,8.1722,4699,2071,0.4407,,,
concejo>asamblea,2015,2019,VICTOR ANDRES ARMERO HERNANDEZ,VICTOR ANDRES ARMERO HERNANDEZ,11,11-005,11-005,PARTIDO LIBERAL COLOMBIANO,PARTIDO ALIANZA VERDE,false,572,9568,16.7273,9568,3619,0.3782,,,
concejo>asamblea,2015,2019,RAYZA ALEJANDRA AHUMADA OCHOA,RAYZA ALEJANDRA AHUMADA OCHOA,05,05-118,05-118,PARTIDO ALIANZA SOCIAL INDEPENDIENTE,PARTIDO ALIANZA SOCIAL INDEPENDIENTE ASI,false,571,5993,10.4956,5993,2039,0.3402,,,
concejo>asamblea,2015,2019,JAVIER HIGUITA CARVAJAL,JAVIER HIGUITA CARVAJAL,01,01-001,01-001,JUNTOS POR MEDELLÍN,PARTIDO ALIANZA SOCIAL INDEPENDIENTE ASI,false,566,2554,4.5124,2554,1066,0.4174,,,
concejo>asamblea,2015,2019,NORBERTO ACEVEDO MARTINEZ,NORBERTO ACEVEDO MARTINEZ,27,27-181,27-181,PARTIDO CONSERVADOR COLOMBIANO,PARTIDO CONSERVADOR COLOMBIANO,true,554,3964,7.1552,3964,1074,0.2709,,,
concejo>asamblea,2015,2019,JUAN MARIO RUIZ BARRERA,JUAN MARIO RUIZ BARRERA,27,27-082,27-082,PARTIDO CENTRO DEMOCRÁTICO,ALIANZA POR SANTANDER,false,542,3629,6.6956,3629,1609,0.4434,,,
concejo>asamblea,2015,2019,BLAS ALBERTO AHUMADA BARRAZA,BLAS ALBERTO AHUMADA BARRAZA,03,03-001,03-001,PARTIDO CONSERVADOR COLOMBIANO,PARTIDO CONSERVADOR COLOMBIANO,true,535,1027,1.9196,1027,638,0.6212,,,
concejo>asamblea,2015,2019,EDDYLTHON IRVING GARCES REINA,EDDYLTHON IRVING GARCES REINA,52,52-050,52-050,PARTIDO CENTRO DEMOCRÁTICO,PARTIDO CENTRO DEMOCRATICO,true,532,2347,4.4117,2347,1257,0.5356,,,
concejo>asamblea,2015,2019,JUAN VICENTE NIEVES GONZALEZ,JUAN VICENTE NIEVES GONZALEZ,46,46-001,46-001,PARTIDO POLO DEMOCRÁTICO ALTERNATIVO,COALICION CASANARE,false,515,1492,2.8971,1492,993,0.6655,,,
concejo>asamblea,2015,2019,BILL DE JESUS RODRIGUEZ ARZUAGA,BILL DE JESUS RODRIGUEZ ARZUAGA,48,48-010,48-010,PARTIDO CONSERVADOR COLOMBIANO,PARTIDO SOCIAL DE UNIDAD NACIONAL  PARTIDO DE LA U,false,498,2647,5.3153,2647,1025,0.3872,,,
concejo>asamblea,2015,2019,ADONEZEIDA NAJAR CARRERO,ADONEZEIDA NAJAR CARRERO,25,25-001,25-001,PARTIDO CAMBIO RADICAL,PARTIDO CAMBIO RADICAL,true,496,604,1.2177,604,420,0.6954,,,
concejo>asamblea,2015,2019,QUILIAN ELIAS RINCONES MARTINEZ,QUILIAN ELIAS RINCONES MARTINEZ,12,12-001,12-001,PARTIDO LIBERAL COLOMBIANO,PARTIDO LIBERAL COLOMBIANO,true,495,1771,3.5778,1771,739,0.4173,,,
concejo>asamblea,2015,2019,MARIO ANDRES MORALES FUENTES,MARIO ANDRES MORALES FUENTES,27,27-091,27-091,MOVIMIENTO AUTORIDADES INDÍGENAS DE COLOMBIA,PARTIDO ADA,false,494,5867,11.8765,5867,3419,0.5828,,,
concejo>asamblea,2015,2019,ADOLFO LEON MUNOZ TOBAR,ADOLFO LEON MUNOZ TOBAR,31,31-001,31-001,MOVIMIENTO MIRA,PARTIDO POLITICO  MIRA,false,487,1282,2.6324,1282,779,0.6076,,,
concejo>asamblea,2015,2019,VICTOR MANUEL ESPINOSA DIAZ,VICTOR MANUEL ESPINOSA DIAZ,12,12-150,12-150,PARTIDO DE LA U,PARTIDO ALIANZA VERDE,false,486,3045,6.2654,3045,1614,0.53,,,
concejo>asamblea,2015,2019,MIGUEL HERNANDO MORENO ARCINIEGAS,MIGUEL HERNANDO MORENO ARCINIEGAS,29,29-001,29-001,PARTIDO UNIÓN PATRIÓTICA,COALICION ALTERNATIVA,false,483,2044,4.2319,2044,1133,0.5543,,,
concejo>asamblea,2015,2019,LUIS ALBERTO OTERO LANDINEZ,LUIS ALBERTO OTERO LANDINEZ,25,25-054,25-054,PARTIDO CENTRO DEMOCRÁTICO,PARTIDO CENTRO DEMOCRATICO,true,479,10054,20.9896,10054,1563,0.1555,,,
concejo>asamblea,2015,2019,FRANK ROBERT BASTIDAS OSORIO,FRANK ROBERT BASTIDAS OSORIO,25,25-001,25-001,PARTIDO CAMBIO RADICAL,PARTIDO ADA,false,476,419,0.8803,419,203,0.4845,,,
concejo>asamblea,2015,2019,JOSE MAURICIO BUITRAGO RIVERA,JOSE MAURICIO BUITRAGO RIVERA,07,07-079,07-079,PARTIDO OPCIÓN CIUDADANA,PARTIDO CAMBIO RADICAL,false,475,2775,5.8421,2775,1092,0.3935,,,
concejo>asamblea,2015,2019,GERMAN DAVID GONZALEZ VARGAS,GERMAN DAVID GONZALEZ VARGAS,21,21-049,21-049,PARTIDO OPCIÓN CIUDADANA,PARTIDO LIBERAL COLOMBIANO,false,474,16678,35.1857,16678,6051,0.3628,,,
concejo>asamblea,2015,2019,EDWIN RICARDO CHAVES CASALLAS,EDWIN RICARDO CHAVES CASALLAS,15,15-076,15-076,PARTIDO DE LA U,PARTIDO CONSERVADOR  -  PARTIDO POLITICO MIRA,false,473,2286,4.833,2286,1081,0.4729,,,
concejo>asamblea,2015,2019,JULIAN ESTEBAN ROJAS FLOREZ,JULIAN ESTEBAN ROJAS FLOREZ,12,12-001,12-001,PARTIDO CONSERVADOR COLOMBIANO,PARTIDO CAMBIO RADICAL,false,470,2889,6.1468,2889,1630,0.5642,,,
concejo>asamblea,2015,2019,LUIS EDGARD BEDOYA HENAO,LUIS EDGARD BEDOYA HENAO,09,09-049,09-049,PARTIDO CAMBIO RADICAL,PARTIDO CENTRO DEMOCRATICO- PARTIDO POLITICO MIRA,false,467,2515,5.3854,2515,1794,0.7133,,,
concejo>asamblea,2015,2019,EMMA LILIANA SANCHEZ MARTINEZ,EMMA LILIANA SANCHEZ MARTINEZ,40,40-001,40-001,PARTIDO DE LA U,PARTIDO SOCIAL DE UNIDAD NACIONAL  PARTIDO DE LA U,false,465,762,1.6387,762,529,0.6942,,,
concejo>asamblea,2015,2019,POMPEYO PAZ CUESTA,POMPEYO PAZ CUESTA,17,17-001,17-001,PARTIDO LIBERAL COLOMBIANO,PARTIDO LIBERAL COLOMBIANO,true,463,1000,2.1598,1000,495,0.495,,,
concejo>asamblea,2015,2019,OSCAR FABIAN RODRIGUEZ CELY,OSCAR FABIAN RODRIGUEZ CELY,46,46-001,46-001,PARTIDO OPCIÓN CIUDADANA,PARTIDO CENTRO DEMOCRATICO- PARTIDO POLITICO MIRA,false,463,1445,3.121,1445,1144,0.7917,,,
concejo>asamblea,2015,2019,MIGUEL ROBERTO MONROY AYALA,MIGUEL ROBERTO MONROY AYALA,54,54-001,54-001,PARTIDO CONSERVADOR COLOMBIANO,PARTIDO CONSERVADOR COLOMBIANO,true,457,603,1.3195,603,580,0.9619,,,
concejo>asamblea,2015,2019,NERIS MENDOZA LASCARRO,NERIS MENDOZA LASCARRO,27,27-019,27-019,PARTIDO LIBERAL COLOMBIANO,UNIDAD ALTERNATIVA,false,451,880,1.9512,880,429,0.4875,,,
concejo>asamblea,2015,2019,EMEL HERNANDO PUERTAS SILVA,EMEL HERNANDO PUERTAS SILVA,05,05-001,05-001,PARTIDO ALIANZA VERDE,PARTIDO ALIANZA VERDE,true,447,1725,3.8591,1725,1427,0.8272,,,
concejo>asamblea,2015,2019,CLAUDIA FERNANDA TORO RODAS,CLAUDIA FERNANDA TORO RODAS,26,26-080,26-080,PARTIDO CAMBIO RADICAL,PARTIDO SOCIAL DE UNIDAD NACIONAL  PARTIDO DE LA U,false,442,3422,7.7421,3422,1399,0.4088,,,
concejo>asamblea,2015,2019,PAULO STIVEN ORDONEZ VELEZ,PAULO STIVEN ORDONEZ VELEZ,64,64-001,64-001,PARTIDO ALIANZA SOCIAL INDEPENDIENTE,PARTIDO ALIANZA SOCIAL INDEPENDIENTE ASI,false,440,1469,3.3386,1469,801,0.5453,,,
concejo>asamblea,2015,2019,DARIO ENRIQUE CORAL MORA,DARIO ENRIQUE CORAL MORA,23,23-106,23-106,PARTIDO POLO DEMOCRÁTICO ALTERNATIVO,CONVERGENCIA,false,435,5439,12.5034,5439,1955,0.3594,,,
concejo>asamblea,2015,2019,REMIGIO HERNANDO CABRERA,REMIGIO HERNANDO CABRERA,64,64-028,64-028,PARTIDO POLO DEMOCRÁTICO ALTERNATIVO,PARTIDO POLO DEMOCRATICO ALTERNATIVO,true,433,1139,2.6305,1139,921,0.8086,,,
concejo>asamblea,2015,2019,GUILLERMO AUGUSTO GOMEZ RODRIGUEZ,GUILLERMO AUGUSTO GOMEZ RODRIGUEZ,26,26-010,26-010,PARTIDO CONSERVADOR COLOMBIANO,PARTIDO CENTRO DEMOCRATICO- PARTIDO CONSERVADOR,false,432,1779,4.1181,1779,1122,0.6307,,,
concejo>asamblea,2015,2019,GUSTAVO ADOLFO GARCIA PINEDA,GUSTAVO ADOLFO GARCIA PINEDA,01,01-178,01-178,PARTIDO ALIANZA VERDE,PARTIDO ALIANZA VERDE,true,426,8477,19.8991,8477,2664,0.3143,,,
concejo>asamblea,2015,2019,JORGE IVAN MARTINEZ ARGUELLO,JORGE IVAN MARTINEZ ARGUELLO,27,27-001,27-001,PARTIDO DE LA U,COALICION CENTRO DEMOCRATICO - MIRA,false,425,1427,3.3576,1427,517,0.3623,,,
concejo>asamblea,2015,2019,SANDRA MILENA GARCIA GALEANO,SANDRA MILENA GARCIA GALEANO,24,24-046,24-046,MOVIMIENTO MIRA,PARTIDO POLITICO  MIRA,false,421,3623,8.6057,3623,1959,0.5407,,,
concejo>asamblea,2015,2019,CARLOS DAVID NUZTES,CARLOS DAVID NUZTES,29,29-064,29-064,PARTIDO DE LA U,PARTIDO CAMBIO RADICAL,false,419,7462,17.8091,7462,3969,0.5319,,,
concejo>asamblea,2015,2019,JOHN JAIRO DIAZ CATANO,JOHN JAIRO DIAZ CATANO,64,64-002,64-002,PARTIDO ALIANZA VERDE,PARTIDO ALIANZA VERDE,true,417,1441,3.4556,1441,1024,0.7106,,,
concejo>asamblea,2015,2019,CARMEN IDALIA CETRE MOSQUERA,CARMEN IDALIA CETRE MOSQUERA,50,50-001,50-001,PARTIDO CAMBIO RADICAL,PARTIDO CAMBIO RADICAL,true,414,311,0.7512,311,272,0.8746,,,
concejo>asamblea,2015,2019,JORGE NAYCER DAZA MERINO,JORGE NAYCER DAZA MERINO,21,21-095,21-095,PARTIDO POLO DEMOCRÁTICO ALTERNATIVO,CONVERGENCIA DEMOCRATICA DEL MAGDALENA,false,409,3021,7.3863,3021,1943,0.6432,,,
concejo>asamblea,2015,2019,JULIAN ENRIQUE VELANDIA ARENALES,JULIAN ENRIQUE VELANDIA ARENALES,25,25-100,25-100,PARTIDO LIBERAL COLOMBIANO,PARTIDO LIBERAL COLOMBIANO,true,403,3453,8.5682,3453,1795,0.5198,,,
concejo>asamblea,2015,2019,WILLIAM ARVEY GOMEZ ORTIZ,WILLIAM ARVEY GOMEZ ORTIZ,19,19-070,19-070,PARTIDO ALIANZA VERDE,PARTIDO ALIANZA VERDE,true,399,5265,13.1955,5265,3695,0.7018,,,
concejo>asamblea,2015,2019,EDWIN DE JESUS HERRERA ZAPATA,EDWIN DE JESUS HERRERA ZAPATA,27,27-001,27-001,PARTIDO CAMBIO RADICAL,PARTIDO ADA,false,398,560,1.407,560,242,0.4321,,,
concejo>asamblea,2015,2019,NEFTALI ALBERTO DE JESUS VARON SALDANA,NEFTALI ALBERTO DE JESUS VARON SALDANA,29,29-055,29-055,PARTIDO DE LA U,PARTIDO SOCIAL DE UNIDAD NACIONAL  PARTIDO DE LA U,false,398,2113,5.309,2113,687,0.3251,,,
concejo>asamblea,2015,2019,ERIKA JOHANA SANCHEZ CARDONA,ERIKA JOHANA SANCHEZ CARDONA,09,09-034,09-034,PARTIDO ALIANZA VERDE,PARTIDO ALIANZA VERDE,true,398,1033,2.5955,1033,19,0.0184,,,
concejo>asamblea,2015,2019,CARLOS ALBERTO GONZALEZ ACEVEDO,CARLOS ALBERTO GONZALEZ ACEVEDO,27,27-001,27-001,PARTIDO OPCIÓN CIUDADANA,PARTIDO COLOMBIA RENACIENTE,false,389,912,2.3445,912,390,0.4276,,,
concejo>asamblea,2015,2019,LUIS ALEJANDRO LOPEZ RIOS,LUIS ALEJANDRO LOPEZ RIOS,46,46-680,46-680,PARTIDO POLO DEMOCRÁTICO ALTERNATIVO,COALICION CASANARE,false,384,5668,14.7604,5668,4545,0.8019,,,
concejo>asamblea,2015,2019,ANGEL MARIA HIGUERA SILVA,ANGEL MARIA HIGUERA SILVA,40,40-010,40-010,PARTIDO OPCIÓN CIUDADANA,PARTIDO CAMBIO RADICAL,false,379,1146,3.0237,1146,838,0.7312,,,
concejo>asamblea,2015,2019,JUAN EVANGELISTA CUBIDES MORENO,JUAN EVANGELISTA CUBIDES MORENO,54,54-001,54-001,PARTIDO LIBERAL COLOMBIANO,PARTIDO LIBERAL COLOMBIANO,true,379,885,2.3351,885,802,0.9062,,,
concejo>asamblea,2015,2019,JACKELINE VELEZ LOPEZ,JACKELINE VELEZ LOPEZ,09,09-076,09-076,PARTIDO DE LA U,PARTIDO LIBERAL COLOMBIANO,false,370,11216,30.3135,11216,2993,0.2669,,,
concejo>asamblea,2015,2019,LUIS FELIPE JIMENEZ OSORIO,LUIS FELIPE JIMENEZ OSORIO,54,54-001,54-001,PARTIDO CAMBIO RADICAL,PARTIDO CAMBIO RADICAL,true,369,759,2.0569,759,703,0.9262,,,
concejo>asamblea,2015,2019,EDWIN ALBERTO BLANCO PORTILLA,EDWIN ALBERTO BLANCO PORTILLA,27,27-082,27-082,PARTIDO DE LA U,PARTIDO SOCIAL DE UNIDAD NACIONAL  PARTIDO DE LA U,false,367,3957,10.782,3957,610,0.1542,,,
concejo>asamblea,2015,2019,MILTON GERARDO CORTES CUELLAR,MILTON GERARDO CORTES CUELLAR,19,19-022,19-022,PARTIDO LIBERAL COLOMBIANO,PARTIDO LIBERAL COLOMBIANO,true,366,3401,9.2923,3401,1195,0.3514,,,
concejo>asamblea,2015,2019,BLANCA LILIA VARGAS BUITRAGO,BLANCA LILIA VARGAS BUITRAGO,46,46-850,46-850,PARTIDO CAMBIO RADICAL,PARTIDO CAMBIO RADICAL,true,365,6095,16.6986,6095,4972,0.8158,,,
concejo>asamblea,2015,2019,RUDY ESMERALDA BOHORQUEZ PENA,RUDY ESMERALDA BOHORQUEZ PENA,46,46-880,46-880,PARTIDO CAMBIO RADICAL,PARTIDO CAMBIO RADICAL,true,364,7573,20.8049,7573,5596,0.7389,,,
concejo>asamblea,2015,2019,ORLANDO RAMIREZ SAAVEDRA,ORLANDO RAMIREZ SAAVEDRA,27,27-160,27-160,MOVIMIENTO AUTORIDADES INDÍGENAS DE COLOMBIA,PARTIDO ALIANZA SOCIAL INDEPENDIENTE ASI,false,362,3781,10.4448,3781,2678,0.7083,,,
concejo>asamblea,2015,2019,LUZ DARY SEVILLANO GUERRERO,LUZ DARY SEVILLANO GUERRERO,07,07-214,07-214,PARTIDO ALIANZA VERDE,PARTIDO ALIANZA VERDE,true,361,5157,14.2853,5157,3222,0.6248,,,
concejo>asamblea,2015,2019,WILSON HUMBERTO BARROS CARRANZA,WILSON HUMBERTO BARROS CARRANZA,12,12-410,12-410,PARTIDO ALIANZA VERDE,PARTIDO ALIANZA VERDE,true,356,4785,13.441,4785,3938,0.823,,,
concejo>asamblea,2015,2019,NORBERTO RIOS LONDONO,NORBERTO RIOS LONDONO,24,24-086,24-086,PARTIDO CAMBIO RADICAL,PARTIDO CAMBIO RADICAL,true,352,1187,3.3722,1187,655,0.5518,,,
concejo>asamblea,2015,2019,OSCAR LEONARDO MONTANEZ SIERRA,OSCAR LEONARDO MONTANEZ SIERRA,07,07-235,07-235,PARTIDO CAMBIO RADICAL,PARTIDO CAMBIO RADICAL,true,348,5820,16.7241,5820,1936,0.3326,,,
concejo>asamblea,2015,2019,JOSE LEBIS CUELLAR OSA,JOSE LEBIS CUELLAR OSA,44,44-009,44-009,PARTIDO LIBERAL COLOMBIANO,PARTIDO LIBERAL COLOMBIANO,true,345,1428,4.1391,1428,884,0.619,,,
concejo>asamblea,2015,2019,FERNANDO SERRANO AMADO,FERNANDO SERRANO AMADO,40,40-025,40-025,PARTIDO DE LA U,PARTIDO SOCIAL DE UNIDAD NACIONAL  PARTIDO DE LA U,false,339,630,1.8584,630,431,0.6841,,,
concejo>asamblea,2015,2019,OSCAR JAVIER ARIAS PEREZ,OSCAR JAVIER ARIAS PEREZ,46,46-001,46-001,PARTIDO OPCIÓN CIUDADANA,PARTIDO CONSERVADOR COLOMBIANO,false,339,1471,4.3392,1471,1154,0.7845,,,
concejo>asamblea,2015,2019,LIBARDO MAURELLO DIAZ,LIBARDO MAURELLO DIAZ,12,12-075,12-075,EQUIPO CONFIANZA,PARTIDO LIBERAL COLOMBIANO,false,332,1200,3.6145,1200,397,0.3308,,,
concejo>asamblea,2015,2019,JENNY ESPERANZA GALINDO,JENNY ESPERANZA GALINDO,46,46-880,46-880,"MOVIMIENTO ALTERNATIVO INDÍGENA Y SOCIAL ""MAIS""",COALICION CASANARE,false,332,4506,13.5723,4506,4052,0.8992,,,
concejo>asamblea,2015,2019,ANDRES CUELTAN ROJAS,ANDRES CUELTAN ROJAS,64,64-028,64-028,PARTIDO ALIANZA VERDE,PARTIDO ALIANZA VERDE,true,330,974,2.9515,974,543,0.5575,,,
concejo>asamblea,2015,2019,ALBERTO YESID MONTEZUMA IBARRA,ALBERTO YESID MONTEZUMA IBARRA,64,64-001,64-001,PARTIDO LIBERAL COLOMBIANO,PARTIDO LIBERAL COLOMBIANO,true,329,499,1.5167,499,241,0.483,,,
concejo>asamblea,2015,2019,FEDERICO ORTIZ GONZALEZ,FEDERICO ORTIZ GONZALEZ,54,54-007,54-007,PARTIDO CONSERVADOR COLOMBIANO,PARTIDO CONSERVADOR COLOMBIANO,true,327,763,2.3333,763,308,0.4037,,,
concejo>asamblea,2015,2019,LUIS EDUARDO PIMIENTO MORENO,LUIS EDUARDO PIMIENTO MORENO,27,27-001,27-001,PARTIDO UNIÓN PATRIÓTICA,ALIANZA POR SANTANDER,false,322,1396,4.3354,1396,400,0.2865,,,
concejo>asamblea,2015,2019,ISABEL CARMENZA TAVERA MARTINEZ,ISABEL CARMENZA TAVERA MARTINEZ,13,13-001,13-001,PARTIDO POLO DEMOCRÁTICO ALTERNATIVO,UNIDOS POR CORDOBA,false,320,2379,7.4344,2379,1192,0.5011,,,
concejo>asamblea,2015,2019,RITA MERCEDES ARIAS MAESTRE,RITA MERCEDES ARIAS MAESTRE,12,12-001,12-001,PARTIDO ALIANZA SOCIAL INDEPENDIENTE,PARTIDO ALIANZA SOCIAL INDEPENDIENTE ASI,false,319,3667,11.4953,3667,2160,0.589,,,
concejo>asamblea,2015,2019,LUZ STELLA SEVILLANO BARREIRO,LUZ STELLA SEVILLANO BARREIRO,31,31-106,31-106,MOVIMIENTO MIRA,PARTIDO POLITICO  MIRA,false,317,3808,12.0126,3808,2405,0.6316,,,
concejo>asamblea,2015,2019,WILSON PACHECO RENTERIA MOSQUERA,WILSON PACHECO RENTERIA MOSQUERA,17,17-034,17-034,PARTIDO ALIANZA VERDE,PARTIDO ALIANZA VERDE,true,316,1568,4.962,1568,959,0.6116,,,
concejo>asamblea,2015,2019,ROLAN ENRIQUE GUZMAN DIAZ,ROLAN ENRIQUE GUZMAN DIAZ,29,29-064,29-064,PARTIDO DE LA U,PARTIDO SOCIAL DE UNIDAD NACIONAL  PARTIDO DE LA U,false,314,1242,3.9554,1242,461,0.3712,,,
concejo>asamblea,2015,2019,ALVARO LADINO PAQUE,ALVARO LADINO PAQUE,19,19-001,19-001,PARTIDO ALIANZA VERDE,JUNTOS,false,313,621,1.984,621,295,0.475,,,
concejo>asamblea,2015,2019,ADRIAN GONZALEZ OVALLE,ADRIAN GONZALEZ OVALLE,46,46-040,46-040,PARTIDO OPCIÓN CIUDADANA,PARTIDO CONSERVADOR COLOMBIANO,false,306,1334,4.3595,1334,512,0.3838,,,
concejo>asamblea,2015,2019,ALVARO OJEDA OLARTE,ALVARO OJEDA OLARTE,27,27-001,27-001,PARTIDO ALIANZA SOCIAL INDEPENDIENTE,PARTIDO ALIANZA SOCIAL INDEPENDIENTE ASI,false,304,1825,6.0033,1825,662,0.3627,,,
concejo>asamblea,2015,2019,HENRY ANTONIO DIAZ MARMOLEJO,HENRY ANTONIO DIAZ MARMOLEJO,05,05-001,05-001,PARTIDO ALIANZA VERDE,PARTIDO ALIANZA VERDE,true,302,1178,3.9007,1178,997,0.8463,,,
concejo>asamblea,2015,2019,INDIRA CORRALES HIDALGO,INDIRA CORRALES HIDALGO,11,11-064,11-064,PARTIDO ALIANZA VERDE,PARTIDO ALIANZA VERDE,true,301,4193,13.9302,4193,2013,0.4801,,,
concejo>asamblea,2015,2019,GIOVANNY BERNARDO MENESES RIASCOS,GIOVANNY BERNARDO MENESES RIASCOS,64,64-026,64-026,PARTIDO ALIANZA VERDE,PARTIDO ALIANZA VERDE,true,301,1619,5.3787,1619,739,0.4565,,,
concejo>asamblea,2015,2019,LUIS ANGEL MORALES PERDOMO,LUIS ANGEL MORALES PERDOMO,44,44-010,44-010,PARTIDO CAMBIO RADICAL,PARTIDO CAMBIO RADICAL,true,300,926,3.0867,926,694,0.7495,,,
concejo>asamblea,2015,2019,JOSE ANGEL MUNOZ RODRIGUEZ,JOSE ANGEL MUNOZ RODRIGUEZ,40,40-005,40-005,PARTIDO CAMBIO RADICAL,PARTIDO CAMBIO RADICAL,true,297,1078,3.6296,1078,777,0.7208,,,
concejo>asamblea,2015,2019,DUVIANA MARIN RESTREPO,DUVIANA MARIN RESTREPO,50,50-001,50-001,PARTIDO LIBERAL COLOMBIANO,PARTIDO LIBERAL COLOMBIANO,true,295,195,0.661,195,182,0.9333,,,
concejo>asamblea,2015,2019,SIMON JESUS PANTOJA EGAS,SIMON JESUS PANTOJA EGAS,64,64-023,64-023,MOVIMIENTO AUTORIDADES INDÍGENAS DE COLOMBIA,PARTIDO CAMBIO RADICAL,false,293,909,3.1024,909,644,0.7085,,,
concejo>asamblea,2015,2019,ISMAEL ALEJANDRO CASTILLO PANTEVIZ,ISMAEL ALEJANDRO CASTILLO PANTEVIZ,60,60-001,60-001,PARTIDO CENTRO DEMOCRÁTICO,PARTIDO CENTRO DEMOCRATICO,true,292,252,0.863,252,189,0.75,,,
concejo>asamblea,2015,2019,JOSE NESTOR GUERRA TORRES,JOSE NESTOR GUERRA TORRES,40,40-010,40-010,PARTIDO ALIANZA SOCIAL INDEPENDIENTE,PARTIDO ALIANZA SOCIAL INDEPENDIENTE ASI,false,290,517,1.7828,517,399,0.7718,,,
concejo>asamblea,2015,2019,NESTOR MAURICIO CALY PADILLA,NESTOR MAURICIO CALY PADILLA,01,01-001,01-001,MOVIMIENTO MIRA,COALICION CAMBIO RADICAL  - MIRA,false,288,18280,63.4722,18280,7875,0.4308,,,
concejo>asamblea,2015,2019,ELIRIO CRUZ GARCIA,ELIRIO CRUZ GARCIA,46,46-040,46-040,PARTIDO OPCIÓN CIUDADANA,PARTIDO ALIANZA SOCIAL INDEPENDIENTE ASI,false,287,2107,7.3415,2107,1372,0.6512,,,
concejo>asamblea,2015,2019,JULIANA GRANADOS DIAZ,JULIANA GRANADOS DIAZ,50,50-001,50-001,PARTIDO CAMBIO RADICAL,PARTIDO CAMBIO RADICAL,true,284,131,0.4613,131,113,0.8626,,,
concejo>asamblea,2015,2019,GUSTAVO ADOLFO ZULUAGA CARDENAS,GUSTAVO ADOLFO ZULUAGA CARDENAS,60,60-001,60-001,PARTIDO CONSERVADOR COLOMBIANO,PARTIDO CONSERVADOR COLOMBIANO,true,281,394,1.4021,394,352,0.8934,,,
concejo>asamblea,2015,2019,NILSON MANUEL GOMEZ PIEDRAHITA,NILSON MANUEL GOMEZ PIEDRAHITA,11,11-049,11-049,PARTIDO CAMBIO RADICAL,PARTIDO CAMBIO RADICAL,true,277,4214,15.213,4214,1816,0.4309,,,
concejo>asamblea,2015,2019,KALER ESTID CASTRO PINO,KALER ESTID CASTRO PINO,17,17-001,17-001,PARTIDO CONSERVADOR COLOMBIANO,MOVIMIENTO ALTERNATIVO INDIGENA Y SOCIAL MAIS,false,275,675,2.4545,675,420,0.6222,,,
concejo>asamblea,2015,2019,LUZ SOREYI RENTERIA HEREDIA,LUZ SOREYI RENTERIA HEREDIA,54,54-001,54-001,MOVIMIENTO MIRA,PARTIDO CENTRO DEMOCRATICO- PARTIDO POLITICO MIRA,false,275,586,2.1309,586,479,0.8174,,,
concejo>asamblea,2015,2019,JHON WILDER AHUE CERRON,JHON WILDER AHUE CERRON,60,60-001,60-001,"MOVIMIENTO ALTERNATIVO INDÍGENA Y SOCIAL ""MAIS""",MOVIMIENTO ALTERNATIVO INDIGENA Y SOCIAL MAIS,true,275,241,0.8764,241,193,0.8008,,,
concejo>asamblea,2015,2019,MARIO ANDRES BERMUDEZ,MARIO ANDRES BERMUDEZ,31,31-055,31-055,MOVIMIENTO MIRA,PARTIDO POLITICO  MIRA,false,274,2800,10.219,2800,2219,0.7925,,,
concejo>asamblea,2015,2019,NUMAEL AUGUSTO GONZALEZ SALGUERO,NUMAEL AUGUSTO GONZALEZ SALGUERO,15,15-280,15-280,PARTIDO CAMBIO RADICAL,PARTIDO CAMBIO RADICAL,true,268,2739,10.2201,2739,1611,0.5882,,,
concejo>asamblea,2015,2019,CARLOS CESAR POTES PEREA,CARLOS CESAR POTES PEREA,17,17-026,17-026,PARTIDO CAMBIO RADICAL,PARTIDO CAMBIO RADICAL,true,268,2884,10.7612,2884,977,0.3388,,,
concejo>asamblea,2015,2019,EDWIN FERNANDO PISSO ESCALANTE,EDWIN FERNANDO PISSO ESCALANTE,19,19-058,19-058,PARTIDO ALIANZA VERDE,PARTIDO SOCIAL DE UNIDAD NACIONAL  PARTIDO DE LA U,false,268,1206,4.5,1206,515,0.427,,,
concejo>asamblea,2015,2019,RUBEN DARIO GARCIA LONDONO,RUBEN DARIO GARCIA LONDONO,19,19-010,19-010,PARTIDO DE LA U,PARTIDO SOCIAL DE UNIDAD NACIONAL  PARTIDO DE LA U,false,266,2643,9.9361,2643,1293,0.4892,,,
concejo>asamblea,2015,2019,DIDIMO EMILIO CRISTANCHO TARACHE,DIDIMO EMILIO CRISTANCHO TARACHE,46,46-680,46-680,PARTIDO CENTRO DEMOCRÁTICO,PARTIDO CENTRO DEMOCRATICO- PARTIDO POLITICO MIRA,false,266,1570,5.9023,1570,369,0.235,,,
concejo>asamblea,2015,2019,WILLIAN FERNANDO ALDANA VASQUEZ,WILLIAN FERNANDO ALDANA VASQUEZ,29,29-094,29-094,PARTIDO CAMBIO RADICAL,PARTIDO CAMBIO RADICAL,true,261,1764,6.7586,1764,755,0.428,,,
concejo>asamblea,2015,2019,ALBERTO ENRIQUE MURILLO SANCHEZ,ALBERTO ENRIQUE MURILLO SANCHEZ,07,07-277,07-277,PARTIDO CONSERVADOR COLOMBIANO,PARTIDO CAMBIO RADICAL,false,260,1995,7.6731,1995,447,0.2241,,,
concejo>asamblea,2015,2019,WIDIN ALBERTO NAVARRO GUTIERREZ,WIDIN ALBERTO NAVARRO GUTIERREZ,40,40-001,40-001,PARTIDO LIBERAL COLOMBIANO,MOVIMIENTO ALTERNATIVO INDIGENA Y SOCIAL MAIS,false,256,363,1.418,363,328,0.9036,,,
concejo>asamblea,2015,2019,HECTOR FABIO CARDONA VELASQUEZ,HECTOR FABIO CARDONA VELASQUEZ,68,68-001,68-001,PARTIDO OPCIÓN CIUDADANA,PARTIDO ALIANZA SOCIAL INDEPENDIENTE ASI,false,254,354,1.3937,354,336,0.9492,,,
concejo>asamblea,2015,2019,LIBERNEY ARDILA SEPULVEDA,LIBERNEY ARDILA SEPULVEDA,01,01-106,01-106,PARTIDO CAMBIO RADICAL,COALICION CAMBIO RADICAL  - MIRA,false,247,2260,9.1498,2260,966,0.4274,,,
concejo>asamblea,2015,2019,JORGE ANDRES GONZALEZ SILVA,JORGE ANDRES GONZALEZ SILVA,31,31-025,31-025,PARTIDO OPCIÓN CIUDADANA,PARTIDO SOCIAL DE UNIDAD NACIONAL  PARTIDO DE LA U,false,247,2353,9.5263,2353,235,0.0999,,,
concejo>asamblea,2015,2019,MARIO FERNANDO COMBITA BRINEZ,MARIO FERNANDO COMBITA BRINEZ,29,29-040,29-040,MOVIMIENTO MIRA,PARTIDO POLITICO  MIRA,false,242,2139,8.8388,2139,904,0.4226,,,
concejo>asamblea,2015,2019,LUCAS MARTIN VACA,LUCAS MARTIN VACA,54,54-001,54-001,PARTIDO ALIANZA VERDE,PARTIDO ALIANZA VERDE,true,239,736,3.0795,736,704,0.9565,,,
concejo>asamblea,2015,2019,JAVIER SNEYDERT MCLARKSON SALCEDO,JAVIER SNEYDERT MCLARKSON SALCEDO,25,25-001,25-001,PARTIDO ALIANZA VERDE,PARTIDO ADA,false,233,797,3.4206,797,413,0.5182,,,
concejo>asamblea,2015,2019,CARLOS ARTURO SALAZAR MONTANO,CARLOS ARTURO SALAZAR MONTANO,72,72-006,72-006,PARTIDO LIBERAL COLOMBIANO,PARTIDO LIBERAL COLOMBIANO,true,233,255,1.0944,255,234,0.9176,,,
concejo>asamblea,2015,2019,DUVAN GUILLERMO SOTO OSORIO,DUVAN GUILLERMO SOTO OSORIO,31,31-052,31-052,PARTIDO CENTRO DEMOCRÁTICO,PARTIDO CENTRO DEMOCRATICO,true,232,5583,24.0647,5583,793,0.142,,,
concejo>asamblea,2015,2019,HELBERT GOMEZ VEGA,HELBERT GOMEZ VEGA,54,54-007,54-007,PARTIDO OPCIÓN CIUDADANA,PARTIDO CAMBIO RADICAL,false,231,185,0.8009,185,106,0.573,,,
concejo>asamblea,2015,2019,CRISTIAN FELIPE PAREJA BECERRA,CRISTIAN FELIPE PAREJA BECERRA,09,09-013,09-013,PARTIDO DE LA U,PARTIDO LIBERAL COLOMBIANO,false,230,2727,11.8565,2727,470,0.1724,,,
concejo>asamblea,2015,2019,JAIME ANDRES RAMIREZ ARIAS,JAIME ANDRES RAMIREZ ARIAS,27,27-019,27-019,MOVIMIENTO MIRA,COALICION CENTRO DEMOCRATICO - MIRA,false,229,1744,7.6157,1744,538,0.3085,,,
concejo>asamblea,2015,2019,WALTER OLAYA RODRIGUEZ,WALTER OLAYA RODRIGUEZ,44,44-004,44-004,PARTIDO ALIANZA SOCIAL INDEPENDIENTE,PARTIDO ALIANZA SOCIAL INDEPENDIENTE ASI,false,228,1470,6.4474,1470,456,0.3102,,,
concejo>asamblea,2015,2019,LADY EUFRASIA SIERRA MILLAN,LADY EUFRASIA SIERRA MILLAN,27,27-001,27-001,MOVIMIENTO MIRA,COALICION CENTRO DEMOCRATICO - MIRA,false,226,7246,32.0619,7246,2021,0.2789,,,
concejo>asamblea,2015,2019,JULIO CESAR MORATO ORTIZ,JULIO CESAR MORATO ORTIZ,29,29-079,29-079,PARTIDO LIBERAL COLOMBIANO,PARTIDO LIBERAL COLOMBIANO,true,226,9584,42.4071,9584,2865,0.2989,,,
concejo>asamblea,2015,2019,HUMBERTO MUNOZ FERNANDEZ,HUMBERTO MUNOZ FERNANDEZ,52,52-080,52-080,PARTIDO ALIANZA SOCIAL INDEPENDIENTE,PARTIDO ALIANZA SOCIAL INDEPENDIENTE ASI,false,226,5209,23.0487,5209,1939,0.3722,,,
concejo>asamblea,2015,2019,OSCAR JHOANNY AGUIRRE ALZATE,OSCAR JHOANNY AGUIRRE ALZATE,26,26-001,26-001,PARTIDO CAMBIO RADICAL,PARTIDO SOCIAL DE UNIDAD NACIONAL  PARTIDO DE LA U,false,222,224,1.009,224,115,0.5134,,,
concejo>asamblea,2015,2019,NELSON ABEL ALARCON ARBOLEDA,NELSON ABEL ALARCON ARBOLEDA,23,23-139,23-139,PARTIDO UNIÓN PATRIÓTICA,UNIDOS SI PODEMOS,false,221,633,2.8643,633,332,0.5245,,,
concejo>asamblea,2015,2019,CESAR FABIAN CAMARGO ZEA,CESAR FABIAN CAMARGO ZEA,46,46-680,46-680,PARTIDO ALIANZA VERDE,PARTIDO ALIANZA VERDE,true,219,1168,5.3333,1168,303,0.2594,,,
concejo>asamblea,2015,2019,MAURICIO RUIZ CICERI,MAURICIO RUIZ CICERI,44,44-004,44-004,PARTIDO DE LA U,PARTIDO SOCIAL DE UNIDAD NACIONAL  PARTIDO DE LA U,false,218,1841,8.445,1841,323,0.1754,,,
concejo>asamblea,2015,2019,JUAN MANUEL CAMAYO DIAZ,JUAN MANUEL CAMAYO DIAZ,11,11-010,11-010,"MOVIMIENTO ALTERNATIVO INDÍGENA Y SOCIAL ""MAIS""",COALICION CAUCA,false,216,1530,7.0833,1530,285,0.1863,,,
concejo>asamblea,2015,2019,EDGAR FRANCISCO IMBETT RICARDO,EDGAR FRANCISCO IMBETT RICARDO,28,28-180,28-180,PARTIDO OPCIÓN CIUDADANA,PARTIDO CENTRO DEMOCRATICO- PARTIDO POLITICO MIRA,false,215,1936,9.0047,1936,777,0.4013,,,
concejo>asamblea,2015,2019,JAIME ANDRES GOMEZ GOMEZ,JAIME ANDRES GOMEZ GOMEZ,07,07-166,07-166,PARTIDO CONSERVADOR COLOMBIANO,PARTIDO CONSERVADOR COLOMBIANO,true,214,2948,13.7757,2948,1508,0.5115,,,
concejo>asamblea,2015,2019,GERMAN RODRIGO GUZMAN ACOSTA,GERMAN RODRIGO GUZMAN ACOSTA,01,01-001,01-001,PARTIDO CONSERVADOR COLOMBIANO,COALICION CAMBIO RADICAL  - MIRA,false,212,588,2.7736,588,120,0.2041,,,
concejo>asamblea,2015,2019,JHOAN MANUEL BALLEN ZAMBRANO,JHOAN MANUEL BALLEN ZAMBRANO,15,15-340,15-340,PARTIDO ALIANZA SOCIAL INDEPENDIENTE,PARTIDO CONSERVADOR  -  PARTIDO POLITICO MIRA,false,210,1186,5.6476,1186,219,0.1847,,,
concejo>asamblea,2015,2019,JULIO RAFAEL CARDENAS GUERRERO,JULIO RAFAEL CARDENAS GUERRERO,05,05-022,05-022,PARTIDO CONSERVADOR COLOMBIANO,COALICION ALTERNATIVA BOLIVAR,false,209,1418,6.7847,1418,921,0.6495,,,
concejo>asamblea,2015,2019,EDGAR MONTILLA GONZALEZ,EDGAR MONTILLA GONZALEZ,23,23-001,23-001,PARTIDO UNIÓN PATRIÓTICA,CONVERGENCIA,false,205,1760,8.5854,1760,880,0.5,,,
concejo>asamblea,2015,2019,DAGOBERTO GUTIERREZ TRIGOS,DAGOBERTO GUTIERREZ TRIGOS,12,12-075,12-075,MOVIMIENTO AUTORIDADES INDÍGENAS DE COLOMBIA,MOVIMIENTO AUTORIDADES INDIGENAS DE COLOMBIA AICO,false,204,569,2.7892,569,387,0.6801,,,
concejo>asamblea,2015,2019,MARISOL HUACA SAMBONI,MARISOL HUACA SAMBONI,64,64-023,64-023,PARTIDO CONSERVADOR COLOMBIANO,PARTIDO CONSERVADOR COLOMBIANO,true,204,1168,5.7255,1168,626,0.536,,,
concejo>asamblea,2015,2019,MIGUEL ANTONIO ZORRO OSPINA,MIGUEL ANTONIO ZORRO OSPINA,29,29-010,29-010,PARTIDO CAMBIO RADICAL,PARTIDO CAMBIO RADICAL,true,203,3928,19.3498,3928,1353,0.3445,,,
concejo>asamblea,2015,2019,JHON AYALA FORERO,JHON AYALA FORERO,31,31-001,31-001,PARTIDO ALIANZA SOCIAL INDEPENDIENTE,PARTIDO SOCIAL DE UNIDAD NACIONAL  PARTIDO DE LA U,false,198,1146,5.7879,1146,508,0.4433,,,
concejo>asamblea,2015,2019,ROBINSON LOPEZ ALCARAZ,ROBINSON LOPEZ ALCARAZ,01,01-031,01-031,PARTIDO ALIANZA VERDE,PARTIDO ALIANZA VERDE,true,195,4022,20.6256,4022,465,0.1156,,,
concejo>asamblea,2015,2019,ENGIVER ESTEVEZ GARCIA,ENGIVER ESTEVEZ GARCIA,72,72-001,72-001,PARTIDO DE LA U,PARTIDO SOCIAL DE UNIDAD NACIONAL  PARTIDO DE LA U,false,195,264,1.3538,264,214,0.8106,,,
concejo>asamblea,2015,2019,JAIRO DE JESUS MESA RICO,JAIRO DE JESUS MESA RICO,01,01-151,01-151,PARTIDO ALIANZA SOCIAL INDEPENDIENTE,COALICION CAMBIO RADICAL  - MIRA,false,194,555,2.8608,555,33,0.0595,,,
concejo>asamblea,2015,2019,JOSUE DAVID GUARIN VALBUENA,JOSUE DAVID GUARIN VALBUENA,72,72-001,72-001,PARTIDO DE LA U,PARTIDO SOCIAL DE UNIDAD NACIONAL  PARTIDO DE LA U,false,191,73,0.3822,73,60,0.8219,,,
concejo>asamblea,2015,2019,ORLANDO FLOREZ CUERVO,ORLANDO FLOREZ CUERVO,07,07-139,07-139,PARTIDO CENTRO DEMOCRÁTICO,PARTIDO CENTRO DEMOCRATICO,true,190,1740,9.1579,1740,497,0.2856,,,
concejo>asamblea,2015,2019,CARLOS HUMBERTO MORA TRUJILLO,CARLOS HUMBERTO MORA TRUJILLO,44,44-005,44-005,PARTIDO CAMBIO RADICAL,PARTIDO CAMBIO RADICAL,true,188,2516,13.383,2516,1324,0.5262,,,
concejo>asamblea,2015,2019,EDWIN FLORIBERTO ALARCON BARRERA,EDWIN FLORIBERTO ALARCON BARRERA,46,46-520,46-520,PARTIDO CAMBIO RADICAL,PARTIDO CAMBIO RADICAL,true,187,5819,31.1176,5819,4709,0.8092,,,
concejo>asamblea,2015,2019,TEDDY TAMANI MURAYARI,TEDDY TAMANI MURAYARI,60,60-001,60-001,PARTIDO CAMBIO RADICAL,PARTIDO CAMBIO RADICAL,true,187,132,0.7059,132,122,0.9242,,,
concejo>asamblea,2015,2019,ALVARO DIAZ RODRIGUEZ,ALVARO DIAZ RODRIGUEZ,26,26-001,26-001,MOVIMIENTO AUTORIDADES INDÍGENAS DE COLOMBIA,PARTIDO LIBERAL COLOMBIANO,false,184,3934,21.3804,3934,1823,0.4634,,,
concejo>asamblea,2015,2019,ARLEY DARIO RATIVA TAPIAS,ARLEY DARIO RATIVA TAPIAS,46,46-865,46-865,PARTIDO CAMBIO RADICAL,PARTIDO CAMBIO RADICAL,true,184,1348,7.3261,1348,242,0.1795,,,
concejo>asamblea,2015,2019,MARTHA MAGDALENA ROMERO RODRIGUEZ,MARTHA MAGDALENA ROMERO RODRIGUEZ,29,29-046,29-046,PARTIDO CONSERVADOR COLOMBIANO,PARTIDO CONSERVADOR COLOMBIANO,true,183,1357,7.4153,1357,116,0.0855,,,
concejo>asamblea,2015,2019,HUMBERTO ANACONA PALADINES,HUMBERTO ANACONA PALADINES,19,19-056,19-056,PARTIDO LIBERAL COLOMBIANO,PARTIDO LIBERAL COLOMBIANO,true,181,3258,18,3258,909,0.279,,,
concejo>asamblea,2015,2019,WILTON PEREZ BARRERA,WILTON PEREZ BARRERA,46,46-001,46-001,"MOVIMIENTO ALTERNATIVO INDÍGENA Y SOCIAL ""MAIS""",COALICION CASANARE,false,181,629,3.4751,629,433,0.6884,,,
concejo>asamblea,2015,2019,JAVIER ENRIQUE CASADIEGOS GARZON,JAVIER ENRIQUE CASADIEGOS GARZON,05,05-095,05-095,PARTIDO POLO DEMOCRÁTICO ALTERNATIVO,COALICION ALTERNATIVA BOLIVAR,false,181,2277,12.5801,2277,1439,0.632,,,
concejo>asamblea,2015,2019,GEOVANNY OSPINA PAREDES,GEOVANNY OSPINA PAREDES,64,64-030,64-030,PARTIDO ALIANZA SOCIAL INDEPENDIENTE,PARTIDO ALIANZA SOCIAL INDEPENDIENTE ASI,false,181,755,4.1713,755,280,0.3709,,,
concejo>asamblea,2015,2019,NEIDER RICARDO DELGADO CASTILLO,NEIDER RICARDO DELGADO CASTILLO,64,64-025,64-025,PARTIDO LIBERAL COLOMBIANO,PARTIDO LIBERAL COLOMBIANO,true,179,1173,6.5531,1173,336,0.2864,,,
concejo>asamblea,2015,2019,MARLON ANDRES CORTINA SUAREZ,MARLON ANDRES CORTINA SUAREZ,48,48-001,48-001,PARTIDO POLO DEMOCRÁTICO ALTERNATIVO,PARTIDO POLO DEMOCRATICO ALTERNATIVO,true,174,178,1.023,178,43,0.2416,,,
concejo>asamblea,2015,2019,JULIAN ARBOLEDA HURTADO,JULIAN ARBOLEDA HURTADO,72,72-001,72-001,PARTIDO CENTRO DEMOCRÁTICO,PARTIDO CENTRO DEMOCRATICO,true,174,416,2.3908,416,360,0.8654,,,
concejo>asamblea,2015,2019,RUBEN DARIO GOMEZ SOLANO,RUBEN DARIO GOMEZ SOLANO,72,72-001,72-001,PARTIDO ALIANZA VERDE,PARTIDO ALIANZA VERDE,true,174,246,1.4138,246,195,0.7927,,,
concejo>asamblea,2015,2019,HENRY MOSQUERA SANCHEZ,HENRY MOSQUERA SANCHEZ,11,11-087,11-087,PARTIDO CAMBIO RADICAL,PARTIDO CAMBIO RADICAL,true,168,5022,29.8929,5022,2524,0.5026,,,
concejo>asamblea,2015,2019,CARMEN REGINA PENARANDA STUMMO,CARMEN REGINA PENARANDA STUMMO,21,21-001,21-001,PARTIDO CONSERVADOR COLOMBIANO,PARTIDO CONSERVADOR - PARTIDO POLITICO MIRA,false,166,312,1.8795,312,202,0.6474,,,
concejo>asamblea,2015,2019,FRANCISCO JAVIER TRUJILLO ANDRADE,FRANCISCO JAVIER TRUJILLO ANDRADE,64,64-026,64-026,PARTIDO CONSERVADOR COLOMBIANO,PARTIDO CONSERVADOR COLOMBIANO,true,166,830,5,830,361,0.4349,,,
concejo>asamblea,2015,2019,CARLOS EDUARDO VEGA ALVAREZ,CARLOS EDUARDO VEGA ALVAREZ,07,07-166,07-166,PARTIDO LIBERAL COLOMBIANO,BOYACA DECENTE,false,166,974,5.8675,974,344,0.3532,,,
concejo>asamblea,2015,2019,MARIA ISABEL ACOSTA GRANADOS,MARIA ISABEL ACOSTA GRANADOS,21,21-001,21-001,"MOVIMIENTO ALTERNATIVO INDÍGENA Y SOCIAL ""MAIS""",PARTIDO COLOMBIA RENACIENTE,false,165,1742,10.5576,1742,976,0.5603,,,
concejo>asamblea,2015,2019,ESNEIDER FABIAN MARULANDA LOPEZ,ESNEIDER FABIAN MARULANDA LOPEZ,72,72-002,72-002,PARTIDO CENTRO DEMOCRÁTICO,PARTIDO CENTRO DEMOCRATICO,true,165,782,4.7394,782,573,0.7327,,,
concejo>asamblea,2015,2019,YIMI RUIZ MENESES,YIMI RUIZ MENESES,64,64-018,64-018,PARTIDO OPCIÓN CIUDADANA,COLOMBIA HUMANA - UNION PATRIOTICA,false,163,545,3.3436,545,394,0.7229,,,
concejo>asamblea,2015,2019,PIEDAD DEL SOCORRO MORALES LOPEZ,PIEDAD DEL SOCORRO MORALES LOPEZ,01,01-070,01-070,PARTIDO POLO DEMOCRÁTICO ALTERNATIVO,QUEREMOS,false,162,2232,13.7778,2232,706,0.3163,,,
concejo>asamblea,2015,2019,FRANCISCO JAVIER CIFUENTES,FRANCISCO JAVIER CIFUENTES,31,31-061,31-061,PARTIDO CAMBIO RADICAL,COLOMBIA HUMANA - UNION PATRIOTICA,false,160,2482,15.5125,2482,1172,0.4722,,,
concejo>asamblea,2015,2019,HENRY HONORIO MOSQUERA RENTERIA,HENRY HONORIO MOSQUERA RENTERIA,17,17-028,17-028,PARTIDO CONSERVADOR COLOMBIANO,PARTIDO CONSERVADOR COLOMBIANO,true,159,275,1.7296,275,27,0.0982,,,
concejo>asamblea,2015,2019,JOSE YOVANY CARDENAS PANTOJA,JOSE YOVANY CARDENAS PANTOJA,23,23-115,23-115,PARTIDO ALIANZA SOCIAL INDEPENDIENTE,CONVERGENCIA,false,158,2869,18.1582,2869,627,0.2185,,,
concejo>asamblea,2015,2019,WILSON ARIAS GAITAN,WILSON ARIAS GAITAN,72,72-008,72-008,PARTIDO ALIANZA SOCIAL INDEPENDIENTE,PARTIDO ALIANZA SOCIAL INDEPENDIENTE ASI,false,157,215,1.3694,215,149,0.693,,,
concejo>asamblea,2015,2019,ROLANDO CHINCHILLA CUEVAS,ROLANDO CHINCHILLA CUEVAS,46,46-560,46-560,PARTIDO DE LA U,PARTIDO SOCIAL DE UNIDAD NACIONAL  PARTIDO DE LA U,false,156,2231,14.3013,2231,1262,0.5657,,,
concejo>asamblea,2015,2019,GABRIEL DE JESUS NARVAEZ VEGA,GABRIEL DE JESUS NARVAEZ VEGA,05,05-106,05-106,"MOVIMIENTO ALTERNATIVO INDÍGENA Y SOCIAL ""MAIS""",COALICION ALTERNATIVA BOLIVAR,false,151,2830,18.7417,2830,941,0.3325,,,
concejo>asamblea,2015,2019,SEGUNDO FIDEL SALAZAR GONZALEZ,SEGUNDO FIDEL SALAZAR GONZALEZ,07,07-049,07-049,PARTIDO CAMBIO RADICAL,PARTIDO SOCIAL DE UNIDAD NACIONAL  PARTIDO DE LA U,false,150,1348,8.9867,1348,389,0.2886,,,
concejo>asamblea,2015,2019,JOSE LEONARDO VALENCIA ROA,JOSE LEONARDO VALENCIA ROA,50,50-001,50-001,PARTIDO CONSERVADOR COLOMBIANO,PARTIDO CONSERVADOR COLOMBIANO,true,148,97,0.6554,97,53,0.5464,,,
concejo>asamblea,2015,2019,OSCAR YAHIR RENTERIA GUARDIA,OSCAR YAHIR RENTERIA GUARDIA,17,17-001,17-001,PARTIDO ALIANZA SOCIAL INDEPENDIENTE,PARTIDO COLOMBIA RENACIENTE,false,147,191,1.2993,191,106,0.555,,,
concejo>asamblea,2015,2019,MAIRA ADRIANA ZERDA GONZALEZ,MAIRA ADRIANA ZERDA GONZALEZ,07,07-280,07-280,PARTIDO ALIANZA VERDE,PARTIDO ALIANZA VERDE,true,147,5036,34.2585,5036,1084,0.2153,,,
concejo>asamblea,2015,2019,JOSE GABRIEL GUERRA MANUYAMA,JOSE GABRIEL GUERRA MANUYAMA,60,60-001,60-001,PARTIDO ALIANZA SOCIAL INDEPENDIENTE,PARTIDO ALIANZA SOCIAL INDEPENDIENTE ASI,false,146,93,0.637,93,86,0.9247,,,
concejo>asamblea,2015,2019,FREDY ENRIQUE SEGURA ALONSO,FREDY ENRIQUE SEGURA ALONSO,07,07-001,07-001,PARTIDO POLO DEMOCRÁTICO ALTERNATIVO,BOYACA DECENTE,false,146,590,4.0411,590,288,0.4881,,,
concejo>asamblea,2015,2019,EDWIN EDUARDO MACHADO RIOS,EDWIN EDUARDO MACHADO RIOS,11,11-064,11-064,PARTIDO DE LA U,PARTIDO SOCIAL DE UNIDAD NACIONAL  PARTIDO DE LA U,false,145,3336,23.0069,3336,1755,0.5261,,,
concejo>asamblea,2015,2019,FRANKLIN HUMBERTO ARIAS GRISALES,FRANKLIN HUMBERTO ARIAS GRISALES,72,72-001,72-001,MOVIMIENTO AUTORIDADES INDÍGENAS DE COLOMBIA,MOVIMIENTO AUTORIDADES INDIGENAS DE COLOMBIA AICO,false,135,95,0.7037,95,65,0.6842,,,
concejo>asamblea,2015,2019,PABLO ALEXANDER NEITA TARACHE,PABLO ALEXANDER NEITA TARACHE,72,72-008,72-008,PARTIDO LIBERAL COLOMBIANO,PARTIDO LIBERAL COLOMBIANO,true,135,184,1.363,184,78,0.4239,,,
concejo>asamblea,2015,2019,ADAN ANTONIO HERNANDEZ GUEVARA,ADAN ANTONIO HERNANDEZ GUEVARA,12,12-001,12-001,VALLEDUPAR INCLUYENTE,PARTIDO CAMBIO RADICAL,false,134,1360,10.1493,1360,682,0.5015,,,
concejo>asamblea,2015,2019,BLANCA CECILIA GIL CASTILLO,BLANCA CECILIA GIL CASTILLO,31,31-031,31-031,MOVIMIENTO MIRA,PARTIDO POLITICO  MIRA,false,129,1329,10.3023,1329,296,0.2227,,,
concejo>asamblea,2015,2019,INGRID SANCHEZ CAMPO,INGRID SANCHEZ CAMPO,11,11-001,11-001,PARTIDO ALIANZA VERDE,PARTIDO CONSERVADOR COLOMBIANO,false,127,790,6.2205,790,288,0.3646,,,
concejo>asamblea,2015,2019,NANCY ARCENIO RENTERIA TAPIA,NANCY ARCENIO RENTERIA TAPIA,17,17-025,17-025,PARTIDO ALIANZA VERDE,PARTIDO ADA,false,123,582,4.7317,582,209,0.3591,,,
concejo>asamblea,2015,2019,SARA ROCIO MONTENEGRO CARVAJAL,SARA ROCIO MONTENEGRO CARVAJAL,31,31-001,31-001,"MOVIMIENTO ALTERNATIVO INDÍGENA Y SOCIAL ""MAIS""",PARTIDO COLOMBIA RENACIENTE,false,122,791,6.4836,791,407,0.5145,,,
concejo>asamblea,2015,2019,JAIRO CHIPIAJE GAITAN,JAIRO CHIPIAJE GAITAN,72,72-006,72-006,PARTIDO LIBERAL COLOMBIANO,PARTIDO COLOMBIA RENACIENTE,false,122,132,1.082,132,123,0.9318,,,
concejo>asamblea,2015,2019,NORA CASTILLO FERNANDEZ,NORA CASTILLO FERNANDEZ,60,60-007,60-007,"MOVIMIENTO ALTERNATIVO INDÍGENA Y SOCIAL ""MAIS""",MOVIMIENTO ALTERNATIVO INDIGENA Y SOCIAL MAIS,true,119,270,2.2689,270,164,0.6074,,,
concejo>asamblea,2015,2019,JOSE GREGORIO MARZAL MORALES,JOSE GREGORIO MARZAL MORALES,48,48-020,48-020,PARTIDO DE LA U,MOVIMIENTO ALTERNATIVO INDIGENA Y SOCIAL MAIS,false,117,1624,13.8803,1624,528,0.3251,,,
concejo>asamblea,2015,2019,MARIA NEUSA RODRIGUEZ URREA,MARIA NEUSA RODRIGUEZ URREA,72,72-002,72-002,PARTIDO CAMBIO RADICAL,PARTIDO CAMBIO RADICAL,true,115,538,4.6783,538,445,0.8271,,,
concejo>asamblea,2015,2019,JAIME CARRENO RODRIGUEZ,JAIME CARRENO RODRIGUEZ,27,27-121,27-121,PARTIDO LIBERAL COLOMBIANO,PARTIDO ADA,false,114,1294,11.3509,1294,368,0.2844,,,
concejo>asamblea,2015,2019,JHONATAN FERNEY CRISTANCHO ANGARITA,JHONATAN FERNEY CRISTANCHO ANGARITA,27,27-160,27-160,PARTIDO UNIÓN PATRIÓTICA,UNIDAD ALTERNATIVA,false,113,2228,19.7168,2228,830,0.3725,,,
concejo>asamblea,2015,2019,ANDREA CATALINA GARZON FORERO,ANDREA CATALINA GARZON FORERO,29,29-064,29-064,PARTIDO ALIANZA VERDE,COALICION ALTERNATIVA,false,113,440,3.8938,440,8,0.0182,,,
concejo>asamblea,2015,2019,JHON JAIRO ESTRADA ZAPATA,JHON JAIRO ESTRADA ZAPATA,01,01-049,01-049,PARTIDO ALIANZA VERDE,PARTIDO ALIANZA VERDE,true,112,1484,13.25,1484,163,0.1098,,,
concejo>asamblea,2015,2019,ANA DELIA AVENDANO HERNANDEZ,ANA DELIA AVENDANO HERNANDEZ,07,07-169,07-169,PARTIDO LIBERAL COLOMBIANO,PARTIDO LIBERAL COLOMBIANO,true,112,1027,9.1696,1027,349,0.3398,,,
concejo>asamblea,2015,2019,ROSMERY CASTILLO LEON,ROSMERY CASTILLO LEON,40,40-010,40-010,PARTIDO ALIANZA SOCIAL INDEPENDIENTE,PARTIDO ALIANZA SOCIAL INDEPENDIENTE ASI,false,111,94,0.8468,94,19,0.2021,,,
concejo>asamblea,2015,2019,YANNETH ARANGUREN CHAPARRO,YANNETH ARANGUREN CHAPARRO,40,40-005,40-005,PARTIDO ALIANZA VERDE,PARTIDO LIBERAL COLOMBIANO,false,110,252,2.2909,252,83,0.3294,,,
concejo>asamblea,2015,2019,EDISON IDARRAGA TORRES,EDISON IDARRAGA TORRES,24,24-086,24-086,PARTIDO LIBERAL COLOMBIANO,PARTIDO LIBERAL COLOMBIANO,true,109,1285,11.789,1285,287,0.2233,,,
concejo>asamblea,2015,2019,OMAR ALEXANDER REY VELANDIA,OMAR ALEXANDER REY VELANDIA,27,27-130,27-130,PARTIDO LIBERAL COLOMBIANO,PARTIDO LIBERAL COLOMBIANO,true,108,1514,14.0185,1514,498,0.3289,,,
concejo>asamblea,2015,2019,MARLIO ALEXANDERS TORRES MOGOLLON,MARLIO ALEXANDERS TORRES MOGOLLON,40,40-001,40-001,PARTIDO CENTRO DEMOCRÁTICO,PARTIDO CENTRO DEMOCRATICO,true,108,201,1.8611,201,143,0.7114,,,
concejo>asamblea,2015,2019,CARLOS WILSON LOSADA MURCIA,CARLOS WILSON LOSADA MURCIA,54,54-007,54-007,PARTIDO CAMBIO RADICAL,LISTA DE LA ESPERANZA,false,107,174,1.6262,174,148,0.8506,,,
concejo>asamblea,2015,2019,MARIA ANGELICA GOMEZ LOPEZ,MARIA ANGELICA GOMEZ LOPEZ,15,15-031,15-031,PARTIDO ALIANZA VERDE,PARTIDO ALIANZA VERDE,true,103,13281,128.9417,13281,1008,0.0759,,,
concejo>asamblea,2015,2019,JAQUELINE MEDINA LOPEZ,JAQUELINE MEDINA LOPEZ,44,44-003,44-003,PARTIDO ALIANZA VERDE,PARTIDO ALIANZA VERDE,true,103,328,3.1845,328,25,0.0762,,,
concejo>asamblea,2015,2019,MARIA EUGENIA LOPERA MONSALVE,MARIA EUGENIA LOPERA MONSALVE,01,01-062,01-062,PARTIDO ALIANZA SOCIAL INDEPENDIENTE,PARTIDO LIBERAL COLOMBIANO,false,100,46238,462.38,46238,1748,0.0378,,,
concejo>asamblea,2015,2019,PHANOR JOSE OCAMPO GONZALEZ,PHANOR JOSE OCAMPO GONZALEZ,31,31-118,31-118,PARTIDO OPCIÓN CIUDADANA,PARTIDO COLOMBIA RENACIENTE,false,100,1056,10.56,1056,157,0.1487,,,
concejo>asamblea,2015,2019,ELKIN TORRES VILLALBA,ELKIN TORRES VILLALBA,12,12-001,12-001,MOVIMIENTO AUTORIDADES INDÍGENAS DE COLOMBIA,"PARTIDO DE REIVINDICACION ETNICA ""PRE""",false,99,640,6.4646,640,318,0.4969,,,
concejo>asamblea,2015,2019,RAFAEL CUSTODIO AMEZQUITA VALBUENA,RAFAEL CUSTODIO AMEZQUITA VALBUENA,54,54-001,54-001,PARTIDO DE LA U,PARTIDO SOCIAL DE UNIDAD NACIONAL  PARTIDO DE LA U,false,98,123,1.2551,123,93,0.7561,,,
concejo>asamblea,2015,2019,JOHAN FRANCISCO HERRERA GUALDRON,JOHAN FRANCISCO HERRERA GUALDRON,07,07-070,07-070,PARTIDO ALIANZA VERDE,PARTIDO ALIANZA VERDE,true,96,6083,63.3646,6083,979,0.1609,,,
concejo>asamblea,2015,2019,YULIANA ANDREA CANAS BEDOYA,YULIANA ANDREA CANAS BEDOYA,01,01-078,01-078,PARTIDO CONSERVADOR COLOMBIANO,PARTIDO CONSERVADOR COLOMBIANO,true,94,3119,33.1809,3119,613,0.1965,,,
concejo>asamblea,2015,2019,LIBARDO ANTONIO CASTRO CARDONA,LIBARDO ANTONIO CASTRO CARDONA,24,24-001,24-001,"MOVIMIENTO ALTERNATIVO INDÍGENA Y SOCIAL ""MAIS""",PARTIDO SOCIAL DE UNIDAD NACIONAL  PARTIDO DE LA U,false,94,577,6.1383,577,359,0.6222,,,
concejo>asamblea,2015,2019,VIVIANA ISABEL SUAREZ CONTRERAS,VIVIANA ISABEL SUAREZ CONTRERAS,28,28-042,28-042,PARTIDO CONSERVADOR COLOMBIANO,PARTIDO LIBERAL COLOMBIANO,false,94,1058,11.2553,1058,236,0.2231,,,
concejo>asamblea,2015,2019,ALBERTO VILLEGAS AGUDELO,ALBERTO VILLEGAS AGUDELO,24,24-054,24-054,PARTIDO LIBERAL COLOMBIANO,PARTIDO CENTRO DEMOCRATICO,false,93,1056,11.3548,1056,325,0.3078,,,
concejo>asamblea,2015,2019,MARIA EUGENIA PINILLA FERRUCHO,MARIA EUGENIA PINILLA FERRUCHO,54,54-007,54-007,PARTIDO CENTRO DEMOCRÁTICO,PARTIDO CENTRO DEMOCRATICO- PARTIDO POLITICO MIRA,false,93,315,3.3871,315,191,0.6063,,,
concejo>asamblea,2015,2019,ALEX HERNANDO PINEDA MUNOZ,ALEX HERNANDO PINEDA MUNOZ,60,60-001,60-001,PARTIDO POLO DEMOCRÁTICO ALTERNATIVO,PARTIDO POLO DEMOCRATICO ALTERNATIVO,true,93,49,0.5269,49,44,0.898,,,
concejo>asamblea,2015,2019,JORGE HUGO MUNOZ CUERVO,JORGE HUGO MUNOZ CUERVO,09,09-001,09-001,PARTIDO ALIANZA SOCIAL INDEPENDIENTE,PARTIDO ALIANZA SOCIAL INDEPENDIENTE ASI,false,90,3211,35.6778,3211,1340,0.4173,,,
concejo>asamblea,2015,2019,RUBIELA ACEVEDO MONSALVE,RUBIELA ACEVEDO MONSALVE,27,27-193,27-193,PARTIDO ALIANZA SOCIAL INDEPENDIENTE,PARTIDO CONSERVADOR COLOMBIANO,false,89,9806,110.1798,9806,957,0.0976,,,
concejo>asamblea,2015,2019,GLORIA MELISSA HENAO MAZO,GLORIA MELISSA HENAO MAZO,24,24-025,24-025,PARTIDO LIBERAL COLOMBIANO,PARTIDO LIBERAL COLOMBIANO,true,87,1523,17.5057,1523,247,0.1622,,,
concejo>asamblea,2015,2019,JAFFERSON VILLAFANE BARRIOS,JAFFERSON VILLAFANE BARRIOS,05,05-044,05-044,PARTIDO LIBERAL COLOMBIANO,PARTIDO COLOMBIA RENACIENTE,false,87,574,6.5977,574,272,0.4739,,,
concejo>asamblea,2015,2019,MARICELA MARIN PELAEZ,MARICELA MARIN PELAEZ,44,44-003,44-003,PARTIDO CAMBIO RADICAL,PARTIDO CAMBIO RADICAL,true,86,1258,14.6279,1258,857,0.6812,,,
concejo>asamblea,2015,2019,JOSE RAFAEL NARVAEZ BEDOYA,JOSE RAFAEL NARVAEZ BEDOYA,28,28-001,28-001,MOVIMIENTO AUTORIDADES INDÍGENAS DE COLOMBIA,COLOMBIA HUMANA - UNION PATRIOTICA,false,85,855,10.0588,855,376,0.4398,,,
concejo>asamblea,2015,2019,EULLER POSSO COBO,EULLER POSSO COBO,31,31-064,31-064,MOVIMIENTO MIRA,PARTIDO POLITICO  MIRA,false,84,1484,17.6667,1484,957,0.6449,,,
concejo>asamblea,2015,2019,LUZ ANGELA ERAZO MUCHAVISOY,LUZ ANGELA ERAZO MUCHAVISOY,64,64-001,64-001,PARTIDO LIBERAL COLOMBIANO,PARTIDO LIBERAL COLOMBIANO,true,83,257,3.0964,257,55,0.214,,,
concejo>asamblea,2015,2019,CAMPOELIAS BARRAGAN VALENCIA,CAMPOELIAS BARRAGAN VALENCIA,44,44-012,44-012,PARTIDO CONSERVADOR COLOMBIANO,PARTIDO CONSERVADOR COLOMBIANO,true,82,1412,17.2195,1412,480,0.3399,,,
concejo>asamblea,2015,2019,MIGUEL DAVID TORRALVO VARGAS,MIGUEL DAVID TORRALVO VARGAS,13,13-022,13-022,PARTIDO ALIANZA VERDE,UNIDOS POR CORDOBA,false,81,9570,118.1481,9570,2448,0.2558,,,
concejo>asamblea,2015,2019,YOALDRY MARTINEZ CARMONA,YOALDRY MARTINEZ CARMONA,31,31-091,31-091,PARTIDO DE LA U,MOVIMIENTO ALTERNATIVO INDIGENA Y SOCIAL MAIS,false,80,1825,22.8125,1825,244,0.1337,,,
concejo>asamblea,2015,2019,DIEGO FERNANDO SICUA GALVIS,DIEGO FERNANDO SICUA GALVIS,26,26-040,26-040,PARTIDO OPCIÓN CIUDADANA,PARTIDO LIBERAL COLOMBIANO,false,79,2248,28.4557,2248,1288,0.573,,,
concejo>asamblea,2015,2019,WILTON FREDY CASTRO SILVA,WILTON FREDY CASTRO SILVA,07,07-091,07-091,PARTIDO ALIANZA VERDE,PARTIDO ALIANZA VERDE,true,79,3532,44.7089,3532,1032,0.2922,,,
concejo>asamblea,2015,2019,LUIS MILTON CASTILLO QUINONEZ,LUIS MILTON CASTILLO QUINONEZ,31,31-001,31-001,"MOVIMIENTO ALTERNATIVO INDÍGENA Y SOCIAL ""MAIS""",PARTIDO CONSERVADOR COLOMBIANO,false,77,1828,23.7403,1828,676,0.3698,,,
concejo>asamblea,2015,2019,JOSE ISMAEL MARCADO ROJAS,JOSE ISMAEL MARCADO ROJAS,54,54-012,54-012,PARTIDO LIBERAL COLOMBIANO,PARTIDO LIBERAL COLOMBIANO,true,76,278,3.6579,278,212,0.7626,,,
concejo>asamblea,2015,2019,JUAN CAMILO HERRERA SEPULVEDA,JUAN CAMILO HERRERA SEPULVEDA,24,24-046,24-046,PARTIDO ALIANZA VERDE,ALTERNATIVOS,false,74,1062,14.3514,1062,115,0.1083,,,
concejo>asamblea,2015,2019,SERGIO JULIAN SANTIESTEBAN HERRERA,SERGIO JULIAN SANTIESTEBAN HERRERA,27,27-160,27-160,PARTIDO LIBERAL COLOMBIANO,COALICION CENTRO DEMOCRATICO - MIRA,false,74,571,7.7162,571,54,0.0946,,,
concejo>asamblea,2015,2019,JORGE ENRIQUE CUJAR RIVERA,JORGE ENRIQUE CUJAR RIVERA,01,01-300,01-300,"MOVIMIENTO ALTERNATIVO INDÍGENA Y SOCIAL ""MAIS""",QUEREMOS,false,72,859,11.9306,859,163,0.1898,,,
concejo>asamblea,2015,2019,SERGIO ANDRES MONSALVE ROJAS,SERGIO ANDRES MONSALVE ROJAS,01,01-106,01-106,PARTIDO CAMBIO RADICAL,PARTIDO ALIANZA SOCIAL INDEPENDIENTE ASI,false,69,4017,58.2174,4017,598,0.1489,,,
concejo>asamblea,2015,2019,NORA ELENA CAMPILLO MONA,NORA ELENA CAMPILLO MONA,01,01-151,01-151,PODEMOS MÁS,PARTIDO ALIANZA SOCIAL INDEPENDIENTE ASI,false,68,2577,37.8971,2577,171,0.0664,,,
concejo>asamblea,2015,2019,BETSI PATRICIA GUZMAN ESCOBAR,BETSI PATRICIA GUZMAN ESCOBAR,64,64-025,64-025,PARTIDO LIBERAL COLOMBIANO,PARTIDO POLO DEMOCRATICO ALTERNATIVO,false,67,160,2.3881,160,63,0.3937,,,
concejo>asamblea,2015,2019,MARGARITA FAJARDO TEJEDA,MARGARITA FAJARDO TEJEDA,24,24-001,24-001,PARTIDO ALIANZA VERDE,ALTERNATIVOS,false,66,561,8.5,561,367,0.6542,,,
concejo>asamblea,2015,2019,LEIDY JOHANA HENAO LOMBANA,LEIDY JOHANA HENAO LOMBANA,54,54-003,54-003,PARTIDO ALIANZA VERDE,PARTIDO ALIANZA VERDE,true,66,355,5.3788,355,286,0.8056,,,
concejo>asamblea,2015,2019,MONICA MARIA PEREZ GONZALEZ,MONICA MARIA PEREZ GONZALEZ,01,01-049,01-049,PARTIDO CAMBIO RADICAL,COALICION CAMBIO RADICAL  - MIRA,false,64,918,14.3438,918,105,0.1144,,,
concejo>asamblea,2015,2019,DIEGO RAFAEL GONZALEZ SILGADO,DIEGO RAFAEL GONZALEZ SILGADO,28,28-001,28-001,MOVIMIENTO AUTORIDADES INDÍGENAS DE COLOMBIA,PARTIDO CONSERVADOR COLOMBIANO,false,63,1911,30.3333,1911,575,0.3009,,,
concejo>asamblea,2015,2019,LUIS CARLOS OCHOA PASACHOA,LUIS CARLOS OCHOA PASACHOA,07,07-298,07-298,PARTIDO ALIANZA VERDE,PARTIDO ALIANZA VERDE,true,62,11321,182.5968,11321,1679,0.1483,,,
concejo>asamblea,2015,2019,CLAUDIA EUSEBIA CESPEDES CAMPOS,CLAUDIA EUSEBIA CESPEDES CAMPOS,12,12-075,12-075,MOVIMIENTO AUTORIDADES INDÍGENAS DE COLOMBIA,PARTIDO CENTRO DEMOCRATICO,false,59,295,5,295,119,0.4034,,,
concejo>asamblea,2015,2019,PAOLA ANDREA LASSO GAVIRIA,PAOLA ANDREA LASSO GAVIRIA,64,64-019,64-019,PARTIDO LIBERAL COLOMBIANO,PARTIDO CAMBIO RADICAL,false,58,155,2.6724,155,40,0.2581,,,
concejo>asamblea,2015,2019,FLOR MARIA NINO ROJAS,FLOR MARIA NINO ROJAS,27,27-045,27-045,PARTIDO ALIANZA VERDE,COALICION CENTRO DEMOCRATICO - MIRA,false,57,1198,21.0175,1198,39,0.0326,,,
concejo>asamblea,2015,2019,WILYERCID REALES ROVIRA,WILYERCID REALES ROVIRA,01,01-035,01-035,PARTIDO POLO DEMOCRÁTICO ALTERNATIVO,COALICION CAMBIO RADICAL  - MIRA,false,56,1199,21.4107,1199,81,0.0676,,,
concejo>asamblea,2015,2019,FIDEL ALDANA MURAYARIS,FIDEL ALDANA MURAYARIS,60,60-001,60-001,PARTIDO ALIANZA SOCIAL INDEPENDIENTE,PARTIDO ALIANZA SOCIAL INDEPENDIENTE ASI,false,56,34,0.6071,34,21,0.6176,,,
concejo>asamblea,2015,2019,JOSE LUCIANO MARTINEZ USECHE,JOSE LUCIANO MARTINEZ USECHE,19,19-004,19-004,MOVIMIENTO AUTORIDADES INDÍGENAS DE COLOMBIA,PARTIDO LIBERAL COLOMBIANO,false,55,2117,38.4909,2117,1449,0.6845,,,
concejo>asamblea,2015,2019,JHON WALTER ARICAPA LOPEZ,JHON WALTER ARICAPA LOPEZ,26,26-080,26-080,MOVIMIENTO MIRA,PARTIDO POLITICO  MIRA,false,53,944,17.8113,944,464,0.4915,,,
concejo>asamblea,2015,2019,WILLIAM CHAPARRO RODRIGUEZ,WILLIAM CHAPARRO RODRIGUEZ,07,07-277,07-277,PARTIDO ALIANZA VERDE,BOYACA DECENTE,false,52,153,2.9423,153,52,0.3399,,,
concejo>asamblea,2015,2019,LUZ STELLA RICO,LUZ STELLA RICO,54,54-001,54-001,PARTIDO ALIANZA SOCIAL INDEPENDIENTE,PARTIDO CONSERVADOR COLOMBIANO,false,48,77,1.6042,77,27,0.3506,,,
concejo>asamblea,2015,2019,GLORIA OMARIS BELTRAN PEREZ,GLORIA OMARIS BELTRAN PEREZ,12,12-415,12-415,PARTIDO CONSERVADOR COLOMBIANO,MOVIMIENTO ALTERNATIVO INDIGENA Y SOCIAL MAIS,false,47,358,7.617,358,45,0.1257,,,
concejo>asamblea,2015,2019,SONIA LIZETH LOMBANA AMORTEGUI,SONIA LIZETH LOMBANA AMORTEGUI,15,15-127,15-127,PARTIDO CAMBIO RADICAL,PARTIDO LIBERAL COLOMBIANO,false,44,3253,73.9318,3253,34,0.0105,,,
concejo>asamblea,2015,2019,MARIA MERCEDES VALENCIA CEDENO,MARIA MERCEDES VALENCIA CEDENO,26,26-040,26-040,MOVIMIENTO MIRA,PARTIDO POLITICO  MIRA,false,44,1004,22.8182,1004,146,0.1454,,,
concejo>asamblea,2015,2019,MARY LUZ ORDONEZ GODOY,MARY LUZ ORDONEZ GODOY,31,31-001,31-001,"MOVIMIENTO ALTERNATIVO INDÍGENA Y SOCIAL ""MAIS""",MOVIMIENTO ALTERNATIVO INDIGENA Y SOCIAL MAIS,true,44,612,13.9091,612,161,0.2631,,,
concejo>asamblea,2015,2019,MYRIAM ISABEL MADERA VILORIA,MYRIAM ISABEL MADERA VILORIA,05,05-028,05-028,PARTIDO ALIANZA VERDE,COALICION ALTERNATIVA BOLIVAR,false,44,584,13.2727,584,228,0.3904,,,
concejo>asamblea,2015,2019,ANDREA FERNANDA RODRIGUEZ ENCISO,ANDREA FERNANDA RODRIGUEZ ENCISO,54,54-001,54-001,PARTIDO CONSERVADOR COLOMBIANO,PARTIDO COLOMBIA RENACIENTE,false,44,18,0.4091,18,8,0.4444,,,
concejo>asamblea,2015,2019,JUAN GUTIERREZ GUTIERREZ,JUAN GUTIERREZ GUTIERREZ,68,68-001,68-001,PARTIDO OPCIÓN CIUDADANA,PARTIDO COLOMBIA RENACIENTE,false,44,37,0.8409,37,37,1,,,
concejo>asamblea,2015,2019,NIDIA ELENA RODRIGUEZ ORTIZ,NIDIA ELENA RODRIGUEZ ORTIZ,64,64-002,64-002,PARTIDO DE LA U,PARTIDO CENTRO DEMOCRATICO,false,43,143,3.3256,143,80,0.5594,,,
concejo>asamblea,2015,2019,CONCHA JAEL VARGAS SAAVEDRA,CONCHA JAEL VARGAS SAAVEDRA,07,07-139,07-139,PARTIDO CONSERVADOR COLOMBIANO,PARTIDO CONSERVADOR COLOMBIANO,true,39,3067,78.641,3067,234,0.0763,,,
concejo>asamblea,2015,2019,CARLOS ANDRES BELTRAN YAVINAPE,CARLOS ANDRES BELTRAN YAVINAPE,72,72-001,72-001,PARTIDO CAMBIO RADICAL,PARTIDO CONSERVADOR COLOMBIANO,false,39,56,1.4359,56,12,0.2143,,,
concejo>asamblea,2015,2019,LUIS ANGEL GAITAN CATIMAY,LUIS ANGEL GAITAN CATIMAY,72,72-006,72-006,PARTIDO CENTRO DEMOCRÁTICO,PARTIDO FUERZA ALTERNATIVA REVOLUCIONARIA DEL COMUN FARC,false,36,50,1.3889,50,46,0.92,,,
concejo>asamblea,2015,2019,KENDYS KATHERINE GUEVARA HERNANDEZ,KENDYS KATHERINE GUEVARA HERNANDEZ,12,12-001,12-001,PARTIDO POLO DEMOCRÁTICO ALTERNATIVO,DIGNIDAD POR EL CESAR,false,35,419,11.9714,419,160,0.3819,,,
concejo>asamblea,2015,2019,NELLY YANETH MORENO VANEGAS,NELLY YANETH MORENO VANEGAS,54,54-001,54-001,PARTIDO CONSERVADOR COLOMBIANO,PARTIDO SOCIAL DE UNIDAD NACIONAL  PARTIDO DE LA U,false,35,78,2.2286,78,46,0.5897,,,
concejo>asamblea,2015,2019,SANDRA LLULIETH GONZALEZ RIVERA,SANDRA LLULIETH GONZALEZ RIVERA,31,31-022,31-022,"MOVIMIENTO ALTERNATIVO INDÍGENA Y SOCIAL ""MAIS""",PARTIDO COLOMBIA RENACIENTE,false,34,805,23.6765,805,265,0.3292,,,
concejo>asamblea,2015,2019,NELCY OLIVERA BARRIOS,NELCY OLIVERA BARRIOS,03,03-037,03-037,MOVIMIENTO AUTORIDADES INDÍGENAS DE COLOMBIA,PARTIDO CAMBIO RADICAL,false,33,4385,132.8788,4385,83,0.0189,,,
concejo>asamblea,2015,2019,MARTHA MAGALY SILVA LEYTON,MARTHA MAGALY SILVA LEYTON,72,72-001,72-001,PARTIDO ALIANZA SOCIAL INDEPENDIENTE,PARTIDO SOCIAL DE UNIDAD NACIONAL  PARTIDO DE LA U,false,32,43,1.3438,43,23,0.5349,,,
concejo>asamblea,2015,2019,ANA JACQUELINE DIMAS CARO,ANA JACQUELINE DIMAS CARO,03,03-052,03-052,PARTIDO UNIÓN PATRIÓTICA,PARTIDO ALIANZA SOCIAL INDEPENDIENTE ASI,false,27,1101,40.7778,1101,244,0.2216,,,
concejo>asamblea,2015,2019,JORGE HERNAN CORTES ISAZA,JORGE HERNAN CORTES ISAZA,09,09-034,09-034,PARTIDO POLO DEMOCRÁTICO ALTERNATIVO,ALTERNATIVA,false,25,529,21.16,529,40,0.0756,,,
concejo>asamblea,2015,2019,JESUS ANTONIO GALLEGO LEON,JESUS ANTONIO GALLEGO LEON,11,11-001,11-001,PARTIDO OPCIÓN CIUDADANA,PARTIDO CONSERVADOR COLOMBIANO,false,24,1643,68.4583,1643,426,0.2593,,,
concejo>asamblea,2015,2019,LUZ MARINA LUNA HERRERA,LUZ MARINA LUNA HERRERA,19,19-001,19-001,PARTIDO UNIÓN PATRIÓTICA,JUNTOS,false,24,530,22.0833,530,251,0.4736,,,
concejo>asamblea,2015,2019,HENRY PALACIO PALACIOS,HENRY PALACIO PALACIOS,03,03-037,03-037,MOVIMIENTO AUTORIDADES INDÍGENAS DE COLOMBIA,PARTIDO ALIANZA SOCIAL INDEPENDIENTE ASI,false,24,2149,89.5417,2149,134,0.0624,,,
concejo>asamblea,2015,2019,SONIA MUNOZ BATERO,SONIA MUNOZ BATERO,31,31-115,31-115,MOVIMIENTO MIRA,PARTIDO POLITICO  MIRA,false,24,1170,48.75,1170,207,0.1769,,,
concejo>asamblea,2015,2019,MARIA JOSE GUERRA GONZALEZ,MARIA JOSE GUERRA GONZALEZ,12,12-001,12-001,PARTIDO POLO DEMOCRÁTICO ALTERNATIVO,DIGNIDAD POR EL CESAR,false,22,5714,259.7273,5714,2425,0.4244,,,
concejo>asamblea,2015,2019,DIEGO DUQUE LOPEZ,DIEGO DUQUE LOPEZ,26,26-020,26-020,MOVIMIENTO MIRA,PARTIDO POLITICO  MIRA,false,21,734,34.9524,734,366,0.4986,,,
concejo>asamblea,2015,2019,MARGARITA GOMEZ ACEVEDO,MARGARITA GOMEZ ACEVEDO,15,15-142,15-142,PARTIDO ALIANZA VERDE,PARTIDO ALIANZA VERDE,true,20,2471,123.55,2471,26,0.0105,,,
concejo>asamblea,2015,2019,MILTON ANTONIO VARGAS TOSCANO,MILTON ANTONIO VARGAS TOSCANO,26,26-010,26-010,PARTIDO CONSERVADOR COLOMBIANO,PARTIDO FUERZA ALTERNATIVA REVOLUCIONARIA DEL COMUN FARC,false,19,874,46,874,89,0.1018,,,
concejo>asamblea,2015,2019,YAMILED MARIA CADENA OLAYA,YAMILED MARIA CADENA OLAYA,15,15-202,15-202,MOVIMIENTO MIRA,PARTIDO CONSERVADOR  -  PARTIDO POLITICO MIRA,false,15,1086,72.4,1086,27,0.0249,,,
concejo>asamblea,2015,2019,ESTELA MARIA PIMIENTA PAEZ,ESTELA MARIA PIMIENTA PAEZ,21,21-031,21-031,PARTIDO CONSERVADOR COLOMBIANO,PARTIDO CENTRO DEMOCRATICO,false,14,659,47.0714,659,129,0.1958,,,
concejo>asamblea,2015,2019,CLAUDIA PATRICIA NINO CHAPARRO,CLAUDIA PATRICIA NINO CHAPARRO,46,46-001,46-001,"MOVIMIENTO ALTERNATIVO INDÍGENA Y SOCIAL ""MAIS""",COALICION CASANARE,false,14,75,5.3571,75,35,0.4667,,,
concejo>asamblea,2015,2019,FELIPE RODRIGUEZ SILVA,FELIPE RODRIGUEZ SILVA,68,68-001,68-001,PARTIDO ALIANZA VERDE,PARTIDO COLOMBIA RENACIENTE,false,14,12,0.8571,12,11,0.9167,,,
concejo>asamblea,2015,2019,WILLINGTON BORIS MUNOZ VALDERRAMA,WILLINGTON BORIS MUNOZ VALDERRAMA,19,19-067,19-067,PARTIDO CAMBIO RADICAL,PARTIDO CAMBIO RADICAL,true,13,1262,97.0769,1262,164,0.13,,,
concejo>asamblea,2015,2019,NELSY YOLANDA RIVERA FERRUCHO,NELSY YOLANDA RIVERA FERRUCHO,07,07-282,07-282,PARTIDO ALIANZA VERDE,BOYACA DECENTE,false,12,185,15.4167,185,2,0.0108,,,
concejo>asamblea,2015,2019,LUIS ALBERTO SALAZAR MUNOZ,LUIS ALBERTO SALAZAR MUNOZ,31,31-121,31-121,PARTIDO UNIÓN PATRIÓTICA,PARTIDO POLO DEMOCRATICO ALTERNATIVO,false,11,2191,199.1818,2191,192,0.0876,,,
concejo>asamblea,2015,2019,MARIA DEIBY VELEZ ORTIZ,MARIA DEIBY VELEZ ORTIZ,31,31-091,31-091,PARTIDO POLO DEMOCRÁTICO ALTERNATIVO,MOVIMIENTO ALTERNATIVO INDIGENA Y SOCIAL MAIS,false,9,863,95.8889,863,15,0.0174,,,
concejo>asamblea,2015,2019,JOSE ANTONIO ACOSTA GARCIA,JOSE ANTONIO ACOSTA GARCIA,27,27-074,27-074,PARTIDO ALIANZA VERDE,PARTIDO CAMBIO RADICAL,false,5,973,194.6,973,6,0.0062,,,
concejo>asamblea,2015,2019,NAFFY YULIETT CAMPANA PALACIOS,NAFFY YULIETT CAMPANA PALACIOS,17,17-025,17-025,PARTIDO CONSERVADOR COLOMBIANO,PARTIDO CONSERVADOR COLOMBIANO,true,3,170,56.6667,170,0,0,,,
concejo>asamblea,2015,2019,MARLY LISBETH GIRALDO CASTANEDA,MARLY LISBETH GIRALDO CASTANEDA,68,68-004,68-004,PARTIDO ALIANZA VERDE,MOVIMIENTO ALTERNATIVO INDIGENA Y SOCIAL MAIS,false,3,5,1.6667,5,1,0.2,,,
concejo>asamblea,2019,2023,JUAN HUMBERTO ROIS DEREIX,JUAN HUMBERTO ROIS DEREIX,13,13-001,13-001,PARTIDO CAMBIO RADICAL,CORDOBA FLORECE,false,8290,29363,3.542,29363,8959,0.3051,0.2988,partido,1.021
concejo>asamblea,2019,2023,WILSON DANOVIS LOZANO JAIMES,WILSON DANOVIS LOZANO JAIMES,27,27-001,27-001,PARTIDO ALIANZA VERDE,PARTIDO ALIANZA VERDE,true,6285,33545,5.3373,33545,17978,0.5359,0.364,partido,1.4723
concejo>asamblea,2019,2023,JUAN DIEGO ORDONEZ CARVAJAL,JUAN DIEGO ORDONEZ CARVAJAL,25,25-001,25-001,PARTIDO CONSERVADOR COLOMBIANO,PARTIDO CENTRO DEMOCRÁTICO,false,5937,28708,4.8354,28708,16999,0.5921,0.6203,partido,0.9546
concejo>asamblea,2019,2023,PABLO GIORDANELLI DELGADO,PABLO GIORDANELLI DELGADO,24,24-001,24-001,PARTIDO LIBERAL COLOMBIANO,PARTIDO LIBERAL COLOMBIANO,true,4869,17459,3.5857,17459,11599,0.6644,0.5567,partido,1.1934
concejo>asamblea,2019,2023,DIANA LUCIA ARBELAEZ HERNANDEZ,DIANA LUCIA ARBELAEZ HERNANDEZ,28,28-001,28-001,PARTIDO CONSERVADOR COLOMBIANO,PARTIDO CONSERVADOR COLOMBIANO,true,4432,16802,3.7911,16802,4748,0.2826,0.2708,partido,1.0437
concejo>asamblea,2019,2023,JULIO MARIO REY ROJAS,JULIO MARIO REY ROJAS,52,52-001,52-001,PARTIDO CAMBIO RADICAL,PARTIDO CAMBIO RADICAL,true,3974,16211,4.0793,16211,8808,0.5433,0.4293,partido,1.2656
concejo>asamblea,2019,2023,JACQUELINE FERNANDES PELAEZ,JACQUELINE FERNANDES PELAEZ,24,24-001,24-001,PARTIDO POLITICO  MIRA,ACUERDO DE COALICION PARTIDO DE LA U Y PARTIDO POLITICO MIRA,false,3798,15736,4.1432,15736,8568,0.5445,0.561,partido,0.9705
concejo>asamblea,2019,2023,FRANCISCO JAVIER GONZALEZ GAMBOA,FRANCISCO JAVIER GONZALEZ GAMBOA,27,27-001,27-001,PARTIDO LIBERAL COLOMBIANO,PARTIDO LIBERAL COLOMBIANO,true,3606,32807,9.0979,32807,6714,0.2047,0.2555,partido,0.8011
concejo>asamblea,2019,2023,MARTA LILIANA GARCIA RIVERA,MARTA LILIANA GARCIA RIVERA,21,21-001,21-001,PARTIDO LIBERAL COLOMBIANO,COALICION LIBERAL - MIRA,false,3578,16023,4.4782,16023,8023,0.5007,0.316,participacion,1.5843
concejo>asamblea,2019,2023,BRAYAM ALFONSO ESCANDON CASTELLANOS,BRAYAM ALFONSO ESCANDON CASTELLANOS,29,29-001,29-001,PARTIDO CONSERVADOR COLOMBIANO,PARTIDO CONSERVADOR COLOMBIANO,true,3535,17852,5.0501,17852,7765,0.435,0.2954,partido,1.4725
concejo>asamblea,2019,2023,JUAN ANDRES CARO SANCHEZ,JUAN ANDRES CARO SANCHEZ,01,01-151,01-151,PARTIDO CONSERVADOR COLOMBIANO,PARTIDO CONSERVADOR COLOMBIANO,true,3235,7623,2.3564,7623,4574,0.6,0.1036,partido,5.7918
concejo>asamblea,2019,2023,NESTOR IVAN RODRIGUEZ ANDRADE,NESTOR IVAN RODRIGUEZ ANDRADE,19,19-001,19-001,PARTIDO SOCIAL DE UNIDAD NACIONAL  PARTIDO DE LA U,COALICIÓN PARTIDO DE LA U Y PARTIDO POLITICO MIRA,false,3226,10953,3.3952,10953,5990,0.5469,0.3069,partido,1.782
concejo>asamblea,2019,2023,HAROLD MAURICIO ROSERO PAZ,HAROLD MAURICIO ROSERO PAZ,23,23-001,23-001,PARTIDO LIBERAL COLOMBIANO,PARTIDO LIBERAL COLOMBIANO,true,2977,10835,3.6396,10835,3718,0.3431,0.2592,partido,1.3237
concejo>asamblea,2019,2023,CARLOS ALBERTO NARVAEZ GUERRERO,CARLOS ALBERTO NARVAEZ GUERRERO,31,31-001,31-001,PARTIDO ALIANZA VERDE,FUERZA DE LA PAZ-MAIS,false,2972,2620,0.8816,2620,1652,0.6305,0.2661,partido,2.3692
concejo>asamblea,2019,2023,JORGE ANDRES PANA RAMOS,JORGE ANDRES PANA RAMOS,12,12-001,12-001,EQUIPOAZUL,PARTIDO DE LA UNIÓN POR LA GENTE - PARTIDO DE LA U,false,2896,17941,6.1951,17941,9808,0.5467,0.3321,partido,1.6463
concejo>asamblea,2019,2023,MANUEL GUTIERREZ PRETEL,MANUEL GUTIERREZ PRETEL,12,12-001,12-001,PARTIDO ALIANZA SOCIAL INDEPENDIENTE ASI,"PARTIDO ALIANZA SOCIAL INDEPENDIENTE ""ASI""",true,2890,11834,4.0948,11834,5923,0.5005,0.3123,partido,1.6025
concejo>asamblea,2019,2023,JULIO CESAR RESTREPO ESCOBAR,JULIO CESAR RESTREPO ESCOBAR,01,01-151,01-151,PARTIDO ALIANZA SOCIAL INDEPENDIENTE ASI,"PARTIDO ALIANZA SOCIAL INDEPENDIENTE ""ASI""",true,2765,22054,7.9761,22054,6173,0.2799,0.115,partido,2.4338
concejo>asamblea,2019,2023,WILLIAM RICARDO CAMPINO ACOSTA,WILLIAM RICARDO CAMPINO ACOSTA,11,11-001,11-001,PARTIDO LIBERAL COLOMBIANO,PARTIDO LIBERAL COLOMBIANO,true,2723,11277,4.1414,11277,7892,0.6998,0.3522,partido,1.9869
concejo>asamblea,2019,2023,JHON FREDY CERON ROJAS,JHON FREDY CERON ROJAS,26,26-001,26-001,PARTIDO LIBERAL COLOMBIANO,PARTIDO LIBERAL COLOMBIANO,true,2716,5976,2.2003,5976,3797,0.6354,0.5941,partido,1.0695
concejo>asamblea,2019,2023,LUIS ROBERTO BALLESTAS BARON,LUIS ROBERTO BALLESTAS BARON,05,05-001,05-001,PARTIDO CENTRO DEMOCRATICO- PARTIDO POLITICO MIRA,PARTIDO CONSERVADOR COLOMBIANO,false,2449,38139,15.5733,38139,8224,0.2156,0.3082,partido,0.6997
concejo>asamblea,2019,2023,RICARDO ANTONIO CASTRO CUERO,RICARDO ANTONIO CASTRO CUERO,31,31-001,31-001,PARTIDO ALIANZA VERDE,PARTIDO COLOMBIA RENACIENTE,false,2387,709,0.297,709,482,0.6798,0.4508,partido,1.5082
concejo>asamblea,2019,2023,VICTORIA EUGENIA CASTRO SILVA,VICTORIA EUGENIA CASTRO SILVA,19,19-001,19-001,NEIVA PRIMERO,PARTIDO LIBERAL COLOMBIANO,false,2296,19079,8.3097,19079,4056,0.2126,0.288,partido,0.7381
concejo>asamblea,2019,2023,JULIANA ANDREA ALVAREZ SALAZAR,JULIANA ANDREA ALVAREZ SALAZAR,01,01-121,01-121,SOMOS ENVIGADO,PARTIDO ALIANZA VERDE,false,2272,10440,4.5951,10440,2918,0.2795,0.0403,partido,6.9284
concejo>asamblea,2019,2023,JHONNYER FERNANDO BERMUDEZ MARTINEZ,JHONNYER FERNANDO BERMUDEZ MARTINEZ,09,09-001,09-001,PARTIDO SOCIAL DE UNIDAD NACIONAL  PARTIDO DE LA U,COALICIÓN ASAMBLEA DE CALDAS,false,2190,10988,5.0174,10988,6834,0.622,0.3215,partido,1.9347
concejo>asamblea,2019,2023,JAIME ANDRES TOCORA LOZANO,JAIME ANDRES TOCORA LOZANO,29,29-001,29-001,COLOMBIA HUMANA - UNION PATRIOTICA,PACTO HISTORICO COLOMBIA PUEDE,false,2119,8316,3.9245,8316,5476,0.6585,0.5973,partido,1.1024
concejo>asamblea,2019,2023,MIGUEL ALEXANDER BERMUDEZ LEMUS,MIGUEL ALEXANDER BERMUDEZ LEMUS,29,29-001,29-001,JUNTOS POR IBAGUE,PARTIDO CENTRO DEMOCRÁTICO,false,2105,5298,2.5169,5298,3994,0.7539,0.494,partido,1.5262
concejo>asamblea,2019,2023,CARLOS ANDRES COLLAZOS SILVA,CARLOS ANDRES COLLAZOS SILVA,52,52-001,52-001,PARTIDO ADA,PARTIDO DE LA UNIÓN POR LA GENTE - PARTIDO DE LA U,false,2095,19299,9.2119,19299,12044,0.6241,0.5132,partido,1.216
concejo>asamblea,2019,2023,JUAN CARLOS BORDA TORRES,JUAN CARLOS BORDA TORRES,07,07-001,07-001,PARTIDO ALIANZA SOCIAL INDEPENDIENTE ASI,PARTIDO CONSERVADOR COLOMBIANO Y EL PARTIDO ASI,false,1892,8960,4.7357,8960,3615,0.4035,0.1892,partido,2.1319
concejo>asamblea,2019,2023,RAUL ANTONIO SALGADO CASILLA,RAUL ANTONIO SALGADO CASILLA,13,13-037,13-037,MOVIMIENTO AUTORIDADES INDIGENAS DE COLOMBIA AICO,PARTIDO DE LA UNIÓN POR LA GENTE - PARTIDO DE LA U,false,1864,26920,14.4421,26920,7490,0.2782,0.1323,partido,2.1037
concejo>asamblea,2019,2023,JORGE HUMBERTO RANGEL BUITRAGO,JORGE HUMBERTO RANGEL BUITRAGO,27,27-001,27-001,PARTIDO CONSERVADOR COLOMBIANO,PARTIDOS CONSERVADOR COLOMBIANO Y MIRA,false,1838,10348,5.63,10348,4119,0.398,0.2002,partido,1.9878
concejo>asamblea,2019,2023,WILSON VALENCIA VALENCIA,WILSON VALENCIA VALENCIA,11,11-001,11-001,PARTIDO ALIANZA SOCIAL INDEPENDIENTE ASI,UNIDOS POR EL CAUCA,false,1753,7866,4.4872,7866,2552,0.3244,0.2219,partido,1.4619
concejo>asamblea,2019,2023,GABRIEL JAIME GIRALDO BUSTAMANTE,GABRIEL JAIME GIRALDO BUSTAMANTE,01,01-049,01-049,PARTIDO CENTRO DEMOCRATICO,PARTIDO CENTRO DEMOCRÁTICO,true,1727,28057,16.2461,28057,9412,0.3355,0.0869,partido,3.8594
concejo>asamblea,2019,2023,HUGO ANDRES ARISTIZABAL MARIN,HUGO ANDRES ARISTIZABAL MARIN,26,26-001,26-001,PARTIDO CAMBIO RADICAL,ASAMBLEA PARTIDO CAMBIO RADICAL-PARTIDO POLÍTICO MIRA,false,1708,9683,5.6692,9683,6338,0.6545,0.5955,partido,1.0992
concejo>asamblea,2019,2023,CRISTIAN DANIEL DIAZ BASTIDAS,CRISTIAN DANIEL DIAZ BASTIDAS,23,23-001,23-001,PARTIDO CAMBIO RADICAL,ALIANZA POR NARIÑO,false,1647,13018,7.9041,13018,2417,0.1857,0.1826,partido,1.0169
concejo>asamblea,2019,2023,OMAR HERNANDO ORTEGA MOLINA,OMAR HERNANDO ORTEGA MOLINA,46,46-001,46-001,PARTIDO SOCIAL DE UNIDAD NACIONAL  PARTIDO DE LA U,PARTIDO DE LA UNIÓN POR LA GENTE - PARTIDO DE LA U,false,1626,8544,5.2546,8544,5336,0.6245,0.4807,partido,1.2991
concejo>asamblea,2019,2023,DAVID FERNANDO BARBOSA POSADA,DAVID FERNANDO BARBOSA POSADA,52,52-001,52-001,MOVIMIENTO AUTORIDADES INDIGENAS DE COLOMBIA AICO,COALICIÓN LLANEROS POR EL META,false,1615,7813,4.8378,7813,5590,0.7155,0.4217,partido,1.6967
concejo>asamblea,2019,2023,IVAN ALFREDO CANGREJO TORRES,IVAN ALFREDO CANGREJO TORRES,19,19-001,19-001,TRANSFORMEMOS NEIVA,ALMA DEL HUILA,false,1614,6374,3.9492,6374,2605,0.4087,0.3304,partido,1.2369
concejo>asamblea,2019,2023,ERLIG DIANA JIMENEZ BECERRA,ERLIG DIANA JIMENEZ BECERRA,27,27-019,27-019,SUMEMOS,SUMEMOS,true,1596,16145,10.1159,16145,6800,0.4212,0.3516,partido,1.1979
concejo>asamblea,2019,2023,FRANCISCO NICOLAS SIERRA PERNA,FRANCISCO NICOLAS SIERRA PERNA,28,28-001,28-001,MOVIMIENTO ALTERNATIVO INDIGENA Y SOCIAL MAIS,AGRUPACIÓN POLÍTICA EN MARCHA,false,1585,11674,7.3653,11674,4030,0.3452,0.3105,partido,1.1119
concejo>asamblea,2019,2023,JAMES LIZARDO GARCIA ORTIZ,JAMES LIZARDO GARCIA ORTIZ,23,23-139,23-139,PARTIDO ALIANZA VERDE,PARTIDO CAMBIO RADICAL,false,1542,6019,3.9034,6019,4115,0.6837,0.0733,partido,9.3286
concejo>asamblea,2019,2023,LUZ MERY NINO CHAPARRO,LUZ MERY NINO CHAPARRO,46,46-001,46-001,PARTIDO LIBERAL COLOMBIANO,PARTIDO LIBERAL COLOMBIANO,true,1522,8218,5.3995,8218,5691,0.6925,0.4918,partido,1.4081
concejo>asamblea,2019,2023,MILTON EDUARDO GUAMANZAR BRAVO,MILTON EDUARDO GUAMANZAR BRAVO,23,23-067,23-067,PARTIDO LIBERAL COLOMBIANO,PARTIDO LIBERAL COLOMBIANO,true,1519,31407,20.6761,31407,5709,0.1818,0.0986,partido,1.8431
concejo>asamblea,2019,2023,MAURICIO NORENA OSPINA,MAURICIO NORENA OSPINA,24,24-001,24-001,PARTIDO SOCIAL DE UNIDAD NACIONAL  PARTIDO DE LA U,PARTIDO CAMBIO RADICAL,false,1473,2710,1.8398,2710,1829,0.6749,0.4686,partido,1.4404
concejo>asamblea,2019,2023,LUIS CARLOS MERCADO VEGA,LUIS CARLOS MERCADO VEGA,13,13-037,13-037,PARTIDO CAMBIO RADICAL,CORDOBA FLORECE,false,1461,2383,1.6311,2383,1253,0.5258,0.093,partido,5.6517
concejo>asamblea,2019,2023,CARLOS ALFREDO NASTACUAS TAICUS,CARLOS ALFREDO NASTACUAS TAICUS,23,23-139,23-139,MOVIMIENTO ALTERNATIVO INDIGENA Y SOCIAL MAIS,PACTO HISTORICO,false,1445,5485,3.7958,5485,2480,0.4521,0.1425,partido,3.1723
concejo>asamblea,2019,2023,MONICA MARIN PENUELA,MONICA MARIN PENUELA,26,26-001,26-001,PARTIDO CENTRO DEMOCRATICO- PARTIDO POLITICO MIRA,ASAMBLEA PARTIDO CAMBIO RADICAL-PARTIDO POLÍTICO MIRA,false,1358,6650,4.8969,6650,5940,0.8932,0.5955,partido,1.5001
concejo>asamblea,2019,2023,DANIEL ALEJANDRO GOMEZ CARDENAS,DANIEL ALEJANDRO GOMEZ CARDENAS,26,26-001,26-001,PARTIDO LIBERAL COLOMBIANO,PARTIDO LIBERAL COLOMBIANO,true,1348,1992,1.4777,1992,1445,0.7254,0.5941,partido,1.221
concejo>asamblea,2019,2023,EDWAR QUINTERO RODRIGUEZ,EDWAR QUINTERO RODRIGUEZ,26,26-001,26-001,PARTIDO CONSERVADOR COLOMBIANO,COALICION PARTIDO CONSERVADOR-CENTRO DEMOCRATICO,false,1337,1320,0.9873,1320,826,0.6258,0.4753,partido,1.3165
concejo>asamblea,2019,2023,NESTOR ENRIQUE ROZO ESCOBAR,NESTOR ENRIQUE ROZO ESCOBAR,15,15-247,15-247,PARTIDO ALIANZA VERDE,PARTIDO ALIANZA VERDE,true,1322,12345,9.3381,12345,7630,0.6181,0.2012,partido,3.0713
concejo>asamblea,2019,2023,MARIA ISABEL MANTILLA RODRIGUEZ,MARIA ISABEL MANTILLA RODRIGUEZ,27,27-091,27-091,PARTIDO SOCIAL DE UNIDAD NACIONAL  PARTIDO DE LA U,PARTIDO DE LA U Y PARTIDO POLÍTICO LA FUERZA DE LA PAZ,false,1314,11102,8.449,11102,3550,0.3198,0.0987,partido,3.2397
concejo>asamblea,2019,2023,YEISON PAVA ROJAS,YEISON PAVA ROJAS,29,29-046,29-046,PARTIDO CAMBIO RADICAL,CAMBIO RADICAL - ALIANZA DEMOCRÁTICA AMPLIA A.D.A.,false,1276,5962,4.6724,5962,3191,0.5352,0.1131,partido,4.7305
concejo>asamblea,2019,2023,DANI ALEXANDER CASTANO CASTRO,DANI ALEXANDER CASTANO CASTRO,01,01-214,01-214,PARTIDO CENTRO DEMOCRATICO,"PARTIDO ALIANZA SOCIAL INDEPENDIENTE ""ASI""",false,1270,5025,3.9567,5025,1812,0.3606,0.0411,partido,8.7795
concejo>asamblea,2019,2023,AURI MIGUEL RAMOS TORRES,AURI MIGUEL RAMOS TORRES,13,13-013,13-013,PARTIDO SOCIAL DE UNIDAD NACIONAL  PARTIDO DE LA U,PARTIDO DE LA UNIÓN POR LA GENTE - PARTIDO DE LA U,false,1241,21100,17.0024,21100,9415,0.4462,0.0669,partido,6.6743
concejo>asamblea,2019,2023,FABIO NELSON MONTENEGRO GUIZA,FABIO NELSON MONTENEGRO GUIZA,15,15-169,15-169,PARTIDO CAMBIO RADICAL,PARTIDO CAMBIO RADICAL,true,1231,5145,4.1795,5145,1905,0.3703,0.0293,partido,12.6394
concejo>asamblea,2019,2023,ALVARO SALINAS PALACIOS,ALVARO SALINAS PALACIOS,31,31-079,31-079,PARTIDO ALIANZA VERDE,PARTIDO ALIANZA VERDE,true,1226,2674,2.1811,2674,620,0.2319,0.0748,partido,3.1016
concejo>asamblea,2019,2023,MATEO LUQUEZ LOPEZ,MATEO LUQUEZ LOPEZ,48,48-010,48-010,PARTIDO ALIANZA VERDE,ALIANZA VERDE - PARTIDO VERDE OXIGENO,false,1187,7024,5.9174,7024,4851,0.6906,0.358,partido,1.9292
concejo>asamblea,2019,2023,JESSICA ALEJANDRA AVELLA BLANCO,JESSICA ALEJANDRA AVELLA BLANCO,46,46-001,46-001,PARTIDO ALIANZA VERDE,COALICION POR CASANARE,false,1175,5141,4.3753,5141,3675,0.7148,0.3561,partido,2.0072
concejo>asamblea,2019,2023,ANDRES CASTILLO QUINONES,ANDRES CASTILLO QUINONES,23,23-139,23-139,PARTIDO SOCIAL DE UNIDAD NACIONAL  PARTIDO DE LA U,MOVIMIENTO ALIANZA DEMOCRÁTICA AMPLIA,false,1149,5656,4.9225,5656,4626,0.8179,0.3257,partido,2.5113
concejo>asamblea,2019,2023,DENIS ORTENCIA MONTALVO OVIEDO,DENIS ORTENCIA MONTALVO OVIEDO,13,13-055,13-055,PARTIDO SOCIAL DE UNIDAD NACIONAL  PARTIDO DE LA U,PARTIDO DE LA UNIÓN POR LA GENTE - PARTIDO DE LA U,false,1135,3173,2.7956,3173,1969,0.6205,0.0275,partido,22.596
concejo>asamblea,2019,2023,REINALDO OLARTE VEGA,REINALDO OLARTE VEGA,27,27-001,27-001,PARTIDO ALIANZA SOCIAL INDEPENDIENTE ASI,NUEVA FUERZA DEMOCRÁTICA,false,1127,3189,2.8296,3189,1293,0.4055,0.2913,partido,1.3919
concejo>asamblea,2019,2023,DANIEL ALBERTO ARBELAEZ ECHEVERRI,DANIEL ALBERTO ARBELAEZ ECHEVERRI,01,01-214,01-214,PARTIDO LIBERAL COLOMBIANO,PARTIDO LIBERAL COLOMBIANO,true,1123,14332,12.7622,14332,8091,0.5645,0.05,partido,11.2936
concejo>asamblea,2019,2023,ALEX YIOVANY GONZALES VILLARREAL,ALEX YIOVANY GONZALES VILLARREAL,23,23-067,23-067,PARTIDO CAMBIO RADICAL,PARTIDO CAMBIO RADICAL,true,1121,5595,4.9911,5595,2663,0.476,0.0536,partido,8.8738
concejo>asamblea,2019,2023,OSCAR ALFREDO PARDO NAVARRO,OSCAR ALFREDO PARDO NAVARRO,29,29-001,29-001,PARTIDO ALIANZA VERDE,COALICIÓN TOLIMA INDEPENDIENTE,false,1109,4711,4.248,4711,2239,0.4753,0.3784,partido,1.2562
concejo>asamblea,2019,2023,ISAIAS MANUEL MARTINEZ RODRIGUEZ,ISAIAS MANUEL MARTINEZ RODRIGUEZ,13,13-028,13-028,PARTIDO CONSERVADOR COLOMBIANO,PARTIDO DE LA UNIÓN POR LA GENTE - PARTIDO DE LA U,false,1106,3730,3.3725,3730,2225,0.5965,0.063,partido,9.4702
concejo>asamblea,2019,2023,JAIRO MAURICIO ESCOBAR GUZMAN,JAIRO MAURICIO ESCOBAR GUZMAN,31,31-106,31-106,PARTIDO ALIANZA SOCIAL INDEPENDIENTE ASI,ACUERDO DE COALICION,false,1101,2649,2.406,2649,1655,0.6248,0.1091,partido,5.7271
concejo>asamblea,2019,2023,JOSE JULIAN MUNOZ MOSQUERA,JOSE JULIAN MUNOZ MOSQUERA,11,11-001,11-001,PARTIDO CENTRO DEMOCRATICO,UN ACUERDO POR EL CAUCA,false,1099,4275,3.8899,4275,2448,0.5726,0.4896,partido,1.1696
concejo>asamblea,2019,2023,YOLAIDYS PEDROZO MALDONADO,YOLAIDYS PEDROZO MALDONADO,21,21-025,21-025,PARTIDO ALIANZA VERDE,PARTIDO ALIANZA VERDE,true,1085,4042,3.7253,4042,2862,0.7081,0.0796,partido,8.9007
concejo>asamblea,2019,2023,ARLEY JOHANY MARTINEZ RAMOS,ARLEY JOHANY MARTINEZ RAMOS,15,15-076,15-076,PARTIDO ALIANZA SOCIAL INDEPENDIENTE ASI,ASI ES LA FUERZA DE LA PAZ EN CUNDINAMARCA,false,1078,10719,9.9434,10719,7166,0.6685,0.2614,partido,2.5578
concejo>asamblea,2019,2023,FAUNIER BLANCO CASTRILLON,FAUNIER BLANCO CASTRILLON,25,25-054,25-054,PARTIDO ALIANZA SOCIAL INDEPENDIENTE ASI,EL GRAN EQUIPO POR EL NORTE DE SANTANDER,false,1046,5461,5.2208,5461,2601,0.4763,0.2186,partido,2.1792
concejo>asamblea,2019,2023,JOSE LUIS CHAUX JOVEN,JOSE LUIS CHAUX JOVEN,19,19-034,19-034,PARTIDO SOCIAL DE UNIDAD NACIONAL  PARTIDO DE LA U,COALICIÓN PARTIDO DE LA U Y PARTIDO POLITICO MIRA,false,1017,9215,9.061,9215,4891,0.5308,0.162,partido,3.2767
concejo>asamblea,2019,2023,YEFER ALEXANDER PINZON ALVAREZ,YEFER ALEXANDER PINZON ALVAREZ,07,07-001,07-001,PARTIDO CONSERVADOR - PARTIDO POLITICO MIRA,PARTIDO CONSERVADOR COLOMBIANO Y EL PARTIDO ASI,false,1003,7281,7.2592,7281,3161,0.4341,0.1892,partido,2.2941
concejo>asamblea,2019,2023,JORGE ELIECER VILLA CANTILLO,JORGE ELIECER VILLA CANTILLO,48,48-010,48-010,PARTIDO SOCIAL DE UNIDAD NACIONAL  PARTIDO DE LA U,"PARTIDO ALIANZA SOCIAL INDEPENDIENTE ""ASI""",false,1000,4164,4.164,4164,2763,0.6635,0.153,partido,4.337
concejo>asamblea,2019,2023,YASMIRA DE JESUS LINDAO PANA,YASMIRA DE JESUS LINDAO PANA,48,48-016,48-016,PARTIDO CONSERVADOR COLOMBIANO,PARTIDO CONSERVADOR COLOMBIANO,true,990,21909,22.1303,21909,12024,0.5488,0.3126,partido,1.7555
concejo>asamblea,2019,2023,DUBEN PUENTE VILLARREAL,DUBEN PUENTE VILLARREAL,48,48-001,48-001,PARTIDO SOCIAL DE UNIDAD NACIONAL  PARTIDO DE LA U,PARTIDO DE LA UNIÓN POR LA GENTE - PARTIDO DE LA U,false,964,4612,4.7842,4612,3122,0.6769,0.2148,partido,3.1515
concejo>asamblea,2019,2023,NELSON FABIAN PEREZ BURGOS,NELSON FABIAN PEREZ BURGOS,07,07-001,07-001,PARTIDO CAMBIO RADICAL,PARTIDO CAMBIO RADICAL,true,962,6752,7.0187,6752,1210,0.1792,0.0999,partido,1.7936
concejo>asamblea,2019,2023,JORGE IVAN YUSTI CALLEJAS,JORGE IVAN YUSTI CALLEJAS,26,26-001,26-001,PARTIDO ALIANZA SOCIAL INDEPENDIENTE ASI,ASAMBLEA PARTIDO CAMBIO RADICAL-PARTIDO POLÍTICO MIRA,false,937,9440,10.0747,9440,6647,0.7041,0.5955,partido,1.1825
concejo>asamblea,2019,2023,WILLIAM FAJARDO MINA,WILLIAM FAJARDO MINA,11,11-076,11-076,PARTIDO SOCIAL DE UNIDAD NACIONAL  PARTIDO DE LA U,PARTIDO CAMBIO RADICAL,false,916,6029,6.5819,6029,3703,0.6142,0.1189,partido,5.1654
concejo>asamblea,2019,2023,DORA IRENE LEZCANO MEDINA,DORA IRENE LEZCANO MEDINA,01,01-001,01-001,INDEPENDIENTES,INDEPENDIENTES,true,901,709,0.7869,709,409,0.5769,0.4282,partido,1.347
concejo>asamblea,2019,2023,IVAN DARIO PARRADO DIAZ,IVAN DARIO PARRADO DIAZ,15,15-094,15-094,PARTIDO CAMBIO RADICAL,PARTIDO CAMBIO RADICAL,true,899,5555,6.1791,5555,1450,0.261,0.033,partido,7.9066
concejo>asamblea,2019,2023,CAMILO PENAGOS PACHECO,CAMILO PENAGOS PACHECO,44,44-001,44-001,PARTIDO LIBERAL COLOMBIANO,PARTIDO LIBERAL COLOMBIANO,true,899,2425,2.6974,2425,1489,0.614,0.4605,partido,1.3334
concejo>asamblea,2019,2023,FREDDY ANDRES ZOCADAGUI RIVAS,FREDDY ANDRES ZOCADAGUI RIVAS,40,40-001,40-001,PARTIDO CAMBIO RADICAL,PARTIDO CAMBIO RADICAL,true,894,1919,2.1465,1919,1606,0.8369,0.6821,partido,1.227
concejo>asamblea,2019,2023,MIGUEL ARMANDO ARAQUE VARGAS,MIGUEL ARMANDO ARAQUE VARGAS,07,07-277,07-277,PARTIDO SOCIAL DE UNIDAD NACIONAL  PARTIDO DE LA U,PARTIDO DE LA U-PARTIDO EN MARCHA-PARTIDO POLÍTICO MIRA,false,893,6260,7.0101,6260,3158,0.5045,0.1437,partido,3.511
concejo>asamblea,2019,2023,CHRISTIAN GABRIEL ALBARRACIN VASQUEZ,CHRISTIAN GABRIEL ALBARRACIN VASQUEZ,07,07-079,07-079,PARTIDO LIBERAL COLOMBIANO,PARTIDO LIBERAL COLOMBIANO,true,893,8477,9.4927,8477,3706,0.4372,0.0853,partido,5.1224
concejo>asamblea,2019,2023,LUZ MARINA RIOS GIL,LUZ MARINA RIOS GIL,17,17-001,17-001,PARTIDO POLITICO  MIRA,PARTIDO DE LA U Y PARTIDO POLITICO MIRA,false,889,4116,4.6299,4116,1903,0.4623,0.2196,partido,2.1053
concejo>asamblea,2019,2023,BYRON MAURICIO LEMA ASCUNTAR,BYRON MAURICIO LEMA ASCUNTAR,11,11-001,11-001,PARTIDO CONSERVADOR COLOMBIANO,COLOMBIA RENACIENTE MIRA,false,888,2192,2.4685,2192,886,0.4042,0.2694,partido,1.5005
concejo>asamblea,2019,2023,HECTOR MATEO CENTENO AGUDELO,HECTOR MATEO CENTENO AGUDELO,07,07-079,07-079,PARTIDO ALIANZA VERDE,PARTIDO ALIANZA VERDE,true,879,8474,9.6405,8474,3199,0.3775,0.0808,partido,4.6707
concejo>asamblea,2019,2023,SILVIO DANIEL VASQUEZ CORONADO,SILVIO DANIEL VASQUEZ CORONADO,19,19-001,19-001,PARTIDO CONSERVADOR  -  PARTIDO POLITICO MIRA,PARTIDO CONSERVADOR COLOMBIANO,false,877,1940,2.2121,1940,683,0.3521,0.2527,partido,1.3931
concejo>asamblea,2019,2023,LUIS HUMBERTO GOMEZ GONZALEZ,LUIS HUMBERTO GOMEZ GONZALEZ,27,27-160,27-160,PARTIDO POLO DEMOCRATICO ALTERNATIVO,SUMEMOS,false,870,4766,5.4782,4766,2196,0.4608,0.0742,partido,6.2121
concejo>asamblea,2019,2023,JULIAN DAVID GARCIA RUBIO,JULIAN DAVID GARCIA RUBIO,07,07-079,07-079,PARTIDO ALIANZA VERDE,PARTIDO ALIANZA VERDE,true,858,14745,17.1853,14745,3339,0.2264,0.0808,partido,2.8018
concejo>asamblea,2019,2023,CRISTIAN DAVID DE AVILA CARRASQUILLA,CRISTIAN DAVID DE AVILA CARRASQUILLA,05,05-118,05-118,PARTIDO CENTRO DEMOCRATICO- PARTIDO POLITICO MIRA,PARTIDO CAMBIO RADICAL,false,846,4616,5.4563,4616,2389,0.5175,0.0524,partido,9.8773
concejo>asamblea,2019,2023,ANDRES IVAN TRUJILLO SANCHEZ,ANDRES IVAN TRUJILLO SANCHEZ,15,15-109,15-109,PARTIDO ADA,ATREVETE POR CUNDINAMARCA,false,845,177,0.2095,177,10,0.0565,0.0403,participacion,1.4004
concejo>asamblea,2019,2023,MIGUEL ANGEL HERRERA VILLACID,MIGUEL ANGEL HERRERA VILLACID,25,25-001,25-001,PARTIDO CAMBIO RADICAL,MOVIMIENTO  SALVACIÓN NACIONAL,false,827,235,0.2842,235,182,0.7745,0.5507,partido,1.4064
concejo>asamblea,2019,2023,MANUEL ANTONIO ALVAREZ MARMOL,MANUEL ANTONIO ALVAREZ MARMOL,13,13-058,13-058,PARTIDO SOCIAL DE UNIDAD NACIONAL  PARTIDO DE LA U,PARTIDO DE LA UNIÓN POR LA GENTE - PARTIDO DE LA U,false,826,11380,13.7772,11380,6817,0.599,0.061,partido,9.8248
concejo>asamblea,2019,2023,RAQUEL EDITH PAEZ BELTRAN,RAQUEL EDITH PAEZ BELTRAN,15,15-094,15-094,PARTIDO LIBERAL COLOMBIANO,PARTIDO LIBERAL COLOMBIANO - MAIS,false,807,4820,5.9727,4820,1034,0.2145,0.0318,partido,6.7511
concejo>asamblea,2019,2023,HUBER NELSON GUISAO GUISAO,HUBER NELSON GUISAO GUISAO,24,24-001,24-001,MOVIMIENTO ALTERNATIVO INDIGENA Y SOCIAL MAIS,ALTERNATIVOS,false,805,4272,5.3068,4272,2812,0.6582,0.4628,partido,1.4223
concejo>asamblea,2019,2023,BOWER JASEN MOSQUERA MONTANO,BOWER JASEN MOSQUERA MONTANO,17,17-001,17-001,PARTIDO CAMBIO RADICAL,PARTIDO CAMBIO RADICAL,true,803,3451,4.2976,3451,1789,0.5184,0.2251,partido,2.303
concejo>asamblea,2019,2023,CARLOS AUGUSTO HENAO,CARLOS AUGUSTO HENAO,01,01-001,01-001,INDEPENDIENTES,INDEPENDIENTES,true,788,1387,1.7602,1387,793,0.5717,0.4282,partido,1.3351
concejo>asamblea,2019,2023,ALEX MAURICIO NARVAEZ BURBANO,ALEX MAURICIO NARVAEZ BURBANO,23,23-067,23-067,PARTIDO SOCIAL DE UNIDAD NACIONAL  PARTIDO DE LA U,"PARTIDO DE LA U, MIRA Y LA FUERZA POR LA PAZ",false,775,6538,8.4361,6538,1462,0.2236,0.053,partido,4.2223
concejo>asamblea,2019,2023,MARKO FELIPE CORREDOR LOZANO,MARKO FELIPE CORREDOR LOZANO,01,01-001,01-001,TODOS JUNTOS,PARTIDO POLÍTICO CREEMOS,false,770,5413,7.0299,5413,3810,0.7039,0.6152,partido,1.144
concejo>asamblea,2019,2023,CARLOS ALFONSO FIGUEROA PINA,CARLOS ALFONSO FIGUEROA PINA,28,28-040,28-040,PARTIDO CAMBIO RADICAL,FUERZA ALTERNATIVA POR SUCRE,false,744,2097,2.8185,2097,665,0.3171,0.0599,partido,5.2974
concejo>asamblea,2019,2023,CARLOS ALBERTO MONTES CORREA,CARLOS ALBERTO MONTES CORREA,24,24-086,24-086,PARTIDO ALIANZA VERDE,ALTERNATIVOS,false,741,5643,7.6154,5643,3687,0.6534,0.1693,partido,3.86
concejo>asamblea,2019,2023,JULIO CESAR GONZALEZ ORJUELA,JULIO CESAR GONZALEZ ORJUELA,07,07-277,07-277,PARTIDO ALIANZA VERDE,PARTIDO ALIANZA VERDE,true,734,5625,7.6635,5625,1886,0.3353,0.0695,partido,4.8255
concejo>asamblea,2019,2023,FRANCISCO JAVIER LOPEZ DIAZ,FRANCISCO JAVIER LOPEZ DIAZ,26,26-080,26-080,PARTIDO LIBERAL COLOMBIANO,PARTIDO DE LA UNIÓN POR LA GENTE - PARTIDO DE LA U,false,727,5693,7.8308,5693,2297,0.4035,0.2663,partido,1.5153
concejo>asamblea,2019,2023,LORENA PATRICIA GUERRERO MORALES,LORENA PATRICIA GUERRERO MORALES,03,03-046,03-046,PARTIDO CAMBIO RADICAL,PARTIDO CAMBIO RADICAL,true,723,5048,6.982,5048,662,0.1311,0.0381,partido,3.4433
concejo>asamblea,2019,2023,OSCAR ADOLFO ALVAREZ GARCIA,OSCAR ADOLFO ALVAREZ GARCIA,01,01-001,01-001,TODOS JUNTOS,COALICION ANTIOQUIA TE PERTENECE,false,719,508,0.7065,508,271,0.5335,0.2877,partido,1.8545
concejo>asamblea,2019,2023,CAMILA ANDREA BLANCO EDNA,CAMILA ANDREA BLANCO EDNA,28,28-220,28-220,PARTIDO LIBERAL COLOMBIANO,FUERZA ALTERNATIVA POR SUCRE,false,714,4299,6.021,4299,3065,0.713,0.1719,partido,4.1465
concejo>asamblea,2019,2023,LEIDY JOHANNA FERNANDEZ BLANCO,LEIDY JOHANNA FERNANDEZ BLANCO,52,52-035,52-035,PARTIDO SOCIAL DE UNIDAD NACIONAL  PARTIDO DE LA U,PARTIDO DE LA UNIÓN POR LA GENTE - PARTIDO DE LA U,false,703,3449,4.9061,3449,1480,0.4291,0.0761,partido,5.6353
concejo>asamblea,2019,2023,LUIS MIGUEL ROJAS SALAZAR,LUIS MIGUEL ROJAS SALAZAR,13,13-007,13-007,PARTIDO SOCIAL DE UNIDAD NACIONAL  PARTIDO DE LA U,PARTIDO DE LA UNIÓN POR LA GENTE - PARTIDO DE LA U,false,696,24867,35.7284,24867,6155,0.2475,0.0436,partido,5.6807
concejo>asamblea,2019,2023,ARNOLD MAURICIO PINILLA TRIANA,ARNOLD MAURICIO PINILLA TRIANA,52,52-005,52-005,PARTIDO CAMBIO RADICAL,PARTIDO CAMBIO RADICAL,true,692,3227,4.6633,3227,2161,0.6697,0.1175,partido,5.6994
concejo>asamblea,2019,2023,DORA YOHANA HURTADO HERNANDEZ,DORA YOHANA HURTADO HERNANDEZ,09,09-103,09-103,PARTIDO CONSERVADOR COLOMBIANO,COALICIÓN CENTRO DERECHA,false,691,4256,6.1592,4256,1770,0.4159,0.0924,partido,4.5012
concejo>asamblea,2019,2023,JORGE MARIO TORRES CARMONA,JORGE MARIO TORRES CARMONA,15,15-094,15-094,PARTIDO ALIANZA VERDE,PARTIDO ALIANZA VERDE,true,667,5140,7.7061,5140,930,0.1809,0.0407,partido,4.4428
concejo>asamblea,2019,2023,LEONARDO ALFREDO CUADROS CISNEROS,LEONARDO ALFREDO CUADROS CISNEROS,40,40-001,40-001,PARTIDO CAMBIO RADICAL,PARTIDO DE LA UNIÓN POR LA GENTE - PARTIDO DE LA U,false,661,1264,1.9123,1264,1126,0.8908,0.4586,partido,1.9427
concejo>asamblea,2019,2023,JHONNATAN PERDOMO LOZANO,JHONNATAN PERDOMO LOZANO,29,29-040,29-040,"PARTIDO DE REIVINDICACION ETNICA ""PRE""",PARTIDO CONSERVADOR COLOMBIANO,false,657,7157,10.8935,7157,3181,0.4445,0.0418,partido,10.6319
concejo>asamblea,2019,2023,CIRO MENESES YELA,CIRO MENESES YELA,23,23-001,23-001,MOVIMIENTO ALTERNATIVO INDIGENA Y SOCIAL MAIS,PACTO HISTORICO,false,642,4971,7.743,4971,2300,0.4627,0.3106,partido,1.4896
concejo>asamblea,2019,2023,JOHN EDISON MEJIA ROJAS,JOHN EDISON MEJIA ROJAS,15,15-109,15-109,PARTIDO SOCIAL DE UNIDAD NACIONAL  PARTIDO DE LA U,PARTIDO ALIANZA VERDE,false,639,4465,6.9875,4465,1616,0.3619,0.0456,partido,7.9427
concejo>asamblea,2019,2023,DAVID RICARDO CAMARGO HIGUERA,DAVID RICARDO CAMARGO HIGUERA,07,07-181,07-181,PARTIDO LIBERAL COLOMBIANO,PARTIDO LIBERAL COLOMBIANO,true,628,8326,13.258,8326,5942,0.7137,0.0758,partido,9.4207
concejo>asamblea,2019,2023,RAMON ANDRES ESCALANTE RICO,RAMON ANDRES ESCALANTE RICO,40,40-001,40-001,PARTIDO SOCIAL DE UNIDAD NACIONAL  PARTIDO DE LA U,PARTIDO DE LA UNIÓN POR LA GENTE - PARTIDO DE LA U,false,620,2244,3.6194,2244,1717,0.7652,0.4586,partido,1.6686
concejo>asamblea,2019,2023,MARYORY CATHERIN ORTIZ ALVAREZ,MARYORY CATHERIN ORTIZ ALVAREZ,07,07-001,07-001,COALICION TUNJA,BOYACÁ POTENCIA DE VIDA,false,619,5253,8.4863,5253,1696,0.3229,0.2386,partido,1.3532
concejo>asamblea,2019,2023,MARIANE BALTRON LOPEZ SARMIENTO,MARIANE BALTRON LOPEZ SARMIENTO,15,15-169,15-169,PARTIDO CONSERVADOR - PARTIDO POLITICO MIRA,COALICIÓN PARTIDO DE LA U - PARTIDO MIRA,false,615,16320,26.5366,16320,1032,0.0632,0.021,partido,3.0101
concejo>asamblea,2019,2023,FARIDES DEL CARMEN CASTRO PEREZ,FARIDES DEL CARMEN CASTRO PEREZ,28,28-055,28-055,PARTIDO CAMBIO RADICAL,PARTIDO DE LA U - PARTIDO MIRA,false,609,527,0.8654,527,10,0.019,0.0414,partido,0.458
concejo>asamblea,2019,2023,EULICES FERNANDO CORCE PEROZA,EULICES FERNANDO CORCE PEROZA,40,40-001,40-001,PARTIDO LIBERAL COLOMBIANO,PARTIDO LIBERAL COLOMBIANO,true,602,2701,4.4867,2701,1751,0.6483,0.211,partido,3.073
concejo>asamblea,2019,2023,VICTOR ALFONSO PALACIOS MANOSALVA,VICTOR ALFONSO PALACIOS MANOSALVA,27,27-121,27-121,PARTIDO COLOMBIA RENACIENTE,PARTIDOS CONSERVADOR COLOMBIANO Y MIRA,false,601,13075,21.7554,13075,2872,0.2197,0.0586,partido,3.7485
concejo>asamblea,2019,2023,ROBINSON MONTOYA PEREZ,ROBINSON MONTOYA PEREZ,07,07-214,07-214,PARTIDO ALIANZA VERDE,PARTIDO ALIANZA VERDE,true,594,4716,7.9394,4716,1408,0.2986,0.0204,partido,14.6269
concejo>asamblea,2019,2023,BELCY LEAL GARCIA,BELCY LEAL GARCIA,48,48-010,48-010,MOVIMIENTO ALTERNATIVO INDIGENA Y SOCIAL MAIS,"MOVIMIENTO ALTERNATIVO INDÍGENA Y SOCIAL ""MAIS""",true,573,2824,4.9284,2824,1849,0.6547,0.1987,partido,3.2949
concejo>asamblea,2019,2023,CARLOS GEOVANY GOMEZ BETANCUR,CARLOS GEOVANY GOMEZ BETANCUR,29,29-076,29-076,PARTIDO ALIANZA VERDE,"PARTIDO ALIANZA SOCIAL INDEPENDIENTE ""ASI""",false,572,3905,6.8269,3905,938,0.2402,0.1718,partido,1.3983
concejo>asamblea,2019,2023,JEIVER FERNANDO GOMEZ SIERRA,JEIVER FERNANDO GOMEZ SIERRA,15,15-250,15-250,PARTIDO LIBERAL COLOMBIANO,PARTIDO LIBERAL COLOMBIANO - MAIS,false,559,5308,9.4955,5308,1882,0.3546,0.0211,partido,16.8286
concejo>asamblea,2019,2023,NEY CARLOS BENTO GONZALEZ,NEY CARLOS BENTO GONZALEZ,60,60-001,60-001,PARTIDO ALIANZA VERDE,PARTIDO ALIANZA VERDE,true,556,651,1.1709,651,617,0.9478,0.8527,partido,1.1115
concejo>asamblea,2019,2023,MAURO ANDRES SANCHEZ ROMERO,MAURO ANDRES SANCHEZ ROMERO,64,64-002,64-002,PARTIDO LIBERAL COLOMBIANO,PARTIDO LIBERAL COLOMBIANO,true,553,3520,6.3653,3520,1869,0.531,0.2844,partido,1.8668
concejo>asamblea,2019,2023,BEATRIZ ELENA ARISTIZABAL PEREZ,BEATRIZ ELENA ARISTIZABAL PEREZ,26,26-010,26-010,"PARTIDO DE REIVINDICACION ETNICA ""PRE""",COALICION PARTIDO CONSERVADOR-CENTRO DEMOCRATICO,false,543,3012,5.547,3012,1634,0.5425,0.1898,partido,2.8587
concejo>asamblea,2019,2023,HENRY JHOONEY PEREZ HERNANDEZ,HENRY JHOONEY PEREZ HERNANDEZ,46,46-880,46-880,PARTIDO CENTRO DEMOCRATICO- PARTIDO POLITICO MIRA,PARTIDO CENTRO DEMOCRÁTICO,false,533,9103,17.0788,9103,6791,0.746,0.2241,partido,3.3284
concejo>asamblea,2019,2023,GERSON OBED PENA MUNOZ,GERSON OBED PENA MUNOZ,26,26-001,26-001,PARTIDO CAMBIO RADICAL,ASAMBLEA PARTIDO CAMBIO RADICAL-PARTIDO POLÍTICO MIRA,false,532,5616,10.5564,5616,3467,0.6173,0.5955,partido,1.0368
concejo>asamblea,2019,2023,HECTOR ZAMIR CABANZO BUITRAGO,HECTOR ZAMIR CABANZO BUITRAGO,07,07-067,07-067,PARTIDO SOCIAL DE UNIDAD NACIONAL  PARTIDO DE LA U,PARTIDO DE LA U-PARTIDO EN MARCHA-PARTIDO POLÍTICO MIRA,false,532,5978,11.2368,5978,2517,0.421,0.0668,partido,6.3017
concejo>asamblea,2019,2023,JORGE IGNACIO USMA JARAMILLO,JORGE IGNACIO USMA JARAMILLO,01,01-151,01-151,PARTIDO ADA,COALICION ANTIOQUIA TE PERTENECE,false,529,2521,4.7656,2521,610,0.242,0.0559,partido,4.3309
concejo>asamblea,2019,2023,BRAYAN ANTONIO ANICHIARICO CORREA,BRAYAN ANTONIO ANICHIARICO CORREA,05,05-118,05-118,PARTIDO CONSERVADOR COLOMBIANO,PARTIDO CONSERVADOR COLOMBIANO,true,524,8564,16.3435,8564,1370,0.16,0.0363,partido,4.4112
concejo>asamblea,2019,2023,ABSALON ANDRES MARIN HERNANDEZ,ABSALON ANDRES MARIN HERNANDEZ,24,24-078,24-078,PARTIDO CAMBIO RADICAL,PARTIDO CAMBIO RADICAL,true,521,772,1.4818,772,297,0.3847,0.0451,partido,8.5295
concejo>asamblea,2019,2023,CLEN DAVID JARAMILLO AGUDELO,CLEN DAVID JARAMILLO AGUDELO,01,01-001,01-001,PARTIDO ALIANZA SOCIAL INDEPENDIENTE ASI,PARTIDO ALIANZA VERDE,false,519,1665,3.2081,1665,585,0.3514,0.2111,partido,1.6643
concejo>asamblea,2019,2023,DIEGO FERNANDO ZAMBRANO PARDO,DIEGO FERNANDO ZAMBRANO PARDO,64,64-002,64-002,PARTIDO CONSERVADOR COLOMBIANO,PARTIDO CONSERVADOR COLOMBIANO,true,511,2265,4.4325,2265,1473,0.6503,0.3573,partido,1.8199
concejo>asamblea,2019,2023,SILVIA ELENA QUINTERO CANO,SILVIA ELENA QUINTERO CANO,01,01-001,01-001,TODOS JUNTOS,PARTIDO ALIANZA VERDE,false,509,1285,2.5246,1285,483,0.3759,0.2111,partido,1.7805
concejo>asamblea,2019,2023,KARENT DANIELA CHAPARRO CUERVO,KARENT DANIELA CHAPARRO CUERVO,07,07-277,07-277,PARTIDO LIBERAL COLOMBIANO,PARTIDO LIBERAL COLOMBIANO,true,509,3121,6.1316,3121,1212,0.3883,0.1006,partido,3.8617
concejo>asamblea,2019,2023,JAIRO ANDRES GOMEZ MUNOZ,JAIRO ANDRES GOMEZ MUNOZ,27,27-001,27-001,PARTIDO SOCIAL DE UNIDAD NACIONAL  PARTIDO DE LA U,PARTIDO LIBERAL COLOMBIANO,false,491,4252,8.6599,4252,982,0.231,0.2555,partido,0.9041
concejo>asamblea,2019,2023,JUAN CAMILO ALDANA MORALES,JUAN CAMILO ALDANA MORALES,09,09-049,09-049,PARTIDO LIBERAL COLOMBIANO,COALICIÓN JUNTOS POR CALDAS,false,490,159,0.3245,159,11,0.0692,0.036,partido,1.9191
concejo>asamblea,2019,2023,SERVIO LUIS REYES MORENO,SERVIO LUIS REYES MORENO,31,31-121,31-121,PARTIDO ALIANZA VERDE,PARTIDO ALIANZA VERDE,true,488,2195,4.498,2195,848,0.3863,0.0242,partido,15.9531
concejo>asamblea,2019,2023,JOSE NIRAY CASTRO PEREZ,JOSE NIRAY CASTRO PEREZ,11,11-061,11-061,PARTIDO SOCIAL DE UNIDAD NACIONAL  PARTIDO DE LA U,INDEPENDIENTES CON UNIDAD,false,485,2058,4.2433,2058,1292,0.6278,0.0594,partido,10.5647
concejo>asamblea,2019,2023,HERNANDO MOSQUERA BARBOSA,HERNANDO MOSQUERA BARBOSA,24,24-001,24-001,PARTIDO CENTRO DEMOCRATICO,PARTIDO CAMBIO RADICAL,false,482,1931,4.0062,1931,1082,0.5603,0.4686,partido,1.1958
concejo>asamblea,2019,2023,BERNARDO BETANCOURT SERNA,BERNARDO BETANCOURT SERNA,54,54-001,54-001,PARTIDO ALIANZA VERDE,PARTIDO ALIANZA VERDE,true,476,1270,2.6681,1270,1209,0.952,0.7308,partido,1.3027
concejo>asamblea,2019,2023,ANDRES FELIPE UBAQUE BUSTOS,ANDRES FELIPE UBAQUE BUSTOS,15,15-076,15-076,MOVIMIENTO ALTERNATIVO INDIGENA Y SOCIAL MAIS,PARTIDO LIBERAL COLOMBIANO - MAIS,false,472,5140,10.8898,5140,2505,0.4874,0.055,partido,8.8684
concejo>asamblea,2019,2023,VICTORIA ELENA LOPEZ VASQUEZ,VICTORIA ELENA LOPEZ VASQUEZ,03,03-001,03-001,PARTIDO CENTRO DEMOCRATICO,PARTIDO CENTRO DEMOCRÁTICO,true,467,448,0.9593,448,317,0.7076,0.6733,partido,1.0509
concejo>asamblea,2019,2023,EDILTON MARROQUIN SOLIS,EDILTON MARROQUIN SOLIS,11,11-010,11-010,PARTIDO ALIANZA VERDE,PARTIDO ALIANZA VERDE,true,462,1473,3.1883,1473,594,0.4033,0.0278,partido,14.5137
concejo>asamblea,2019,2023,GERSAIN DIAZ MOSQUERA,GERSAIN DIAZ MOSQUERA,29,29-040,29-040,PARTIDO CONSERVADOR  -  PARTIDO POLITICO MIRA,PARTIDO POLÍTICO MIRA,false,457,2015,4.4092,2015,612,0.3037,0.0375,partido,8.0907
concejo>asamblea,2019,2023,WILMAN FIERRO LUGO,WILMAN FIERRO LUGO,44,44-010,44-010,PARTIDO ALIANZA VERDE,PARTIDO ALIANZA VERDE,true,457,4015,8.7856,4015,3688,0.9186,0.2441,partido,3.763
concejo>asamblea,2019,2023,ENNA LORENA RINCON SANCHEZ,ENNA LORENA RINCON SANCHEZ,26,26-010,26-010,PARTIDO LIBERAL COLOMBIANO,PARTIDO LIBERAL COLOMBIANO,true,455,1717,3.7736,1717,761,0.4432,0.1235,partido,3.5888
concejo>asamblea,2019,2023,LERI ANISETO HENRY TAYLOR,LERI ANISETO HENRY TAYLOR,56,56-004,56-004,PARTIDO CENTRO DEMOCRATICO,COALICIÓN CENTRO DEMOCRÁTICO-MIRA,false,455,376,0.8264,376,250,0.6649,0.1812,partido,3.6688
concejo>asamblea,2019,2023,ALEXANDER CUESTA GONZALEZ,ALEXANDER CUESTA GONZALEZ,17,17-001,17-001,PARTIDO ALIANZA VERDE,PARTIDO ALIANZA VERDE,true,446,951,2.1323,951,596,0.6267,0.3277,partido,1.9122
concejo>asamblea,2019,2023,LUIS ANGEL URECHE MENDOZA,LUIS ANGEL URECHE MENDOZA,48,48-004,48-004,PARTIDO POLO DEMOCRATICO ALTERNATIVO,PARTIDO POLÍTICO DIGNIDAD & COMPROMISO,false,445,3490,7.8427,3490,1644,0.4711,0.2201,partido,2.1399
concejo>asamblea,2019,2023,REYNALDO PULIDO RANGEL,REYNALDO PULIDO RANGEL,54,54-001,54-001,PARTIDO LIBERAL COLOMBIANO,PARTIDO LIBERAL COLOMBIANO,true,440,1200,2.7273,1200,1162,0.9683,0.8921,partido,1.0855
concejo>asamblea,2019,2023,LUIS CARLOS PEREZ ARGOTE,LUIS CARLOS PEREZ ARGOTE,48,48-007,48-007,PARTIDO ALIANZA VERDE,ALIANZA VERDE - PARTIDO VERDE OXIGENO,false,437,1306,2.9886,1306,505,0.3867,0.0606,partido,6.3833
concejo>asamblea,2019,2023,JHON MARO REYES SOLARTE,JHON MARO REYES SOLARTE,11,11-076,11-076,SOMOS ALIANZA POR QUILICHAO,PARTIDO ALIANZA VERDE,false,433,3637,8.3995,3637,2935,0.807,0.094,partido,8.5826
concejo>asamblea,2019,2023,RUTH LENY CHINDOY MUCHAVISOY,RUTH LENY CHINDOY MUCHAVISOY,64,64-001,64-001,MOVIMIENTO AUTORIDADES INDIGENAS DE COLOMBIA AICO,"MOVIMIENTO AUTORIDADES INDÍGENAS DE COLOMBIA ""AICO""",true,429,1008,2.3497,1008,709,0.7034,0.2254,partido,3.1208
concejo>asamblea,2019,2023,ENRIQUE OSPINO GUILLEN,ENRIQUE OSPINO GUILLEN,21,21-001,21-001,MOVIMIENTO ALTERNATIVO INDIGENA Y SOCIAL MAIS,PARTIDO ALIANZA VERDE,false,420,1473,3.5071,1473,940,0.6382,0.2967,partido,2.1508
concejo>asamblea,2019,2023,OSCAR IVAN LLANOS RODRIGUEZ,OSCAR IVAN LLANOS RODRIGUEZ,19,19-055,19-055,PARTIDO ALIANZA VERDE,PARTIDO ALIANZA VERDE,true,410,2682,6.5415,2682,660,0.2461,0.0326,partido,7.5485
concejo>asamblea,2019,2023,LUCIA LEONOR PAREDES CASTRO,LUCIA LEONOR PAREDES CASTRO,12,12-150,12-150,PARTIDO ALIANZA VERDE,"PARTIDOS ALIANZA VERDE, MIRA Y AGRUPACION POLITICA EN MARCHA",false,406,4130,10.1724,4130,2738,0.663,0.1221,partido,5.4281
concejo>asamblea,2019,2023,IVAN DARIO GUZMAN CASTILLO,IVAN DARIO GUZMAN CASTILLO,23,23-079,23-079,PARTIDO POLO DEMOCRATICO ALTERNATIVO,PACTO HISTORICO,false,402,9579,23.8284,9579,1811,0.1891,0.0486,partido,3.8902
concejo>asamblea,2019,2023,JOSE DEL CARMEN ROPERO BACCA,JOSE DEL CARMEN ROPERO BACCA,25,25-004,25-004,PARTIDO CAMBIO RADICAL,PARTIDO DE LA UNIÓN POR LA GENTE - PARTIDO DE LA U,false,402,5950,14.801,5950,3768,0.6333,0.0646,partido,9.7986
concejo>asamblea,2019,2023,HERNAN AUGUSTO SANCHEZ HERNANDEZ,HERNAN AUGUSTO SANCHEZ HERNANDEZ,29,29-001,29-001,PARTIDO ADA,CAMBIO RADICAL - ALIANZA DEMOCRÁTICA AMPLIA A.D.A.,false,402,1309,3.2562,1309,764,0.5837,0.2896,partido,2.0154
concejo>asamblea,2019,2023,GLADYS HERNANDEZ MONROY,GLADYS HERNANDEZ MONROY,40,40-010,40-010,PARTIDO SOCIAL DE UNIDAD NACIONAL  PARTIDO DE LA U,PARTIDO DE LA UNIÓN POR LA GENTE - PARTIDO DE LA U,false,401,567,1.414,567,342,0.6032,0.2309,partido,2.6125
concejo>asamblea,2019,2023,JORGE ARIEL CARMONA GUZMAN,JORGE ARIEL CARMONA GUZMAN,09,09-130,09-130,PARTIDO CONSERVADOR COLOMBIANO,PARTIDO CONSERVADOR COLOMBIANO,true,400,11026,27.565,11026,1819,0.165,0.0694,partido,2.3755
concejo>asamblea,2019,2023,JUAN PABLO OCAMPO JARAMILLO,JUAN PABLO OCAMPO JARAMILLO,64,64-023,64-023,PARTIDO LIBERAL COLOMBIANO,PARTIDO LIBERAL COLOMBIANO,true,399,3169,7.9424,3169,2542,0.8021,0.2417,partido,3.3193
concejo>asamblea,2019,2023,SIRLEY TATIANA GOMEZ BUILES,SIRLEY TATIANA GOMEZ BUILES,13,13-028,13-028,PARTIDO CENTRO DEMOCRATICO,#ALIANZAPORCORDOBA,false,398,809,2.0327,809,195,0.241,0.0428,partido,5.6288
concejo>asamblea,2019,2023,SONIA LILIANA FLOREZ,SONIA LILIANA FLOREZ,64,64-002,64-002,PARTIDO ALIANZA SOCIAL INDEPENDIENTE ASI,"PARTIDO ALIANZA SOCIAL INDEPENDIENTE ""ASI""",true,394,1256,3.1878,1256,1011,0.8049,0.1881,partido,4.2787
concejo>asamblea,2019,2023,JOSE IGNACIO MARROQUIN SANCHEZ,JOSE IGNACIO MARROQUIN SANCHEZ,19,19-001,19-001,NEIVA HUMANA Y ALTERNATIVA,PACTOHISTORICO,false,393,2845,7.2392,2845,1124,0.3951,0.4257,partido,0.928
concejo>asamblea,2019,2023,JOSE ALIRIO TUNJANO ORTIZ,JOSE ALIRIO TUNJANO ORTIZ,44,44-010,44-010,PARTIDO LIBERAL COLOMBIANO,PARTIDO LIBERAL COLOMBIANO,true,393,2453,6.2417,2453,1749,0.713,0.1503,partido,4.744
concejo>asamblea,2019,2023,RONALD FABIAN MENDOZA MERCHAN,RONALD FABIAN MENDOZA MERCHAN,40,40-025,40-025,PARTIDO COLOMBIA RENACIENTE,COLOMBIA RENACIENTE-EN MARCHA,false,392,1384,3.5306,1384,1232,0.8902,0.3887,partido,2.2901
concejo>asamblea,2019,2023,HUGO OSWALDO RODRIGUEZ ROA,HUGO OSWALDO RODRIGUEZ ROA,40,40-005,40-005,PARTIDO LIBERAL COLOMBIANO,PARTIDO DE LA UNIÓN POR LA GENTE - PARTIDO DE LA U,false,391,1611,4.1202,1611,1052,0.653,0.1268,partido,5.1503
concejo>asamblea,2019,2023,FRAY DAVID AMAYA CALLEJAS,FRAY DAVID AMAYA CALLEJAS,40,40-001,40-001,PARTIDO ALIANZA SOCIAL INDEPENDIENTE ASI,PARTIDO ALIANZA VERDE,false,390,2416,6.1949,2416,1354,0.5604,0.2251,partido,2.4899
concejo>asamblea,2019,2023,VICTOR ALFONSO MUNOZ BALLENA,VICTOR ALFONSO MUNOZ BALLENA,12,12-608,12-608,PARTIDO CONSERVADOR COLOMBIANO,PARTIDO CONSERVADOR COLOMBIANO,true,376,1830,4.867,1830,608,0.3322,0.0322,partido,10.3197
concejo>asamblea,2019,2023,JUAN PABLO VALENCIA LEIVA,JUAN PABLO VALENCIA LEIVA,64,64-028,64-028,PARTIDO ALIANZA VERDE,PARTIDO ALIANZA VERDE,true,373,2074,5.5603,2074,1552,0.7483,0.1514,partido,4.9423
concejo>asamblea,2019,2023,RUBEN DARIO HERNANDEZ SALDARRIAGA,RUBEN DARIO HERNANDEZ SALDARRIAGA,31,31-106,31-106,PARTIDO ALIANZA SOCIAL INDEPENDIENTE ASI,PARTIDO CENTRO DEMOCRÁTICO,false,367,7835,21.3488,7835,1374,0.1754,0.0577,partido,3.0405
concejo>asamblea,2019,2023,OSCAR ENRIQUE PABON ROMERO,OSCAR ENRIQUE PABON ROMERO,21,21-049,21-049,PARTIDO COLOMBIA RENACIENTE,COLOMBIA RENACIENTE - NUEVO LIBERALISMO,false,365,11967,32.7863,11967,4116,0.3439,0.1031,partido,3.3365
concejo>asamblea,2019,2023,FREDY ALEXANDER MUR TARAZONA,FREDY ALEXANDER MUR TARAZONA,29,29-079,29-079,PARTIDO ADA,CAMBIO RADICAL - ALIANZA DEMOCRÁTICA AMPLIA A.D.A.,false,364,2193,6.0247,2193,766,0.3493,0.0517,partido,6.7576
concejo>asamblea,2019,2023,OMAR ALBERTO DUARTE NOVA,OMAR ALBERTO DUARTE NOVA,25,25-064,25-064,PARTIDO CONSERVADOR COLOMBIANO,PARTIDO CONSERVADOR COLOMBIANO,true,363,1854,5.1074,1854,518,0.2794,0.0314,partido,8.8873
concejo>asamblea,2019,2023,EIDER VILLEGAS BANGUERO,EIDER VILLEGAS BANGUERO,11,11-029,11-029,PARTIDO LIBERAL COLOMBIANO,PARTIDO LIBERAL COLOMBIANO,true,360,3080,8.5556,3080,915,0.2971,0.0334,partido,8.8923
concejo>asamblea,2019,2023,HECTOR ARNULFO SANTANA NINO,HECTOR ARNULFO SANTANA NINO,72,72-001,72-001,PARTIDO CENTRO DEMOCRATICO,PARTIDO CENTRO DEMOCRÁTICO,true,357,444,1.2437,444,388,0.8739,0.4138,partido,2.1117
concejo>asamblea,2019,2023,ROCIO LUZ SOLANO MARULANDA,ROCIO LUZ SOLANO MARULANDA,48,48-004,48-004,PARTIDO SOCIAL DE UNIDAD NACIONAL  PARTIDO DE LA U,PARTIDO DE LA UNIÓN POR LA GENTE - PARTIDO DE LA U,false,356,3888,10.9213,3888,1101,0.2832,0.0547,partido,5.1799
concejo>asamblea,2019,2023,ROBERT ARRECHEA TORRES,ROBERT ARRECHEA TORRES,31,31-019,31-019,PARTIDO CAMBIO RADICAL,PARTIDO COLOMBIA RENACIENTE,false,355,1293,3.6423,1293,301,0.2328,0.1683,partido,1.383
concejo>asamblea,2019,2023,DIEGO FERNANDO RODRIGUEZ CARDENAS,DIEGO FERNANDO RODRIGUEZ CARDENAS,27,27-166,27-166,UNIDOS POR PUENTE NACIONAL,PARTIDO ALIANZA VERDE,false,354,2752,7.774,2752,1176,0.4273,0.0182,partido,23.5394
concejo>asamblea,2019,2023,JUAN DANIEL HERNANDEZ SEPULVEDA,JUAN DANIEL HERNANDEZ SEPULVEDA,01,01-109,01-109,PARTIDO SOCIAL DE UNIDAD NACIONAL  PARTIDO DE LA U,COALICION ANTIOQUIA TE PERTENECE,false,352,2604,7.3977,2604,1668,0.6406,0.0585,partido,10.9406
concejo>asamblea,2019,2023,PATRICIA LUGO AVENDANO,PATRICIA LUGO AVENDANO,19,19-013,19-013,PARTIDO SOCIAL DE UNIDAD NACIONAL  PARTIDO DE LA U,COALICIÓN PARTIDO DE LA U Y PARTIDO POLITICO MIRA,false,349,3057,8.7593,3057,2535,0.8292,0.0831,partido,9.9794
concejo>asamblea,2019,2023,MARIELO ENRIQUE RODRIGUEZ DAZA,MARIELO ENRIQUE RODRIGUEZ DAZA,48,48-020,48-020,PARTIDO ALIANZA SOCIAL INDEPENDIENTE ASI,PARTIDO CONSERVADOR COLOMBIANO,false,349,3810,10.9169,3810,1538,0.4037,0.0557,partido,7.2421
concejo>asamblea,2019,2023,WILMAR ALEJANDRO PALACIOS GUTIERREZ,WILMAR ALEJANDRO PALACIOS GUTIERREZ,54,54-001,54-001,PARTIDO CAMBIO RADICAL,PARTIDO CAMBIO RADICAL,true,348,732,2.1034,732,681,0.9303,0.7255,partido,1.2824
concejo>asamblea,2019,2023,GERMAN QUINONEZ VALERO,GERMAN QUINONEZ VALERO,12,12-875,12-875,PARTIDO SOCIAL DE UNIDAD NACIONAL  PARTIDO DE LA U,FUERZA POPULAR,false,345,2623,7.6029,2623,1959,0.7469,0.1485,partido,5.0306
concejo>asamblea,2019,2023,PARMENIO BARRETO PADILLA,PARMENIO BARRETO PADILLA,40,40-005,40-005,PARTIDO CENTRO DEMOCRATICO,PARTIDO CENTRO DEMOCRÁTICO,true,333,819,2.4595,819,452,0.5519,0.2641,partido,2.0899
concejo>asamblea,2019,2023,DICKSON OLIVEROS IRIARTE,DICKSON OLIVEROS IRIARTE,60,60-001,60-001,PARTIDO LIBERAL COLOMBIANO,PARTIDO LIBERAL COLOMBIANO,true,332,758,2.2831,758,692,0.9129,0.9224,partido,0.9898
concejo>asamblea,2019,2023,CARLOS ALBERTO JAJOY PAI,CARLOS ALBERTO JAJOY PAI,64,64-023,64-023,MOVIMIENTO ALTERNATIVO INDIGENA Y SOCIAL MAIS,"MOVIMIENTO ALTERNATIVO INDÍGENA Y SOCIAL ""MAIS""",true,332,2280,6.8675,2280,1660,0.7281,0.1991,partido,3.6575
concejo>asamblea,2019,2023,OBEIMAR LUCUMI MARQUEZ,OBEIMAR LUCUMI MARQUEZ,11,11-087,11-087,PARTIDO COLOMBIA RENACIENTE,COLOMBIA RENACIENTE MIRA,false,329,2242,6.8146,2242,1188,0.5299,0.0327,partido,16.2059
concejo>asamblea,2019,2023,MAYRA YURY PARRA GUACA,MAYRA YURY PARRA GUACA,60,60-001,60-001,PARTIDO ALIANZA VERDE,PARTIDO DE LA UNIÓN POR LA GENTE - PARTIDO DE LA U,false,327,181,0.5535,181,160,0.884,0.719,partido,1.2294
concejo>asamblea,2019,2023,OSCAR ALONSO LOAIZA GOMEZ,OSCAR ALONSO LOAIZA GOMEZ,11,11-049,11-049,PARTIDO COLOMBIA RENACIENTE,COLOMBIA RENACIENTE MIRA,false,321,2293,7.1433,2293,1034,0.4509,0.0497,partido,9.0774
concejo>asamblea,2019,2023,CLAUDIA YOANA ORTIZ NARDEZ,CLAUDIA YOANA ORTIZ NARDEZ,27,27-172,27-172,PARTIDO ALIANZA SOCIAL INDEPENDIENTE ASI,PARTIDOS ASI GENTE EN MOVIMIENTO,false,321,2472,7.7009,2472,1617,0.6541,0.0429,partido,15.2571
concejo>asamblea,2019,2023,GERMAN GOMEZ ANGARITA,GERMAN GOMEZ ANGARITA,54,54-001,54-001,PARTIDO CONSERVADOR COLOMBIANO,PARTIDO CONSERVADOR COLOMBIANO,true,319,741,2.3229,741,721,0.973,0.4727,partido,2.0583
concejo>asamblea,2019,2023,DANIEL ANTONIO VARGAS CALDERON,DANIEL ANTONIO VARGAS CALDERON,40,40-005,40-005,PARTIDO ALIANZA SOCIAL INDEPENDIENTE ASI,"PARTIDO ALIANZA SOCIAL INDEPENDIENTE ""ASI""",true,316,752,2.3797,752,580,0.7713,0.1171,partido,6.5885
concejo>asamblea,2019,2023,WILLINGTON MOLINA VALENCIA,WILLINGTON MOLINA VALENCIA,26,26-050,26-050,PARTIDO CAMBIO RADICAL,NUEVA FUERZA DEMOCRÁTICA,false,312,935,2.9968,935,633,0.677,0.1549,partido,4.3707
concejo>asamblea,2019,2023,ALMA DELIA ARIAS MARIN,ALMA DELIA ARIAS MARIN,01,01-214,01-214,PARTIDO LIBERAL COLOMBIANO,PARTIDO LIBERAL COLOMBIANO,true,311,4031,12.9614,4031,396,0.0982,0.05,partido,1.9653
concejo>asamblea,2019,2023,MAURICIO CIFUENTES VELASQUEZ,MAURICIO CIFUENTES VELASQUEZ,19,19-049,19-049,PARTIDO CONSERVADOR COLOMBIANO,PARTIDO CONSERVADOR COLOMBIANO,true,310,929,2.9968,929,212,0.2282,0.0244,partido,9.3689
concejo>asamblea,2019,2023,JULIO SIMON ESCOBAR OSTOS,JULIO SIMON ESCOBAR OSTOS,40,40-001,40-001,PARTIDO ALIANZA VERDE,PARTIDO ALIANZA VERDE,true,306,128,0.4183,128,64,0.5,0.2251,partido,2.2214
concejo>asamblea,2019,2023,FRANCISCO JAVIER SANTANDER LOPEZ,FRANCISCO JAVIER SANTANDER LOPEZ,64,64-030,64-030,PARTIDO ALIANZA VERDE,PARTIDO ALIANZA VERDE,true,305,1501,4.9213,1501,749,0.499,0.085,partido,5.8674
concejo>asamblea,2019,2023,JAIME EFRAIN MEDINA RAMIREZ,JAIME EFRAIN MEDINA RAMIREZ,07,07-214,07-214,PARTIDO CAMBIO RADICAL,PARTIDO CAMBIO RADICAL,true,304,4067,13.3783,4067,3027,0.7443,0.0809,partido,9.1964
concejo>asamblea,2019,2023,LUIS ANTONIO BELTRAN PEREZ,LUIS ANTONIO BELTRAN PEREZ,54,54-001,54-001,PARTIDO ALIANZA SOCIAL INDEPENDIENTE ASI,"PARTIDO ALIANZA SOCIAL INDEPENDIENTE ""ASI""",true,302,436,1.4437,436,414,0.9495,0.8738,partido,1.0867
concejo>asamblea,2019,2023,CARLOS MARIO CETREE MOSQUERA,CARLOS MARIO CETREE MOSQUERA,17,17-019,17-019,PARTIDO LIBERAL COLOMBIANO,PARTIDO LIBERAL COLOMBIANO,true,301,1903,6.3223,1903,691,0.3631,0.0715,partido,5.0808
concejo>asamblea,2019,2023,ROQUE JAVIER ANGARITA RIOS,ROQUE JAVIER ANGARITA RIOS,29,29-001,29-001,PARTIDO CENTRO DEMOCRATICO,PARTIDO CENTRO DEMOCRÁTICO,true,299,2128,7.1171,2128,1148,0.5395,0.494,partido,1.0921
concejo>asamblea,2019,2023,HERMES ANDREY MOJICA DURAN,HERMES ANDREY MOJICA DURAN,46,46-840,46-840,PARTIDO ALIANZA VERDE,COALICION POR CASANARE,false,299,958,3.204,958,497,0.5188,0.0256,partido,20.2628
concejo>asamblea,2019,2023,LUIS CARLOS MATTAR CUERVO,LUIS CARLOS MATTAR CUERVO,72,72-001,72-001,PARTIDO CENTRO DEMOCRATICO,PARTIDO CENTRO DEMOCRÁTICO,true,296,253,0.8547,253,205,0.8103,0.4138,partido,1.958
concejo>asamblea,2019,2023,JOSE FRANKLIN LOSADA CERQUERA,JOSE FRANKLIN LOSADA CERQUERA,19,19-001,19-001,PARTIDO LIBERAL COLOMBIANO,COAL. PARTIDO CENTRO DEMOCRATICO Y PARTIDO LIGA,false,294,992,3.3741,992,497,0.501,0.3933,partido,1.2739
concejo>asamblea,2019,2023,FRANKY LUIS CARBALLO BARRETO,FRANKY LUIS CARBALLO BARRETO,60,60-001,60-001,PARTIDO ALIANZA SOCIAL INDEPENDIENTE ASI,"PARTIDO ALIANZA SOCIAL INDEPENDIENTE ""ASI""",true,294,291,0.9898,291,269,0.9244,0.8687,partido,1.0641
concejo>asamblea,2019,2023,EDUARDO JESUS SANCHEZ GIRALDO,EDUARDO JESUS SANCHEZ GIRALDO,09,09-001,09-001,PARTIDO LIBERAL COLOMBIANO,PARTIDO LIBERAL COLOMBIANO,true,291,1777,6.1065,1777,807,0.4541,0.4241,partido,1.0709
concejo>asamblea,2019,2023,JHAISSON RAMIRO MUNOZ FUENTES,JHAISSON RAMIRO MUNOZ FUENTES,64,64-002,64-002,PARTIDO CONSERVADOR COLOMBIANO,PARTIDO CONSERVADOR COLOMBIANO,true,288,1136,3.9444,1136,756,0.6655,0.3573,partido,1.8623
concejo>asamblea,2019,2023,RIBER ARNULFO GONZALEZ GARCIA,RIBER ARNULFO GONZALEZ GARCIA,72,72-006,72-006,PARTIDO ALIANZA SOCIAL INDEPENDIENTE ASI,"PARTIDO ALIANZA SOCIAL INDEPENDIENTE ""ASI""",true,284,235,0.8275,235,206,0.8766,0.5606,partido,1.5638
concejo>asamblea,2019,2023,YOHAN ENRIQUE REDONDO MARTINEZ,YOHAN ENRIQUE REDONDO MARTINEZ,48,48-001,48-001,PARTIDO ALIANZA SOCIAL INDEPENDIENTE ASI,ALIANZA VERDE - PARTIDO VERDE OXIGENO,false,282,1407,4.9894,1407,496,0.3525,0.135,partido,2.6119
concejo>asamblea,2019,2023,ANDREA MILENA PIZARRO MENDEZ,ANDREA MILENA PIZARRO MENDEZ,11,11-088,11-088,PARTIDO CENTRO DEMOCRATICO- PARTIDO POLITICO MIRA,COLOMBIA RENACIENTE MIRA,false,281,11241,40.0036,11241,822,0.0731,0.0585,partido,1.2501
concejo>asamblea,2019,2023,GILBERTO BOHORQUEZ NEUTA,GILBERTO BOHORQUEZ NEUTA,52,52-005,52-005,PARTIDO CAMBIO RADICAL,COALICIÓN LLANEROS POR EL META,false,281,2154,7.6655,2154,1250,0.5803,0.1621,partido,3.58
concejo>asamblea,2019,2023,REINALDO AGUIRRE OSUNA,REINALDO AGUIRRE OSUNA,72,72-008,72-008,PARTIDO CAMBIO RADICAL,PARTIDO CAMBIO RADICAL,true,275,389,1.4145,389,242,0.6221,0.1883,partido,3.3035
concejo>asamblea,2019,2023,IVAN DARIO SOLARTE GUEGUE,IVAN DARIO SOLARTE GUEGUE,72,72-001,72-001,MOVIMIENTO ALTERNATIVO INDIGENA Y SOCIAL MAIS,"MOVIMIENTO ALTERNATIVO INDÍGENA Y SOCIAL ""MAIS""",true,267,615,2.3034,615,514,0.8358,0.2506,partido,3.3345
concejo>asamblea,2019,2023,AMAURI ALFONSO ROZO CASTANO,AMAURI ALFONSO ROZO CASTANO,17,17-034,17-034,PARTIDO LIBERAL COLOMBIANO,PARTIDO LIBERAL COLOMBIANO,true,266,770,2.8947,770,338,0.439,0.0669,partido,6.5662
concejo>asamblea,2019,2023,JOSE CASTRO PINILLA,JOSE CASTRO PINILLA,01,01-080,01-080,PARTIDO ALIANZA SOCIAL INDEPENDIENTE ASI,"PARTIDO ALIANZA SOCIAL INDEPENDIENTE ""ASI""",true,263,1824,6.9354,1824,409,0.2242,0.0262,partido,8.5739
concejo>asamblea,2019,2023,JORGE JULIO ARREDONDO ARDILA,JORGE JULIO ARREDONDO ARDILA,64,64-030,64-030,PARTIDO ALIANZA SOCIAL INDEPENDIENTE ASI,"PARTIDO ALIANZA SOCIAL INDEPENDIENTE ""ASI""",true,261,2630,10.0766,2630,1745,0.6635,0.1559,partido,4.2568
concejo>asamblea,2019,2023,DANIELA PENA VERGARA,DANIELA PENA VERGARA,26,26-001,26-001,ARMENIA DIFERENTE,ALTERNATIVOS POR EL QUINDIO,false,256,248,0.9688,248,191,0.7702,0.6015,partido,1.2804
concejo>asamblea,2019,2023,MARIA LIBIA HERRERA CARDONA,MARIA LIBIA HERRERA CARDONA,09,09-004,09-004,PARTIDO POLO DEMOCRATICO ALTERNATIVO,COALICIÓN JUNTOS POR CALDAS,false,252,939,3.7262,939,255,0.2716,0.0182,partido,14.9125
concejo>asamblea,2019,2023,RAFAEL HERNANDO ARTIAGA INOJOSA,RAFAEL HERNANDO ARTIAGA INOJOSA,46,46-320,46-320,PARTIDO CENTRO DEMOCRATICO,PARTIDO CENTRO DEMOCRÁTICO,true,246,924,3.7561,924,515,0.5574,0.0231,partido,24.1703
concejo>asamblea,2019,2023,DEMETRIO ANTONIO ARANGO GIRALDO,DEMETRIO ANTONIO ARANGO GIRALDO,09,09-001,09-001,PARTIDO COLOMBIA RENACIENTE,PARTIDO DE LA UNIÓN POR LA GENTE - PARTIDO DE LA U,false,244,837,3.4303,837,367,0.4385,0.3056,partido,1.435
concejo>asamblea,2019,2023,PABLO EMIGDIO HERNANDEZ,PABLO EMIGDIO HERNANDEZ,23,23-142,23-142,MOVIMIENTO AUTORIDADES INDIGENAS DE COLOMBIA AICO,"MOVIMIENTO AUTORIDADES INDÍGENAS DE COLOMBIA ""AICO""",true,243,1658,6.823,1658,325,0.196,0.0954,partido,2.0557
concejo>asamblea,2019,2023,DELCY ESTHER ZUNIGA NARVAEZ,DELCY ESTHER ZUNIGA NARVAEZ,28,28-001,28-001,PARTIDO CENTRO DEMOCRATICO- PARTIDO POLITICO MIRA,PARTIDO DE LA U - PARTIDO MIRA,false,242,540,2.2314,540,283,0.5241,0.2433,partido,2.1538
concejo>asamblea,2019,2023,NADIA ZULAY ESCOBAR BASTOS,NADIA ZULAY ESCOBAR BASTOS,40,40-005,40-005,PARTIDO LIBERAL COLOMBIANO,PARTIDO DE LA UNIÓN POR LA GENTE - PARTIDO DE LA U,false,240,173,0.7208,173,26,0.1503,0.1268,partido,1.1853
concejo>asamblea,2019,2023,MARIA PAULA ANDREA PAEZ SIERRA,MARIA PAULA ANDREA PAEZ SIERRA,52,52-001,52-001,PARTIDO CENTRO DEMOCRATICO,PARTIDO CENTRO DEMOCRÁTICO,true,238,1193,5.0126,1193,683,0.5725,0.5485,partido,1.0438
concejo>asamblea,2019,2023,MARIA EUGENIA GIRALDO MARIN,MARIA EUGENIA GIRALDO MARIN,24,24-046,24-046,PARTIDO CAMBIO RADICAL,PARTIDO CAMBIO RADICAL,true,236,1139,4.8263,1139,464,0.4074,0.0425,partido,9.5837
concejo>asamblea,2019,2023,FLORIDAN TOLOZA LIEVANO,FLORIDAN TOLOZA LIEVANO,27,27-082,27-082,PARTIDO COLOMBIA RENACIENTE,PARTIDO LIGA GOBERNANTES ANTICORRUPCIÓN - LIGA,false,234,1211,5.1752,1211,567,0.4682,0.1279,partido,3.6613
concejo>asamblea,2019,2023,LUZ MARINA ARIAS PLAZAS,LUZ MARINA ARIAS PLAZAS,07,07-001,07-001,PARTIDO ADA,PARTIDO CAMBIO RADICAL,false,230,2043,8.8826,2043,459,0.2247,0.0999,partido,2.2486
concejo>asamblea,2019,2023,YESID RAFAEL SANCHEZ VEGA,YESID RAFAEL SANCHEZ VEGA,12,12-075,12-075,PARTIDO COLOMBIA RENACIENTE,"PARTIDOS ALIANZA VERDE, MIRA Y AGRUPACION POLITICA EN MARCHA",false,228,2566,11.2544,2566,1638,0.6383,0.0921,partido,6.9291
concejo>asamblea,2019,2023,MARLON OSWALDO FLOREZ ORTIZ,MARLON OSWALDO FLOREZ ORTIZ,25,25-038,25-038,PARTIDO CAMBIO RADICAL,CAMBIO RADICAL - MIRA,false,226,2026,8.9646,2026,618,0.305,0.0267,partido,11.4257
concejo>asamblea,2019,2023,MIGUEL ANTONIO APARICIO QUENZA,MIGUEL ANTONIO APARICIO QUENZA,40,40-005,40-005,PARTIDO SOCIAL DE UNIDAD NACIONAL  PARTIDO DE LA U,PARTIDO POLÍTICO DIGNIDAD & COMPROMISO,false,222,89,0.4009,89,9,0.1011,0.0857,partido,1.1805
concejo>asamblea,2019,2023,LEONARDO VERA YARA,LEONARDO VERA YARA,19,19-091,19-091,COLOMBIA HUMANA - UNION PATRIOTICA,PACTOHISTORICO,false,221,5094,23.0498,5094,1286,0.2525,0.0456,partido,5.5351
concejo>asamblea,2019,2023,LUIS FELIPE FLOREZ GALVIS,LUIS FELIPE FLOREZ GALVIS,09,09-001,09-001,PARTIDO ADA,COALICIÓN ASAMBLEA DE CALDAS,false,221,2050,9.276,2050,724,0.3532,0.3215,partido,1.0986
concejo>asamblea,2019,2023,JOAQUIN QUIROGA CAMARGO,JOAQUIN QUIROGA CAMARGO,52,52-043,52-043,PARTIDO ALIANZA SOCIAL INDEPENDIENTE ASI,LIGA DIGNIDAD,false,220,1599,7.2682,1599,954,0.5966,0.1341,partido,4.4481
concejo>asamblea,2019,2023,EDGAR ANIBAL CASANOVA GALARZA,EDGAR ANIBAL CASANOVA GALARZA,64,64-026,64-026,PARTIDO ALIANZA SOCIAL INDEPENDIENTE ASI,"PARTIDO ALIANZA SOCIAL INDEPENDIENTE ""ASI""",true,220,1875,8.5227,1875,1184,0.6315,0.1031,partido,6.1235
concejo>asamblea,2019,2023,LUZ STELLA TAMAYO RUIZ,LUZ STELLA TAMAYO RUIZ,13,13-001,13-001,PARTIDO CAMBIO RADICAL,PARTIDO DE LA UNIÓN POR LA GENTE - PARTIDO DE LA U,false,214,724,3.3832,724,174,0.2403,0.1368,partido,1.7567
concejo>asamblea,2019,2023,RAFAEL ANTONIO VALDERRAMA PARRA,RAFAEL ANTONIO VALDERRAMA PARRA,07,07-277,07-277,PARTIDO CENTRO DEMOCRATICO,PARTIDO CENTRO DEMOCRÁTICO,true,214,523,2.4439,523,88,0.1683,0.0695,partido,2.4213
concejo>asamblea,2019,2023,JUAN FELIPE ORTIZ CAICEDO,JUAN FELIPE ORTIZ CAICEDO,29,29-001,29-001,MOVIMIENTO ALTERNATIVO INDIGENA Y SOCIAL MAIS,PACTO HISTORICO COLOMBIA PUEDE,false,213,710,3.3333,710,472,0.6648,0.5973,partido,1.113
concejo>asamblea,2019,2023,PAULO CESAR GARCIA REYES,PAULO CESAR GARCIA REYES,11,11-088,11-088,PARTIDO SOCIAL DE UNIDAD NACIONAL  PARTIDO DE LA U,PARTIDO LIBERAL COLOMBIANO,false,211,1537,7.2844,1537,360,0.2342,0.0285,partido,8.2251
concejo>asamblea,2019,2023,CARLOS ANDRES GIL ENCISO,CARLOS ANDRES GIL ENCISO,26,26-001,26-001,ARMENIA DIFERENTE,ALTERNATIVOS POR EL QUINDIO,false,210,705,3.3571,705,460,0.6525,0.6015,partido,1.0847
concejo>asamblea,2019,2023,CARLOS JOSE MONTALVO GOMEZ,CARLOS JOSE MONTALVO GOMEZ,21,21-016,21-016,PARTIDO LIBERAL COLOMBIANO,PARTIDO DE LA UNIÓN POR LA GENTE - PARTIDO DE LA U,false,206,1723,8.3641,1723,300,0.1741,0.1535,partido,1.1342
concejo>asamblea,2019,2023,DEIFRAN CASTILLO MINA,DEIFRAN CASTILLO MINA,40,40-001,40-001,PARTIDO CAMBIO RADICAL,PACTO HISTORICO COLOMBIA PUEDE,false,206,231,1.1214,231,139,0.6017,0.247,partido,2.436
concejo>asamblea,2019,2023,HAROL YENER ROJAS HURTADO,HAROL YENER ROJAS HURTADO,11,11-064,11-064,MOVIMIENTO AUTORIDADES INDIGENAS DE COLOMBIA AICO,UNIDOS POR EL CAUCA,false,205,1220,5.9512,1220,869,0.7123,0.0681,partido,10.4572
concejo>asamblea,2019,2023,LUIS HERNANDO PENA GOMEZ,LUIS HERNANDO PENA GOMEZ,40,40-017,40-017,PARTIDO ALIANZA SOCIAL INDEPENDIENTE ASI,"PARTIDO ALIANZA SOCIAL INDEPENDIENTE ""ASI""",true,205,753,3.6732,753,318,0.4223,0.0561,partido,7.5338
concejo>asamblea,2019,2023,JESUS ROBERTO QUINONES ARIAS,JESUS ROBERTO QUINONES ARIAS,23,23-139,23-139,MOVIMIENTO ALTERNATIVO INDIGENA Y SOCIAL MAIS,ALIANZA POR NARIÑO,false,202,367,1.8168,367,160,0.436,0.0945,partido,4.6141
concejo>asamblea,2019,2023,JESUS EDIER FLORES PANTOJA,JESUS EDIER FLORES PANTOJA,23,23-040,23-040,PARTIDO CAMBIO RADICAL,PACTO HISTORICO,false,202,1039,5.1436,1039,5,0.0048,0.0067,partido,0.7136
concejo>asamblea,2019,2023,ANA MARIA GARCIA RODRIGUEZ,ANA MARIA GARCIA RODRIGUEZ,01,01-001,01-001,QUEREMOS,RENACE,false,198,218,1.101,218,69,0.3165,0.2897,partido,1.0926
concejo>asamblea,2019,2023,JOSE MARIA GARCIA ROMO,JOSE MARIA GARCIA ROMO,21,21-055,21-055,PARTIDO LIBERAL COLOMBIANO,COALICION LIBERAL - MIRA,false,198,2128,10.7475,2128,533,0.2505,0.0278,participacion,9.0009
concejo>asamblea,2019,2023,MARTIN EDUARDO FADUL ALVAREZ,MARTIN EDUARDO FADUL ALVAREZ,13,13-025,13-025,MOVIMIENTO ALTERNATIVO INDIGENA Y SOCIAL MAIS,PACTO POR CÓRDOBA,false,197,962,4.8832,962,430,0.447,0.0687,partido,6.504
concejo>asamblea,2019,2023,JOSE JAVIER NAVARRO PINTO,JOSE JAVIER NAVARRO PINTO,60,60-001,60-001,MOVIMIENTO ALTERNATIVO INDIGENA Y SOCIAL MAIS,PARTIDO CONSERVADOR COLOMBIANO,false,196,32,0.1633,32,27,0.8438,0.6924,bloque,1.2186
concejo>asamblea,2019,2023,ANA LUCIA VIVAS TOVAR,ANA LUCIA VIVAS TOVAR,44,44-020,44-020,PARTIDO ALIANZA SOCIAL INDEPENDIENTE ASI,PARTIDO DE LA UNIÓN POR LA GENTE - PARTIDO DE LA U,false,195,1917,9.8308,1917,1121,0.5848,0.1063,partido,5.5019
concejo>asamblea,2019,2023,FREDY GILBERTO RODAS LONDONO,FREDY GILBERTO RODAS LONDONO,52,52-045,52-045,PARTIDO ADA,PARTIDO CENTRO DEMOCRÁTICO,false,191,4163,21.7958,4163,2287,0.5494,0.0524,partido,10.4938
concejo>asamblea,2019,2023,MARTIN ALONSO GUTIERREZ,MARTIN ALONSO GUTIERREZ,27,27-160,27-160,"PARTIDO DE REIVINDICACION ETNICA ""PRE""",PARTIDO CENTRO DEMOCRÁTICO,false,187,19042,101.8289,19042,2190,0.115,0.0878,partido,1.3097
concejo>asamblea,2019,2023,JULIAN LEONARDO CEPEDA CARDENAS,JULIAN LEONARDO CEPEDA CARDENAS,07,07-235,07-235,MOVIMIENTO ALTERNATIVO INDIGENA Y SOCIAL MAIS,BOYACÁ POTENCIA DE VIDA,false,186,4093,22.0054,4093,2107,0.5148,0.0626,partido,8.2207
concejo>asamblea,2019,2023,FABIAN CAMILO HERNANDEZ BERNAL,FABIAN CAMILO HERNANDEZ BERNAL,07,07-010,07-010,PARTIDO CENTRO DEMOCRATICO,PARTIDO CENTRO DEMOCRÁTICO,true,182,3305,18.1593,3305,1145,0.3464,0.0325,partido,10.6717
concejo>asamblea,2019,2023,NESTOR DANIEL VEGA MALDONADO,NESTOR DANIEL VEGA MALDONADO,25,25-100,25-100,PARTIDO CAMBIO RADICAL,PARTIDO ALIANZA VERDE,false,180,1801,10.0056,1801,804,0.4464,0.0637,partido,7.0089
concejo>asamblea,2019,2023,MARIO JOSE RODRIGUEZ RAMIREZ,MARIO JOSE RODRIGUEZ RAMIREZ,54,54-001,54-001,MOVIMIENTO AUTORIDADES INDIGENAS DE COLOMBIA AICO,"PARTIDO ALIANZA SOCIAL INDEPENDIENTE ""ASI""",false,176,278,1.5795,278,272,0.9784,0.8738,partido,1.1198
concejo>asamblea,2019,2023,JADER ARLEY MESA CORTEZ,JADER ARLEY MESA CORTEZ,44,44-012,44-012,PARTIDO SOCIAL DE UNIDAD NACIONAL  PARTIDO DE LA U,PARTIDO DE LA UNIÓN POR LA GENTE - PARTIDO DE LA U,false,175,2355,13.4571,2355,1788,0.7592,0.1664,partido,4.5624
concejo>asamblea,2019,2023,RUBY ESTER FORTICH ALARCON,RUBY ESTER FORTICH ALARCON,05,05-001,05-001,PARTIDO ALIANZA VERDE,PARTIDO ALIANZA VERDE,true,171,4480,26.1988,4480,2903,0.648,0.6324,partido,1.0247
concejo>asamblea,2019,2023,CARLOS FABIAN ORDONEZ LATORRE,CARLOS FABIAN ORDONEZ LATORRE,11,11-046,11-046,COLOMBIA HUMANA - UNION PATRIOTICA,PACTO HISTORICO,false,169,8362,49.4793,8362,1808,0.2162,0.0347,partido,6.2335
concejo>asamblea,2019,2023,NELLY GEORGINA SUAREZ BENAVIDES,NELLY GEORGINA SUAREZ BENAVIDES,23,23-103,23-103,PARTIDO ALIANZA VERDE,PARTIDO CONSERVADOR COLOMBIANO,false,169,1510,8.9349,1510,19,0.0126,0.0027,partido,4.6695
concejo>asamblea,2019,2023,JUAN CAMILO FORERO CARDENAS,JUAN CAMILO FORERO CARDENAS,19,19-061,19-061,PARTIDO ALIANZA VERDE,PARTIDO ALIANZA VERDE,true,166,4136,24.9157,4136,1011,0.2444,0.0538,partido,4.5461
concejo>asamblea,2019,2023,PILAR MARIN ESCOBAR,PILAR MARIN ESCOBAR,27,27-091,27-091,PARTIDO ADA,NUEVA FUERZA DEMOCRÁTICA,false,164,715,4.3598,715,192,0.2685,0.0728,partido,3.6873
concejo>asamblea,2019,2023,MAGNO JUNIOR MORA CARIHUAZARI,MAGNO JUNIOR MORA CARIHUAZARI,60,60-007,60-007,PARTIDO CONSERVADOR COLOMBIANO,PARTIDO CONSERVADOR COLOMBIANO,true,164,267,1.628,267,141,0.5281,0.141,bloque,3.7445
concejo>asamblea,2019,2023,RITA FLORENCIA BERMUDEZ ZULETA,RITA FLORENCIA BERMUDEZ ZULETA,12,12-850,12-850,PARTIDO LIBERAL COLOMBIANO,PARTIDO POLÍTICO LA FUERZA DE LA PAZ,false,158,788,4.9873,788,426,0.5406,0.1147,partido,4.7142
concejo>asamblea,2019,2023,JHON ARVEY MARTINEZ ALMEIDA,JHON ARVEY MARTINEZ ALMEIDA,60,60-001,60-001,PARTIDO ALIANZA SOCIAL INDEPENDIENTE ASI,PARTIDO POLÍTICO LA FUERZA DE LA PAZ,false,158,303,1.9177,303,192,0.6337,0.8234,partido,0.7696
concejo>asamblea,2019,2023,PEDRO ALONSO GALVIS PINILLA,PEDRO ALONSO GALVIS PINILLA,27,27-082,27-082,PARTIDO SOCIAL DE UNIDAD NACIONAL  PARTIDO DE LA U,"MOVIMIENTO AUTORIDADES INDÍGENAS DE COLOMBIA ""AICO""",false,156,1074,6.8846,1074,379,0.3529,0.0882,partido,3.9992
concejo>asamblea,2019,2023,WALTER FELIPE PINEDA AVENDANO,WALTER FELIPE PINEDA AVENDANO,24,24-008,24-008,PARTIDO CENTRO DEMOCRATICO,PARTIDO CENTRO DEMOCRÁTICO,true,155,1653,10.6645,1653,645,0.3902,0.027,partido,14.4648
concejo>asamblea,2019,2023,DIEGO ARMANDO RICARDO PERDOMO,DIEGO ARMANDO RICARDO PERDOMO,28,28-050,28-050,PARTIDO LIBERAL COLOMBIANO,MOVIMIENTO POLITICO FUERZA CIUDADANA,false,153,1069,6.9869,1069,757,0.7081,0.2085,partido,3.3957
concejo>asamblea,2019,2023,NANCY ELENA MARTINEZ MENA,NANCY ELENA MARTINEZ MENA,17,17-001,17-001,PARTIDO ALIANZA VERDE,PARTIDO ALIANZA VERDE,true,150,220,1.4667,220,94,0.4273,0.3277,partido,1.3037
concejo>asamblea,2019,2023,IVAN FELIPE RAMIREZ BARRERA,IVAN FELIPE RAMIREZ BARRERA,07,07-268,07-268,PARTIDO ALIANZA VERDE,PARTIDO ALIANZA VERDE,true,147,3488,23.7279,3488,1341,0.3845,0.0159,partido,24.1215
concejo>asamblea,2019,2023,JORGE ARMANDO JAIMES SOTO,JORGE ARMANDO JAIMES SOTO,27,27-121,27-121,PARTIDO ALIANZA VERDE,PARTIDO ALIANZA VERDE,true,144,1765,12.2569,1765,947,0.5365,0.0254,partido,21.1525
concejo>asamblea,2019,2023,WALTER GIOVANNY GUTIERREZ FRANCO,WALTER GIOVANNY GUTIERREZ FRANCO,54,54-007,54-007,PARTIDO CENTRO DEMOCRATICO,PARTIDO CENTRO DEMOCRATICO - PARTIDO POLITICO MIRA,false,143,17,0.1189,17,2,0.1176,0.2804,partido,0.4196
concejo>asamblea,2019,2023,CARLOS ALBERTO MOLINA CASTANEDA,CARLOS ALBERTO MOLINA CASTANEDA,07,07-215,07-215,PARTIDO CONSERVADOR COLOMBIANO,PARTIDO CONSERVADOR COLOMBIANO Y EL PARTIDO ASI,false,138,1867,13.529,1867,281,0.1505,0.0087,partido,17.3466
concejo>asamblea,2019,2023,SALOMON HENAO TAMAYO,SALOMON HENAO TAMAYO,01,01-235,01-235,PARTIDO ALIANZA VERDE,RENACE,false,136,768,5.6471,768,136,0.1771,0.007,partido,25.3846
concejo>asamblea,2019,2023,YADY LORENA VELASCO MUNOZ,YADY LORENA VELASCO MUNOZ,11,11-007,11-007,PARTIDO ALIANZA SOCIAL INDEPENDIENTE ASI,PARTIDO LIBERAL COLOMBIANO,false,136,1029,7.5662,1029,5,0.0049,0.0071,partido,0.6831
concejo>asamblea,2019,2023,GUSTAVO ADOLFO CASTRO PEREZ,GUSTAVO ADOLFO CASTRO PEREZ,29,29-022,29-022,PARTIDO CONSERVADOR  -  PARTIDO POLITICO MIRA,PARTIDO POLÍTICO MIRA,false,136,1145,8.4191,1145,312,0.2725,0.0209,partido,13.0303
concejo>asamblea,2019,2023,LUIS ALFONSO SANGUINO ACOSTA,LUIS ALFONSO SANGUINO ACOSTA,12,12-225,12-225,PARTIDO LIBERAL COLOMBIANO,FUERZA POPULAR,false,135,2474,18.3259,2474,2230,0.9014,0.1819,partido,4.9555
concejo>asamblea,2019,2023,WILMER HINESTROZA PACHECO,WILMER HINESTROZA PACHECO,40,40-017,40-017,PARTIDO CAMBIO RADICAL,PARTIDO POLÍTICO DIGNIDAD & COMPROMISO,false,135,66,0.4889,66,23,0.3485,0.0306,partido,11.3905
concejo>asamblea,2019,2023,NAPOLEON DORADO ESCOBAR,NAPOLEON DORADO ESCOBAR,11,11-061,11-061,PARTIDO LIBERAL COLOMBIANO,PARTIDO LIBERAL COLOMBIANO,true,132,1295,9.8106,1295,340,0.2625,0.0253,partido,10.368
concejo>asamblea,2019,2023,MAURICIO MARTINEZ TRIANA,MAURICIO MARTINEZ TRIANA,27,27-160,27-160,PARTIDO CAMBIO RADICAL,PARTIDO CENTRO DEMOCRÁTICO,false,129,4277,33.155,4277,693,0.162,0.0878,partido,1.8452
concejo>asamblea,2019,2023,APOLINAR BELTRAN VILLAZON,APOLINAR BELTRAN VILLAZON,52,52-045,52-045,COALICION ALTERNATIVA POR PUERTO LOPEZ,LIGA DIGNIDAD,false,127,789,6.2126,789,272,0.3447,0.0388,partido,8.8908
concejo>asamblea,2019,2023,JHON FRANKLIN ARBOLEDA GONZALEZ,JHON FRANKLIN ARBOLEDA GONZALEZ,26,26-080,26-080,PARTIDO COLOMBIA RENACIENTE,ASAMBLEA PARTIDO CAMBIO RADICAL-PARTIDO POLÍTICO MIRA,false,126,972,7.7143,972,561,0.5772,0.0648,partido,8.9094
concejo>asamblea,2019,2023,MAYRA ALEJANDRA PICO RICO,MAYRA ALEJANDRA PICO RICO,27,27-082,27-082,SIN CAMPO NO HAY CIUDAD,PARTIDO CAMBIO RADICAL,false,126,1340,10.6349,1340,244,0.1821,0.1046,partido,1.7404
concejo>asamblea,2019,2023,ROSA ISABEL RODRIGUEZ GRATEROL,ROSA ISABEL RODRIGUEZ GRATEROL,40,40-015,40-015,PARTIDO CAMBIO RADICAL,PARTIDO CAMBIO RADICAL,true,125,880,7.04,880,141,0.1602,0.0369,partido,4.342
concejo>asamblea,2019,2023,PEDRO ANTONIO ECHEVERRY RAMIREZ,PEDRO ANTONIO ECHEVERRY RAMIREZ,21,21-016,21-016,PARTIDO CAMBIO RADICAL,COLOMBIA RENACIENTE - NUEVO LIBERALISMO,false,124,1008,8.129,1008,346,0.3433,0.0911,partido,3.7687
concejo>asamblea,2019,2023,FREDY MIGUEL BATISTA SALGADO,FREDY MIGUEL BATISTA SALGADO,13,13-028,13-028,PARTIDO CONSERVADOR COLOMBIANO,CORDOBA FLORECE,false,123,1834,14.9106,1834,104,0.0567,0.0257,partido,2.2058
concejo>asamblea,2019,2023,YINETH CECILIA MATURIN URRUTIA,YINETH CECILIA MATURIN URRUTIA,17,17-027,17-027,PARTIDO ADA,COALICIÓN NUESTRO COMPROMISO ES POR EL CHOCÓ,false,122,600,4.918,600,231,0.385,0.0891,partido,4.321
concejo>asamblea,2019,2023,CLARA MILENA SANTAELLA BEDOYA,CLARA MILENA SANTAELLA BEDOYA,25,25-001,25-001,MOVIMIENTO AUTORIDADES INDIGENAS DE COLOMBIA AICO,NUEVA FUERZA DEMOCRÁTICA,false,122,384,3.1475,384,210,0.5469,0.4663,partido,1.1727
concejo>asamblea,2019,2023,LEONEL ALBERTO BASTOS VITTA,LEONEL ALBERTO BASTOS VITTA,25,25-054,25-054,PARTIDO CENTRO DEMOCRATICO,PARTIDO ALIANZA VERDE,false,120,951,7.925,951,138,0.1451,0.0423,partido,3.4324
concejo>asamblea,2019,2023,CARLOS VICENTE YESQUEN CORTES,CARLOS VICENTE YESQUEN CORTES,29,29-079,29-079,PARTIDO POLITICO  MIRA,PARTIDO POLÍTICO MIRA,true,120,1371,11.425,1371,388,0.283,0.0257,partido,11.0096
concejo>asamblea,2019,2023,RUBIELA CORRALES NIEVES,RUBIELA CORRALES NIEVES,11,11-061,11-061,PARTIDO ALIANZA VERDE,MOVIMIENTO POLITICO FUERZA CIUDADANA,false,118,364,3.0847,364,125,0.3434,0.0672,partido,5.1119
concejo>asamblea,2019,2023,YOLANDA DURAN DURAN,YOLANDA DURAN DURAN,50,50-001,50-001,MOVIMIENTO ALTERNATIVO INDIGENA Y SOCIAL MAIS,"MOVIMIENTO ALTERNATIVO INDÍGENA Y SOCIAL ""MAIS""",true,116,45,0.3879,45,40,0.8889,0.8501,partido,1.0456
concejo>asamblea,2019,2023,OSKAR NAHUM GOMEZ ANGULO,OSKAR NAHUM GOMEZ ANGULO,64,64-002,64-002,PARTIDO COLOMBIA RENACIENTE,PARTIDO POLÍTICO GENTE EN MOVIMIENTO,false,115,307,2.6696,307,153,0.4984,0.0313,partido,15.9463
concejo>asamblea,2019,2023,FREDDY ALBERTO ARRIETA ZABALETA,FREDDY ALBERTO ARRIETA ZABALETA,01,01-168,01-168,PARTIDO CONSERVADOR COLOMBIANO,RENACE,false,113,3773,33.3894,3773,1443,0.3825,0.0263,partido,14.5653
concejo>asamblea,2019,2023,MERLY JAZMIN MOTTA PADILLA,MERLY JAZMIN MOTTA PADILLA,68,68-004,68-004,PARTIDO CAMBIO RADICAL,PARTIDO CAMBIO RADICAL,true,113,272,2.4071,272,212,0.7794,0.3225,partido,2.4165
concejo>asamblea,2019,2023,ELIECER CASTRO CARRILLO,ELIECER CASTRO CARRILLO,12,12-900,12-900,PARTIDO ADA,PARTIDO CENTRO DEMOCRÁTICO,false,106,1042,9.8302,1042,193,0.1852,0.0147,partido,12.5632
concejo>asamblea,2019,2023,ERVIN VALENCIA RODRIGUEZ,ERVIN VALENCIA RODRIGUEZ,29,29-022,29-022,PARTIDO SOCIAL DE UNIDAD NACIONAL  PARTIDO DE LA U,COALICIÓN TOLIMA INDEPENDIENTE,false,106,1007,9.5,1007,613,0.6087,0.0439,partido,13.8731
concejo>asamblea,2019,2023,LUIS ALFREDO ARRIETA SEVILLA,LUIS ALFREDO ARRIETA SEVILLA,28,28-001,28-001,PARTIDO CENTRO DEMOCRATICO- PARTIDO POLITICO MIRA,PARTIDO DE LA U - PARTIDO MIRA,false,103,1278,12.4078,1278,579,0.4531,0.2433,partido,1.8619
concejo>asamblea,2019,2023,JAIRLEN GOMEZ VASQUEZ,JAIRLEN GOMEZ VASQUEZ,24,24-054,24-054,PARTIDO CENTRO DEMOCRATICO- PARTIDO POLITICO MIRA,PARTIDO CENTRO DEMOCRÁTICO,false,102,2195,21.5196,2195,393,0.179,0.0227,partido,7.8718
concejo>asamblea,2019,2023,MARTHA CECILIA RESTREPO VARON,MARTHA CECILIA RESTREPO VARON,26,26-001,26-001,MOVIMIENTO ALTERNATIVO INDIGENA Y SOCIAL MAIS,NUEVA FUERZA DEMOCRÁTICA,false,102,208,2.0392,208,135,0.649,0.521,partido,1.2456
concejo>asamblea,2019,2023,DANIEL CUMANAICA MEDINA,DANIEL CUMANAICA MEDINA,72,72-006,72-006,PARTIDO ALIANZA SOCIAL INDEPENDIENTE ASI,"PARTIDO ALIANZA SOCIAL INDEPENDIENTE ""ASI""",true,102,457,4.4804,457,395,0.8643,0.5606,partido,1.5419
concejo>asamblea,2019,2023,JORGE ENRIQUE CAMARGO CASTANEDA,JORGE ENRIQUE CAMARGO CASTANEDA,13,13-010,13-010,PARTIDO CENTRO DEMOCRATICO,#ALIANZAPORCORDOBA,false,99,1607,16.2323,1607,180,0.112,0.0658,partido,1.7027
concejo>asamblea,2019,2023,MARY LUZ CARECA PARENTE,MARY LUZ CARECA PARENTE,60,60-001,60-001,PARTIDO CENTRO DEMOCRATICO,"PARTIDO ALIANZA SOCIAL INDEPENDIENTE ""ASI""",false,98,29,0.2959,29,26,0.8966,0.8687,partido,1.0321
concejo>asamblea,2019,2023,ODNEYBER FABRICIO MERCHAN PENA,ODNEYBER FABRICIO MERCHAN PENA,25,25-010,25-010,PARTIDO CONSERVADOR COLOMBIANO,PARTIDO CONSERVADOR COLOMBIANO,true,97,852,8.7835,852,7,0.0082,0.0075,partido,1.0887
concejo>asamblea,2019,2023,ALVARO DE JESUS ALVAREZ OSORIO,ALVARO DE JESUS ALVAREZ OSORIO,60,60-001,60-001,PARTIDO CONSERVADOR COLOMBIANO,PARTIDO POLÍTICO DIGNIDAD & COMPROMISO,false,94,61,0.6489,61,57,0.9344,0.8407,bloque,1.1115
concejo>asamblea,2019,2023,NATHALIA ANDREA SERNA SANCHEZ,NATHALIA ANDREA SERNA SANCHEZ,01,01-049,01-049,UNIDAD POR BELLO,RENACE,false,91,172,1.8901,172,14,0.0814,0.0296,partido,2.7454
concejo>asamblea,2019,2023,ROSI ALBANI PEREZ BELALCAZAR,ROSI ALBANI PEREZ BELALCAZAR,11,11-064,11-064,PARTIDO ALIANZA VERDE,CAUCA INCLUYENTE,false,91,601,6.6044,601,188,0.3128,0.0556,partido,5.6255
concejo>asamblea,2019,2023,IDELFONSO RAMON GONZALEZ PATERNINA,IDELFONSO RAMON GONZALEZ PATERNINA,60,60-001,60-001,PARTIDO SOCIAL DE UNIDAD NACIONAL  PARTIDO DE LA U,"PARTIDO ALIANZA SOCIAL INDEPENDIENTE ""ASI""",false,91,51,0.5604,51,49,0.9608,0.8687,partido,1.106
concejo>asamblea,2019,2023,JULIO ANDRES DOMINGUEZ TOBON,JULIO ANDRES DOMINGUEZ TOBON,01,01-043,01-043,TRANSFORMANDO EL TERRITORIO,RENACE,false,89,990,11.1236,990,258,0.2606,0.008,partido,32.5641
concejo>asamblea,2019,2023,JOSE ANTONIO BOBADILLA CASAS,JOSE ANTONIO BOBADILLA CASAS,72,72-001,72-001,PARTIDO ALIANZA SOCIAL INDEPENDIENTE ASI,"PARTIDO ALIANZA SOCIAL INDEPENDIENTE ""ASI""",true,89,113,1.2697,113,41,0.3628,0.3389,partido,1.0707
concejo>asamblea,2019,2023,ADRIAN CAMILO GARCIA ZAPATA,ADRIAN CAMILO GARCIA ZAPATA,01,01-103,01-103,PARTIDO CAMBIO RADICAL,COALICION ANTIOQUIA TE PERTENECE,false,86,1007,11.7093,1007,321,0.3188,0.0315,partido,10.1104
concejo>asamblea,2019,2023,LUZ NEILA POLO RAMIREZ,LUZ NEILA POLO RAMIREZ,24,24-001,24-001,PARTIDO ALIANZA SOCIAL INDEPENDIENTE ASI,PARTIDO CENTRO DEMOCRÁTICO,false,82,2412,29.4146,2412,1396,0.5788,0.5709,partido,1.0137
concejo>asamblea,2019,2023,LUZ MARINA ROMAN SOTO,LUZ MARINA ROMAN SOTO,52,52-048,52-048,PARTIDO CAMBIO RADICAL,PARTIDO CAMBIO RADICAL,true,82,968,11.8049,968,256,0.2645,0.0126,partido,21.0037
concejo>asamblea,2019,2023,YENNIFERT CELIS PARRA,YENNIFERT CELIS PARRA,07,07-214,07-214,PARTIDO LIBERAL COLOMBIANO,PARTIDO LIBERAL COLOMBIANO,true,81,901,11.1235,901,382,0.424,0.0142,partido,29.8851
concejo>asamblea,2019,2023,YERALDINE SANCHEZ CRUZ,YERALDINE SANCHEZ CRUZ,15,15-340,15-340,PARTIDO CENTRO DEMOCRATICO- PARTIDO POLITICO MIRA,CENTRO DEMOCRATICO Y SALVACION NACIONAL,false,79,2047,25.9114,2047,289,0.1412,0.0363,partido,3.889
concejo>asamblea,2019,2023,MARIA PIEDAD PACHECO ORTEGA,MARIA PIEDAD PACHECO ORTEGA,21,21-001,21-001,PARTIDO COLOMBIA RENACIENTE,COLOMBIA RENACIENTE - NUEVO LIBERALISMO,false,78,340,4.359,340,121,0.3559,0.2676,partido,1.33
concejo>asamblea,2019,2023,JUAN CARLOS MARTINEZ MORENO,JUAN CARLOS MARTINEZ MORENO,60,60-001,60-001,PARTIDO POLO DEMOCRATICO ALTERNATIVO,PARTIDO POLÍTICO LA FUERZA DE LA PAZ,false,77,91,1.1818,91,86,0.9451,0.8234,partido,1.1477
concejo>asamblea,2019,2023,GRACE FERNANDA RADA RICO,GRACE FERNANDA RADA RICO,19,19-004,19-004,PARTIDO CONSERVADOR COLOMBIANO,COALICIÓN PARTIDO DE LA U Y PARTIDO POLITICO MIRA,false,75,1201,16.0133,1201,373,0.3106,0.0238,partido,13.0566
concejo>asamblea,2019,2023,CARLOS ENRIQUE MARTINEZ SANCHEZ,CARLOS ENRIQUE MARTINEZ SANCHEZ,72,72-002,72-002,PARTIDO POLO DEMOCRATICO ALTERNATIVO,PARTIDO CENTRO DEMOCRÁTICO,false,74,467,6.3108,467,315,0.6745,0.1289,partido,5.2313
concejo>asamblea,2019,2023,LEONARDO EMILIO GIRALDO BERNAL,LEONARDO EMILIO GIRALDO BERNAL,01,01-151,01-151,PARTIDO ALIANZA VERDE,PARTIDO ALIANZA VERDE,true,73,930,12.7397,930,16,0.0172,0.0347,partido,0.4964
concejo>asamblea,2019,2023,CINDY CAROLINA VIDES POLO,CINDY CAROLINA VIDES POLO,03,03-052,03-052,PARTIDO COLOMBIA RENACIENTE,COALICION PACTO CARIBE ATLANTICO,false,72,820,11.3889,820,232,0.2829,0.1064,partido,2.6589
concejo>asamblea,2019,2023,EDITH NOHEMI VALLEJO VELASQUEZ,EDITH NOHEMI VALLEJO VELASQUEZ,54,54-001,54-001,PARTIDO POLITICO  MIRA,PARTIDO CENTRO DEMOCRATICO - PARTIDO POLITICO MIRA,false,72,26,0.3611,26,17,0.6538,0.6658,partido,0.9821
concejo>asamblea,2019,2023,FERNANDO MONCALEANO RIVERA,FERNANDO MONCALEANO RIVERA,29,29-105,29-105,PARTIDO POLITICO  MIRA,PARTIDO POLÍTICO MIRA,true,70,1076,15.3714,1076,181,0.1682,0.012,partido,13.9637
concejo>asamblea,2019,2023,CARLOS ARTURO OSORIO GARIZABALO,CARLOS ARTURO OSORIO GARIZABALO,52,52-001,52-001,PARTIDO COLOMBIA RENACIENTE,PARTIDO POLÍTICO ESPERANZA DEMOCRÁTICA,false,68,419,6.1618,419,180,0.4296,0.4856,bloque,0.8847
concejo>asamblea,2019,2023,AIDA LUZ GUERRA VARGAS,AIDA LUZ GUERRA VARGAS,13,13-046,13-046,MOVIMIENTO AUTORIDADES INDIGENAS DE COLOMBIA AICO,PARTIDO CONSERVADOR COLOMBIANO,false,66,2898,43.9091,2898,65,0.0224,0.0089,partido,2.5277
concejo>asamblea,2019,2023,GUSTAVO HELADIO TORRES SANCHEZ,GUSTAVO HELADIO TORRES SANCHEZ,07,07-190,07-190,MOVIMIENTO ALTERNATIVO INDIGENA Y SOCIAL MAIS,BOYACÁ POTENCIA DE VIDA,false,66,599,9.0758,599,111,0.1853,0.0045,partido,40.9813
concejo>asamblea,2019,2023,ROGER DAVID METAUTE CANO,ROGER DAVID METAUTE CANO,01,01-001,01-001,PARTIDO COLOMBIA RENACIENTE,"PARTIDO ALIANZA SOCIAL INDEPENDIENTE ""ASI""",false,65,1264,19.4462,1264,336,0.2658,0.1809,partido,1.4695
concejo>asamblea,2019,2023,ESMERALDA AHUE CERRON,ESMERALDA AHUE CERRON,60,60-007,60-007,PARTIDO ALIANZA SOCIAL INDEPENDIENTE ASI,"MOVIMIENTO ALTERNATIVO INDÍGENA Y SOCIAL ""MAIS""",false,63,120,1.9048,120,83,0.6917,0.0567,partido,12.1916
concejo>asamblea,2019,2023,WILSON JAIME QUIROS LINAN,WILSON JAIME QUIROS LINAN,01,01-007,01-007,PARTIDO CENTRO DEMOCRATICO,COALICION ANTIOQUIA TE PERTENECE,false,61,931,15.2623,931,117,0.1257,0.0042,partido,29.8946
concejo>asamblea,2019,2023,MARLY PIEDAD FORERO FLORIDO,MARLY PIEDAD FORERO FLORIDO,54,54-001,54-001,MOVIMIENTO AUTORIDADES INDIGENAS DE COLOMBIA AICO,PACTO HISTORICO COLOMBIA PUEDE,false,61,65,1.0656,65,55,0.8462,0.8374,partido,1.0104
concejo>asamblea,2019,2023,RODOLFO ALONSO PEREZ ASTUDILLO,RODOLFO ALONSO PEREZ ASTUDILLO,60,60-001,60-001,PARTIDO ALIANZA SOCIAL INDEPENDIENTE ASI,PARTIDO POLÍTICO LA FUERZA DE LA PAZ,false,61,53,0.8689,53,53,1,0.8234,partido,1.2145
concejo>asamblea,2019,2023,FERNANDO FABIO ORTIZ FLOREZ,FERNANDO FABIO ORTIZ FLOREZ,27,27-082,27-082,PARTIDO POLO DEMOCRATICO ALTERNATIVO,INDEPENDIENTES,false,59,182,3.0847,182,26,0.1429,0.1156,participacion,1.2358
concejo>asamblea,2019,2023,BLANCA ELIZABETH TORRES CORREDOR,BLANCA ELIZABETH TORRES CORREDOR,07,07-253,07-253,MOVIMIENTO ALTERNATIVO INDIGENA Y SOCIAL MAIS,PARTIDO LIBERAL COLOMBIANO,false,58,1932,33.3103,1932,358,0.1853,0.0071,partido,26.2693
concejo>asamblea,2019,2023,MIGUEL ANGEL MARTINEZ RAMIREZ,MIGUEL ANGEL MARTINEZ RAMIREZ,26,26-001,26-001,PARTIDO SOCIAL DE UNIDAD NACIONAL  PARTIDO DE LA U,PARTIDO POLÍTICO CREEMOS,false,57,327,5.7368,327,191,0.5841,0.5827,partido,1.0025
concejo>asamblea,2019,2023,EUDORO ECHAVARRIA ROVIRA,EUDORO ECHAVARRIA ROVIRA,17,17-048,17-048,PARTIDO LIBERAL COLOMBIANO,UNIDOS POR EL CHOCÓ,false,56,1471,26.2679,1471,1403,0.9538,0.2551,partido,3.7391
concejo>asamblea,2019,2023,JHON JAIRO HERNANDEZ MONTILLA,JHON JAIRO HERNANDEZ MONTILLA,26,26-010,26-010,CREEMOS EN CALARCA,MOVIMIENTO ALIANZA DEMOCRÁTICA AMPLIA,false,54,537,9.9444,537,63,0.1173,0.0761,bloque,1.5422
concejo>asamblea,2019,2023,JOSE VICENCIO FONTECHA SANTAMARIA,JOSE VICENCIO FONTECHA SANTAMARIA,27,27-045,27-045,PARTIDO LIBERAL COLOMBIANO,"MOVIMIENTO AUTORIDADES INDÍGENAS DE COLOMBIA ""AICO""",false,52,509,9.7885,509,223,0.4381,0.0254,partido,17.2522
concejo>asamblea,2019,2023,NIDIA ISABEL GAONA PINZON,NIDIA ISABEL GAONA PINZON,15,15-169,15-169,PARTIDO CENTRO DEMOCRATICO,CENTRO DEMOCRATICO Y SALVACION NACIONAL,false,50,1673,33.46,1673,92,0.055,0.0411,partido,1.3381
concejo>asamblea,2019,2023,MARIA ISABEL CARRASCAL ARRIETA,MARIA ISABEL CARRASCAL ARRIETA,28,28-030,28-030,PARTIDO SOCIAL DE UNIDAD NACIONAL  PARTIDO DE LA U,MOVIMIENTO POLITICO FUERZA CIUDADANA,false,40,231,5.775,231,33,0.1429,0.0165,partido,8.677
concejo>asamblea,2019,2023,DORA INES VARGAS BENITEZ,DORA INES VARGAS BENITEZ,07,07-079,07-079,PARTIDO CENTRO DEMOCRATICO- PARTIDO POLITICO MIRA,PARTIDO DE LA U-PARTIDO EN MARCHA-PARTIDO POLÍTICO MIRA,false,40,466,11.65,466,72,0.1545,0.0766,partido,2.0183
concejo>asamblea,2019,2023,SANDRA PAOLA CONTRERAS CELIS,SANDRA PAOLA CONTRERAS CELIS,25,25-001,25-001,"PARTIDO DE REIVINDICACION ETNICA ""PRE""",MOVIMIENTO  SALVACIÓN NACIONAL,false,39,400,10.2564,400,271,0.6775,0.5507,partido,1.2303
concejo>asamblea,2019,2023,ELSA JANNETH BRINEZ MONTANEZ,ELSA JANNETH BRINEZ MONTANEZ,27,27-001,27-001,PARTIDO ADA,INDEPENDIENTES,false,39,267,6.8462,267,60,0.2247,0.2278,participacion,0.9864
concejo>asamblea,2019,2023,KATHERINE JULIETE ACOSTA MENDEZ,KATHERINE JULIETE ACOSTA MENDEZ,72,72-001,72-001,PARTIDO COLOMBIA RENACIENTE,"MOVIMIENTO AUTORIDADES INDÍGENAS DE COLOMBIA ""AICO""",false,39,23,0.5897,23,4,0.1739,0.2379,partido,0.7309
concejo>asamblea,2019,2023,FADHILA RAMIREZ RAMOS,FADHILA RAMIREZ RAMOS,31,31-037,31-037,PARTIDO COLOMBIA RENACIENTE,PARTIDO COLOMBIA RENACIENTE,true,35,644,18.4,644,10,0.0155,0.0151,partido,1.0315
concejo>asamblea,2019,2023,MARIA PAZ CARRILLO GOMEZ,MARIA PAZ CARRILLO GOMEZ,15,15-304,15-304,PARTIDO ALIANZA VERDE,PARTIDO ALIANZA VERDE,true,33,1074,32.5455,1074,12,0.0112,0.065,partido,0.1718
concejo>asamblea,2019,2023,LUZ ELVIRA SOSA MEDINA,LUZ ELVIRA SOSA MEDINA,07,07-079,07-079,PARTIDO CENTRO DEMOCRATICO- PARTIDO POLITICO MIRA,PARTIDO DE LA U-PARTIDO EN MARCHA-PARTIDO POLÍTICO MIRA,false,26,334,12.8462,334,24,0.0719,0.0766,partido,0.9386
concejo>asamblea,2019,2023,YUDY ANDREA JARAMILLO AREIZA,YUDY ANDREA JARAMILLO AREIZA,01,01-103,01-103,PARTIDO CENTRO DEMOCRATICO- PARTIDO POLITICO MIRA,JUNTOS,false,24,465,19.375,465,16,0.0344,0.0169,partido,2.0409
concejo>asamblea,2019,2023,MARGRETHE ALEXANDRA RINCON GONZALEZ,MARGRETHE ALEXANDRA RINCON GONZALEZ,29,29-073,29-073,PARTIDO CENTRO DEMOCRATICO,PARTIDO CENTRO DEMOCRÁTICO,true,21,1179,56.1429,1179,27,0.0229,0.0123,partido,1.8578
concejo>asamblea,2019,2023,PAOLA FERNANDA SOTO CUELLAR,PAOLA FERNANDA SOTO CUELLAR,44,44-001,44-001,MOVIMIENTO AUTORIDADES INDIGENAS DE COLOMBIA AICO,PARTIDO CONSERVADOR COLOMBIANO,false,21,424,20.1905,424,201,0.4741,0.5083,partido,0.9327
concejo>asamblea,2019,2023,SINDI PAOLA MARCIALES FUQUEN,SINDI PAOLA MARCIALES FUQUEN,07,07-001,07-001,PARTIDO CENTRO DEMOCRATICO,PARTIDO CENTRO DEMOCRÁTICO,true,17,1022,60.1176,1022,112,0.1096,0.0904,partido,1.2122
concejo>asamblea,2019,2023,SANDRA PATRICIA FIGUEREDO RAMIREZ,SANDRA PATRICIA FIGUEREDO RAMIREZ,07,07-328,07-328,PARTIDO COLOMBIA RENACIENTE,PARTIDO CAMBIO RADICAL,false,13,2166,166.6154,2166,45,0.0208,0.0067,partido,3.1059
concejo>asamblea,2019,2023,ALLAN HARRY BARRAZA HERNANDEZ,ALLAN HARRY BARRAZA HERNANDEZ,03,03-040,03-040,PARTIDO SOCIAL DE UNIDAD NACIONAL  PARTIDO DE LA U,PARTIDO LIBERAL COLOMBIANO,false,8,1500,187.5,1500,8,0.0053,0.0253,partido,0.2111
concejo>asamblea,2019,2023,JORGE ANDRES POSADA TABORDA,JORGE ANDRES POSADA TABORDA,03,03-043,03-043,PARTIDO CONSERVADOR COLOMBIANO,PARTIDO DE LA UNIÓN POR LA GENTE - PARTIDO DE LA U,false,6,1027,171.1667,1027,37,0.036,0.0209,partido,1.7217
concejo>asamblea,2019,2023,EILEEN LORENA BRAVO ARAUJO,EILEEN LORENA BRAVO ARAUJO,21,21-016,21-016,PARTIDO LIBERAL COLOMBIANO,PARTIDO DE LA UNIÓN POR LA GENTE - PARTIDO DE LA U,false,5,885,177,885,271,0.3062,0.1535,partido,1.9946
concejo>asamblea,2019,2023,ELVIA MARIA CALA RODRIGUEZ,ELVIA MARIA CALA RODRIGUEZ,27,27-109,27-109,PARTIDO CAMBIO RADICAL,PARTIDO NUEVO LIBERALISMO,false,5,519,103.8,519,29,0.0559,0.0035,partido,16.1878
concejo>asamblea,2019,2023,MARIA DEL PILAR JARAMILLO VALENCIA,MARIA DEL PILAR JARAMILLO VALENCIA,11,11-061,11-061,PARTIDO SOCIAL DE UNIDAD NACIONAL  PARTIDO DE LA U,INDEPENDIENTES CON UNIDAD,false,4,246,61.5,246,16,0.065,0.0594,partido,1.0945
concejo>asamblea,2019,2023,ANA MARIA ISAZA AGUDELO,ANA MARIA ISAZA AGUDELO,01,01-043,01-043,PARTIDO POLO DEMOCRATICO ALTERNATIVO,RENACE,false,2,154,77,154,5,0.0325,0.008,partido,4.057
