{
"type": "FeatureCollection",
"name": "ASUNCION-BARRIOS-ARCGIS-POB2012",
"crs": { "type": "name", "properties": { "name": "urn:ogc:def:crs:OGC:1.3:CRS84" } },
"features": [
{ "type": "Feature", "properties": { "FID": 1, "DIST_DESC": "ASUNCION", "BARLO_DESC": "SAN VICENTE", "superficie": 275.60899402299998, "Pob_2012": 18880, "Shape__Area": 3389603.755859375, "Shape__Length": 9329.8129866089694, "fuente": "ArcGIS Online Mapa_Poblacion_Asuncion_WFL1 (derivado de INE 2012)" }, "geometry": { "type": "Polygon", "coordinates": [ [ [ -57.616556476579802, -25.3082925291558 ], [ -57.615754557727399, -25.308779005863499 ], [ -57.616190574553698, -25.309666676844198 ], [ -57.616649445017202, -25.310590372267999 ], [ -57.615797265569697, -25.311393122773602 ], [ -57.6155775605963, -25.311597223843901 ], [ -57.615018190188302, -25.312140502544299 ], [ -57.615016060692597, -25.3121425712575 ], [ -57.614873567040803, -25.312280963805499 ], [ -57.614872092001697, -25.312282394951399 ], [ -57.614625083002302, -25.312522296559699 ], [ -57.615376692265301, -25.313133226795198 ], [ -57.615741591378502, -25.3134613119087 ], [ -57.616346200641502, -25.314163154641101 ], [ -57.6168358810733, -25.3151589628294 ], [ -57.617539415137699, -25.316447360465599 ], [ -57.6181037613011, -25.317591852124799 ], [ -57.618327335865402, -25.317815777843499 ], [ -57.618327371814701, -25.3178158138142 ], [ -57.618358029759499, -25.317846519398799 ], [ -57.618359651490799, -25.317848145286099 ], [ -57.618880462151502, -25.318365204761601 ], [ -57.619384176902003, -25.318877819856699 ], [ -57.619693804798302, -25.3192138080029 ], [ -57.619691578452198, -25.3192165716247 ], [ -57.619268100062001, -25.319740707539001 ], [ -57.619396026644999, -25.319925292487898 ], [ -57.619550238198201, -25.320150403471299 ], [ -57.6197919807449, -25.320492540958298 ], [ -57.619720111453297, -25.3205244494353 ], [ -57.620536595178599, -25.321848477406402 ], [ -57.621214769679298, -25.322897657451101 ], [ -57.621620357288201, -25.323523557238399 ], [ -57.620240893075, -25.324851180815099 ], [ -57.619991408953901, -25.3251069174181 ], [ -57.620034989453202, -25.325145965554398 ], [ -57.620123685429903, -25.325203155466799 ], [ -57.620226769758702, -25.325285940015601 ], [ -57.620262482731, -25.325352970149901 ], [ -57.620351565807297, -25.3254264093218 ], [ -57.6204406922744, -25.325477539660302 ], [ -57.6205441662526, -25.325541557254901 ], [ -57.620600740960398, -25.325599277653598 ], [ -57.620604633685197, -25.325676234216299 ], [ -57.620643598107002, -25.3257403644552 ], [ -57.620728229186398, -25.3258108294776 ], [ -57.620798528721799, -25.325839565946001 ], [ -57.620914348122199, -25.3259002008678 ], [ -57.621004806139197, -25.325912682543201 ], [ -57.621094884717998, -25.3259123300138 ], [ -57.621176904309202, -25.325926187252499 ], [ -57.6212544678543, -25.3259651910987 ], [ -57.621293307087797, -25.326025537965702 ], [ -57.6213393184713, -25.326139689948899 ], [ -57.621335974697303, -25.326225075221402 ], [ -57.621329293519601, -25.326386584204201 ], [ -57.621325850820497, -25.3264790641378 ], [ -57.6212869983963, -25.326590785338901 ], [ -57.621187881852599, -25.326699242349999 ], [ -57.621141815804002, -25.3267854651071 ], [ -57.621085075579003, -25.326926807166402 ], [ -57.621088624279402, -25.3269941026679 ], [ -57.621095723875101, -25.327115879586302 ], [ -57.6211063661924, -25.327199206575699 ], [ -57.621159570665, -25.327298590736799 ], [ -57.621262524687701, -25.3274141462053 ], [ -57.621298081381099, -25.3275297419538 ], [ -57.621322929709102, -25.327625984739299 ], [ -57.621340474190703, -25.327705694841299 ], [ -57.621411291988103, -25.327782376371101 ], [ -57.621492914545698, -25.3278209674172 ], [ -57.621592549169499, -25.327834269693 ], [ -57.621690302412397, -25.3278243212612 ], [ -57.621830052839599, -25.327801090700898 ], [ -57.621946027225803, -25.3278005850065 ], [ -57.622030971545598, -25.327826145381401 ], [ -57.6221413423767, -25.327893742111101 ], [ -57.622202044155102, -25.327942088076899 ], [ -57.622294460625596, -25.327987106052799 ], [ -57.622376726154599, -25.3280258329542 ], [ -57.622473283738898, -25.328042028308499 ], [ -57.622569753651, -25.3280228177662 ], [ -57.622715201585798, -25.328009716021999 ], [ -57.622889130155698, -25.328002842085201 ], [ -57.623042434782697, -25.328005919900701 ], [ -57.6231533435652, -25.327999902677799 ], [ -57.623210365437899, -25.3280385353853 ], [ -57.623263812389297, -25.328112488250898 ], [ -57.623275329209498, -25.328142365218799 ], [ -57.623276516441997, -25.328145445868 ], [ -57.623292362282903, -25.328186554534799 ], [ -57.623295445574897, -25.328202686857299 ], [ -57.623310265781797, -25.3282802237797 ], [ -57.623360467277799, -25.328422755978899 ], [ -57.623371234769799, -25.328532911406999 ], [ -57.623439424990899, -25.328575209148401 ], [ -57.623500509742001, -25.3286337536254 ], [ -57.623597662305301, -25.328682759297301 ], [ -57.623698597454499, -25.3287676066061 ], [ -57.623774418642398, -25.3288069596003 ], [ -57.623853899159897, -25.328849573272901 ], [ -57.623918951357297, -25.3289051379146 ], [ -57.623966118480503, -25.328957568875399 ], [ -57.624147946209, -25.329103126590201 ], [ -57.624273868663401, -25.329183757935599 ], [ -57.624389125167198, -25.3292677412798 ], [ -57.6244973074025, -25.329358326799799 ], [ -57.624594805991599, -25.3294523041702 ], [ -57.624591101512202, -25.329510720938401 ], [ -57.624594604553899, -25.329591954837699 ], [ -57.624604589757404, -25.329600933829202 ], [ -57.624605157790299, -25.329601453375499 ], [ -57.624696029914197, -25.3296831711667 ], [ -57.624757677673202, -25.329741997165701 ], [ -57.624775822733802, -25.329827096272101 ], [ -57.624786718732302, -25.329932004378701 ], [ -57.624823022841397, -25.3300696770124 ], [ -57.624852081224802, -25.3302467644111 ], [ -57.624833937384501, -25.330335337845501 ], [ -57.624826698808, -25.330400937886999 ], [ -57.624870301238801, -25.330450163427901 ], [ -57.6249829887863, -25.3304666029501 ], [ -57.6250885332894, -25.330486345286001 ], [ -57.625157789825899, -25.330522541285799 ], [ -57.625223528303799, -25.330588391581301 ], [ -57.625260128998598, -25.330644405022699 ], [ -57.625285769028501, -25.330683971944499 ], [ -57.625366352060901, -25.330789590224299 ], [ -57.625413986256902, -25.330875412922801 ], [ -57.625468940797198, -25.330957995145098 ], [ -57.625619488657001, -25.331383561182001 ], [ -57.625721622598498, -25.331512042874401 ], [ -57.625823873986903, -25.331597625342901 ], [ -57.625876816994101, -25.3316170206907 ], [ -57.625877035012401, -25.3316171010377 ], [ -57.625927064182697, -25.331635427812401 ], [ -57.625949164326599, -25.3315878668277 ], [ -57.625958721347601, -25.3315516037114 ], [ -57.626216162920699, -25.3305748641842 ], [ -57.626945219246601, -25.3279800547616 ], [ -57.627183107763599, -25.327085038062901 ], [ -57.627278142887, -25.326727934807199 ], [ -57.627512060687202, -25.325846479925001 ], [ -57.627670074042904, -25.325225956595101 ], [ -57.627676619359498, -25.325200254530301 ], [ -57.627897647794001, -25.324332253975602 ], [ -57.628393637706999, -25.3224337662007 ], [ -57.628554687294397, -25.3218145002993 ], [ -57.628920962474297, -25.320413233019298 ], [ -57.629461387738601, -25.318347489939701 ], [ -57.6296336569389, -25.3176785078074 ], [ -57.629727196345101, -25.317334954662599 ], [ -57.629947039410197, -25.316440009928801 ], [ -57.6301708448051, -25.315531502331499 ], [ -57.630482370284703, -25.314356223578599 ], [ -57.630534311837202, -25.314134757605199 ], [ -57.6306865316811, -25.3135495260846 ], [ -57.630696560920398, -25.313510968689801 ], [ -57.6308987772195, -25.3125122485406 ], [ -57.631017941048299, -25.3120827963529 ], [ -57.631319330261398, -25.310632132852099 ], [ -57.631663140321798, -25.308802011498699 ], [ -57.631752563926902, -25.3083916154606 ], [ -57.631762601200897, -25.308345551903798 ], [ -57.6318469095023, -25.307302183348099 ], [ -57.631910948767398, -25.306389831886801 ], [ -57.630871088221603, -25.3063265668575 ], [ -57.629986990397001, -25.306276164672401 ], [ -57.628777772989999, -25.306209083220701 ], [ -57.6281446034277, -25.306175660441902 ], [ -57.628036997376903, -25.306198694742701 ], [ -57.627095290165002, -25.306414916560001 ], [ -57.626368640315398, -25.306797280890301 ], [ -57.626009620845203, -25.3070110193846 ], [ -57.625774382110201, -25.3071474735534 ], [ -57.624773373415103, -25.307788359938201 ], [ -57.623507823378503, -25.3086064508832 ], [ -57.622551554981499, -25.307436542870899 ], [ -57.621468608735299, -25.306077524208 ], [ -57.619936044226897, -25.3042056561222 ], [ -57.6194594602809, -25.305354517675699 ], [ -57.619430624577497, -25.305422366683601 ], [ -57.619291890798401, -25.305734497621401 ], [ -57.618945398649302, -25.306521595732899 ], [ -57.6187738124924, -25.306784196977301 ], [ -57.618623409208702, -25.306938344571002 ], [ -57.618245722689203, -25.307269537641901 ], [ -57.617976289799202, -25.307460305163801 ], [ -57.617637961777298, -25.307655876008599 ], [ -57.617368056963102, -25.307815038075599 ], [ -57.616606297583402, -25.3082607144717 ], [ -57.616556476579802, -25.3082925291558 ] ] ] } },
{ "type": "Feature", "properties": { "FID": 2, "DIST_DESC": "ASUNCION", "BARLO_DESC": "REPUBLICANO", "superficie": 126.53319505499999, "Pob_2012": 9126, "Shape__Area": 1556302.04296875, "Shape__Length": 6625.1513977825589, "fuente": "ArcGIS Online Mapa_Poblacion_Asuncion_WFL1 (derivado de INE 2012)" }, "geometry": { "type": "Polygon", "coordinates": [ [ [ -57.627676619359498, -25.325200254530301 ], [ -57.627670074042904, -25.325225956595101 ], [ -57.627512060687202, -25.325846479925001 ], [ -57.627278142887, -25.326727934807199 ], [ -57.628409229365097, -25.3269579047987 ], [ -57.629152430040897, -25.327112764674499 ], [ -57.629872918429101, -25.3272586875079 ], [ -57.630525938692699, -25.327386834800699 ], [ -57.630603562621602, -25.327386502642 ], [ -57.631369171458601, -25.327310981608999 ], [ -57.632100816983197, -25.327213026444301 ], [ -57.6328914320382, -25.327110299239401 ], [ -57.633888786356202, -25.326997648307799 ], [ -57.634645313984898, -25.3269086038677 ], [ -57.634623514016504, -25.326836455032801 ], [ -57.634283258131802, -25.326309645041299 ], [ -57.634104341443297, -25.3260575654649 ], [ -57.633854187660098, -25.325720003823999 ], [ -57.6336995857123, -25.325485879811399 ], [ -57.633587823975198, -25.325310268671799 ], [ -57.633520535011897, -25.325148011777799 ], [ -57.633461004603603, -25.324746417390699 ], [ -57.633471890298701, -25.324511581656999 ], [ -57.633522657473797, -25.324064361386 ], [ -57.633601914676198, -25.323364168929398 ], [ -57.633798044831799, -25.323345264906902 ], [ -57.634361121744497, -25.3232570540324 ], [ -57.634679485465803, -25.323208039248399 ], [ -57.635205900275402, -25.323126990590001 ], [ -57.635692046637203, -25.3230526517264 ], [ -57.636786064255602, -25.322966655715899 ], [ -57.637896584372797, -25.322889610519901 ], [ -57.6383187335272, -25.323045813694801 ], [ -57.639238385761601, -25.323398526059002 ], [ -57.640020860092498, -25.323702161528999 ], [ -57.640420588702099, -25.3238449104423 ], [ -57.640985207735099, -25.324050153530202 ], [ -57.641908815517198, -25.324384771074001 ], [ -57.6421361475861, -25.323688444920101 ], [ -57.642206463744799, -25.323480440811199 ], [ -57.642358678790103, -25.322906351123098 ], [ -57.6426042267247, -25.322309278497901 ], [ -57.642816981982698, -25.321734924324399 ], [ -57.642835729847299, -25.3216987212062 ], [ -57.643123116197501, -25.321087919699099 ], [ -57.642950206059702, -25.320975794874101 ], [ -57.642667317975999, -25.320791906722999 ], [ -57.642299433728503, -25.320563236743599 ], [ -57.642152438580098, -25.3203606946227 ], [ -57.641616943604703, -25.320435269437699 ], [ -57.641380431683899, -25.320567238767399 ], [ -57.641030760164703, -25.320790003330401 ], [ -57.6403681223699, -25.320481337076899 ], [ -57.639473640757203, -25.320069824909702 ], [ -57.639438772987901, -25.3200519154984 ], [ -57.638719636268199, -25.319743486781402 ], [ -57.638204288098599, -25.319515445339601 ], [ -57.637958806382898, -25.319417174262199 ], [ -57.637146178735598, -25.319100112001902 ], [ -57.638147351542997, -25.318544929722101 ], [ -57.6388132482071, -25.3181627779664 ], [ -57.638723095450203, -25.318072839908901 ], [ -57.638682258960202, -25.317953709732901 ], [ -57.638677558937601, -25.3179444866357 ], [ -57.638671357260797, -25.3178050380027 ], [ -57.638666977836202, -25.317781547374501 ], [ -57.638600242479001, -25.3176294385805 ], [ -57.638590548310297, -25.317610218849801 ], [ -57.638554227097302, -25.317548016238302 ], [ -57.638496911220003, -25.317449855415401 ], [ -57.638442889375099, -25.3172666920903 ], [ -57.6383571581976, -25.317206984490699 ], [ -57.6382082679213, -25.317232643277901 ], [ -57.638056088355903, -25.317189147301999 ], [ -57.637967030430801, -25.317103132213202 ], [ -57.637960995114597, -25.317097303056499 ], [ -57.637859938877803, -25.3170221329001 ], [ -57.637723897842399, -25.316941750006301 ], [ -57.637571513329398, -25.316851036519498 ], [ -57.637396267440998, -25.316717616067201 ], [ -57.637361916972402, -25.316688963203099 ], [ -57.637200380988197, -25.3165542225906 ], [ -57.637041570360203, -25.316420775803799 ], [ -57.636907497646703, -25.316314932486399 ], [ -57.636755193581301, -25.3162222383265 ], [ -57.636752418834099, -25.316220548994501 ], [ -57.6365953502061, -25.316085669192699 ], [ -57.636435016385498, -25.315912595897601 ], [ -57.636265661467498, -25.3155956482533 ], [ -57.6361996447419, -25.315360060394301 ], [ -57.636105559388, -25.3150779301744 ], [ -57.636083266743199, -25.3150112342691 ], [ -57.636032878227901, -25.314860471412601 ], [ -57.635908906883202, -25.314767740766001 ], [ -57.635885622704301, -25.314767606418101 ], [ -57.635864594297303, -25.314739032978299 ], [ -57.635709897317803, -25.3147172615584 ], [ -57.635645436349101, -25.314738722931299 ], [ -57.635606118314101, -25.314738798549801 ], [ -57.6354057624402, -25.3147962356547 ], [ -57.635182744132699, -25.314867259683599 ], [ -57.635159438660402, -25.314867237289299 ], [ -57.6351128356728, -25.314867194261598 ], [ -57.635105070490397, -25.314867186177299 ], [ -57.6349111251861, -25.3148668820034 ], [ -57.634895640341597, -25.3148668313017 ], [ -57.634683043155199, -25.314752895129299 ], [ -57.634659709603497, -25.314752818594499 ], [ -57.634472013621902, -25.314508423532299 ], [ -57.6344641609424, -25.314508397729799 ], [ -57.634374729712697, -25.314290336510201 ], [ -57.634359374948403, -25.3142683233668 ], [ -57.634188347226498, -25.3140678448495 ], [ -57.633901896507901, -25.313937517242699 ], [ -57.633869839373801, -25.3139296252943 ], [ -57.633668901763102, -25.313882034072101 ], [ -57.633640671303297, -25.3138817309909 ], [ -57.633555574304097, -25.3138666349613 ], [ -57.633460030134799, -25.313849685593802 ], [ -57.6332644599362, -25.313754769739599 ], [ -57.6330483275609, -25.313678708809999 ], [ -57.632867394745901, -25.313659281147299 ], [ -57.632846615146299, -25.3136780379089 ], [ -57.632707516017703, -25.313803205155299 ], [ -57.632700533412098, -25.313815751200199 ], [ -57.632642931750098, -25.3140354342985 ], [ -57.632642529242702, -25.314073085393002 ], [ -57.632628242602401, -25.314104395353599 ], [ -57.632578121515799, -25.314229558077098 ], [ -57.632466526015399, -25.314241615629999 ], [ -57.632292430017301, -25.3142471413294 ], [ -57.632264652770303, -25.3142407658354 ], [ -57.632029254291801, -25.314158555103699 ], [ -57.631752218820203, -25.3140636505589 ], [ -57.631745315240899, -25.314057360699099 ], [ -57.6317365336865, -25.314051015674298 ], [ -57.631544696017599, -25.313912419744302 ], [ -57.631530821990602, -25.313906096523301 ], [ -57.631322824983997, -25.313773675849301 ], [ -57.631295061987799, -25.3137673362301 ], [ -57.631101143128397, -25.313691668551002 ], [ -57.630921462890598, -25.3136412752526 ], [ -57.630769544540598, -25.313572053847601 ], [ -57.6306865316811, -25.3135495260846 ], [ -57.630534311837202, -25.314134757605199 ], [ -57.630482370284703, -25.314356223578599 ], [ -57.6301708448051, -25.315531502331499 ], [ -57.629947039410197, -25.316440009928801 ], [ -57.629727196345101, -25.317334954662599 ], [ -57.6296336569389, -25.3176785078074 ], [ -57.629461387738601, -25.318347489939701 ], [ -57.628920962474297, -25.320413233019298 ], [ -57.628554687294397, -25.3218145002993 ], [ -57.628393637706999, -25.3224337662007 ], [ -57.627897647794001, -25.324332253975602 ], [ -57.627676619359498, -25.325200254530301 ] ] ] } },
{ "type": "Feature", "properties": { "FID": 3, "DIST_DESC": "ASUNCION", "BARLO_DESC": "PINOZA", "superficie": 101.475962938, "Pob_2012": 8461, "Shape__Area": 1247833.08203125, "Shape__Length": 5438.3386540544743, "fuente": "ArcGIS Online Mapa_Poblacion_Asuncion_WFL1 (derivado de INE 2012)" }, "geometry": { "type": "Polygon", "coordinates": [ [ [ -57.613914192347103, -25.302862745771399 ], [ -57.613125661862298, -25.303105331839902 ], [ -57.613076393720597, -25.303123597465401 ], [ -57.612349681551798, -25.303374952792002 ], [ -57.611161654479197, -25.3037501275656 ], [ -57.610956091930802, -25.3038180436156 ], [ -57.610285130331199, -25.304029184828 ], [ -57.609429399663597, -25.304308150990799 ], [ -57.608546061305901, -25.304591741369101 ], [ -57.607920341990997, -25.304794695104398 ], [ -57.607913667116499, -25.304796860117701 ], [ -57.607601364044797, -25.304898155340901 ], [ -57.608034784420397, -25.3058400450345 ], [ -57.608152173863097, -25.306096927149401 ], [ -57.608317599597498, -25.306461975704401 ], [ -57.608397951468298, -25.306637736847499 ], [ -57.608630560403398, -25.307151509247301 ], [ -57.608847488274598, -25.307633739600298 ], [ -57.608872594468103, -25.3076878182735 ], [ -57.609090852265901, -25.308124890761601 ], [ -57.609320339051102, -25.3086341595905 ], [ -57.609550024786301, -25.309120851205201 ], [ -57.609760859534902, -25.3095624684284 ], [ -57.609785656596202, -25.309616548199099 ], [ -57.609997339086, -25.310103313459599 ], [ -57.610207512080997, -25.310535902289399 ], [ -57.610244840645898, -25.3106125060682 ], [ -57.610444373421203, -25.311090290474901 ], [ -57.610667882043799, -25.311581520825001 ], [ -57.610887379747098, -25.31207728259 ], [ -57.610996663352999, -25.312325165255999 ], [ -57.611377240152997, -25.313181473801301 ], [ -57.611790860570302, -25.314001522536 ], [ -57.6119731870198, -25.314386972534098 ], [ -57.611974941280501, -25.314390680349799 ], [ -57.612212920782298, -25.314893777920599 ], [ -57.613491156493303, -25.313669362727801 ], [ -57.614625083002302, -25.312522296559699 ], [ -57.614872092001697, -25.312282394951399 ], [ -57.614873567040803, -25.312280963805499 ], [ -57.615016060692597, -25.3121425712575 ], [ -57.615018190188302, -25.312140502544299 ], [ -57.6155775605963, -25.311597223843901 ], [ -57.615797265569697, -25.311393122773602 ], [ -57.616649445017202, -25.310590372267999 ], [ -57.616190574553698, -25.309666676844198 ], [ -57.615754557727399, -25.308779005863499 ], [ -57.616556476579802, -25.3082925291558 ], [ -57.616606297583402, -25.3082607144717 ], [ -57.617368056963102, -25.307815038075599 ], [ -57.617637961777298, -25.307655876008599 ], [ -57.617976289799202, -25.307460305163801 ], [ -57.618245722689203, -25.307269537641901 ], [ -57.618623409208702, -25.306938344571002 ], [ -57.6187738124924, -25.306784196977301 ], [ -57.618945398649302, -25.306521595732899 ], [ -57.619291890798401, -25.305734497621401 ], [ -57.619430624577497, -25.305422366683601 ], [ -57.6194594602809, -25.305354517675699 ], [ -57.619936044226897, -25.3042056561222 ], [ -57.619986931905302, -25.304079016803499 ], [ -57.620157984073899, -25.303468746608399 ], [ -57.620304359107699, -25.302890186343198 ], [ -57.620678853191599, -25.301500022678599 ], [ -57.620681853129099, -25.3014888882288 ], [ -57.620695465893498, -25.301479800547501 ], [ -57.620738970474797, -25.301366737605498 ], [ -57.620835776992102, -25.301113479277099 ], [ -57.621125665859601, -25.300493677125498 ], [ -57.621388807004102, -25.299987797068699 ], [ -57.621441076516099, -25.299887312433899 ], [ -57.621786087731998, -25.2993033982371 ], [ -57.621492742293803, -25.299548455189999 ], [ -57.621326023172003, -25.299666552715099 ], [ -57.62113223315, -25.2997781773079 ], [ -57.621002264394797, -25.2998530393177 ], [ -57.620501335656797, -25.300117029064701 ], [ -57.6204350880626, -25.300153429338401 ], [ -57.619732162454397, -25.300558237196601 ], [ -57.619566877076103, -25.300653750766401 ], [ -57.618714445245601, -25.301144970564199 ], [ -57.618563702932903, -25.301231391620401 ], [ -57.618301217819401, -25.3013814937954 ], [ -57.617803151190898, -25.3016003105548 ], [ -57.616779766229001, -25.301929688392399 ], [ -57.616411861026002, -25.302044106566001 ], [ -57.615773139729299, -25.302258989216 ], [ -57.614749389967201, -25.302579324225299 ], [ -57.613914192347103, -25.302862745771399 ] ] ] } },
{ "type": "Feature", "properties": { "FID": 4, "DIST_DESC": "ASUNCION", "BARLO_DESC": "CIUDAD NUEVA", "superficie": 113.68095777400001, "Pob_2012": 10940, "Shape__Area": 1397672.908203125, "Shape__Length": 4604.2307400762575, "fuente": "ArcGIS Online Mapa_Poblacion_Asuncion_WFL1 (derivado de INE 2012)" }, "geometry": { "type": "Polygon", "coordinates": [ [ [ -57.611199720154303, -25.293884258307699 ], [ -57.611610460795497, -25.295381602845001 ], [ -57.611826733294798, -25.2960444404724 ], [ -57.612074557966203, -25.2968696939718 ], [ -57.612283453839098, -25.2975461069353 ], [ -57.612544744847703, -25.2983938794785 ], [ -57.612550608215898, -25.298413358980699 ], [ -57.612571895721103, -25.2984840706943 ], [ -57.612608003595099, -25.298603671020899 ], [ -57.6127504975059, -25.299061274223799 ], [ -57.612933606893101, -25.299670065121902 ], [ -57.6132960071768, -25.3008063883338 ], [ -57.613344214350299, -25.301009371726199 ], [ -57.613699854085098, -25.302096054585601 ], [ -57.613717224602901, -25.302144199174599 ], [ -57.613720312662899, -25.302153588767901 ], [ -57.613914192347103, -25.302862745771399 ], [ -57.614749389967201, -25.302579324225299 ], [ -57.615773139729299, -25.302258989216 ], [ -57.616411861026002, -25.302044106566001 ], [ -57.616779766229001, -25.301929688392399 ], [ -57.617803151190898, -25.3016003105548 ], [ -57.618301217819401, -25.3013814937954 ], [ -57.618563702932903, -25.301231391620401 ], [ -57.618714445245601, -25.301144970564199 ], [ -57.619566877076103, -25.300653750766401 ], [ -57.619732162454397, -25.300558237196601 ], [ -57.6204350880626, -25.300153429338401 ], [ -57.620501335656797, -25.300117029064701 ], [ -57.621002264394797, -25.2998530393177 ], [ -57.62113223315, -25.2997781773079 ], [ -57.621326023172003, -25.299666552715099 ], [ -57.621492742293803, -25.299548455189999 ], [ -57.621786087731998, -25.2993033982371 ], [ -57.6218482283832, -25.299253469100901 ], [ -57.621953297900099, -25.299099509448101 ], [ -57.622024693201098, -25.2989772981092 ], [ -57.622305767363599, -25.298578775304801 ], [ -57.622661121358298, -25.298076088924901 ], [ -57.622885085898297, -25.297741018844299 ], [ -57.623067190741402, -25.297415155660499 ], [ -57.623227466703497, -25.297106376073302 ], [ -57.623228137564404, -25.297105084601998 ], [ -57.623924506128297, -25.295763485490401 ], [ -57.623358919756697, -25.295034415315701 ], [ -57.6226362148875, -25.2941118526821 ], [ -57.622284989111201, -25.293657300006899 ], [ -57.621867832392198, -25.293117235653501 ], [ -57.621308744716998, -25.292379099200598 ], [ -57.620872501801202, -25.291807505809199 ], [ -57.620384367984101, -25.2911638860766 ], [ -57.619946915181998, -25.290596810014801 ], [ -57.6194688176234, -25.289971205629101 ], [ -57.6191122707556, -25.289503121537301 ], [ -57.618674033094102, -25.2897578113576 ], [ -57.618246300308499, -25.290003425465901 ], [ -57.617824775726298, -25.290249012350198 ], [ -57.617367022762203, -25.290512810476201 ], [ -57.6168993578666, -25.290781163854401 ], [ -57.616473171334697, -25.291026766425698 ], [ -57.615943582006203, -25.291326982002101 ], [ -57.6156145602599, -25.291513478756499 ], [ -57.615430085338502, -25.2916180981601 ], [ -57.614764945422401, -25.292000148664499 ], [ -57.614023116848401, -25.292441213086299 ], [ -57.6139002281245, -25.292509452610901 ], [ -57.613017141737799, -25.293009797494701 ], [ -57.612150986837001, -25.293482975681801 ], [ -57.611599822466303, -25.293756174194499 ], [ -57.611199720154303, -25.293884258307699 ] ] ] } },
{ "type": "Feature", "properties": { "FID": 5, "DIST_DESC": "ASUNCION", "BARLO_DESC": "TTE. SILVIO PETTIROSSI", "superficie": 153.84722813499999, "Pob_2012": 12890, "Shape__Area": 1891632.96484375, "Shape__Length": 5893.1147431300296, "fuente": "ArcGIS Online Mapa_Poblacion_Asuncion_WFL1 (derivado de INE 2012)" }, "geometry": { "type": "Polygon", "coordinates": [ [ [ -57.623924506128297, -25.295763485490401 ], [ -57.623228137564404, -25.297105084601998 ], [ -57.623227466703497, -25.297106376073302 ], [ -57.623067190741402, -25.297415155660499 ], [ -57.622885085898297, -25.297741018844299 ], [ -57.622661121358298, -25.298076088924901 ], [ -57.622305767363599, -25.298578775304801 ], [ -57.622024693201098, -25.2989772981092 ], [ -57.621953297900099, -25.299099509448101 ], [ -57.6218482283832, -25.299253469100901 ], [ -57.621786087731998, -25.2993033982371 ], [ -57.621441076516099, -25.299887312433899 ], [ -57.621388807004102, -25.299987797068699 ], [ -57.621125665859601, -25.300493677125498 ], [ -57.620835776992102, -25.301113479277099 ], [ -57.620738970474797, -25.301366737605498 ], [ -57.620695465893498, -25.301479800547501 ], [ -57.620681853129099, -25.3014888882288 ], [ -57.620678853191599, -25.301500022678599 ], [ -57.620304359107699, -25.302890186343198 ], [ -57.620157984073899, -25.303468746608399 ], [ -57.619986931905302, -25.304079016803499 ], [ -57.619936044226897, -25.3042056561222 ], [ -57.621468608735299, -25.306077524208 ], [ -57.622551554981499, -25.307436542870899 ], [ -57.623507823378503, -25.3086064508832 ], [ -57.624773373415103, -25.307788359938201 ], [ -57.625774382110201, -25.3071474735534 ], [ -57.626009620845203, -25.3070110193846 ], [ -57.626368640315398, -25.306797280890301 ], [ -57.627095290165002, -25.306414916560001 ], [ -57.628036997376903, -25.306198694742701 ], [ -57.6281446034277, -25.306175660441902 ], [ -57.628777772989999, -25.306209083220701 ], [ -57.629986990397001, -25.306276164672401 ], [ -57.630871088221603, -25.3063265668575 ], [ -57.631910948767398, -25.306389831886801 ], [ -57.631922360384102, -25.306227246292899 ], [ -57.6319485710411, -25.305784078812799 ], [ -57.631950008620301, -25.305759773736199 ], [ -57.631984866554802, -25.3051704252841 ], [ -57.632046742925198, -25.304316781114199 ], [ -57.632065404822299, -25.304059344601399 ], [ -57.6322748193734, -25.302956741577699 ], [ -57.632478600397498, -25.302025739389698 ], [ -57.632483345791101, -25.301572692332101 ], [ -57.632484912675601, -25.3014477684622 ], [ -57.632426448004999, -25.301068743520101 ], [ -57.632262466971397, -25.300157378852202 ], [ -57.632267356246501, -25.3001565921147 ], [ -57.632118732089801, -25.299318170085598 ], [ -57.631962910355298, -25.298542225488202 ], [ -57.631947788177101, -25.298440060997802 ], [ -57.6319289473645, -25.298306183303399 ], [ -57.631853548382601, -25.297626110716401 ], [ -57.6318175494945, -25.296849652351799 ], [ -57.631822056960701, -25.296848820308298 ], [ -57.631821961397598, -25.2968483980959 ], [ -57.631739464145802, -25.2962178602472 ], [ -57.6316088059544, -25.295212151833901 ], [ -57.6316982680151, -25.295162027562601 ], [ -57.631698751431003, -25.295161770835399 ], [ -57.630985632017797, -25.294153129611399 ], [ -57.630567582214198, -25.293567942397299 ], [ -57.630164552551797, -25.293005265689299 ], [ -57.628523607063997, -25.293946912013698 ], [ -57.627689196339503, -25.292857788242699 ], [ -57.626878365929301, -25.291764043966101 ], [ -57.626181238277603, -25.290812122208401 ], [ -57.625566467303997, -25.291923130019601 ], [ -57.625215827737897, -25.292854746998099 ], [ -57.624991355493897, -25.2934517041055 ], [ -57.624569971435299, -25.2944513471612 ], [ -57.624488717580398, -25.2945871470551 ], [ -57.623924506128297, -25.295763485490401 ] ] ] } },
{ "type": "Feature", "properties": { "FID": 6, "DIST_DESC": "ASUNCION", "BARLO_DESC": "GENERAL JOSE EDUVIGIS DIAZ", "superficie": 85.443482292699997, "Pob_2012": 7742, "Shape__Area": 1050447.03125, "Shape__Length": 4523.0515350280166, "fuente": "ArcGIS Online Mapa_Poblacion_Asuncion_WFL1 (derivado de INE 2012)" }, "geometry": { "type": "Polygon", "coordinates": [ [ [ -57.631962910355298, -25.298542225488202 ], [ -57.632118732089801, -25.299318170085598 ], [ -57.633159183306503, -25.299119553785001 ], [ -57.634347676817498, -25.2989157783087 ], [ -57.635556067662499, -25.298242328154199 ], [ -57.6365821060526, -25.297664474345002 ], [ -57.636901821163903, -25.297482486571798 ], [ -57.637444062784603, -25.2971731112961 ], [ -57.638576867444598, -25.296536084898701 ], [ -57.639268244427399, -25.2961357535142 ], [ -57.639380784255103, -25.296049477160299 ], [ -57.640158811823298, -25.2955990989593 ], [ -57.641052569376399, -25.295080485984101 ], [ -57.6417748041886, -25.294648402603801 ], [ -57.642499256755201, -25.294225336449699 ], [ -57.643129074509197, -25.293870407220599 ], [ -57.644003633985697, -25.293365405885801 ], [ -57.643771598407596, -25.293028921328698 ], [ -57.643768379264301, -25.293024254034201 ], [ -57.643472803274399, -25.292595625838299 ], [ -57.642954059650698, -25.291821275828099 ], [ -57.642440291051599, -25.291046902145599 ], [ -57.641945222171799, -25.290285990683302 ], [ -57.641459042606101, -25.289561160243899 ], [ -57.640705487627997, -25.288458213595 ], [ -57.639946409792202, -25.287364317064799 ], [ -57.639085724158797, -25.287846658291301 ], [ -57.638457523670603, -25.288210593629199 ], [ -57.637762128059201, -25.288606423178599 ], [ -57.636972627700104, -25.289052322962 ], [ -57.636143245959602, -25.289529996906701 ], [ -57.635463642314498, -25.289921232484598 ], [ -57.634823647539903, -25.2902897185682 ], [ -57.634054659540197, -25.290744545067401 ], [ -57.633298321267603, -25.2911857677319 ], [ -57.633707660871799, -25.291766469545902 ], [ -57.6337192410667, -25.2917844805634 ], [ -57.634114476214002, -25.292338150589199 ], [ -57.634817661555601, -25.2934323172876 ], [ -57.633958203225198, -25.293923654253899 ], [ -57.633021171554503, -25.294452580383599 ], [ -57.632871773967103, -25.294536907826199 ], [ -57.632865416444602, -25.294540499395701 ], [ -57.632853745090998, -25.2945478171237 ], [ -57.632853349840403, -25.294548026518299 ], [ -57.6321081335931, -25.294944159235801 ], [ -57.631698751431003, -25.295161770835399 ], [ -57.6316982680151, -25.295162027562601 ], [ -57.6316088059544, -25.295212151833901 ], [ -57.631739464145802, -25.2962178602472 ], [ -57.631821961397598, -25.2968483980959 ], [ -57.631822056960701, -25.296848820308298 ], [ -57.6318175494945, -25.296849652351799 ], [ -57.631853548382601, -25.297626110716401 ], [ -57.6319289473645, -25.298306183303399 ], [ -57.631947788177101, -25.298440060997802 ], [ -57.631962910355298, -25.298542225488202 ] ] ] } },
{ "type": "Feature", "properties": { "FID": 7, "DIST_DESC": "ASUNCION", "BARLO_DESC": "SAN ROQUE", "superficie": 125.554902255, "Pob_2012": 9044, "Shape__Area": 1543482.05859375, "Shape__Length": 6254.4274395401426, "fuente": "ArcGIS Online Mapa_Poblacion_Asuncion_WFL1 (derivado de INE 2012)" }, "geometry": { "type": "Polygon", "coordinates": [ [ [ -57.624327771505797, -25.284555057933101 ], [ -57.622557706202699, -25.284937299240301 ], [ -57.622078383116602, -25.285043170671798 ], [ -57.6195257637644, -25.285600251013399 ], [ -57.618590358435597, -25.2858073601152 ], [ -57.6176112334376, -25.286023676760799 ], [ -57.616670166867301, -25.286217251855899 ], [ -57.617215253575502, -25.2869599811089 ], [ -57.617710031385698, -25.2876351907878 ], [ -57.618246015510898, -25.2883553780072 ], [ -57.618490943845401, -25.2886659003006 ], [ -57.6191122707556, -25.289503121537301 ], [ -57.6194688176234, -25.289971205629101 ], [ -57.619946915181998, -25.290596810014801 ], [ -57.620384367984101, -25.2911638860766 ], [ -57.620872501801202, -25.291807505809199 ], [ -57.621308744716998, -25.292379099200598 ], [ -57.621867832392198, -25.293117235653501 ], [ -57.622284989111201, -25.293657300006899 ], [ -57.6226362148875, -25.2941118526821 ], [ -57.623358919756697, -25.295034415315701 ], [ -57.623924506128297, -25.295763485490401 ], [ -57.624488717580398, -25.2945871470551 ], [ -57.624569971435299, -25.2944513471612 ], [ -57.624991355493897, -25.2934517041055 ], [ -57.625215827737897, -25.292854746998099 ], [ -57.625566467303997, -25.291923130019601 ], [ -57.626181238277603, -25.290812122208401 ], [ -57.626878365929301, -25.291764043966101 ], [ -57.627689196339503, -25.292857788242699 ], [ -57.628523607063997, -25.293946912013698 ], [ -57.630164552551797, -25.293005265689299 ], [ -57.630567582214198, -25.293567942397299 ], [ -57.630985632017797, -25.294153129611399 ], [ -57.631698751431003, -25.295161770835399 ], [ -57.6321081335931, -25.294944159235801 ], [ -57.632853349840403, -25.294548026518299 ], [ -57.632853745090998, -25.2945478171237 ], [ -57.632865416444602, -25.294540499395701 ], [ -57.632871773967103, -25.294536907826199 ], [ -57.633021171554503, -25.294452580383599 ], [ -57.633958203225198, -25.293923654253899 ], [ -57.634817661555601, -25.2934323172876 ], [ -57.634114476214002, -25.292338150589199 ], [ -57.6337192410667, -25.2917844805634 ], [ -57.633707660871799, -25.291766469545902 ], [ -57.633298321267603, -25.2911857677319 ], [ -57.632540484189498, -25.290082797025701 ], [ -57.631719178871599, -25.288948487493101 ], [ -57.6310359280535, -25.287917432028799 ], [ -57.630504387711397, -25.287170182164498 ], [ -57.630092812569302, -25.286571419403099 ], [ -57.6296226393127, -25.285864540731101 ], [ -57.629625836673299, -25.285863206842201 ], [ -57.629655469298797, -25.285850855029 ], [ -57.629652019838701, -25.285846069192701 ], [ -57.629266243532001, -25.285310691918198 ], [ -57.628777689850502, -25.284649040669201 ], [ -57.628674296964597, -25.284490113711001 ], [ -57.628673258747298, -25.284488518851401 ], [ -57.628446676594699, -25.284140233494 ], [ -57.627564689838302, -25.284649689975801 ], [ -57.627081333102403, -25.283969949967599 ], [ -57.626981422654197, -25.283916192167101 ], [ -57.626850727469503, -25.283912232295101 ], [ -57.626152389471798, -25.284100320818499 ], [ -57.624327771505797, -25.284555057933101 ] ] ] } },
{ "type": "Feature", "properties": { "FID": 8, "DIST_DESC": "ASUNCION", "BARLO_DESC": "OBRERO INTENDENTE B. GUGGIARI", "superficie": 236.22356570100001, "Pob_2012": 20062, "Shape__Area": 2904605.6171875, "Shape__Length": 7155.0707997440013, "fuente": "ArcGIS Online Mapa_Poblacion_Asuncion_WFL1 (derivado de INE 2012)" }, "geometry": { "type": "Polygon", "coordinates": [ [ [ -57.632832091334002, -25.313005147120499 ], [ -57.632917894204702, -25.313027354665898 ], [ -57.633094497642603, -25.313017565992499 ], [ -57.633234347018899, -25.3129853590914 ], [ -57.633340908715603, -25.3129397495339 ], [ -57.634269156377599, -25.312515847103398 ], [ -57.634363942551701, -25.312474802656599 ], [ -57.6348759684954, -25.312251354753599 ], [ -57.635332803664298, -25.312041688486801 ], [ -57.635660347924997, -25.311805487276899 ], [ -57.636418092583199, -25.311373276201302 ], [ -57.637219557440503, -25.310931841968699 ], [ -57.637931533835598, -25.3105359424626 ], [ -57.638750876130601, -25.310071846776001 ], [ -57.639549459154502, -25.309616867008401 ], [ -57.640321767509803, -25.309184572978801 ], [ -57.641197114846896, -25.308688614407099 ], [ -57.642084489344199, -25.3081790528055 ], [ -57.642869411675498, -25.307728629981099 ], [ -57.643666078136199, -25.307269121416901 ], [ -57.644853149399701, -25.306609233939199 ], [ -57.645402262745101, -25.306304314586701 ], [ -57.646126626306902, -25.305912837027201 ], [ -57.646853682696097, -25.305503283442299 ], [ -57.6477161531352, -25.304989282512601 ], [ -57.648448667193698, -25.304557121326098 ], [ -57.649199228139501, -25.304133907453501 ], [ -57.649811120403399, -25.303788058936298 ], [ -57.650713610834501, -25.3032738643724 ], [ -57.650267446343697, -25.3026211320614 ], [ -57.6498795546146, -25.302067475355798 ], [ -57.6494750700585, -25.3014867995511 ], [ -57.649086037415699, -25.300892508989801 ], [ -57.648725235956903, -25.300352275249001 ], [ -57.648530972912397, -25.300073188618999 ], [ -57.648319209123002, -25.299771602751999 ], [ -57.6479190366464, -25.299181872954001 ], [ -57.647570972157098, -25.298641580150399 ], [ -57.647160515916497, -25.298042862885001 ], [ -57.6467634839439, -25.297457631041599 ], [ -57.646390190877398, -25.296899385076099 ], [ -57.646072274405498, -25.2964221687836 ], [ -57.645536283101499, -25.295620813208402 ], [ -57.644977828125, -25.2947969778049 ], [ -57.644481655276103, -25.294067686830701 ], [ -57.644003633985697, -25.293365405885801 ], [ -57.643129074509197, -25.293870407220599 ], [ -57.642499256755201, -25.294225336449699 ], [ -57.6417748041886, -25.294648402603801 ], [ -57.641052569376399, -25.295080485984101 ], [ -57.640158811823298, -25.2955990989593 ], [ -57.639380784255103, -25.296049477160299 ], [ -57.639268244427399, -25.2961357535142 ], [ -57.638576867444598, -25.296536084898701 ], [ -57.637444062784603, -25.2971731112961 ], [ -57.636901821163903, -25.297482486571798 ], [ -57.6365821060526, -25.297664474345002 ], [ -57.635556067662499, -25.298242328154199 ], [ -57.634347676817498, -25.2989157783087 ], [ -57.633159183306503, -25.299119553785001 ], [ -57.632118732089801, -25.299318170085598 ], [ -57.632267356246501, -25.3001565921147 ], [ -57.632262466971397, -25.300157378852202 ], [ -57.632426448004999, -25.301068743520101 ], [ -57.632484912675601, -25.3014477684622 ], [ -57.632483345791101, -25.301572692332101 ], [ -57.632478600397498, -25.302025739389698 ], [ -57.6322748193734, -25.302956741577699 ], [ -57.632065404822299, -25.304059344601399 ], [ -57.632046742925198, -25.304316781114199 ], [ -57.631984866554802, -25.3051704252841 ], [ -57.631950008620301, -25.305759773736199 ], [ -57.6319485710411, -25.305784078812799 ], [ -57.631922360384102, -25.306227246292899 ], [ -57.631910948767398, -25.306389831886801 ], [ -57.6318469095023, -25.307302183348099 ], [ -57.631762601200897, -25.308345551903798 ], [ -57.631752563926902, -25.3083916154606 ], [ -57.631663140321798, -25.308802011498699 ], [ -57.631319330261398, -25.310632132852099 ], [ -57.631017941048299, -25.3120827963529 ], [ -57.6308987772195, -25.3125122485406 ], [ -57.631615952515503, -25.312694300016901 ], [ -57.632832091334002, -25.313005147120499 ] ] ] } },
{ "type": "Feature", "properties": { "FID": 9, "DIST_DESC": "ASUNCION", "BARLO_DESC": "GENERAL BERNARDINO CABALLERO", "superficie": 88.898056464199996, "Pob_2012": 6577, "Shape__Area": 1093017.25390625, "Shape__Length": 4397.5544229719271, "fuente": "ArcGIS Online Mapa_Poblacion_Asuncion_WFL1 (derivado de INE 2012)" }, "geometry": { "type": "Polygon", "coordinates": [ [ [ -57.607601364044797, -25.304898155340901 ], [ -57.607913667116499, -25.304796860117701 ], [ -57.607920341990997, -25.304794695104398 ], [ -57.608546061305901, -25.304591741369101 ], [ -57.609429399663597, -25.304308150990799 ], [ -57.610285130331199, -25.304029184828 ], [ -57.610956091930802, -25.3038180436156 ], [ -57.611161654479197, -25.3037501275656 ], [ -57.612349681551798, -25.303374952792002 ], [ -57.613076393720597, -25.303123597465401 ], [ -57.613125661862298, -25.303105331839902 ], [ -57.613914192347103, -25.302862745771399 ], [ -57.613720312662899, -25.302153588767901 ], [ -57.613717224602901, -25.302144199174599 ], [ -57.613699854085098, -25.302096054585601 ], [ -57.613344214350299, -25.301009371726199 ], [ -57.6132960071768, -25.3008063883338 ], [ -57.612933606893101, -25.299670065121902 ], [ -57.6127504975059, -25.299061274223799 ], [ -57.612608003595099, -25.298603671020899 ], [ -57.612571895721103, -25.2984840706943 ], [ -57.612550608215898, -25.298413358980699 ], [ -57.612544744847703, -25.2983938794785 ], [ -57.612283453839098, -25.2975461069353 ], [ -57.612074557966203, -25.2968696939718 ], [ -57.611826733294798, -25.2960444404724 ], [ -57.611610460795497, -25.295381602845001 ], [ -57.611199720154303, -25.293884258307699 ], [ -57.611040791509097, -25.293884916772502 ], [ -57.609504117062997, -25.2936113319771 ], [ -57.609009524309201, -25.2935221487961 ], [ -57.608970314362701, -25.293515079129701 ], [ -57.608062701380497, -25.2933514168095 ], [ -57.608031039618503, -25.293345708264201 ], [ -57.607965912898898, -25.293332432902901 ], [ -57.607965789612599, -25.293332409931999 ], [ -57.607674624430601, -25.293279983552001 ], [ -57.605880423474702, -25.292956921589401 ], [ -57.605851209685198, -25.292951661262901 ], [ -57.605816929510297, -25.292945907005102 ], [ -57.605816700827503, -25.292945862792202 ], [ -57.603290807505303, -25.2924674367517 ], [ -57.6044349347248, -25.2970908389233 ], [ -57.604614732384199, -25.297541622387001 ], [ -57.604785750077198, -25.297974380774399 ], [ -57.605120826436703, -25.298812834162 ], [ -57.605470163530498, -25.299646712878399 ], [ -57.605804515356198, -25.300462591357199 ], [ -57.606127362031899, -25.301274001011699 ], [ -57.606461677992797, -25.302080847441601 ], [ -57.606891273769897, -25.303131121640799 ], [ -57.607300117336997, -25.3041300643326 ], [ -57.607483163062703, -25.304596778777501 ], [ -57.607485428024098, -25.3046025534154 ], [ -57.607601364044797, -25.304898155340901 ] ] ] } },
{ "type": "Feature", "properties": { "FID": 10, "DIST_DESC": "ASUNCION", "BARLO_DESC": "MBURICAO", "superficie": 182.82976340799999, "Pob_2012": 7808, "Shape__Area": 2247982.140625, "Shape__Length": 6178.8988926285792, "fuente": "ArcGIS Online Mapa_Poblacion_Asuncion_WFL1 (derivado de INE 2012)" }, "geometry": { "type": "Polygon", "coordinates": [ [ [ -57.593459360003102, -25.298815952670299 ], [ -57.593552805639902, -25.299139787589201 ], [ -57.593732448619598, -25.299757648063899 ], [ -57.593843587710801, -25.300140993286799 ], [ -57.594076953584697, -25.300952790802999 ], [ -57.594190378488598, -25.301358702500401 ], [ -57.594430201621797, -25.302156927621098 ], [ -57.5946880305912, -25.303018292493299 ], [ -57.595034018281901, -25.304195365411299 ], [ -57.595238288795002, -25.3048943977211 ], [ -57.595248377163699, -25.304925963428399 ], [ -57.5952664024217, -25.304993618730201 ], [ -57.5954845556628, -25.30573774658 ], [ -57.595674929329597, -25.3063871669526 ], [ -57.595942687983197, -25.307307186410998 ], [ -57.596169850384001, -25.308082782662201 ], [ -57.596178764465897, -25.308113218814601 ], [ -57.5963310288695, -25.308633085728101 ], [ -57.597867072613198, -25.308112132153902 ], [ -57.599048754367701, -25.307691937305002 ], [ -57.599761330529503, -25.307458765226102 ], [ -57.601201494943297, -25.306957938376701 ], [ -57.601312435639102, -25.3069293815714 ], [ -57.601312593333098, -25.306929328551998 ], [ -57.601712954149797, -25.306796109699501 ], [ -57.6022426287551, -25.306617854423699 ], [ -57.603329954495898, -25.306270254144401 ], [ -57.605621994389502, -25.305524880464599 ], [ -57.607601364044797, -25.304898155340901 ], [ -57.607485428024098, -25.3046025534154 ], [ -57.607483163062703, -25.304596778777501 ], [ -57.607300117336997, -25.3041300643326 ], [ -57.606891273769897, -25.303131121640799 ], [ -57.606461677992797, -25.302080847441601 ], [ -57.606127362031899, -25.301274001011699 ], [ -57.605804515356198, -25.300462591357199 ], [ -57.605470163530498, -25.299646712878399 ], [ -57.605120826436703, -25.298812834162 ], [ -57.604785750077198, -25.297974380774399 ], [ -57.604614732384199, -25.297541622387001 ], [ -57.6044349347248, -25.2970908389233 ], [ -57.603290807505303, -25.2924674367517 ], [ -57.600630366902898, -25.2919816206565 ], [ -57.599627895708203, -25.291797340804401 ], [ -57.598898752352497, -25.291663298827402 ], [ -57.597964251844203, -25.2914915006257 ], [ -57.597843226249203, -25.291470207988599 ], [ -57.597034796625103, -25.291327965970499 ], [ -57.5962276032894, -25.292125908069501 ], [ -57.596153458212399, -25.292213604182201 ], [ -57.595967123259598, -25.292433995094999 ], [ -57.595468525123401, -25.293244231608099 ], [ -57.595197307030702, -25.293642664865999 ], [ -57.5948615015729, -25.293973629949299 ], [ -57.594719399940502, -25.294050961559702 ], [ -57.594071012470799, -25.294119330342799 ], [ -57.594097916721701, -25.294221843711501 ], [ -57.594159183527303, -25.294357217629798 ], [ -57.594160070029901, -25.294373206937799 ], [ -57.594227858588297, -25.2945573621802 ], [ -57.594233616863697, -25.2945677402226 ], [ -57.594323215883598, -25.294705972730799 ], [ -57.594334178598601, -25.294721108697701 ], [ -57.594412105746002, -25.294880033527701 ], [ -57.594417718162099, -25.294894716049001 ], [ -57.594447653601499, -25.294946924894901 ], [ -57.594498113102098, -25.295034927071701 ], [ -57.594596398839201, -25.295176077331099 ], [ -57.594651328784202, -25.295343946341401 ], [ -57.594699517830598, -25.2955190939328 ], [ -57.594733111578698, -25.295606434360401 ], [ -57.594671523289101, -25.295626963205599 ], [ -57.593662692050799, -25.295888394207498 ], [ -57.5926904642767, -25.296145156064199 ], [ -57.592888366818798, -25.2968171270897 ], [ -57.592919913573198, -25.296920850116699 ], [ -57.593317253547397, -25.298323482533501 ], [ -57.593444286616901, -25.298763717268599 ], [ -57.593459360003102, -25.298815952670299 ] ] ] } },
{ "type": "Feature", "properties": { "FID": 11, "DIST_DESC": "ASUNCION", "BARLO_DESC": "NAZARETH", "superficie": 137.94541113700001, "Pob_2012": 8182, "Shape__Area": 1696593.689453125, "Shape__Length": 6187.2726838343751, "fuente": "ArcGIS Online Mapa_Poblacion_Asuncion_WFL1 (derivado de INE 2012)" }, "geometry": { "type": "Polygon", "coordinates": [ [ [ -57.587134030780497, -25.3118848231878 ], [ -57.587630045587098, -25.3127000988693 ], [ -57.588053481449002, -25.313271841265301 ], [ -57.588928549831301, -25.314464876688699 ], [ -57.589764941155401, -25.315617424424701 ], [ -57.590268801232398, -25.3163152637667 ], [ -57.5906707548992, -25.316869023240901 ], [ -57.591062399553898, -25.317409277267 ], [ -57.591548756667997, -25.3180800908513 ], [ -57.592234206894602, -25.319021014741502 ], [ -57.592414247284701, -25.3192686270888 ], [ -57.5933169441236, -25.320506675205198 ], [ -57.594188703149499, -25.321699690110201 ], [ -57.594938261961801, -25.322726130599701 ], [ -57.595279604171999, -25.3231943324217 ], [ -57.596584456072499, -25.325004163451901 ], [ -57.597424741550697, -25.326161163474701 ], [ -57.597301276263401, -25.3262474525751 ], [ -57.597305037129601, -25.326251325813601 ], [ -57.597938847464299, -25.326904084733201 ], [ -57.5981467437595, -25.327129000507401 ], [ -57.598698910311001, -25.327726684157099 ], [ -57.598719700846203, -25.3277491882737 ], [ -57.598957115860003, -25.328006170776298 ], [ -57.599972068067402, -25.327297672495 ], [ -57.600588365204601, -25.326848158344198 ], [ -57.6011186534393, -25.326462205156901 ], [ -57.602313010489198, -25.325549224730999 ], [ -57.601572030163098, -25.3247129770565 ], [ -57.601530156241402, -25.324658965708998 ], [ -57.600892422038498, -25.323970743335199 ], [ -57.600610593282497, -25.323046278124998 ], [ -57.600442699949603, -25.3224961089422 ], [ -57.6001437998314, -25.321508499419998 ], [ -57.599899532093602, -25.3207690023299 ], [ -57.599829780869101, -25.320539011392299 ], [ -57.599347817956698, -25.318942593583198 ], [ -57.599216838603603, -25.318509667486499 ], [ -57.599113005889699, -25.318166934788799 ], [ -57.598765782434, -25.316944727836201 ], [ -57.598215212586801, -25.3150912175964 ], [ -57.5981804619854, -25.314969448298601 ], [ -57.597949503502001, -25.314153134608201 ], [ -57.597689186721396, -25.313237605094098 ], [ -57.597662331078503, -25.313142894809801 ], [ -57.597383371258701, -25.3121597121634 ], [ -57.597080133547699, -25.3110998687254 ], [ -57.596941609805697, -25.310644394470401 ], [ -57.596699268785699, -25.309846185002701 ], [ -57.5963310288695, -25.308633085728101 ], [ -57.595259648798802, -25.309012176896498 ], [ -57.593532141925998, -25.309619663303799 ], [ -57.592523987966402, -25.309980419427301 ], [ -57.592160113743397, -25.3101037918385 ], [ -57.590426388110401, -25.310715782377301 ], [ -57.590299942667997, -25.310761440743399 ], [ -57.588690494817499, -25.3113322765786 ], [ -57.588005547285697, -25.311574315855399 ], [ -57.587134030780497, -25.3118848231878 ] ] ] } },
{ "type": "Feature", "properties": { "FID": 12, "DIST_DESC": "ASUNCION", "BARLO_DESC": "TERMINAL", "superficie": 98.369620766200001, "Pob_2012": 5772, "Shape__Area": 1210071.208984375, "Shape__Length": 5299.8219223552378, "fuente": "ArcGIS Online Mapa_Poblacion_Asuncion_WFL1 (derivado de INE 2012)" }, "geometry": { "type": "Polygon", "coordinates": [ [ [ -57.586907525757702, -25.3299476586831 ], [ -57.586515564294601, -25.330377025858699 ], [ -57.586899483778602, -25.3307908949626 ], [ -57.587012075732297, -25.330894295893 ], [ -57.587839865442902, -25.331852731706299 ], [ -57.587983195157904, -25.332019221905899 ], [ -57.5885675370982, -25.332716743523001 ], [ -57.5889503641611, -25.3330944897907 ], [ -57.589155171972898, -25.333279052051001 ], [ -57.589155341895399, -25.333279259070199 ], [ -57.589428047346303, -25.333612530827399 ], [ -57.589428890509097, -25.333611823084599 ], [ -57.589648114598901, -25.3338683117193 ], [ -57.5898985367999, -25.3342827067314 ], [ -57.589077805818803, -25.334981329770901 ], [ -57.589375141708103, -25.335016262121801 ], [ -57.589778891230303, -25.335128915908001 ], [ -57.589787149746101, -25.3351146022076 ], [ -57.591629280856097, -25.335670960031798 ], [ -57.591882149987399, -25.335692520284901 ], [ -57.592404729524297, -25.333927990345099 ], [ -57.5924161125591, -25.333889565473498 ], [ -57.592458128468301, -25.3337712502973 ], [ -57.592841141588501, -25.3332278870135 ], [ -57.593467958632402, -25.3323132954431 ], [ -57.594380855461097, -25.332819831845399 ], [ -57.594770490514598, -25.3322358002311 ], [ -57.595212864347801, -25.331579311542601 ], [ -57.5957052470036, -25.3309271345511 ], [ -57.596191480396598, -25.3303517390192 ], [ -57.595603664986903, -25.329845881128701 ], [ -57.596290494119103, -25.329082581101598 ], [ -57.595718697840397, -25.328449897429401 ], [ -57.596358076701598, -25.327952602636302 ], [ -57.597475284769502, -25.329068619665399 ], [ -57.598204300003196, -25.328542021059999 ], [ -57.598957115860003, -25.328006170776298 ], [ -57.598719700846203, -25.3277491882737 ], [ -57.598698910311001, -25.327726684157099 ], [ -57.5981467437595, -25.327129000507401 ], [ -57.597938847464299, -25.326904084733201 ], [ -57.597305037129601, -25.326251325813601 ], [ -57.597301276263401, -25.3262474525751 ], [ -57.597424741550697, -25.326161163474701 ], [ -57.596584456072499, -25.325004163451901 ], [ -57.595279604171999, -25.3231943324217 ], [ -57.594938261961801, -25.322726130599701 ], [ -57.594188703149499, -25.321699690110201 ], [ -57.593468307927303, -25.3221315362007 ], [ -57.592730586523899, -25.3225769940845 ], [ -57.592029077880298, -25.3229997268839 ], [ -57.591332840066499, -25.323422435239699 ], [ -57.590614065881397, -25.323872321839499 ], [ -57.589914316710498, -25.324276976871801 ], [ -57.589620518679098, -25.3244542452376 ], [ -57.589347008256198, -25.3249745867579 ], [ -57.589577715479301, -25.3251046046257 ], [ -57.589233123694598, -25.325629745466198 ], [ -57.588834744773003, -25.326204767578801 ], [ -57.5885638155072, -25.326553519906899 ], [ -57.588091837397002, -25.3271920466896 ], [ -57.587078038443202, -25.328604829870699 ], [ -57.587751052374998, -25.329022060024101 ], [ -57.587136094874801, -25.329697275519401 ], [ -57.586956416965698, -25.329894101572201 ], [ -57.586907525757702, -25.3299476586831 ] ] ] } },
{ "type": "Feature", "properties": { "FID": 13, "DIST_DESC": "ASUNCION", "BARLO_DESC": "HIPODROMO", "superficie": 198.99432340199999, "Pob_2012": 8465, "Shape__Area": 2447546.84765625, "Shape__Length": 6738.5426679502043, "fuente": "ArcGIS Online Mapa_Poblacion_Asuncion_WFL1 (derivado de INE 2012)" }, "geometry": { "type": "Polygon", "coordinates": [ [ [ -57.586907525757702, -25.3299476586831 ], [ -57.586956416965698, -25.329894101572201 ], [ -57.587136094874801, -25.329697275519401 ], [ -57.587751052374998, -25.329022060024101 ], [ -57.587078038443202, -25.328604829870699 ], [ -57.588091837397002, -25.3271920466896 ], [ -57.5885638155072, -25.326553519906899 ], [ -57.588834744773003, -25.326204767578801 ], [ -57.589233123694598, -25.325629745466198 ], [ -57.589577715479301, -25.3251046046257 ], [ -57.589347008256198, -25.3249745867579 ], [ -57.589620518679098, -25.3244542452376 ], [ -57.589914316710498, -25.324276976871801 ], [ -57.590614065881397, -25.323872321839499 ], [ -57.591332840066499, -25.323422435239699 ], [ -57.592029077880298, -25.3229997268839 ], [ -57.592730586523899, -25.3225769940845 ], [ -57.593468307927303, -25.3221315362007 ], [ -57.594188703149499, -25.321699690110201 ], [ -57.5933169441236, -25.320506675205198 ], [ -57.592414247284701, -25.3192686270888 ], [ -57.592234206894602, -25.319021014741502 ], [ -57.591548756667997, -25.3180800908513 ], [ -57.591062399553898, -25.317409277267 ], [ -57.5906707548992, -25.316869023240901 ], [ -57.590268801232398, -25.3163152637667 ], [ -57.589764941155401, -25.315617424424701 ], [ -57.588928549831301, -25.314464876688699 ], [ -57.588053481449002, -25.313271841265301 ], [ -57.587630045587098, -25.3127000988693 ], [ -57.587134030780497, -25.3118848231878 ], [ -57.586233061409402, -25.312204472948 ], [ -57.585503773250402, -25.312460222637501 ], [ -57.583942955957198, -25.313017268364302 ], [ -57.583521759106503, -25.3131679379301 ], [ -57.583337958638197, -25.3132318782155 ], [ -57.581642886557098, -25.313830067848102 ], [ -57.580475341340801, -25.3142455536209 ], [ -57.580069946315703, -25.314391635985899 ], [ -57.5790489399037, -25.314743320980099 ], [ -57.577870178597699, -25.315154315158001 ], [ -57.576448925961401, -25.315629461364001 ], [ -57.574835138060898, -25.316164042631002 ], [ -57.574088911284797, -25.316392711163999 ], [ -57.5748261971857, -25.317229666559001 ], [ -57.575451128225097, -25.3179406309205 ], [ -57.576401437430398, -25.319043143330699 ], [ -57.576936540306299, -25.3196641481263 ], [ -57.577314002133001, -25.320105160219299 ], [ -57.5782509318257, -25.3211941667183 ], [ -57.579040405654503, -25.322089592569998 ], [ -57.580363724473798, -25.3235924648171 ], [ -57.580376828421699, -25.323605958816401 ], [ -57.580827624442698, -25.324118915728299 ], [ -57.581275298838698, -25.324627368286201 ], [ -57.582173256488197, -25.325603621968199 ], [ -57.582633938428202, -25.326102988360802 ], [ -57.583141016823099, -25.3266292608232 ], [ -57.5840557003431, -25.327655103333399 ], [ -57.585487296384301, -25.329243286246498 ], [ -57.586515564294601, -25.330377025858699 ], [ -57.586907525757702, -25.3299476586831 ] ] ] } },
{ "type": "Feature", "properties": { "FID": 14, "DIST_DESC": "ASUNCION", "BARLO_DESC": "SAN PABLO", "superficie": 307.78757531100001, "Pob_2012": 22291, "Shape__Area": 3786131.083984375, "Shape__Length": 9880.333696190768, "fuente": "ArcGIS Online Mapa_Poblacion_Asuncion_WFL1 (derivado de INE 2012)" }, "geometry": { "type": "Polygon", "coordinates": [ [ [ -57.577426876606602, -25.333421482792001 ], [ -57.578193473567701, -25.3340066520093 ], [ -57.578544897345097, -25.3342749054869 ], [ -57.579041560293497, -25.3346697614226 ], [ -57.579091366207997, -25.3347093580776 ], [ -57.5791898649899, -25.334787665314401 ], [ -57.579676812600198, -25.335178039313899 ], [ -57.579949214736999, -25.335386262767699 ], [ -57.5799492805588, -25.3353863130787 ], [ -57.580726201213999, -25.335980182945299 ], [ -57.580969295761001, -25.336168468894801 ], [ -57.581511788542699, -25.336588648092501 ], [ -57.581511811483097, -25.336588666062699 ], [ -57.581645561701798, -25.336692259300101 ], [ -57.581787431749703, -25.336802140711601 ], [ -57.5821765816425, -25.337108804079801 ], [ -57.582335298714497, -25.337233877909 ], [ -57.582523982381197, -25.337382565819802 ], [ -57.582884684685503, -25.3376668071176 ], [ -57.582917202587502, -25.3376924321988 ], [ -57.583271875899001, -25.337970218874698 ], [ -57.583464541247103, -25.338121117564601 ], [ -57.583553768703403, -25.3381870326869 ], [ -57.583565615708999, -25.338195784057501 ], [ -57.583880064612003, -25.338428073654502 ], [ -57.583967879192102, -25.338492477916098 ], [ -57.584423443320802, -25.338826595102699 ], [ -57.584586202222503, -25.338973774807901 ], [ -57.584669334246698, -25.339047270039401 ], [ -57.584822757372002, -25.339221407887301 ], [ -57.5848292478438, -25.339228774387699 ], [ -57.584936211557498, -25.339358587618701 ], [ -57.584941891347, -25.339368467777899 ], [ -57.586134741181702, -25.3414434570659 ], [ -57.586138068523297, -25.3414416801938 ], [ -57.586143135351001, -25.341438972592599 ], [ -57.587153506676302, -25.340899393327 ], [ -57.588089453473103, -25.340448656201001 ], [ -57.588354408084797, -25.340334718518999 ], [ -57.588520231910699, -25.3400134778582 ], [ -57.589019430514902, -25.340109866733702 ], [ -57.5894843429312, -25.340443080779298 ], [ -57.590463463186701, -25.338845298662001 ], [ -57.590258123493598, -25.338764848209902 ], [ -57.589514428772297, -25.338526812730102 ], [ -57.588112628642897, -25.3380171081489 ], [ -57.589150551143398, -25.336218058927599 ], [ -57.589153199906399, -25.336213468127699 ], [ -57.589778891230303, -25.335128915908001 ], [ -57.589375141708103, -25.335016262121801 ], [ -57.589077805818803, -25.334981329770901 ], [ -57.5898985367999, -25.3342827067314 ], [ -57.589648114598901, -25.3338683117193 ], [ -57.589428890509097, -25.333611823084599 ], [ -57.589428047346303, -25.333612530827399 ], [ -57.589155341895399, -25.333279259070199 ], [ -57.589155171972898, -25.333279052051001 ], [ -57.5889503641611, -25.3330944897907 ], [ -57.5885675370982, -25.332716743523001 ], [ -57.587983195157904, -25.332019221905899 ], [ -57.587839865442902, -25.331852731706299 ], [ -57.587012075732297, -25.330894295893 ], [ -57.586899483778602, -25.3307908949626 ], [ -57.586515564294601, -25.330377025858699 ], [ -57.585487296384301, -25.329243286246498 ], [ -57.5840557003431, -25.327655103333399 ], [ -57.583141016823099, -25.3266292608232 ], [ -57.582633938428202, -25.326102988360802 ], [ -57.582173256488197, -25.325603621968199 ], [ -57.581275298838698, -25.324627368286201 ], [ -57.580827624442698, -25.324118915728299 ], [ -57.580376828421699, -25.323605958816401 ], [ -57.580363724473798, -25.3235924648171 ], [ -57.579040405654503, -25.322089592569998 ], [ -57.5782509318257, -25.3211941667183 ], [ -57.577314002133001, -25.320105160219299 ], [ -57.576936540306299, -25.3196641481263 ], [ -57.576401437430398, -25.319043143330699 ], [ -57.575451128225097, -25.3179406309205 ], [ -57.5748261971857, -25.317229666559001 ], [ -57.574088911284797, -25.316392711163999 ], [ -57.572957942195302, -25.3167402673479 ], [ -57.572159010411198, -25.316987191877399 ], [ -57.571460830981799, -25.317202115080701 ], [ -57.570749321479603, -25.3174216018284 ], [ -57.570291723600299, -25.317563344452601 ], [ -57.568390879602198, -25.318071874814098 ], [ -57.568087597510598, -25.3181498025663 ], [ -57.566664043788798, -25.3184803773376 ], [ -57.5653187653215, -25.318819668679001 ], [ -57.564985319930202, -25.318888675351602 ], [ -57.564655122360399, -25.3189215471394 ], [ -57.564139518751297, -25.319144766817001 ], [ -57.562575964609898, -25.319620324921999 ], [ -57.56176039324, -25.319835650545599 ], [ -57.561299854638897, -25.3199502853988 ], [ -57.560400497590699, -25.3202237994999 ], [ -57.560393434428697, -25.320225947601799 ], [ -57.560422091162899, -25.320256365095499 ], [ -57.560653920566203, -25.320445919755901 ], [ -57.560726881199102, -25.320505575331499 ], [ -57.561089390630897, -25.320801976729101 ], [ -57.561706161610701, -25.3212652505674 ], [ -57.5621047018805, -25.3215760392936 ], [ -57.5621271729471, -25.321593429264599 ], [ -57.562476886222498, -25.321864064266801 ], [ -57.562778715007497, -25.3220976416107 ], [ -57.563030795854303, -25.3222950275131 ], [ -57.563104240643803, -25.3223525361953 ], [ -57.563104264576602, -25.322352555067699 ], [ -57.5631659726942, -25.322400874051599 ], [ -57.563230994667201, -25.322451185098 ], [ -57.563742140313202, -25.322846687594399 ], [ -57.563742306838002, -25.322846816995401 ], [ -57.5638520859127, -25.322931758884199 ], [ -57.563919071454997, -25.322983938624599 ], [ -57.564190440484701, -25.3231953297981 ], [ -57.564426325086501, -25.3233790769834 ], [ -57.564493351020801, -25.3234312906139 ], [ -57.565194535173802, -25.323973886903801 ], [ -57.565358287338498, -25.324105901180602 ], [ -57.565416443509797, -25.3241527861402 ], [ -57.565724573327998, -25.324401196213401 ], [ -57.565724788747097, -25.324401369673499 ], [ -57.565874788064498, -25.324522296225801 ], [ -57.565897296241303, -25.324540169488401 ], [ -57.565966296749899, -25.3245949593463 ], [ -57.566559731637298, -25.3250661798814 ], [ -57.566993609451998, -25.325398867692599 ], [ -57.567454404788599, -25.325752189778299 ], [ -57.568200754052199, -25.326323220105401 ], [ -57.5682362468023, -25.326350374958199 ], [ -57.568650743836997, -25.326668411066201 ], [ -57.569236229048599, -25.327117640373402 ], [ -57.569664918639901, -25.327441127249401 ], [ -57.569856822447697, -25.327585935570902 ], [ -57.570629837722798, -25.328193184767599 ], [ -57.570679481655098, -25.3282309581503 ], [ -57.570828542262802, -25.3283443743208 ], [ -57.570828844405398, -25.328344604328699 ], [ -57.571408562427102, -25.3287856952801 ], [ -57.571483823363302, -25.3288436052765 ], [ -57.571987500373297, -25.3292311603199 ], [ -57.572159511785301, -25.329355514835701 ], [ -57.572715338914101, -25.329757343243799 ], [ -57.572734923841999, -25.329772894231699 ], [ -57.573107118223, -25.330068428999301 ], [ -57.573278183560703, -25.330202385159399 ], [ -57.573350306618501, -25.330258864220699 ], [ -57.573631525393601, -25.330470702930199 ], [ -57.573944850070703, -25.330706724058398 ], [ -57.574200134884698, -25.330905447571599 ], [ -57.574306011644097, -25.3309878671758 ], [ -57.574996471446802, -25.331518932298099 ], [ -57.575031190640097, -25.331546179679801 ], [ -57.575259497751098, -25.331725353716401 ], [ -57.5752595236834, -25.331725374385101 ], [ -57.575902021936599, -25.332229595273098 ], [ -57.576574331906002, -25.332755628713599 ], [ -57.577117874484998, -25.333180224716301 ], [ -57.577411432271397, -25.333409542830299 ], [ -57.577411527017901, -25.333409616508298 ], [ -57.5774199266789, -25.3334161775824 ], [ -57.577426876606602, -25.333421482792001 ] ] ] } },
{ "type": "Feature", "properties": { "FID": 15, "DIST_DESC": "ASUNCION", "BARLO_DESC": "TEMBETARY", "superficie": 65.046682735399997, "Pob_2012": 3563, "Shape__Area": 799883.337890625, "Shape__Length": 3690.6419745789835, "fuente": "ArcGIS Online Mapa_Poblacion_Asuncion_WFL1 (derivado de INE 2012)" }, "geometry": { "type": "Polygon", "coordinates": [ [ [ -57.596178764465897, -25.308113218814601 ], [ -57.596169850384001, -25.308082782662201 ], [ -57.595942687983197, -25.307307186410998 ], [ -57.595674929329597, -25.3063871669526 ], [ -57.5954845556628, -25.30573774658 ], [ -57.5952664024217, -25.304993618730201 ], [ -57.595248377163699, -25.304925963428399 ], [ -57.595238288795002, -25.3048943977211 ], [ -57.595034018281901, -25.304195365411299 ], [ -57.5946880305912, -25.303018292493299 ], [ -57.593616660137897, -25.303135489374 ], [ -57.5935441719868, -25.3031673876052 ], [ -57.5924588104062, -25.303663909794899 ], [ -57.590435871672597, -25.304665369217599 ], [ -57.589176008292903, -25.305288991952398 ], [ -57.588302024765603, -25.305721426248201 ], [ -57.587312103476201, -25.306190438927501 ], [ -57.586433159380299, -25.3066273972413 ], [ -57.585568845584397, -25.307073322691501 ], [ -57.585026849260601, -25.307341871479601 ], [ -57.584515188371398, -25.307592237208699 ], [ -57.584696985963802, -25.307889520140701 ], [ -57.585506176601001, -25.3092137799791 ], [ -57.5862728791829, -25.310479506183601 ], [ -57.587038271026699, -25.311727172364499 ], [ -57.587134030780497, -25.3118848231878 ], [ -57.588005547285697, -25.311574315855399 ], [ -57.588690494817499, -25.3113322765786 ], [ -57.590299942667997, -25.310761440743399 ], [ -57.590426388110401, -25.310715782377301 ], [ -57.592160113743397, -25.3101037918385 ], [ -57.592523987966402, -25.309980419427301 ], [ -57.593532141925998, -25.309619663303799 ], [ -57.595259648798802, -25.309012176896498 ], [ -57.5963310288695, -25.308633085728101 ], [ -57.596178764465897, -25.308113218814601 ] ] ] } },
{ "type": "Feature", "properties": { "FID": 16, "DIST_DESC": "ASUNCION", "BARLO_DESC": "LOS LAURELES", "superficie": 88.86666009, "Pob_2012": 3666, "Shape__Area": 1092877.654296875, "Shape__Length": 4607.3583409746616, "fuente": "ArcGIS Online Mapa_Poblacion_Asuncion_WFL1 (derivado de INE 2012)" }, "geometry": { "type": "Polygon", "coordinates": [ [ [ -57.583337958638197, -25.3132318782155 ], [ -57.583521759106503, -25.3131679379301 ], [ -57.583942955957198, -25.313017268364302 ], [ -57.585503773250402, -25.312460222637501 ], [ -57.586233061409402, -25.312204472948 ], [ -57.587134030780497, -25.3118848231878 ], [ -57.587038271026699, -25.311727172364499 ], [ -57.5862728791829, -25.310479506183601 ], [ -57.585506176601001, -25.3092137799791 ], [ -57.584696985963802, -25.307889520140701 ], [ -57.584515188371398, -25.307592237208699 ], [ -57.583934128317303, -25.306641830457501 ], [ -57.583445482984203, -25.306901131756501 ], [ -57.582343527949703, -25.3073841003003 ], [ -57.581342703423203, -25.307853116361301 ], [ -57.580379660452898, -25.308303916147501 ], [ -57.579524538481103, -25.308731709507299 ], [ -57.578357901711499, -25.3091336290179 ], [ -57.576954768675499, -25.309617738839499 ], [ -57.575759595795603, -25.310028780062801 ], [ -57.574314596012201, -25.3105265741086 ], [ -57.572365613441399, -25.311202404874201 ], [ -57.571193558532698, -25.3117171695521 ], [ -57.570449162358102, -25.312067723174501 ], [ -57.571109876899698, -25.3128733881281 ], [ -57.571158294819902, -25.312936413518798 ], [ -57.571766148805303, -25.313656491089201 ], [ -57.571868240149698, -25.3137780057932 ], [ -57.571884158927197, -25.313796004884399 ], [ -57.572513633954102, -25.314556632187699 ], [ -57.572569525604997, -25.314624143266101 ], [ -57.573272372684997, -25.315470271100999 ], [ -57.574088911284797, -25.316392711163999 ], [ -57.574835138060898, -25.316164042631002 ], [ -57.576448925961401, -25.315629461364001 ], [ -57.577870178597699, -25.315154315158001 ], [ -57.5790489399037, -25.314743320980099 ], [ -57.580069946315703, -25.314391635985899 ], [ -57.580475341340801, -25.3142455536209 ], [ -57.581642886557098, -25.313830067848102 ], [ -57.583337958638197, -25.3132318782155 ] ] ] } },
{ "type": "Feature", "properties": { "FID": 17, "DIST_DESC": "ASUNCION", "BARLO_DESC": "VILLA AURELIA", "superficie": 226.96391466599999, "Pob_2012": 10013, "Shape__Area": 2791210.11328125, "Shape__Length": 6758.9064151973225, "fuente": "ArcGIS Online Mapa_Poblacion_Asuncion_WFL1 (derivado de INE 2012)" }, "geometry": { "type": "Polygon", "coordinates": [ [ [ -57.553605479065098, -25.308542334284699 ], [ -57.553751999901003, -25.309359039430301 ], [ -57.553608757135997, -25.309358573173299 ], [ -57.553542951541402, -25.3093583596978 ], [ -57.553589904336, -25.309505493457099 ], [ -57.553598761971898, -25.309533248685501 ], [ -57.5536799184842, -25.309748961216702 ], [ -57.553740116055401, -25.309888362073401 ], [ -57.553786938496998, -25.309982464053299 ], [ -57.5538333882131, -25.310071048008499 ], [ -57.553919100406603, -25.310234511178798 ], [ -57.554027700926099, -25.310438742012799 ], [ -57.554094007739003, -25.310563434437 ], [ -57.5541474850789, -25.310657997113399 ], [ -57.5542855174469, -25.310902082237 ], [ -57.554296902824099, -25.310922215247899 ], [ -57.554352208101697, -25.3110219363822 ], [ -57.554521486157498, -25.3113271572625 ], [ -57.554674914813297, -25.311604811628701 ], [ -57.554743092654903, -25.311728192689099 ], [ -57.5548378428077, -25.3118975127087 ], [ -57.555007625692198, -25.312200914138199 ], [ -57.5552371694017, -25.312613721636701 ], [ -57.555443246962703, -25.312983921232 ], [ -57.555508482400803, -25.313102450089701 ], [ -57.555607598560599, -25.3132825381565 ], [ -57.555724211298198, -25.3134900443333 ], [ -57.555834598340198, -25.3136864736658 ], [ -57.556043854896899, -25.314038850504701 ], [ -57.556267998864399, -25.3144233354482 ], [ -57.556336350621102, -25.314540581553899 ], [ -57.556559074204699, -25.314939946299301 ], [ -57.556595546504298, -25.315005344273999 ], [ -57.5568823117951, -25.315479139330002 ], [ -57.557021684191803, -25.315690990517599 ], [ -57.557241466744202, -25.316025067963601 ], [ -57.557329242418803, -25.316144243081101 ], [ -57.557584396688299, -25.3164906699037 ], [ -57.557644315466703, -25.316573094280599 ], [ -57.557767870580598, -25.316743055465398 ], [ -57.5578211150643, -25.316829363722899 ], [ -57.557937327523497, -25.317017743014699 ], [ -57.558198328906997, -25.3173796933456 ], [ -57.558493059805897, -25.317708229213899 ], [ -57.558615131494001, -25.3178648780763 ], [ -57.558698388143803, -25.317965607627901 ], [ -57.5590324629094, -25.318427953322399 ], [ -57.559082778069502, -25.318497586668698 ], [ -57.559088712446403, -25.318506029283899 ], [ -57.559570941839098, -25.3191920723952 ], [ -57.5598467154107, -25.319584399644899 ], [ -57.560050560291998, -25.319849723925302 ], [ -57.560101664084101, -25.319916240207199 ], [ -57.560348353663002, -25.320178096093201 ], [ -57.560393434428697, -25.320225947601799 ], [ -57.560400497590699, -25.3202237994999 ], [ -57.561299854638897, -25.3199502853988 ], [ -57.56176039324, -25.319835650545599 ], [ -57.562575964609898, -25.319620324921999 ], [ -57.564139518751297, -25.319144766817001 ], [ -57.564655122360399, -25.3189215471394 ], [ -57.564985319930202, -25.318888675351602 ], [ -57.5653187653215, -25.318819668679001 ], [ -57.566664043788798, -25.3184803773376 ], [ -57.568087597510598, -25.3181498025663 ], [ -57.568390879602198, -25.318071874814098 ], [ -57.570291723600299, -25.317563344452601 ], [ -57.570749321479603, -25.3174216018284 ], [ -57.571460830981799, -25.317202115080701 ], [ -57.572159010411198, -25.316987191877399 ], [ -57.572957942195302, -25.3167402673479 ], [ -57.574088911284797, -25.316392711163999 ], [ -57.573272372684997, -25.315470271100999 ], [ -57.572569525604997, -25.314624143266101 ], [ -57.572513633954102, -25.314556632187699 ], [ -57.571884158927197, -25.313796004884399 ], [ -57.571868240149698, -25.3137780057932 ], [ -57.571766148805303, -25.313656491089201 ], [ -57.571158294819902, -25.312936413518798 ], [ -57.571109876899698, -25.3128733881281 ], [ -57.570449162358102, -25.312067723174501 ], [ -57.5697541386997, -25.311226065939099 ], [ -57.5690450685074, -25.310366398559299 ], [ -57.568335388473301, -25.309506729885399 ], [ -57.567615120227202, -25.3086380678909 ], [ -57.566564375393298, -25.307332696285801 ], [ -57.565731434723403, -25.306329000824899 ], [ -57.565117297970097, -25.305577314231499 ], [ -57.564694534007202, -25.3050551683748 ], [ -57.564304374806497, -25.304600624756901 ], [ -57.563529544339197, -25.3036012088223 ], [ -57.563144669079598, -25.3031466417338 ], [ -57.562468521125403, -25.302347676397599 ], [ -57.561664409384498, -25.302791069417399 ], [ -57.560452736273298, -25.303459417288199 ], [ -57.559241590703103, -25.3041096924245 ], [ -57.557992349078603, -25.304782678008799 ], [ -57.5557506924008, -25.306035617113501 ], [ -57.555633712184502, -25.306100999533101 ], [ -57.554695436695503, -25.306623782992499 ], [ -57.553798523424597, -25.307139470720902 ], [ -57.553394649523199, -25.307373682781702 ], [ -57.553605479065098, -25.308542334284699 ] ] ] } },
{ "type": "Feature", "properties": { "FID": 18, "DIST_DESC": "ASUNCION", "BARLO_DESC": "MARISCAL JOSE FELIX ESTIGARRIBIA", "superficie": 220.98472333800001, "Pob_2012": 8120, "Shape__Area": 2717314.8046875, "Shape__Length": 6570.9147678571562, "fuente": "ArcGIS Online Mapa_Poblacion_Asuncion_WFL1 (derivado de INE 2012)" }, "geometry": { "type": "Polygon", "coordinates": [ [ [ -57.5705295084746, -25.2981100002789 ], [ -57.569720714995398, -25.298434583492099 ], [ -57.568743610312197, -25.298925998732098 ], [ -57.567649125351203, -25.299544285631399 ], [ -57.566491472163499, -25.300198928940599 ], [ -57.566441929902801, -25.3002262105692 ], [ -57.565330780686899, -25.300803907473099 ], [ -57.5641085942354, -25.301472325334899 ], [ -57.562886310819003, -25.302122672665199 ], [ -57.562468521125403, -25.302347676397599 ], [ -57.563144669079598, -25.3031466417338 ], [ -57.563529544339197, -25.3036012088223 ], [ -57.564304374806497, -25.304600624756901 ], [ -57.564694534007202, -25.3050551683748 ], [ -57.565117297970097, -25.305577314231499 ], [ -57.565731434723403, -25.306329000824899 ], [ -57.566564375393298, -25.307332696285801 ], [ -57.567615120227202, -25.3086380678909 ], [ -57.568335388473301, -25.309506729885399 ], [ -57.5690450685074, -25.310366398559299 ], [ -57.5697541386997, -25.311226065939099 ], [ -57.570449162358102, -25.312067723174501 ], [ -57.571193558532698, -25.3117171695521 ], [ -57.572365613441399, -25.311202404874201 ], [ -57.574314596012201, -25.3105265741086 ], [ -57.575759595795603, -25.310028780062801 ], [ -57.576954768675499, -25.309617738839499 ], [ -57.578357901711499, -25.3091336290179 ], [ -57.579524538481103, -25.308731709507299 ], [ -57.580379660452898, -25.308303916147501 ], [ -57.581342703423203, -25.307853116361301 ], [ -57.582343527949703, -25.3073841003003 ], [ -57.583445482984203, -25.306901131756501 ], [ -57.583934128317303, -25.306641830457501 ], [ -57.5837129151206, -25.3062814895892 ], [ -57.583446009121097, -25.305845943213999 ], [ -57.583409020985002, -25.3057855839449 ], [ -57.5830780618193, -25.305245503059201 ], [ -57.582391297724499, -25.304128444724999 ], [ -57.5820540182917, -25.303578920566601 ], [ -57.581906617560101, -25.3033311656311 ], [ -57.581430924281698, -25.3025293341246 ], [ -57.580954927411497, -25.301727502106701 ], [ -57.580487071518597, -25.300939181978599 ], [ -57.579989046543702, -25.300137433204799 ], [ -57.579512425432299, -25.2993310832525 ], [ -57.579038358429997, -25.298538267208102 ], [ -57.579001450885102, -25.298479714289801 ], [ -57.578591766580701, -25.2977769482094 ], [ -57.5785704866109, -25.2977409099502 ], [ -57.578243902825903, -25.297213910257302 ], [ -57.578130941036399, -25.297024713934402 ], [ -57.577104402973902, -25.295326496586799 ], [ -57.5761899415199, -25.295727411108999 ], [ -57.576082752592598, -25.295772982005602 ], [ -57.574963750938302, -25.296246931276801 ], [ -57.573935500736297, -25.296679882044 ], [ -57.572890876345099, -25.297130950202298 ], [ -57.571856466251802, -25.297577456213698 ], [ -57.570536680993001, -25.298107121621701 ], [ -57.5705295084746, -25.2981100002789 ] ] ] } },
{ "type": "Feature", "properties": { "FID": 19, "DIST_DESC": "ASUNCION", "BARLO_DESC": "SAN CRISTOBAL", "superficie": 141.96378711, "Pob_2012": 6589, "Shape__Area": 1745402.060546875, "Shape__Length": 5798.0063382542685, "fuente": "ArcGIS Online Mapa_Poblacion_Asuncion_WFL1 (derivado de INE 2012)" }, "geometry": { "type": "Polygon", "coordinates": [ [ [ -57.572575242236503, -25.290007153919301 ], [ -57.571458021370098, -25.290323036617899 ], [ -57.570366204242099, -25.2906297822467 ], [ -57.569234982937701, -25.2909411871412 ], [ -57.568148120818698, -25.291247897355301 ], [ -57.5670534954616, -25.291554629464699 ], [ -57.565947955869603, -25.291852364931501 ], [ -57.564734600676097, -25.292195657257601 ], [ -57.5636647674107, -25.292497754261198 ], [ -57.562866821991797, -25.2927265626716 ], [ -57.5627681760052, -25.292740484743199 ], [ -57.562703652967997, -25.2927497613539 ], [ -57.561697373749098, -25.292767142318599 ], [ -57.560192540400202, -25.292845108626501 ], [ -57.558577592230698, -25.292941537550998 ], [ -57.557002953964798, -25.2930287661524 ], [ -57.557509945281701, -25.293862168474799 ], [ -57.557995050293698, -25.294591801386002 ], [ -57.5585524052293, -25.295438554920299 ], [ -57.559109146159898, -25.296285308476801 ], [ -57.559650932615902, -25.297118570796599 ], [ -57.560177474936097, -25.2979428583822 ], [ -57.560738544195303, -25.2987805583087 ], [ -57.561279153000399, -25.299622848999402 ], [ -57.561812526955201, -25.3004425889538 ], [ -57.562345968677597, -25.3012758722051 ], [ -57.562886310819003, -25.302122672665199 ], [ -57.5641085942354, -25.301472325334899 ], [ -57.565330780686899, -25.300803907473099 ], [ -57.566441929902801, -25.3002262105692 ], [ -57.566491472163499, -25.300198928940599 ], [ -57.567649125351203, -25.299544285631399 ], [ -57.568743610312197, -25.298925998732098 ], [ -57.569720714995398, -25.298434583492099 ], [ -57.5705295084746, -25.2981100002789 ], [ -57.570536680993001, -25.298107121621701 ], [ -57.571856466251802, -25.297577456213698 ], [ -57.572890876345099, -25.297130950202298 ], [ -57.573935500736297, -25.296679882044 ], [ -57.574963750938302, -25.296246931276801 ], [ -57.576082752592598, -25.295772982005602 ], [ -57.5761899415199, -25.295727411108999 ], [ -57.577104402973902, -25.295326496586799 ], [ -57.577105870072103, -25.295325853297498 ], [ -57.576911527880497, -25.295005743983999 ], [ -57.576630410316, -25.294542702096901 ], [ -57.576136720171803, -25.293727376308301 ], [ -57.5756448981614, -25.292912041397098 ], [ -57.575187815183597, -25.292155267105901 ], [ -57.574382534960101, -25.290821898836601 ], [ -57.574142275360302, -25.290425494429499 ], [ -57.573697712193301, -25.2896867271856 ], [ -57.572575242236503, -25.290007153919301 ] ] ] } },
{ "type": "Feature", "properties": { "FID": 20, "DIST_DESC": "ASUNCION", "BARLO_DESC": "LUIS ALBERTO DE HERRERA", "superficie": 116.340811587, "Pob_2012": 5665, "Shape__Area": 1430476.330078125, "Shape__Length": 5058.965724861494, "fuente": "ArcGIS Online Mapa_Poblacion_Asuncion_WFL1 (derivado de INE 2012)" }, "geometry": { "type": "Polygon", "coordinates": [ [ [ -57.550152180201799, -25.293419755368799 ], [ -57.550146746857898, -25.2934202307692 ], [ -57.550270970092498, -25.293846422701201 ], [ -57.550276874511297, -25.293866681298699 ], [ -57.550379438261203, -25.2942185591099 ], [ -57.550379967407999, -25.294220032713799 ], [ -57.551104594284602, -25.2968793889419 ], [ -57.551114862784203, -25.296906891679601 ], [ -57.551204770118296, -25.297087164962701 ], [ -57.551688743560298, -25.298737929883998 ], [ -57.552164757637897, -25.300479027059701 ], [ -57.552585890383902, -25.3028479443959 ], [ -57.552872281477399, -25.304526535258599 ], [ -57.553131077523801, -25.306074287076601 ], [ -57.5531340902889, -25.306084503662699 ], [ -57.553162819914597, -25.306226647147501 ], [ -57.553394649523199, -25.307373682781702 ], [ -57.553798523424597, -25.307139470720902 ], [ -57.554695436695503, -25.306623782992499 ], [ -57.555633712184502, -25.306100999533101 ], [ -57.5557506924008, -25.306035617113501 ], [ -57.557992349078603, -25.304782678008799 ], [ -57.559241590703103, -25.3041096924245 ], [ -57.560452736273298, -25.303459417288199 ], [ -57.561664409384498, -25.302791069417399 ], [ -57.562468521125403, -25.302347676397599 ], [ -57.562886310819003, -25.302122672665199 ], [ -57.562345968677597, -25.3012758722051 ], [ -57.561812526955201, -25.3004425889538 ], [ -57.561279153000399, -25.299622848999402 ], [ -57.560738544195303, -25.2987805583087 ], [ -57.560177474936097, -25.2979428583822 ], [ -57.559650932615902, -25.297118570796599 ], [ -57.559109146159898, -25.296285308476801 ], [ -57.5585524052293, -25.295438554920299 ], [ -57.557995050293698, -25.294591801386002 ], [ -57.557509945281701, -25.293862168474799 ], [ -57.557002953964798, -25.2930287661524 ], [ -57.556941492121098, -25.2930289982279 ], [ -57.5553016849546, -25.293120969973 ], [ -57.555233415613102, -25.2931257421968 ], [ -57.553672678234499, -25.293199337279901 ], [ -57.552047143402497, -25.2932912193275 ], [ -57.550903240969298, -25.2933541940628 ], [ -57.550152180201799, -25.293419755368799 ] ] ] } },
{ "type": "Feature", "properties": { "FID": 21, "DIST_DESC": "ASUNCION", "BARLO_DESC": "SANTA MARIA", "superficie": 66.713020023599995, "Pob_2012": 4684, "Shape__Area": 820298.015625, "Shape__Length": 4561.2587491263539, "fuente": "ArcGIS Online Mapa_Poblacion_Asuncion_WFL1 (derivado de INE 2012)" }, "geometry": { "type": "Polygon", "coordinates": [ [ [ -57.553608757135997, -25.309358573173299 ], [ -57.553751999901003, -25.309359039430301 ], [ -57.553605479065098, -25.308542334284699 ], [ -57.553394649523199, -25.307373682781702 ], [ -57.553162819914597, -25.306226647147501 ], [ -57.5531340902889, -25.306084503662699 ], [ -57.553131077523801, -25.306074287076601 ], [ -57.552872281477399, -25.304526535258599 ], [ -57.552585890383902, -25.3028479443959 ], [ -57.552164757637897, -25.300479027059701 ], [ -57.551688743560298, -25.298737929883998 ], [ -57.551204770118296, -25.297087164962701 ], [ -57.551114862784203, -25.296906891679601 ], [ -57.551104594284602, -25.2968793889419 ], [ -57.550379967407999, -25.294220032713799 ], [ -57.550379438261203, -25.2942185591099 ], [ -57.550276874511297, -25.293866681298699 ], [ -57.550270970092498, -25.293846422701201 ], [ -57.550146746857898, -25.2934202307692 ], [ -57.550152180201799, -25.293419755368799 ], [ -57.550129198005003, -25.293335982348001 ], [ -57.549540688016002, -25.293939003850401 ], [ -57.549090921865698, -25.294399854677501 ], [ -57.549087677700903, -25.294403178227 ], [ -57.548657884452403, -25.2948435598895 ], [ -57.547717524760799, -25.2959261957682 ], [ -57.5465654817502, -25.297226341534699 ], [ -57.545264707679799, -25.298692545064299 ], [ -57.545257530994697, -25.298700633094999 ], [ -57.545213180522097, -25.298750726507301 ], [ -57.545222627014297, -25.298759059215499 ], [ -57.545260862787401, -25.298805444627799 ], [ -57.5455279557656, -25.299183855684799 ], [ -57.545538686313897, -25.2992003029137 ], [ -57.545745156926898, -25.2995167720482 ], [ -57.545847256866502, -25.299673266916301 ], [ -57.545988251730201, -25.299889375009499 ], [ -57.5460774172764, -25.300017891541401 ], [ -57.546198172999503, -25.300191938209199 ], [ -57.546260474192501, -25.300281733955501 ], [ -57.546398000964302, -25.300463134140799 ], [ -57.546462107821299, -25.3005581129121 ], [ -57.546716157171701, -25.300934502889501 ], [ -57.546721315358504, -25.300942145211199 ], [ -57.546722668032203, -25.300944287640501 ], [ -57.546730368852202, -25.3009564809193 ], [ -57.546742960090199, -25.300976415040299 ], [ -57.546759194149899, -25.301002118762501 ], [ -57.546860332509702, -25.301162251190899 ], [ -57.546879461059099, -25.301192536155099 ], [ -57.546926579633201, -25.301267138155598 ], [ -57.546928310501201, -25.301269878802898 ], [ -57.546961559758103, -25.301320880544601 ], [ -57.546994379917798, -25.301371222839901 ], [ -57.547113445380504, -25.3015538557061 ], [ -57.547237542637298, -25.3017442052879 ], [ -57.547269152683803, -25.301792691731801 ], [ -57.547407113967601, -25.301980978623501 ], [ -57.547446400331999, -25.302034595633302 ], [ -57.5476199658684, -25.302286383271301 ], [ -57.547668994909898, -25.3023575075119 ], [ -57.547707614832902, -25.302413531732899 ], [ -57.5478314392059, -25.302593157209198 ], [ -57.547962863403498, -25.302783809420699 ], [ -57.548269356179802, -25.303262431383899 ], [ -57.5485454562413, -25.303682635702899 ], [ -57.5486851654383, -25.303895261810901 ], [ -57.5489176644368, -25.304249105636298 ], [ -57.548932526359501, -25.304271249882799 ], [ -57.549104270998697, -25.3045271539617 ], [ -57.549189974568698, -25.304654854146499 ], [ -57.5495642052108, -25.305212461305601 ], [ -57.549566489548802, -25.305215866303701 ], [ -57.5495719015559, -25.305223317931201 ], [ -57.549750979962198, -25.3054698789417 ], [ -57.5498244769854, -25.305579598544099 ], [ -57.549911563405502, -25.305709604911701 ], [ -57.5499115824067, -25.305709632835299 ], [ -57.550229126570002, -25.306183672225199 ], [ -57.550463766785697, -25.306527040910002 ], [ -57.550630459200697, -25.306764236366501 ], [ -57.550974069715402, -25.307253175342399 ], [ -57.551159225508101, -25.307511723190999 ], [ -57.551370133984904, -25.3078062312673 ], [ -57.551396251430901, -25.307846790488899 ], [ -57.551566889184897, -25.308111783826298 ], [ -57.551669589746901, -25.308271271959001 ], [ -57.5518609031339, -25.3085807248317 ], [ -57.551948445599599, -25.308724031836402 ], [ -57.551963164473598, -25.308748125959099 ], [ -57.552030435408, -25.308858249657799 ], [ -57.552078181309803, -25.308936410018202 ], [ -57.552396922787402, -25.309311433622302 ], [ -57.552508408460398, -25.309312512227098 ], [ -57.553401658934902, -25.309321153675899 ], [ -57.5535314786733, -25.309322409220499 ], [ -57.553538609915897, -25.3093447562797 ], [ -57.553542951541402, -25.3093583596978 ], [ -57.553608757135997, -25.309358573173299 ] ] ] } },
{ "type": "Feature", "properties": { "FID": 22, "DIST_DESC": "ASUNCION", "BARLO_DESC": "YTAY", "superficie": 149.71427824099999, "Pob_2012": 3042, "Shape__Area": 1840447.46875, "Shape__Length": 7040.2341159322032, "fuente": "ArcGIS Online Mapa_Poblacion_Asuncion_WFL1 (derivado de INE 2012)" }, "geometry": { "type": "Polygon", "coordinates": [ [ [ -57.541831227361797, -25.291712470440199 ], [ -57.541825698120903, -25.291723768011298 ], [ -57.541825838687302, -25.291726341181398 ], [ -57.541825992216701, -25.291729149096302 ], [ -57.541821796027101, -25.291785825343101 ], [ -57.5418221906124, -25.291792808065701 ], [ -57.541822485996597, -25.291798032015599 ], [ -57.541845534343999, -25.291889993214401 ], [ -57.541849276046797, -25.291893318941 ], [ -57.541895970769197, -25.2919847056226 ], [ -57.541960432194202, -25.2920367986166 ], [ -57.542019210527599, -25.292090817894401 ], [ -57.542111577064702, -25.292138155779298 ], [ -57.542117509485401, -25.292140015928599 ], [ -57.5421817703497, -25.292201470552602 ], [ -57.5422502922614, -25.2922811582722 ], [ -57.542307391003099, -25.292355021757 ], [ -57.542371225862503, -25.292441689146099 ], [ -57.542444608509101, -25.2925202951069 ], [ -57.542520922706203, -25.292577731840201 ], [ -57.542620904727301, -25.292605902194399 ], [ -57.542726886185903, -25.292627763388602 ], [ -57.5428214157727, -25.292639608504299 ], [ -57.5428313001538, -25.292641578701801 ], [ -57.542839397347301, -25.292645511476799 ], [ -57.542843440961697, -25.2926474742703 ], [ -57.542904136234803, -25.2926825636677 ], [ -57.542916359377898, -25.292692224635701 ], [ -57.542964418171898, -25.292756873919 ], [ -57.542972425780199, -25.292764330708 ], [ -57.543007900626598, -25.292828849299301 ], [ -57.543034917627097, -25.292927102560199 ], [ -57.543048933405103, -25.292959430635602 ], [ -57.5430500012707, -25.292961892927199 ], [ -57.543069243995198, -25.293006276406199 ], [ -57.543186477038297, -25.293087164179099 ], [ -57.543282813119902, -25.293135171200699 ], [ -57.543366988022598, -25.2931896508492 ], [ -57.543498669244201, -25.293335345626701 ], [ -57.543560733044998, -25.293425058655501 ], [ -57.543651037907999, -25.2935238208605 ], [ -57.543739898913003, -25.293615522886299 ], [ -57.543742006317203, -25.2936194325376 ], [ -57.543785980448199, -25.293713275860298 ], [ -57.543786116386599, -25.293717028424201 ], [ -57.543783402557303, -25.2937962952882 ], [ -57.543783806565401, -25.293807144816501 ], [ -57.543791265985497, -25.293909468708701 ], [ -57.543791392616299, -25.293912916076799 ], [ -57.543795267508699, -25.293919797461299 ], [ -57.543817948562101, -25.294007374457301 ], [ -57.5438218541303, -25.294018904615701 ], [ -57.543823726312397, -25.294022188417902 ], [ -57.543831144623397, -25.294094800391701 ], [ -57.5437962496624, -25.2940932114474 ], [ -57.543789094258202, -25.294088440839399 ], [ -57.543728568803303, -25.294064469518499 ], [ -57.5437198235892, -25.2940644909187 ], [ -57.543673267864399, -25.2940742546939 ], [ -57.543611422531299, -25.294092437023298 ], [ -57.543564931255901, -25.294138046090101 ], [ -57.543503849863697, -25.294185887054201 ], [ -57.543445317832699, -25.294228049269101 ], [ -57.543376168714097, -25.294354387498299 ], [ -57.543335230200903, -25.294459324310999 ], [ -57.543336237348001, -25.2944659887029 ], [ -57.543337578106303, -25.294474848077002 ], [ -57.543340422183597, -25.2945339420504 ], [ -57.543341738105198, -25.294542577560101 ], [ -57.543342395024403, -25.294546884482202 ], [ -57.543374764027597, -25.294614654535501 ], [ -57.543379076363998, -25.294616717464098 ], [ -57.543432230826497, -25.294698482213199 ], [ -57.543436706764197, -25.2947024824769 ], [ -57.543484561150898, -25.2947540146473 ], [ -57.543488955277503, -25.294757933936499 ], [ -57.543521897110601, -25.2948374071422 ], [ -57.543522355193701, -25.2948412289565 ], [ -57.543521123226398, -25.294925838191801 ], [ -57.543471430836803, -25.2950204150243 ], [ -57.543417789920198, -25.2951076573884 ], [ -57.543347943508898, -25.295199351853402 ], [ -57.543312707308701, -25.295319180568299 ], [ -57.5433020029649, -25.2954898868995 ], [ -57.543299292793101, -25.2956208640177 ], [ -57.543313487352798, -25.295747371993698 ], [ -57.5433260185915, -25.295852821614101 ], [ -57.543215863034497, -25.296165515522201 ], [ -57.543238908807901, -25.2962876689135 ], [ -57.543283161564503, -25.296365881378801 ], [ -57.543339409687299, -25.296441770349499 ], [ -57.543414312640799, -25.2965117713313 ], [ -57.543485716952503, -25.296583524434102 ], [ -57.5435739942114, -25.2966619014773 ], [ -57.5435759249903, -25.296663615569098 ], [ -57.543642115605699, -25.296746336349901 ], [ -57.543645859406404, -25.296749642151401 ], [ -57.543682808521297, -25.2968182946599 ], [ -57.543735393234499, -25.296927503153999 ], [ -57.543779202943902, -25.296984658033399 ], [ -57.543781832832501, -25.2969903303091 ], [ -57.5438423098106, -25.297074350772501 ], [ -57.543834763596301, -25.297079099727501 ], [ -57.543931786045903, -25.297188433257698 ], [ -57.544144100151001, -25.2974232947827 ], [ -57.544417313904702, -25.297736823178901 ], [ -57.544574905602602, -25.297955719685898 ], [ -57.544774765251297, -25.298217201092601 ], [ -57.545051714618502, -25.298613606900702 ], [ -57.545120471210403, -25.298666789665901 ], [ -57.545180919629601, -25.298722266144999 ], [ -57.545213180522097, -25.298750726507301 ], [ -57.545257530994697, -25.298700633094999 ], [ -57.545264707679799, -25.298692545064299 ], [ -57.5465654817502, -25.297226341534699 ], [ -57.547717524760799, -25.2959261957682 ], [ -57.548657884452403, -25.2948435598895 ], [ -57.549087677700903, -25.294403178227 ], [ -57.549090921865698, -25.294399854677501 ], [ -57.549540688016002, -25.293939003850401 ], [ -57.550129198005003, -25.293335982348001 ], [ -57.550107786287903, -25.293257932394599 ], [ -57.549524899890798, -25.2911331800229 ], [ -57.549523370871498, -25.291133330206399 ], [ -57.549418917583097, -25.290754439452201 ], [ -57.549131983027102, -25.289694427244399 ], [ -57.548865899668598, -25.2887833395306 ], [ -57.548538836087097, -25.2876331702867 ], [ -57.548537182285102, -25.2876298604446 ], [ -57.547963390846903, -25.2854996005271 ], [ -57.547545791724801, -25.283952423347799 ], [ -57.547196562707498, -25.282698481735299 ], [ -57.547009077187496, -25.2820067355918 ], [ -57.5470090479063, -25.2820066291406 ], [ -57.546998640400702, -25.2819682267532 ], [ -57.546996756375897, -25.281954305116901 ], [ -57.546672794209698, -25.280727262046401 ], [ -57.546671545362599, -25.280720753885799 ], [ -57.546607990405803, -25.2804790463179 ], [ -57.546485854636103, -25.2800145459668 ], [ -57.546177011554803, -25.278832695341901 ], [ -57.546170619640399, -25.278817251576601 ], [ -57.546170602440803, -25.278817181202399 ], [ -57.545801251942997, -25.277330508852099 ], [ -57.545312853207498, -25.275693279816402 ], [ -57.545182012048102, -25.275445424614301 ], [ -57.545113731922598, -25.275445676834501 ], [ -57.545070260762003, -25.275441322148701 ], [ -57.545024535880202, -25.2754189147829 ], [ -57.544988122930803, -25.2753964730157 ], [ -57.544959116411199, -25.275364973395099 ], [ -57.5449396731725, -25.275319892713402 ], [ -57.544929829570101, -25.2752702613355 ], [ -57.544936807104399, -25.275234113589601 ], [ -57.544366894017301, -25.2750781831827 ], [ -57.544038296899799, -25.274957483166698 ], [ -57.543690940678601, -25.274798308452699 ], [ -57.543687366883802, -25.2747966708435 ], [ -57.542599690556898, -25.274298237597499 ], [ -57.542549192479598, -25.274392224843499 ], [ -57.542510061504402, -25.2744650587879 ], [ -57.542440531144898, -25.274584751736299 ], [ -57.542396895448903, -25.274726499493202 ], [ -57.542370438036102, -25.274867439993201 ], [ -57.542380630535099, -25.275051655403701 ], [ -57.542386728850303, -25.2752451800438 ], [ -57.542389552732097, -25.275422409439901 ], [ -57.542391022916597, -25.2757687615435 ], [ -57.542399172107601, -25.275829329841599 ], [ -57.542430094741398, -25.276059159733801 ], [ -57.542414992391002, -25.276257996343801 ], [ -57.542410974117402, -25.2764300511028 ], [ -57.542361192237102, -25.2765405957627 ], [ -57.542353036164201, -25.2765593658232 ], [ -57.542299406783002, -25.2766194639944 ], [ -57.542229714540298, -25.276663268743398 ], [ -57.542123011670398, -25.276681535723199 ], [ -57.542020556828298, -25.2767076670352 ], [ -57.541917083171697, -25.276795567001798 ], [ -57.541904410826902, -25.276806032922899 ], [ -57.541774157924401, -25.276893801748599 ], [ -57.541764334100797, -25.276903834573101 ], [ -57.541754664083697, -25.2769113762213 ], [ -57.541749671532898, -25.2769188103929 ], [ -57.541647727165497, -25.2770036107108 ], [ -57.541573436275897, -25.277096706032999 ], [ -57.541506007111003, -25.2771779064554 ], [ -57.5414993702096, -25.277186775276899 ], [ -57.541518699582397, -25.277279810572502 ], [ -57.541615177555002, -25.2773278635864 ], [ -57.541625831047099, -25.2773319929629 ], [ -57.541634156496897, -25.2773423890171 ], [ -57.541707999296001, -25.277375167783301 ], [ -57.541716285966103, -25.277381301580899 ], [ -57.541723222641799, -25.277418024817401 ], [ -57.541723134316101, -25.277420053391101 ], [ -57.541681002909201, -25.277472411536198 ], [ -57.541678764032298, -25.277476391366299 ], [ -57.541670112852501, -25.2774843500905 ], [ -57.541627062537302, -25.277531528088598 ], [ -57.541616597851501, -25.277537268351502 ], [ -57.5416082168868, -25.277543006384398 ], [ -57.541601874518904, -25.277550658624602 ], [ -57.541541682920297, -25.277590543265301 ], [ -57.541533413696698, -25.2775999761629 ], [ -57.541527264207701, -25.277601857205202 ], [ -57.541468104962298, -25.277642966175399 ], [ -57.541460001018599, -25.2776466749342 ], [ -57.5414539492552, -25.277652225608499 ], [ -57.541375852915998, -25.277699895143499 ], [ -57.541363954818301, -25.2777071577706 ], [ -57.541356011386299, -25.277710781048199 ], [ -57.5413521321979, -25.277716209964101 ], [ -57.54129229318, -25.277780529732802 ], [ -57.541299046646401, -25.277860598234501 ], [ -57.541338539594697, -25.277945040213101 ], [ -57.541338586695197, -25.277946701651601 ], [ -57.541411288702903, -25.278035229993399 ], [ -57.5414899326436, -25.278123866533001 ], [ -57.541492256295498, -25.278128241408901 ], [ -57.541499104400202, -25.278136959605799 ], [ -57.541501560327099, -25.278240499670002 ], [ -57.541499697875501, -25.278253210604799 ], [ -57.541499904163402, -25.2782616461364 ], [ -57.541500212373698, -25.278274247964401 ], [ -57.541444976535601, -25.278361137975502 ], [ -57.5414410198957, -25.278369260071301 ], [ -57.541437077055598, -25.278377358637002 ], [ -57.541437296563302, -25.278383402845002 ], [ -57.541435445682801, -25.278447060176799 ], [ -57.541435738756903, -25.278454910213799 ], [ -57.541436031726903, -25.2784627367719 ], [ -57.541442666003199, -25.2785302406648 ], [ -57.541443222091303, -25.278545433335001 ], [ -57.541409251472999, -25.278612808068299 ], [ -57.541407390691802, -25.2786164993372 ], [ -57.541385020659298, -25.278694604883199 ], [ -57.541428382900001, -25.278778913426098 ], [ -57.541432436598001, -25.278782362650599 ], [ -57.541489766467201, -25.278896442229101 ], [ -57.541512101610898, -25.278985903038102 ], [ -57.541504866375099, -25.279100755934 ], [ -57.541505020253901, -25.279109914096399 ], [ -57.541502857588597, -25.279114513135699 ], [ -57.541464606836698, -25.279198163892101 ], [ -57.541458168816902, -25.279204873693001 ], [ -57.541424470676297, -25.279317566057099 ], [ -57.5414248154406, -25.279328110602801 ], [ -57.541425022207903, -25.2793344167412 ], [ -57.5414540078852, -25.2793737375234 ], [ -57.541462693882004, -25.2793798554181 ], [ -57.5414692345718, -25.279385981184099 ], [ -57.541475857000698, -25.279396201075802 ], [ -57.541480150660703, -25.279398213569401 ], [ -57.541487645065502, -25.279450931376399 ], [ -57.541483608441503, -25.279458941787901 ], [ -57.541468012136001, -25.279508426521598 ], [ -57.541466077614899, -25.279514303441001 ], [ -57.541440783751298, -25.279570549667 ], [ -57.541440904062497, -25.279574383573099 ], [ -57.541439152765903, -25.279583947873402 ], [ -57.541408886331901, -25.279649927344 ], [ -57.541405133156999, -25.279657355149599 ], [ -57.541393229984799, -25.279710512572098 ], [ -57.541393683360603, -25.279721360143501 ], [ -57.541403872811202, -25.279776643561501 ], [ -57.541420975493303, -25.279895575620898 ], [ -57.5414179001938, -25.279956824484699 ], [ -57.541420971982298, -25.2800840998196 ], [ -57.541421075002901, -25.280088513546598 ], [ -57.541421381870002, -25.280101707777 ], [ -57.541405960242898, -25.280183858765302 ], [ -57.541404021488702, -25.2801923653785 ], [ -57.541402031504703, -25.2801987283407 ], [ -57.5413551347837, -25.2802741930354 ], [ -57.541347018348098, -25.280284526604301 ], [ -57.541341059001297, -25.2802948179434 ], [ -57.541273645116803, -25.280381676700099 ], [ -57.541269691820801, -25.2803856447511 ], [ -57.541266190748303, -25.280397516436601 ], [ -57.541228658833603, -25.2804924255122 ], [ -57.541222911491403, -25.280498121354299 ], [ -57.541219339700902, -25.280505696589501 ], [ -57.541172445272203, -25.280559789653701 ], [ -57.541113913351197, -25.280587274589799 ], [ -57.5409999213527, -25.280613328329402 ], [ -57.540995495400701, -25.280613295791699 ], [ -57.540899912541498, -25.2806525134379 ], [ -57.540891090349099, -25.280654669748799 ], [ -57.540877880458801, -25.280654669405799 ], [ -57.5407903890165, -25.2807047932491 ], [ -57.5407817174302, -25.280709109095302 ], [ -57.540724813100603, -25.2807901116445 ], [ -57.540691164417701, -25.280879252125199 ], [ -57.540648940789097, -25.280981082961301 ], [ -57.540581442858802, -25.2811531624709 ], [ -57.540546331057499, -25.281259585415199 ], [ -57.540511969427001, -25.281394103076 ], [ -57.540510317686902, -25.281402845224701 ], [ -57.540498444139402, -25.281522434373699 ], [ -57.540501261468897, -25.281532863302601 ], [ -57.540501800882197, -25.281541176603799 ], [ -57.540514187653599, -25.2816651650373 ], [ -57.540514719476597, -25.281673109922099 ], [ -57.540515117278701, -25.281679052334599 ], [ -57.540526838724801, -25.281762722055898 ], [ -57.540527090075599, -25.2817665464515 ], [ -57.540577610805698, -25.2818658033408 ], [ -57.540584220809897, -25.281876790905699 ], [ -57.540586318674301, -25.2818786182157 ], [ -57.540621381270398, -25.281943474976899 ], [ -57.540675785236203, -25.282034559454601 ], [ -57.540703901506603, -25.282133983275699 ], [ -57.540706604643503, -25.2821428431184 ], [ -57.540731819945499, -25.2822447826209 ], [ -57.5407363381672, -25.282249035679101 ], [ -57.540767936664302, -25.282326466507701 ], [ -57.540770635375999, -25.2823388067163 ], [ -57.540775234648997, -25.282347002188398 ], [ -57.540815707491902, -25.282464911261499 ], [ -57.5408179940544, -25.282470763669 ], [ -57.540836749209298, -25.282590560237999 ], [ -57.540837156045903, -25.282601671668399 ], [ -57.540883706025497, -25.282694123162301 ], [ -57.540889921175697, -25.2827065407823 ], [ -57.540928691024803, -25.282793360468901 ], [ -57.541001549980798, -25.2829023405999 ], [ -57.541025476683998, -25.283018211582799 ], [ -57.541025626126597, -25.283020553543899 ], [ -57.5410353774624, -25.283137807594098 ], [ -57.541052631426503, -25.283268411897001 ], [ -57.541077175749599, -25.2834272007088 ], [ -57.541092802945798, -25.283595435595998 ], [ -57.5410948482767, -25.283606905846799 ], [ -57.541086512804, -25.2837085203854 ], [ -57.541082158109297, -25.283846816618102 ], [ -57.541096344680099, -25.284004196712299 ], [ -57.5411122799064, -25.284239145894698 ], [ -57.5411066033653, -25.2844175495573 ], [ -57.541106624483902, -25.284420070792098 ], [ -57.541107761703401, -25.284550573426898 ], [ -57.5411078460494, -25.2845601815566 ], [ -57.541054755769103, -25.284641515188 ], [ -57.541000924644599, -25.284722893057101 ], [ -57.540994420693501, -25.284727349068898 ], [ -57.5409175022168, -25.2847890257625 ], [ -57.540911225984203, -25.284795557947898 ], [ -57.540802360456802, -25.284834435936499 ], [ -57.540789631985, -25.2848387233085 ], [ -57.540677340351003, -25.284893893926899 ], [ -57.5406025775386, -25.284962418505 ], [ -57.540592802446902, -25.284970614270399 ], [ -57.540510635725397, -25.2850454023854 ], [ -57.540485470960903, -25.285122609521501 ], [ -57.540487947430002, -25.2851950610827 ], [ -57.540505307015998, -25.285319522492799 ], [ -57.540521626811, -25.285431236659502 ], [ -57.540552381934901, -25.285536493513099 ], [ -57.540505980634002, -25.2856306293431 ], [ -57.540461754701099, -25.285701946179 ], [ -57.5404245164206, -25.285796366289599 ], [ -57.540420151707501, -25.2858012298428 ], [ -57.540357476681997, -25.285868503546698 ], [ -57.540355505330801, -25.285873275251799 ], [ -57.5403094725947, -25.285990130374401 ], [ -57.5403112790097, -25.286100577449002 ], [ -57.540359160122598, -25.286187907504299 ], [ -57.540392482809501, -25.2862682597309 ], [ -57.540454551930203, -25.286352451162699 ], [ -57.540537421499302, -25.2864360281418 ], [ -57.540615133485197, -25.2864979544172 ], [ -57.540676451355502, -25.286524656817299 ], [ -57.5407291724188, -25.2866026441251 ], [ -57.540752803504802, -25.286704591163399 ], [ -57.540762152587803, -25.286797411960102 ], [ -57.540765949459498, -25.2868024695637 ], [ -57.540788178031796, -25.286872144972801 ], [ -57.5407919053877, -25.286875412988302 ], [ -57.540836577299899, -25.286896543117201 ], [ -57.540842187317097, -25.2868965424184 ], [ -57.540936604729801, -25.286919072285801 ], [ -57.541036402805197, -25.2869758674995 ], [ -57.541046817263499, -25.2870289159154 ], [ -57.541063556465602, -25.287073802861698 ], [ -57.541072920376799, -25.2871000598732 ], [ -57.541077050399302, -25.2871058748072 ], [ -57.541127157600698, -25.287161015389898 ], [ -57.5411308890207, -25.287164747548498 ], [ -57.541192431981102, -25.2872214770677 ], [ -57.541241680094302, -25.287269232018399 ], [ -57.541248612231797, -25.287276179926501 ], [ -57.5412822400815, -25.287323934373401 ], [ -57.541287035813198, -25.2873879736152 ], [ -57.541293229543001, -25.287470686380299 ], [ -57.541293795499499, -25.287478246431199 ], [ -57.541292113501399, -25.287570130553501 ], [ -57.541282092508702, -25.287670653128 ], [ -57.541264226916702, -25.287825858775498 ], [ -57.541259575452798, -25.287922772931001 ], [ -57.5412652506066, -25.288016204971601 ], [ -57.541226023930697, -25.288063675843599 ], [ -57.5411710377522, -25.288123231314302 ], [ -57.5411701951464, -25.288128535298998 ], [ -57.541176645828898, -25.2881751522767 ], [ -57.541178895239199, -25.288180213738499 ], [ -57.541238412634101, -25.288237434688199 ], [ -57.5412951116706, -25.288286273022699 ], [ -57.541300382844398, -25.2882940596315 ], [ -57.541359334591903, -25.288357638259502 ], [ -57.541362732182698, -25.288363578686099 ], [ -57.541386954764803, -25.2884159912184 ], [ -57.541390122424403, -25.288420256430399 ], [ -57.541430452087901, -25.288499042067102 ], [ -57.541519145677597, -25.288594519111601 ], [ -57.541578407048597, -25.288636058520201 ], [ -57.541651364636103, -25.2886956428984 ], [ -57.541708423489702, -25.288733719022499 ], [ -57.541735370421002, -25.288788931774299 ], [ -57.541755973683003, -25.2888350813455 ], [ -57.5417578739969, -25.288899277481701 ], [ -57.541698333748599, -25.288913507817899 ], [ -57.541696386960297, -25.2889135221908 ], [ -57.541659379090198, -25.288937269174699 ], [ -57.541657444212802, -25.288937281697201 ], [ -57.541611224190198, -25.288981971670999 ], [ -57.541566525527401, -25.289031507220301 ], [ -57.541566905671303, -25.2890352444443 ], [ -57.541561787755299, -25.2891125190054 ], [ -57.541555700510102, -25.289179982796298 ], [ -57.541538768979201, -25.2892471143393 ], [ -57.541534094971198, -25.2893058097611 ], [ -57.541534968041098, -25.2893140766713 ], [ -57.541574237547799, -25.2893678788035 ], [ -57.5415800141555, -25.2893727087713 ], [ -57.541647711672603, -25.2894143995874 ], [ -57.541704391285599, -25.289441264851799 ], [ -57.541762503447899, -25.289473985615398 ], [ -57.541797814027703, -25.2895153148745 ], [ -57.5418400072761, -25.289570746129499 ], [ -57.541867340412601, -25.289660504437201 ], [ -57.5418677728955, -25.289728318147901 ], [ -57.541842959997098, -25.289786813019798 ], [ -57.541792757128498, -25.2898199983963 ], [ -57.5417145788456, -25.289850925920799 ], [ -57.541709143882997, -25.289854586968598 ], [ -57.541673357434, -25.2898818983175 ], [ -57.541656735050502, -25.289930528889901 ], [ -57.541655879437201, -25.289985224235298 ], [ -57.541687667241, -25.290035351302802 ], [ -57.541725000920003, -25.290071002003899 ], [ -57.541759274208502, -25.290096134393998 ], [ -57.541795416234898, -25.290129163389 ], [ -57.541818388180197, -25.290207142101899 ], [ -57.541861325635502, -25.290404047529002 ], [ -57.541963606257902, -25.290776811217501 ], [ -57.542054807810601, -25.291130284876701 ], [ -57.542092134901203, -25.291256843522401 ], [ -57.542124079872302, -25.291339519360498 ], [ -57.542111722311802, -25.291391175766499 ], [ -57.542081887882603, -25.291441821769499 ], [ -57.542027289747097, -25.291491485940501 ], [ -57.541930918042098, -25.2915919374583 ], [ -57.541859481858999, -25.291654284423402 ], [ -57.541856075947102, -25.291661696508498 ], [ -57.541833949158701, -25.291706908504501 ], [ -57.541831227361797, -25.291712470440199 ] ] ] } },
{ "type": "Feature", "properties": { "FID": 23, "DIST_DESC": "ASUNCION", "BARLO_DESC": "ÑU GUASU", "superficie": 142.20862782699999, "Pob_2012": 16, "Shape__Area": 1747540.427734375, "Shape__Length": 6193.1747164785183, "fuente": "ArcGIS Online Mapa_Poblacion_Asuncion_WFL1 (derivado de INE 2012)" }, "geometry": { "type": "Polygon", "coordinates": [ [ [ -57.535839300618598, -25.2591095213836 ], [ -57.535839254974697, -25.259109529676699 ], [ -57.535840531049097, -25.259115640516399 ], [ -57.535842962388699, -25.259210759228601 ], [ -57.535856738106901, -25.259301296221 ], [ -57.5358645851449, -25.259352873570901 ], [ -57.535871340063402, -25.2593972629749 ], [ -57.535930661422903, -25.259447125527199 ], [ -57.535974404529902, -25.259503485174999 ], [ -57.535999186961597, -25.259583970955301 ], [ -57.536004929594803, -25.259660158690899 ], [ -57.5360743473437, -25.2597459422634 ], [ -57.536117388287003, -25.259824635089899 ], [ -57.536178697072003, -25.260015380917 ], [ -57.536199040114099, -25.260156768363199 ], [ -57.536235667040302, -25.260325659621099 ], [ -57.536260614731297, -25.260618235574501 ], [ -57.536319016229299, -25.2608175166867 ], [ -57.536348544905998, -25.260922614989902 ], [ -57.536448419297301, -25.261075375453402 ], [ -57.536609377237397, -25.261399791736501 ], [ -57.536765065649902, -25.261584806589301 ], [ -57.5369517568543, -25.261901371681201 ], [ -57.537155720310402, -25.2622138081298 ], [ -57.5372551153893, -25.262328937762099 ], [ -57.537365579228997, -25.262469276364499 ], [ -57.537487579063303, -25.262561828531801 ], [ -57.537534091899303, -25.262677542404699 ], [ -57.537650432174402, -25.2628974200477 ], [ -57.537849571354201, -25.263355603887799 ], [ -57.537953049596098, -25.263518505823001 ], [ -57.538003915639301, -25.263576688302201 ], [ -57.538072372287701, -25.263653124149702 ], [ -57.538085837623299, -25.263787194489002 ], [ -57.538120800231603, -25.2638678377917 ], [ -57.538203846767502, -25.263980579051999 ], [ -57.538254725565601, -25.264106898435401 ], [ -57.538297416798599, -25.264192538089901 ], [ -57.538541619621803, -25.264749390095002 ], [ -57.538572552866803, -25.264806631848799 ], [ -57.538576122785202, -25.264886027747998 ], [ -57.538596905978302, -25.264992638416601 ], [ -57.538620340301001, -25.265069431487301 ], [ -57.5386685801043, -25.265181743163598 ], [ -57.538744829667699, -25.265281517586601 ], [ -57.538795043726999, -25.2653681283944 ], [ -57.538851956380498, -25.2654707240258 ], [ -57.5389148959976, -25.265564035936499 ], [ -57.538972321137599, -25.265626113346698 ], [ -57.539048574645697, -25.265723962280401 ], [ -57.539110452336097, -25.265775994087701 ], [ -57.539161935914201, -25.265840090667599 ], [ -57.539179691498497, -25.265914928498599 ], [ -57.539187047872097, -25.266011927258901 ], [ -57.539187229222499, -25.266014312457902 ], [ -57.539230351668202, -25.266094298934298 ], [ -57.5393117036162, -25.266181205788499 ], [ -57.5393828793867, -25.266291728444202 ], [ -57.5394586714892, -25.266418931608101 ], [ -57.5395444799275, -25.266564482433999 ], [ -57.539546645669802, -25.266566452200099 ], [ -57.539642439562897, -25.266693248023099 ], [ -57.539662853305899, -25.266776208942701 ], [ -57.539710736521101, -25.2668582602942 ], [ -57.539758362941498, -25.266929837175201 ], [ -57.539839955522503, -25.267033664206998 ], [ -57.539877022522099, -25.267170178326399 ], [ -57.5399320511846, -25.267321527076898 ], [ -57.540010013282199, -25.267474722630499 ], [ -57.540108942608001, -25.267633373511 ], [ -57.540219841665802, -25.2678347435855 ], [ -57.540368539838099, -25.268095000408699 ], [ -57.540628995241597, -25.268474594132599 ], [ -57.540650451038601, -25.268554924995101 ], [ -57.5407349619135, -25.268638266830202 ], [ -57.540780375956999, -25.268746376242301 ], [ -57.540780468741303, -25.268748489041101 ], [ -57.540839664383, -25.268797179580901 ], [ -57.540869909924098, -25.268856973529999 ], [ -57.540887232173901, -25.2689372201617 ], [ -57.540959112891997, -25.269042080878599 ], [ -57.541034480315197, -25.269173980563 ], [ -57.541036522285502, -25.269175793628499 ], [ -57.541074583152302, -25.269241676148901 ], [ -57.541174939214699, -25.269363984060199 ], [ -57.541309166505499, -25.269492382481999 ], [ -57.541401098466103, -25.269576904977399 ], [ -57.541483088984997, -25.269675240822199 ], [ -57.541534208890702, -25.2697341615523 ], [ -57.541577530053502, -25.269834553673 ], [ -57.541608236351202, -25.269944320579299 ], [ -57.541666759297001, -25.270108858359201 ], [ -57.541729862918103, -25.270449728795601 ], [ -57.541848494808299, -25.270892418367499 ], [ -57.541874854032201, -25.271002273398501 ], [ -57.541913672981202, -25.271091475068101 ], [ -57.541978110946303, -25.271221313837302 ], [ -57.542026202194101, -25.2713369263498 ], [ -57.542114504620002, -25.271490196453101 ], [ -57.542155039764097, -25.271554292366702 ], [ -57.542214828454398, -25.271685506283202 ], [ -57.542286511952597, -25.271795418666901 ], [ -57.542371320731803, -25.271927147432699 ], [ -57.5424697959388, -25.272050931451499 ], [ -57.542528829330699, -25.272123819991201 ], [ -57.542558006370697, -25.2721850533237 ], [ -57.542567510297602, -25.272229598360301 ], [ -57.542556235990197, -25.272290355478098 ], [ -57.542545428107097, -25.272347906858201 ], [ -57.542527362803398, -25.2724167585922 ], [ -57.542520112390697, -25.272514966658001 ], [ -57.542536798862002, -25.2726086563706 ], [ -57.542524951617303, -25.2726638654438 ], [ -57.542519711316999, -25.272741068397099 ], [ -57.542519802184103, -25.2728039492462 ], [ -57.542550777285001, -25.272913938860398 ], [ -57.542588909229302, -25.273036449132402 ], [ -57.542606674743098, -25.273127534078 ], [ -57.542645090534002, -25.273230764975199 ], [ -57.542643805550497, -25.273317901382601 ], [ -57.542668658595701, -25.2734269002482 ], [ -57.5426684540491, -25.2734295902832 ], [ -57.542702789263402, -25.273581320915799 ], [ -57.542709178791299, -25.273591478405798 ], [ -57.542710940820697, -25.273599104504701 ], [ -57.542755639260399, -25.273737975509199 ], [ -57.542759660070097, -25.273745224856199 ], [ -57.5427667762021, -25.273910241897099 ], [ -57.542765863522497, -25.273919405791901 ], [ -57.542691933425601, -25.274101947447001 ], [ -57.5426438704757, -25.274204804558199 ], [ -57.542603681857699, -25.274290808883901 ], [ -57.542599690556898, -25.274298237597499 ], [ -57.543687366883802, -25.2747966708435 ], [ -57.543690940678601, -25.274798308452699 ], [ -57.544038296899799, -25.274957483166698 ], [ -57.544366894017301, -25.2750781831827 ], [ -57.544936807104399, -25.275234113589601 ], [ -57.544953716269603, -25.2751979291704 ], [ -57.544987033857801, -25.275152653661799 ], [ -57.545037812448001, -25.275125374652301 ], [ -57.545097941265901, -25.275107091585902 ], [ -57.545128977600598, -25.275106976949001 ], [ -57.545176951867703, -25.274452088790301 ], [ -57.545224961031401, -25.274221633781099 ], [ -57.545447954238703, -25.273213909412 ], [ -57.545688323856297, -25.272206120373902 ], [ -57.545933401581301, -25.271071886452301 ], [ -57.546196622460798, -25.269901462870902 ], [ -57.546497932338802, -25.2685051351379 ], [ -57.546815034980199, -25.2671719616418 ], [ -57.546922528289699, -25.266643278947502 ], [ -57.547663983462897, -25.2633308498079 ], [ -57.548157174482697, -25.261202334749399 ], [ -57.548408893349098, -25.260036464185202 ], [ -57.548437924848699, -25.2598813783375 ], [ -57.5484380201707, -25.2598809336823 ], [ -57.548821108973797, -25.258124979344998 ], [ -57.548884646086798, -25.257831251507401 ], [ -57.548999275785, -25.257374784440302 ], [ -57.549045106645202, -25.2572843088982 ], [ -57.549132277026303, -25.2572061164304 ], [ -57.549132929797999, -25.257205089942602 ], [ -57.549126644763398, -25.257198215810199 ], [ -57.549141720169303, -25.2570310952472 ], [ -57.549173490732301, -25.256850366817201 ], [ -57.545875924018198, -25.2573863642662 ], [ -57.544727330904102, -25.2575757316623 ], [ -57.535839300618598, -25.2591095213836 ] ] ] } },
{ "type": "Feature", "properties": { "FID": 24, "DIST_DESC": "ASUNCION", "BARLO_DESC": "SALVADOR DEL MUNDO", "superficie": 57.1414202821, "Pob_2012": 3596, "Shape__Area": 702292.564453125, "Shape__Length": 3971.2493119863907, "fuente": "ArcGIS Online Mapa_Poblacion_Asuncion_WFL1 (derivado de INE 2012)" }, "geometry": { "type": "Polygon", "coordinates": [ [ [ -57.548104895032402, -25.268842335922901 ], [ -57.546874016582201, -25.269521920446898 ], [ -57.546849459207998, -25.269537177251902 ], [ -57.546196622460798, -25.269901462870902 ], [ -57.545933401581301, -25.271071886452301 ], [ -57.545688323856297, -25.272206120373902 ], [ -57.545447954238703, -25.273213909412 ], [ -57.545224961031401, -25.274221633781099 ], [ -57.545176951867703, -25.274452088790301 ], [ -57.545128977600598, -25.275106976949001 ], [ -57.545097941265901, -25.275107091585902 ], [ -57.545037812448001, -25.275125374652301 ], [ -57.544987033857801, -25.275152653661799 ], [ -57.544953716269603, -25.2751979291704 ], [ -57.544936807104399, -25.275234113589601 ], [ -57.544929829570101, -25.2752702613355 ], [ -57.5449396731725, -25.275319892713402 ], [ -57.544959116411199, -25.275364973395099 ], [ -57.544988122930803, -25.2753964730157 ], [ -57.545024535880202, -25.2754189147829 ], [ -57.545070260762003, -25.275441322148701 ], [ -57.545113731922598, -25.275445676834501 ], [ -57.545182012048102, -25.275445424614301 ], [ -57.545241420377003, -25.275404567912599 ], [ -57.545274758090699, -25.2753638075142 ], [ -57.545295120044202, -25.275336640795299 ], [ -57.5472820305569, -25.275882340475398 ], [ -57.547311969801498, -25.275892231618801 ], [ -57.547312037418003, -25.275892249428999 ], [ -57.5483585636442, -25.276187701859602 ], [ -57.549450799655297, -25.276485405813499 ], [ -57.549470510440599, -25.276491567075599 ], [ -57.550574300238502, -25.276790509164801 ], [ -57.550607130948102, -25.276803217193201 ], [ -57.550607216499799, -25.2768032475777 ], [ -57.551693034761101, -25.2771144448398 ], [ -57.553256977298702, -25.277587205555299 ], [ -57.553296496035898, -25.277603272528999 ], [ -57.553296653228998, -25.277603331540899 ], [ -57.554827756958602, -25.2781276524174 ], [ -57.555735811031802, -25.278444817621502 ], [ -57.556089195488902, -25.278619580734901 ], [ -57.556106785541097, -25.278461481036199 ], [ -57.555856167012998, -25.277884474470401 ], [ -57.555794779123097, -25.2777627941845 ], [ -57.555453864522299, -25.277190642133199 ], [ -57.555199044187603, -25.276780714042602 ], [ -57.555090214715399, -25.276600513758101 ], [ -57.554390976224603, -25.275650426022501 ], [ -57.554382853874699, -25.275654774912699 ], [ -57.554296399325402, -25.275685382485801 ], [ -57.553928967875798, -25.275132907881702 ], [ -57.5537820941097, -25.2749122121444 ], [ -57.553673970118801, -25.2747500690488 ], [ -57.5536498512405, -25.274154147322299 ], [ -57.553014609023798, -25.2732805715045 ], [ -57.552864176571902, -25.273096010043599 ], [ -57.552748068958202, -25.27295195708 ], [ -57.552677891366798, -25.272875460716101 ], [ -57.5524019089939, -25.2727229755655 ], [ -57.551544068024803, -25.272310781121 ], [ -57.550909800424598, -25.2720602961436 ], [ -57.550859028573498, -25.272019848423799 ], [ -57.550735618472103, -25.271907427794702 ], [ -57.550563075994098, -25.271704885397099 ], [ -57.550212654194198, -25.271286274109499 ], [ -57.549971539870803, -25.2708808004285 ], [ -57.5498863555936, -25.270641809661399 ], [ -57.549831761217803, -25.270303369422098 ], [ -57.549821966738001, -25.269851881055398 ], [ -57.5498082414355, -25.269698413725099 ], [ -57.549171648458497, -25.2682378427393 ], [ -57.549170858016197, -25.268236095569101 ], [ -57.549170646027903, -25.2682362155604 ], [ -57.548104895032402, -25.268842335922901 ] ] ] } },
{ "type": "Feature", "properties": { "FID": 25, "DIST_DESC": "ASUNCION", "BARLO_DESC": "SAN JORGE", "superficie": 169.13228808400001, "Pob_2012": 5189, "Shape__Area": 2079027.7734375, "Shape__Length": 6670.63953338794, "fuente": "ArcGIS Online Mapa_Poblacion_Asuncion_WFL1 (derivado de INE 2012)" }, "geometry": { "type": "Polygon", "coordinates": [ [ [ -57.545182012048102, -25.275445424614301 ], [ -57.545312853207498, -25.275693279816402 ], [ -57.545801251942997, -25.277330508852099 ], [ -57.546170602440803, -25.278817181202399 ], [ -57.546170619640399, -25.278817251576601 ], [ -57.546177011554803, -25.278832695341901 ], [ -57.546485854636103, -25.2800145459668 ], [ -57.546607990405803, -25.2804790463179 ], [ -57.546671545362599, -25.280720753885799 ], [ -57.546672794209698, -25.280727262046401 ], [ -57.546996756375897, -25.281954305116901 ], [ -57.546998640400702, -25.2819682267532 ], [ -57.5470090479063, -25.2820066291406 ], [ -57.547009077187496, -25.2820067355918 ], [ -57.547196562707498, -25.282698481735299 ], [ -57.547545791724801, -25.283952423347799 ], [ -57.547963390846903, -25.2854996005271 ], [ -57.548537182285102, -25.2876298604446 ], [ -57.548538836087097, -25.2876331702867 ], [ -57.548865899668598, -25.2887833395306 ], [ -57.549131983027102, -25.289694427244399 ], [ -57.549418917583097, -25.290754439452201 ], [ -57.549523370871498, -25.291133330206399 ], [ -57.549524899890798, -25.2911331800229 ], [ -57.550107786287903, -25.293257932394599 ], [ -57.550154865605897, -25.293212504227501 ], [ -57.550158407287199, -25.293209087434299 ], [ -57.5513997292204, -25.2920113144217 ], [ -57.552087604682498, -25.291326941128101 ], [ -57.552644927247698, -25.290729981115099 ], [ -57.552664744669599, -25.290711789040401 ], [ -57.552664819778798, -25.2907117047756 ], [ -57.553403104189897, -25.2898906500407 ], [ -57.5537075799297, -25.289552035262499 ], [ -57.553728363737697, -25.289535868565899 ], [ -57.5545333671704, -25.288811812336299 ], [ -57.555588303091199, -25.288103466529599 ], [ -57.556945513320599, -25.287249484947701 ], [ -57.558283603678802, -25.2863594415089 ], [ -57.559553407548101, -25.2854741603193 ], [ -57.5595579087136, -25.2854671681139 ], [ -57.559721419678702, -25.285363329627099 ], [ -57.560890572223997, -25.284728584540101 ], [ -57.562308488076702, -25.284199420281301 ], [ -57.564195211814102, -25.283564600237899 ], [ -57.564283750137903, -25.283442744082301 ], [ -57.564278958021497, -25.2834421627865 ], [ -57.563913116680297, -25.2833597930446 ], [ -57.563913065597703, -25.2833624933495 ], [ -57.5635919810627, -25.2832643850201 ], [ -57.562791720438703, -25.2829784646466 ], [ -57.562316724733101, -25.282686785398401 ], [ -57.561378569615798, -25.281909222024201 ], [ -57.560157813830003, -25.280817191750099 ], [ -57.559986383191003, -25.280724554928401 ], [ -57.559968134124396, -25.280714693370498 ], [ -57.559898922812501, -25.280686661722399 ], [ -57.559012728861198, -25.280265627244699 ], [ -57.557449601522201, -25.279548797240199 ], [ -57.5574519421194, -25.279544578389199 ], [ -57.556664926555598, -25.279023781623501 ], [ -57.556089195488902, -25.278619580734901 ], [ -57.555735811031802, -25.278444817621502 ], [ -57.554827756958602, -25.2781276524174 ], [ -57.553296653228998, -25.277603331540899 ], [ -57.553296496035898, -25.277603272528999 ], [ -57.553256977298702, -25.277587205555299 ], [ -57.551693034761101, -25.2771144448398 ], [ -57.550607216499799, -25.2768032475777 ], [ -57.550607130948102, -25.276803217193201 ], [ -57.550574300238502, -25.276790509164801 ], [ -57.549470510440599, -25.276491567075599 ], [ -57.549450799655297, -25.276485405813499 ], [ -57.5483585636442, -25.276187701859602 ], [ -57.547312037418003, -25.275892249428999 ], [ -57.547311969801498, -25.275892231618801 ], [ -57.5472820305569, -25.275882340475398 ], [ -57.545295120044202, -25.275336640795299 ], [ -57.545274758090699, -25.2753638075142 ], [ -57.545241420377003, -25.275404567912599 ], [ -57.545182012048102, -25.275445424614301 ] ] ] } },
{ "type": "Feature", "properties": { "FID": 26, "DIST_DESC": "ASUNCION", "BARLO_DESC": "YKUA SATI", "superficie": 147.0724704, "Pob_2012": 6519, "Shape__Area": 1808023.35546875, "Shape__Length": 6095.2493096810676, "fuente": "ArcGIS Online Mapa_Poblacion_Asuncion_WFL1 (derivado de INE 2012)" }, "geometry": { "type": "Polygon", "coordinates": [ [ [ -57.550107786287903, -25.293257932394599 ], [ -57.550129198005003, -25.293335982348001 ], [ -57.550152180201799, -25.293419755368799 ], [ -57.550903240969298, -25.2933541940628 ], [ -57.552047143402497, -25.2932912193275 ], [ -57.553672678234499, -25.293199337279901 ], [ -57.555233415613102, -25.2931257421968 ], [ -57.5553016849546, -25.293120969973 ], [ -57.556941492121098, -25.2930289982279 ], [ -57.557002953964798, -25.2930287661524 ], [ -57.558577592230698, -25.292941537550998 ], [ -57.560192540400202, -25.292845108626501 ], [ -57.561697373749098, -25.292767142318599 ], [ -57.562703652967997, -25.2927497613539 ], [ -57.5627681760052, -25.292740484743199 ], [ -57.562866821991797, -25.2927265626716 ], [ -57.5636647674107, -25.292497754261198 ], [ -57.564734600676097, -25.292195657257601 ], [ -57.565947955869603, -25.291852364931501 ], [ -57.5670534954616, -25.291554629464699 ], [ -57.568148120818698, -25.291247897355301 ], [ -57.569234982937701, -25.2909411871412 ], [ -57.570366204242099, -25.2906297822467 ], [ -57.571458021370098, -25.290323036617899 ], [ -57.572575242236503, -25.290007153919301 ], [ -57.573697712193301, -25.2896867271856 ], [ -57.573012280549499, -25.288551554373399 ], [ -57.572623115767101, -25.287907388091501 ], [ -57.572476086712598, -25.287664136470799 ], [ -57.571952089265999, -25.286794730034799 ], [ -57.571806712432199, -25.286704989008602 ], [ -57.571712176467202, -25.286601505144699 ], [ -57.571669208882099, -25.2865068518615 ], [ -57.571614516583203, -25.2864935180923 ], [ -57.571446045489999, -25.286376774807099 ], [ -57.5713244844748, -25.2862688801284 ], [ -57.569990927233803, -25.285653737935601 ], [ -57.569765927733698, -25.2855253793538 ], [ -57.568579953211803, -25.284735274121001 ], [ -57.567958343376503, -25.284358388927899 ], [ -57.567280854213202, -25.284044929142201 ], [ -57.566591514711497, -25.283785694476201 ], [ -57.566191856443098, -25.283678863101901 ], [ -57.565522142178303, -25.2835893623453 ], [ -57.565423602351899, -25.283581244139999 ], [ -57.564283750137903, -25.283442744082301 ], [ -57.564195211814102, -25.283564600237899 ], [ -57.562308488076702, -25.284199420281301 ], [ -57.560890572223997, -25.284728584540101 ], [ -57.559721419678702, -25.285363329627099 ], [ -57.5595579087136, -25.2854671681139 ], [ -57.559553407548101, -25.2854741603193 ], [ -57.558283603678802, -25.2863594415089 ], [ -57.556945513320599, -25.287249484947701 ], [ -57.555588303091199, -25.288103466529599 ], [ -57.5545333671704, -25.288811812336299 ], [ -57.553728363737697, -25.289535868565899 ], [ -57.5537075799297, -25.289552035262499 ], [ -57.553403104189897, -25.2898906500407 ], [ -57.552664819778798, -25.2907117047756 ], [ -57.552664744669599, -25.290711789040401 ], [ -57.552644927247698, -25.290729981115099 ], [ -57.552087604682498, -25.291326941128101 ], [ -57.5513997292204, -25.2920113144217 ], [ -57.550158407287199, -25.293209087434299 ], [ -57.550154865605897, -25.293212504227501 ], [ -57.550107786287903, -25.293257932394599 ] ] ] } },
{ "type": "Feature", "properties": { "FID": 27, "DIST_DESC": "ASUNCION", "BARLO_DESC": "VILLA MORRA", "superficie": 123.903598577, "Pob_2012": 3834, "Shape__Area": 1523200.607421875, "Shape__Length": 5173.8696107199094, "fuente": "ArcGIS Online Mapa_Poblacion_Asuncion_WFL1 (derivado de INE 2012)" }, "geometry": { "type": "Polygon", "coordinates": [ [ [ -57.572140370868702, -25.286475275496201 ], [ -57.571871443268499, -25.286542189916499 ], [ -57.571775821662101, -25.2865380453086 ], [ -57.571669208882099, -25.2865068518615 ], [ -57.571712176467202, -25.286601505144699 ], [ -57.571806712432199, -25.286704989008602 ], [ -57.571952089265999, -25.286794730034799 ], [ -57.572476086712598, -25.287664136470799 ], [ -57.572623115767101, -25.287907388091501 ], [ -57.573012280549499, -25.288551554373399 ], [ -57.573697712193301, -25.2896867271856 ], [ -57.574142275360302, -25.290425494429499 ], [ -57.574382534960101, -25.290821898836601 ], [ -57.575187815183597, -25.292155267105901 ], [ -57.5756448981614, -25.292912041397098 ], [ -57.576136720171803, -25.293727376308301 ], [ -57.576630410316, -25.294542702096901 ], [ -57.576911527880497, -25.295005743983999 ], [ -57.577105870072103, -25.295325853297498 ], [ -57.578037925304002, -25.294917800599301 ], [ -57.578909823534097, -25.294547319055201 ], [ -57.579353099469699, -25.2943514241848 ], [ -57.579825177163102, -25.294141869122601 ], [ -57.580718859521802, -25.293750044548499 ], [ -57.581624310996197, -25.2933536529927 ], [ -57.582515786695801, -25.292957311130799 ], [ -57.583420937955502, -25.292565425068702 ], [ -57.584327279654701, -25.292164498360101 ], [ -57.585229604210802, -25.291768097298299 ], [ -57.586131610915203, -25.291371692039601 ], [ -57.5870209054508, -25.29097984713 ], [ -57.587910817961699, -25.2905879944548 ], [ -57.588844134979801, -25.290186932784898 ], [ -57.589304449050303, -25.289990940320902 ], [ -57.589389346546, -25.2899589946324 ], [ -57.589387491390802, -25.289575208619901 ], [ -57.589636767351301, -25.289515514657801 ], [ -57.589229052212403, -25.288143928850701 ], [ -57.589226617594299, -25.288144527359101 ], [ -57.589143912746302, -25.287876781949301 ], [ -57.588719569189202, -25.2865030121005 ], [ -57.587975482844797, -25.286424705495001 ], [ -57.586759675960501, -25.286298604544701 ], [ -57.585436569498299, -25.286155221494599 ], [ -57.585314767935998, -25.286143322226799 ], [ -57.585314731159897, -25.286143316954501 ], [ -57.583798092381599, -25.285953650860101 ], [ -57.583558148081103, -25.285886871793998 ], [ -57.583263583215597, -25.285757095165799 ], [ -57.582345151036698, -25.285313038842801 ], [ -57.582327739951701, -25.285309447524899 ], [ -57.582327704156199, -25.2853094395388 ], [ -57.5819961661023, -25.285220273496599 ], [ -57.581066147394402, -25.285138149963402 ], [ -57.580228047266402, -25.285064689537499 ], [ -57.579253646897897, -25.284982729075899 ], [ -57.578989154592399, -25.2849747368093 ], [ -57.578631053086397, -25.284994202571799 ], [ -57.578452377414401, -25.285017479332801 ], [ -57.5783227437853, -25.2850405636521 ], [ -57.577619534835797, -25.285201351301499 ], [ -57.576530599517803, -25.285459163926902 ], [ -57.576429713374999, -25.285480024740199 ], [ -57.576429485168497, -25.285480076202301 ], [ -57.575496985734802, -25.285693311536502 ], [ -57.5752643981224, -25.2857464977067 ], [ -57.575264676720501, -25.285747863830998 ], [ -57.575175111643098, -25.285768372613401 ], [ -57.5747954752214, -25.285855301007398 ], [ -57.574783999520399, -25.2858579284256 ], [ -57.573800260459002, -25.286083178098 ], [ -57.572838450385802, -25.2863036465946 ], [ -57.5722924659161, -25.2864367071057 ], [ -57.572156077973098, -25.286471369414802 ], [ -57.572140370868702, -25.286475275496201 ] ] ] } },
{ "type": "Feature", "properties": { "FID": 28, "DIST_DESC": "ASUNCION", "BARLO_DESC": "RECOLETA", "superficie": 249.54149953000001, "Pob_2012": 9409, "Shape__Area": 3068101.33203125, "Shape__Length": 8049.4432239586495, "fuente": "ArcGIS Online Mapa_Poblacion_Asuncion_WFL1 (derivado de INE 2012)" }, "geometry": { "type": "Polygon", "coordinates": [ [ [ -57.589143912746302, -25.287876781949301 ], [ -57.589226617594299, -25.288144527359101 ], [ -57.589229052212403, -25.288143928850701 ], [ -57.589636767351301, -25.289515514657801 ], [ -57.589387491390802, -25.289575208619901 ], [ -57.589389346546, -25.2899589946324 ], [ -57.589304449050303, -25.289990940320902 ], [ -57.588844134979801, -25.290186932784898 ], [ -57.587910817961699, -25.2905879944548 ], [ -57.5870209054508, -25.29097984713 ], [ -57.586131610915203, -25.291371692039601 ], [ -57.585229604210802, -25.291768097298299 ], [ -57.584327279654701, -25.292164498360101 ], [ -57.583420937955502, -25.292565425068702 ], [ -57.582515786695801, -25.292957311130799 ], [ -57.581624310996197, -25.2933536529927 ], [ -57.580718859521802, -25.293750044548499 ], [ -57.579825177163102, -25.294141869122601 ], [ -57.579353099469699, -25.2943514241848 ], [ -57.578909823534097, -25.294547319055201 ], [ -57.578037925304002, -25.294917800599301 ], [ -57.577105870072103, -25.295325853297498 ], [ -57.577104402973902, -25.295326496586799 ], [ -57.578130941036399, -25.297024713934402 ], [ -57.578243902825903, -25.297213910257302 ], [ -57.5785704866109, -25.2977409099502 ], [ -57.578591766580701, -25.2977769482094 ], [ -57.579001450885102, -25.298479714289801 ], [ -57.579038358429997, -25.298538267208102 ], [ -57.579512425432299, -25.2993310832525 ], [ -57.579989046543702, -25.300137433204799 ], [ -57.580487071518597, -25.300939181978599 ], [ -57.580954927411497, -25.301727502106701 ], [ -57.581430924281698, -25.3025293341246 ], [ -57.581906617560101, -25.3033311656311 ], [ -57.5820540182917, -25.303578920566601 ], [ -57.582391297724499, -25.304128444724999 ], [ -57.5830780618193, -25.305245503059201 ], [ -57.583409020985002, -25.3057855839449 ], [ -57.583446009121097, -25.305845943213999 ], [ -57.5837129151206, -25.3062814895892 ], [ -57.583934128317303, -25.306641830457501 ], [ -57.584515188371398, -25.307592237208699 ], [ -57.585026849260601, -25.307341871479601 ], [ -57.585568845584397, -25.307073322691501 ], [ -57.586433159380299, -25.3066273972413 ], [ -57.587312103476201, -25.306190438927501 ], [ -57.588302024765603, -25.305721426248201 ], [ -57.589176008292903, -25.305288991952398 ], [ -57.590435871672597, -25.304665369217599 ], [ -57.5924588104062, -25.303663909794899 ], [ -57.5935441719868, -25.3031673876052 ], [ -57.593616660137897, -25.303135489374 ], [ -57.5946880305912, -25.303018292493299 ], [ -57.594430201621797, -25.302156927621098 ], [ -57.594190378488598, -25.301358702500401 ], [ -57.594076953584697, -25.300952790802999 ], [ -57.593843587710801, -25.300140993286799 ], [ -57.593732448619598, -25.299757648063899 ], [ -57.593552805639902, -25.299139787589201 ], [ -57.593459360003102, -25.298815952670299 ], [ -57.593444286616901, -25.298763717268599 ], [ -57.593317253547397, -25.298323482533501 ], [ -57.592919913573198, -25.296920850116699 ], [ -57.592888366818798, -25.2968171270897 ], [ -57.5926904642767, -25.296145156064199 ], [ -57.593662692050799, -25.295888394207498 ], [ -57.594671523289101, -25.295626963205599 ], [ -57.594733111578698, -25.295606434360401 ], [ -57.594699517830598, -25.2955190939328 ], [ -57.594651328784202, -25.295343946341401 ], [ -57.594596398839201, -25.295176077331099 ], [ -57.594498113102098, -25.295034927071701 ], [ -57.594447653601499, -25.294946924894901 ], [ -57.594417718162099, -25.294894716049001 ], [ -57.594412105746002, -25.294880033527701 ], [ -57.594334178598601, -25.294721108697701 ], [ -57.594323215883598, -25.294705972730799 ], [ -57.594233616863697, -25.2945677402226 ], [ -57.594227858588297, -25.2945573621802 ], [ -57.594160070029901, -25.294373206937799 ], [ -57.594159183527303, -25.294357217629798 ], [ -57.594097916721701, -25.294221843711501 ], [ -57.594071012470799, -25.294119330342799 ], [ -57.594719399940502, -25.294050961559702 ], [ -57.5948615015729, -25.293973629949299 ], [ -57.595197307030702, -25.293642664865999 ], [ -57.595468525123401, -25.293244231608099 ], [ -57.595967123259598, -25.292433995094999 ], [ -57.596153458212399, -25.292213604182201 ], [ -57.5962276032894, -25.292125908069501 ], [ -57.597034796625103, -25.291327965970499 ], [ -57.596987881238398, -25.291319125422401 ], [ -57.596987610619401, -25.291318629844302 ], [ -57.595080722679903, -25.2878185102164 ], [ -57.594960842668101, -25.287168802734101 ], [ -57.593078580456698, -25.2869662126554 ], [ -57.592721516023801, -25.286929100323899 ], [ -57.5927213510477, -25.286929081119801 ], [ -57.591615309741897, -25.286807226365902 ], [ -57.591188336105198, -25.2867652360625 ], [ -57.588719569189202, -25.2865030121005 ], [ -57.589143912746302, -25.287876781949301 ] ] ] } },
{ "type": "Feature", "properties": { "FID": 29, "DIST_DESC": "ASUNCION", "BARLO_DESC": "MANORA", "superficie": 69.062472614900003, "Pob_2012": 1872, "Shape__Area": 848934.341796875, "Shape__Length": 4628.8087149745215, "fuente": "ArcGIS Online Mapa_Poblacion_Asuncion_WFL1 (derivado de INE 2012)" }, "geometry": { "type": "Polygon", "coordinates": [ [ [ -57.575234683440598, -25.281407385773502 ], [ -57.575204250946001, -25.2814118056171 ], [ -57.574457603473903, -25.281520239768501 ], [ -57.572926658521702, -25.281756468828299 ], [ -57.572015711667198, -25.281895459994999 ], [ -57.571136709087199, -25.282029806687301 ], [ -57.5709380022506, -25.280955950674301 ], [ -57.569166973018802, -25.281224676124602 ], [ -57.568630397556902, -25.2813080190686 ], [ -57.567622526515898, -25.281429295691701 ], [ -57.566596030612402, -25.2815506369739 ], [ -57.565947447399303, -25.281643430725602 ], [ -57.565594444597203, -25.2816899365937 ], [ -57.5649306517032, -25.2817827841941 ], [ -57.563939037537097, -25.281931064911898 ], [ -57.563930038165097, -25.282468412183398 ], [ -57.563913116680297, -25.2833597930446 ], [ -57.564278958021497, -25.2834421627865 ], [ -57.564283750137903, -25.283442744082301 ], [ -57.565423602351899, -25.283581244139999 ], [ -57.565522142178303, -25.2835893623453 ], [ -57.566191856443098, -25.283678863101901 ], [ -57.566591514711497, -25.283785694476201 ], [ -57.567280854213202, -25.284044929142201 ], [ -57.567958343376503, -25.284358388927899 ], [ -57.568579953211803, -25.284735274121001 ], [ -57.569765927733698, -25.2855253793538 ], [ -57.569990927233803, -25.285653737935601 ], [ -57.5713244844748, -25.2862688801284 ], [ -57.571446045489999, -25.286376774807099 ], [ -57.571614516583203, -25.2864935180923 ], [ -57.571669208882099, -25.2865068518615 ], [ -57.571775821662101, -25.2865380453086 ], [ -57.571871443268499, -25.286542189916499 ], [ -57.572140370868702, -25.286475275496201 ], [ -57.572156077973098, -25.286471369414802 ], [ -57.5722924659161, -25.2864367071057 ], [ -57.572838450385802, -25.2863036465946 ], [ -57.573800260459002, -25.286083178098 ], [ -57.574783999520399, -25.2858579284256 ], [ -57.5747954752214, -25.285855301007398 ], [ -57.575175111643098, -25.285768372613401 ], [ -57.575264676720501, -25.285747863830998 ], [ -57.5752643981224, -25.2857464977067 ], [ -57.575496985734802, -25.285693311536502 ], [ -57.576429485168497, -25.285480076202301 ], [ -57.576429713374999, -25.285480024740199 ], [ -57.576530599517803, -25.285459163926902 ], [ -57.577619534835797, -25.285201351301499 ], [ -57.5783227437853, -25.2850405636521 ], [ -57.578452377414401, -25.285017479332801 ], [ -57.578631053086397, -25.284994202571799 ], [ -57.578989154592399, -25.2849747368093 ], [ -57.579253646897897, -25.284982729075899 ], [ -57.580228047266402, -25.285064689537499 ], [ -57.5804683326024, -25.284029757958201 ], [ -57.5804828068405, -25.283745241843899 ], [ -57.580094756289903, -25.282491535326798 ], [ -57.579602527273003, -25.280867988102099 ], [ -57.579363114561602, -25.280060702588401 ], [ -57.578254650634001, -25.280367570856701 ], [ -57.577997263399702, -25.280481459988099 ], [ -57.577195507695798, -25.280800664340202 ], [ -57.575869795018697, -25.281311549780099 ], [ -57.5756077182876, -25.281353209425799 ], [ -57.575234683440598, -25.281407385773502 ] ] ] } },
{ "type": "Feature", "properties": { "FID": 30, "DIST_DESC": "ASUNCION", "BARLO_DESC": "SANTO DOMINGO", "superficie": 106.018278184, "Pob_2012": 2549, "Shape__Area": 1303123.083984375, "Shape__Length": 5076.914324704966, "fuente": "ArcGIS Online Mapa_Poblacion_Asuncion_WFL1 (derivado de INE 2012)" }, "geometry": { "type": "Polygon", "coordinates": [ [ [ -57.584558143081303, -25.272653302018401 ], [ -57.583362817155503, -25.272951521401101 ], [ -57.582254298871597, -25.273231327809501 ], [ -57.5785388531189, -25.274161051772399 ], [ -57.578484235089498, -25.274174718548299 ], [ -57.5770479208701, -25.274534101757599 ], [ -57.577002028780001, -25.274544467551301 ], [ -57.577001759926098, -25.274544530009599 ], [ -57.576460169415697, -25.274673094634299 ], [ -57.576754464700798, -25.275682117828101 ], [ -57.576898774668798, -25.275613825302699 ], [ -57.576985407144299, -25.275622517087399 ], [ -57.577059658915402, -25.275703500938299 ], [ -57.578202756020403, -25.277473512377099 ], [ -57.578921069282799, -25.278608533956699 ], [ -57.579092001481399, -25.279113568879598 ], [ -57.579363114561602, -25.280060702588401 ], [ -57.579602527273003, -25.280867988102099 ], [ -57.580094756289903, -25.282491535326798 ], [ -57.5804828068405, -25.283745241843899 ], [ -57.5804683326024, -25.284029757958201 ], [ -57.580228047266402, -25.285064689537499 ], [ -57.581066147394402, -25.285138149963402 ], [ -57.5819961661023, -25.285220273496599 ], [ -57.582327704156199, -25.2853094395388 ], [ -57.582327739951701, -25.285309447524899 ], [ -57.582345151036698, -25.285313038842801 ], [ -57.583263583215597, -25.285757095165799 ], [ -57.583558148081103, -25.285886871793998 ], [ -57.583798092381599, -25.285953650860101 ], [ -57.585314731159897, -25.286143316954501 ], [ -57.585314767935998, -25.286143322226799 ], [ -57.585436569498299, -25.286155221494599 ], [ -57.586759675960501, -25.286298604544701 ], [ -57.587975482844797, -25.286424705495001 ], [ -57.588719569189202, -25.2865030121005 ], [ -57.588515063794901, -25.285839727748801 ], [ -57.5884958019384, -25.285777252535901 ], [ -57.588159230943297, -25.2846856133967 ], [ -57.5879063344128, -25.2839280642322 ], [ -57.587653468192002, -25.2831118165109 ], [ -57.587572194446402, -25.282863802987499 ], [ -57.587415132391001, -25.282386703414499 ], [ -57.587314407780802, -25.281962653600999 ], [ -57.587225353699701, -25.281657721194598 ], [ -57.586669749049101, -25.2798522218032 ], [ -57.586591420815701, -25.2795807257259 ], [ -57.586237092820603, -25.278380981054202 ], [ -57.585755000449403, -25.2767483836422 ], [ -57.585564130994896, -25.2761034636879 ], [ -57.585254949774203, -25.275057157374199 ], [ -57.585049260252099, -25.274362627791799 ], [ -57.585024458545298, -25.274277223937499 ], [ -57.584933431466901, -25.273961231573999 ], [ -57.584930744943797, -25.2739618508744 ], [ -57.5848297548334, -25.273599418146802 ], [ -57.584796441165402, -25.273483160191802 ], [ -57.584558889089003, -25.2726531256789 ], [ -57.584558143081303, -25.272653302018401 ] ] ] } },
{ "type": "Feature", "properties": { "FID": 31, "DIST_DESC": "ASUNCION", "BARLO_DESC": "LAS LOMAS", "superficie": 145.509034176, "Pob_2012": 5850, "Shape__Area": 1788459.98046875, "Shape__Length": 6780.8020230832635, "fuente": "ArcGIS Online Mapa_Poblacion_Asuncion_WFL1 (derivado de INE 2012)" }, "geometry": { "type": "Polygon", "coordinates": [ [ [ -57.567370750988999, -25.275424579071402 ], [ -57.567369998798199, -25.275425143658701 ], [ -57.567052541764298, -25.275647135374001 ], [ -57.565738551365897, -25.276555561692799 ], [ -57.564942836359599, -25.276985599677701 ], [ -57.564941936915403, -25.276986112439701 ], [ -57.564314560862698, -25.277344197924599 ], [ -57.564310673816998, -25.277346414418101 ], [ -57.563328027892503, -25.277928384624001 ], [ -57.562608340510003, -25.278321929396 ], [ -57.562602889652403, -25.278324910367001 ], [ -57.562353379746, -25.278550857494199 ], [ -57.5623532141026, -25.2785506901586 ], [ -57.561002119701001, -25.279792009985801 ], [ -57.560914293184602, -25.279872698826502 ], [ -57.560699991059799, -25.280069585650899 ], [ -57.560277098384098, -25.2804414414035 ], [ -57.559968134124396, -25.280714693370498 ], [ -57.559986383191003, -25.280724554928401 ], [ -57.560157813830003, -25.280817191750099 ], [ -57.561378569615798, -25.281909222024201 ], [ -57.562316724733101, -25.282686785398401 ], [ -57.562791720438703, -25.2829784646466 ], [ -57.5635919810627, -25.2832643850201 ], [ -57.563913065597703, -25.2833624933495 ], [ -57.563913116680297, -25.2833597930446 ], [ -57.563930038165097, -25.282468412183398 ], [ -57.563939037537097, -25.281931064911898 ], [ -57.5649306517032, -25.2817827841941 ], [ -57.565594444597203, -25.2816899365937 ], [ -57.565947447399303, -25.281643430725602 ], [ -57.566596030612402, -25.2815506369739 ], [ -57.567622526515898, -25.281429295691701 ], [ -57.568630397556902, -25.2813080190686 ], [ -57.569166973018802, -25.281224676124602 ], [ -57.5709380022506, -25.280955950674301 ], [ -57.571136709087199, -25.282029806687301 ], [ -57.572015711667198, -25.281895459994999 ], [ -57.572926658521702, -25.281756468828299 ], [ -57.574457603473903, -25.281520239768501 ], [ -57.575204250946001, -25.2814118056171 ], [ -57.575234683440598, -25.281407385773502 ], [ -57.5756077182876, -25.281353209425799 ], [ -57.575869795018697, -25.281311549780099 ], [ -57.577195507695798, -25.280800664340202 ], [ -57.577997263399702, -25.280481459988099 ], [ -57.578254650634001, -25.280367570856701 ], [ -57.579363114561602, -25.280060702588401 ], [ -57.579092001481399, -25.279113568879598 ], [ -57.578921069282799, -25.278608533956699 ], [ -57.578202756020403, -25.277473512377099 ], [ -57.577059658915402, -25.275703500938299 ], [ -57.576985407144299, -25.275622517087399 ], [ -57.576898774668798, -25.275613825302699 ], [ -57.576754464700798, -25.275682117828101 ], [ -57.576460169415697, -25.274673094634299 ], [ -57.577001759926098, -25.274544530009599 ], [ -57.577002028780001, -25.274544467551301 ], [ -57.5770479208701, -25.274534101757599 ], [ -57.576747994636499, -25.273722532266799 ], [ -57.576511347380801, -25.273362238203099 ], [ -57.575931039816503, -25.273048437502698 ], [ -57.5755979776552, -25.272842036049099 ], [ -57.575988177280102, -25.272528962628201 ], [ -57.576939542103297, -25.271829900795201 ], [ -57.576209648285896, -25.271056131742501 ], [ -57.575348208939602, -25.2701353264295 ], [ -57.575348448243702, -25.270135106959199 ], [ -57.575398028502903, -25.2700898119013 ], [ -57.575395364842599, -25.270088532733599 ], [ -57.574441070772799, -25.269175656718399 ], [ -57.574914012111698, -25.2686410174686 ], [ -57.574180996126501, -25.268120103087899 ], [ -57.572872982576698, -25.2696345380457 ], [ -57.572409341169703, -25.270199478090699 ], [ -57.572410219052799, -25.270200314520402 ], [ -57.572406636189903, -25.270204628726901 ], [ -57.571805711556799, -25.270965194496899 ], [ -57.570779174985503, -25.272350528754 ], [ -57.570228896984098, -25.273146185185301 ], [ -57.570220954140503, -25.273156483521099 ], [ -57.569995213540899, -25.273449209568401 ], [ -57.570000054660603, -25.2734552575434 ], [ -57.568645799139297, -25.274468327616699 ], [ -57.567370750988999, -25.275424579071402 ] ] ] } },
{ "type": "Feature", "properties": { "FID": 32, "DIST_DESC": "ASUNCION", "BARLO_DESC": "CAÑADA DEL YVYRAY", "superficie": 88.35032487, "Pob_2012": 1884, "Shape__Area": 1085763.70703125, "Shape__Length": 4650.783592450076, "fuente": "ArcGIS Online Mapa_Poblacion_Asuncion_WFL1 (derivado de INE 2012)" }, "geometry": { "type": "Polygon", "coordinates": [ [ [ -57.579152508573401, -25.262695942621701 ], [ -57.578897974264798, -25.2629452790305 ], [ -57.578406345299697, -25.263457427938 ], [ -57.578054760164399, -25.263856145983901 ], [ -57.577330198667802, -25.264594965155599 ], [ -57.576842795532102, -25.265084516206901 ], [ -57.5763180257564, -25.265685038976901 ], [ -57.575929847723799, -25.266153676980998 ], [ -57.575674588556602, -25.266453115425499 ], [ -57.575476945633298, -25.266666057084102 ], [ -57.574180996126501, -25.268120103087899 ], [ -57.574914012111698, -25.2686410174686 ], [ -57.574441070772799, -25.269175656718399 ], [ -57.575395364842599, -25.270088532733599 ], [ -57.575398028502903, -25.2700898119013 ], [ -57.575348448243702, -25.270135106959199 ], [ -57.575348208939602, -25.2701353264295 ], [ -57.576209648285896, -25.271056131742501 ], [ -57.576939542103297, -25.271829900795201 ], [ -57.575988177280102, -25.272528962628201 ], [ -57.5755979776552, -25.272842036049099 ], [ -57.575931039816503, -25.273048437502698 ], [ -57.576511347380801, -25.273362238203099 ], [ -57.576747994636499, -25.273722532266799 ], [ -57.5770479208701, -25.274534101757599 ], [ -57.578484235089498, -25.274174718548299 ], [ -57.5785388531189, -25.274161051772399 ], [ -57.582254298871597, -25.273231327809501 ], [ -57.583362817155503, -25.272951521401101 ], [ -57.584558143081303, -25.272653302018401 ], [ -57.584185657581997, -25.271464836686199 ], [ -57.5840237496542, -25.270912538654098 ], [ -57.583660684239803, -25.2696605916808 ], [ -57.583364462374099, -25.268708425588802 ], [ -57.583140175791698, -25.267926948377301 ], [ -57.5828617652801, -25.2670114555509 ], [ -57.5824787640219, -25.265729354807199 ], [ -57.582435129429697, -25.265583286640702 ], [ -57.582416914811503, -25.265514348555801 ], [ -57.582416886531398, -25.265514249332199 ], [ -57.582142046018198, -25.264598644892999 ], [ -57.5819339534142, -25.263913149452701 ], [ -57.581702533955799, -25.263150986513001 ], [ -57.581613621377699, -25.262857846418999 ], [ -57.581411694587899, -25.26217624313 ], [ -57.581409231912602, -25.262167931245401 ], [ -57.5813250266296, -25.261883691782099 ], [ -57.581176260973201, -25.261337933673499 ], [ -57.581049702177197, -25.260828209871001 ], [ -57.580775710520598, -25.261095687001301 ], [ -57.580627462742399, -25.261245272964601 ], [ -57.579152508573401, -25.262695942621701 ] ] ] } },
{ "type": "Feature", "properties": { "FID": 33, "DIST_DESC": "ASUNCION", "BARLO_DESC": "MBOCAYATY", "superficie": 157.29730438199999, "Pob_2012": 4910, "Shape__Area": 1932848.56640625, "Shape__Length": 7104.4423181124102, "fuente": "ArcGIS Online Mapa_Poblacion_Asuncion_WFL1 (derivado de INE 2012)" }, "geometry": { "type": "Polygon", "coordinates": [ [ [ -57.566347756840898, -25.256478456606999 ], [ -57.561979671496402, -25.256525573062 ], [ -57.561943856805399, -25.256525958606598 ], [ -57.557921107288998, -25.256569234668799 ], [ -57.553536657497403, -25.256585735848201 ], [ -57.551546286524697, -25.256660912619601 ], [ -57.551318266819798, -25.256675309921999 ], [ -57.549141720169303, -25.2570310952472 ], [ -57.549126644763398, -25.257198215810199 ], [ -57.549132929797999, -25.257205089942602 ], [ -57.549132277026303, -25.2572061164304 ], [ -57.549045106645202, -25.2572843088982 ], [ -57.548999275785, -25.257374784440302 ], [ -57.548884646086798, -25.257831251507401 ], [ -57.548821108973797, -25.258124979344998 ], [ -57.5484380201707, -25.2598809336823 ], [ -57.548437924848699, -25.2598813783375 ], [ -57.548408893349098, -25.260036464185202 ], [ -57.548157174482697, -25.261202334749399 ], [ -57.547663983462897, -25.2633308498079 ], [ -57.546922528289699, -25.266643278947502 ], [ -57.546815034980199, -25.2671719616418 ], [ -57.546497932338802, -25.2685051351379 ], [ -57.546196622460798, -25.269901462870902 ], [ -57.546849459207998, -25.269537177251902 ], [ -57.546874016582201, -25.269521920446898 ], [ -57.548104895032402, -25.268842335922901 ], [ -57.549170646027903, -25.2682362155604 ], [ -57.549170858016197, -25.268236095569101 ], [ -57.5509068776433, -25.2672876896664 ], [ -57.552707457706397, -25.2663146955102 ], [ -57.553687908441802, -25.2657827371564 ], [ -57.554509362116299, -25.2653387830992 ], [ -57.554521208506301, -25.265332381129902 ], [ -57.557587598828398, -25.263654922883699 ], [ -57.5588775325093, -25.262945666546901 ], [ -57.5598551382637, -25.262413678472701 ], [ -57.561307078215798, -25.261577359764701 ], [ -57.561964799865301, -25.261200092141198 ], [ -57.564380908317503, -25.259827271273 ], [ -57.565576077772299, -25.2591770175245 ], [ -57.5658525297534, -25.2590222087147 ], [ -57.566883189920901, -25.258445050024001 ], [ -57.568171091534097, -25.257722175506899 ], [ -57.568472521495401, -25.257561367015001 ], [ -57.568589329133097, -25.257494413995701 ], [ -57.570190602058602, -25.2565765486241 ], [ -57.5696707968645, -25.256506310993601 ], [ -57.569208816972399, -25.256458424863901 ], [ -57.568670625102698, -25.256437902428601 ], [ -57.567485911609197, -25.2564205396239 ], [ -57.566554300957399, -25.2564469578681 ], [ -57.566347756840898, -25.256478456606999 ] ] ] } },
{ "type": "Feature", "properties": { "FID": 34, "DIST_DESC": "ASUNCION", "BARLO_DESC": "MADAME ELISA ALICIA LINCH", "superficie": 190.020599194, "Pob_2012": 8424, "Shape__Area": 2335359.181640625, "Shape__Length": 6196.262616183305, "fuente": "ArcGIS Online Mapa_Poblacion_Asuncion_WFL1 (derivado de INE 2012)" }, "geometry": { "type": "Polygon", "coordinates": [ [ [ -57.549170858016197, -25.268236095569101 ], [ -57.549171648458497, -25.2682378427393 ], [ -57.5498082414355, -25.269698413725099 ], [ -57.549821966738001, -25.269851881055398 ], [ -57.549831761217803, -25.270303369422098 ], [ -57.5498863555936, -25.270641809661399 ], [ -57.549971539870803, -25.2708808004285 ], [ -57.550212654194198, -25.271286274109499 ], [ -57.550563075994098, -25.271704885397099 ], [ -57.550735618472103, -25.271907427794702 ], [ -57.550859028573498, -25.272019848423799 ], [ -57.550909800424598, -25.2720602961436 ], [ -57.551544068024803, -25.272310781121 ], [ -57.5524019089939, -25.2727229755655 ], [ -57.552677891366798, -25.272875460716101 ], [ -57.552748068958202, -25.27295195708 ], [ -57.552864176571902, -25.273096010043599 ], [ -57.553014609023798, -25.2732805715045 ], [ -57.5536498512405, -25.274154147322299 ], [ -57.553673970118801, -25.2747500690488 ], [ -57.5537820941097, -25.2749122121444 ], [ -57.553928967875798, -25.275132907881702 ], [ -57.554296399325402, -25.275685382485801 ], [ -57.554382853874699, -25.275654774912699 ], [ -57.554390976224603, -25.275650426022501 ], [ -57.555090214715399, -25.276600513758101 ], [ -57.555199044187603, -25.276780714042602 ], [ -57.555453864522299, -25.277190642133199 ], [ -57.555794779123097, -25.2777627941845 ], [ -57.555856167012998, -25.277884474470401 ], [ -57.556106785541097, -25.278461481036199 ], [ -57.556089195488902, -25.278619580734901 ], [ -57.556664926555598, -25.279023781623501 ], [ -57.5574519421194, -25.279544578389199 ], [ -57.557449601522201, -25.279548797240199 ], [ -57.559012728861198, -25.280265627244699 ], [ -57.559898922812501, -25.280686661722399 ], [ -57.559968134124396, -25.280714693370498 ], [ -57.560277098384098, -25.2804414414035 ], [ -57.560699991059799, -25.280069585650899 ], [ -57.560914293184602, -25.279872698826502 ], [ -57.561002119701001, -25.279792009985801 ], [ -57.5623532141026, -25.2785506901586 ], [ -57.562353379746, -25.278550857494199 ], [ -57.562602889652403, -25.278324910367001 ], [ -57.562608340510003, -25.278321929396 ], [ -57.563328027892503, -25.277928384624001 ], [ -57.564310673816998, -25.277346414418101 ], [ -57.564314560862698, -25.277344197924599 ], [ -57.564941936915403, -25.276986112439701 ], [ -57.564942836359599, -25.276985599677701 ], [ -57.565738551365897, -25.276555561692799 ], [ -57.567052541764298, -25.275647135374001 ], [ -57.567369998798199, -25.275425143658701 ], [ -57.567370750988999, -25.275424579071402 ], [ -57.566929660949398, -25.274731350295401 ], [ -57.5661767799213, -25.2735422176738 ], [ -57.565698872484802, -25.272817096792199 ], [ -57.565220122880802, -25.272110038399902 ], [ -57.564100947807603, -25.270395259559201 ], [ -57.563603145615701, -25.269623808656799 ], [ -57.563155481758301, -25.2690565967584 ], [ -57.5627071795871, -25.268484870593301 ], [ -57.5622561306431, -25.267922183916401 ], [ -57.561649081427802, -25.2671794796243 ], [ -57.5612865096696, -25.26662096834 ], [ -57.560923197083703, -25.266035367420699 ], [ -57.5605325970295, -25.265454384375602 ], [ -57.560142560238504, -25.2648598523248 ], [ -57.559749424928597, -25.264265330893799 ], [ -57.559359127369603, -25.263679828060699 ], [ -57.5588775325093, -25.262945666546901 ], [ -57.557587598828398, -25.263654922883699 ], [ -57.554521208506301, -25.265332381129902 ], [ -57.554509362116299, -25.2653387830992 ], [ -57.553687908441802, -25.2657827371564 ], [ -57.552707457706397, -25.2663146955102 ], [ -57.5509068776433, -25.2672876896664 ], [ -57.549170858016197, -25.268236095569101 ] ] ] } },
{ "type": "Feature", "properties": { "FID": 35, "DIST_DESC": "ASUNCION", "BARLO_DESC": "MBURUCUYA", "superficie": 210.79945471799999, "Pob_2012": 8510, "Shape__Area": 2590439.806640625, "Shape__Length": 6489.694648155064, "fuente": "ArcGIS Online Mapa_Poblacion_Asuncion_WFL1 (derivado de INE 2012)" }, "geometry": { "type": "Polygon", "coordinates": [ [ [ -57.5588775325093, -25.262945666546901 ], [ -57.559359127369603, -25.263679828060699 ], [ -57.559749424928597, -25.264265330893799 ], [ -57.560142560238504, -25.2648598523248 ], [ -57.5605325970295, -25.265454384375602 ], [ -57.560923197083703, -25.266035367420699 ], [ -57.5612865096696, -25.26662096834 ], [ -57.561649081427802, -25.2671794796243 ], [ -57.5622561306431, -25.267922183916401 ], [ -57.5627071795871, -25.268484870593301 ], [ -57.563155481758301, -25.2690565967584 ], [ -57.563603145615701, -25.269623808656799 ], [ -57.564100947807603, -25.270395259559201 ], [ -57.565220122880802, -25.272110038399902 ], [ -57.565698872484802, -25.272817096792199 ], [ -57.5661767799213, -25.2735422176738 ], [ -57.566929660949398, -25.274731350295401 ], [ -57.567370750988999, -25.275424579071402 ], [ -57.568645799139297, -25.274468327616699 ], [ -57.570000054660603, -25.2734552575434 ], [ -57.569995213540899, -25.273449209568401 ], [ -57.570220954140503, -25.273156483521099 ], [ -57.570228896984098, -25.273146185185301 ], [ -57.570779174985503, -25.272350528754 ], [ -57.571805711556799, -25.270965194496899 ], [ -57.572406636189903, -25.270204628726901 ], [ -57.572410219052799, -25.270200314520402 ], [ -57.572409341169703, -25.270199478090699 ], [ -57.572872982576698, -25.2696345380457 ], [ -57.574180996126501, -25.268120103087899 ], [ -57.575476945633298, -25.266666057084102 ], [ -57.575674588556602, -25.266453115425499 ], [ -57.575929847723799, -25.266153676980998 ], [ -57.5763180257564, -25.265685038976901 ], [ -57.576842795532102, -25.265084516206901 ], [ -57.577330198667802, -25.264594965155599 ], [ -57.578054760164399, -25.263856145983901 ], [ -57.578406345299697, -25.263457427938 ], [ -57.578897974264798, -25.2629452790305 ], [ -57.579152508573401, -25.262695942621701 ], [ -57.579072926159597, -25.262601434785999 ], [ -57.578374256671403, -25.261990101048301 ], [ -57.577992838118703, -25.261659794210601 ], [ -57.577478742552898, -25.2612260157658 ], [ -57.577477677845302, -25.261227034956299 ], [ -57.577444168693901, -25.261199059552801 ], [ -57.576941444792801, -25.260808199001499 ], [ -57.576902820318203, -25.2607858315213 ], [ -57.575694544954104, -25.2600861123736 ], [ -57.5754225764042, -25.259929139110799 ], [ -57.5748941675648, -25.259682859218 ], [ -57.574785075793798, -25.259647162010499 ], [ -57.574058576935101, -25.259379073889299 ], [ -57.573849743576403, -25.2593166722869 ], [ -57.573250928422198, -25.2591429039324 ], [ -57.572030272937603, -25.258781903328 ], [ -57.571533907745398, -25.2586167614677 ], [ -57.571072548120902, -25.2584379367946 ], [ -57.569823120435899, -25.257959632606301 ], [ -57.569450726231899, -25.2578256118857 ], [ -57.568589329133097, -25.257494413995701 ], [ -57.568472521495401, -25.257561367015001 ], [ -57.568171091534097, -25.257722175506899 ], [ -57.566883189920901, -25.258445050024001 ], [ -57.5658525297534, -25.2590222087147 ], [ -57.565576077772299, -25.2591770175245 ], [ -57.564380908317503, -25.259827271273 ], [ -57.561964799865301, -25.261200092141198 ], [ -57.561307078215798, -25.261577359764701 ], [ -57.5598551382637, -25.262413678472701 ], [ -57.5588775325093, -25.262945666546901 ] ] ] } },
{ "type": "Feature", "properties": { "FID": 36, "DIST_DESC": "ASUNCION", "BARLO_DESC": "LOMA PYTA", "superficie": 335.67752027099999, "Pob_2012": 7209, "Shape__Area": 4124115.234375, "Shape__Length": 9938.2532268807245, "fuente": "ArcGIS Online Mapa_Poblacion_Asuncion_WFL1 (derivado de INE 2012)" }, "geometry": { "type": "Polygon", "coordinates": [ [ [ -57.534358436489399, -25.246077113086201 ], [ -57.5331366960298, -25.2467633338693 ], [ -57.533054429765102, -25.2467546002487 ], [ -57.5319859001062, -25.2473646747763 ], [ -57.5309862789763, -25.2484402964946 ], [ -57.531030774257999, -25.248470582086799 ], [ -57.5311444679012, -25.248531620675099 ], [ -57.531325761377097, -25.248564045654401 ], [ -57.531538767124502, -25.248581148853301 ], [ -57.531767060094097, -25.248583077773301 ], [ -57.531950174729602, -25.248569858688299 ], [ -57.532074076952803, -25.248562587096099 ], [ -57.532160586203403, -25.2485676467834 ], [ -57.532261369540599, -25.2486276780587 ], [ -57.532295034557997, -25.2487533593746 ], [ -57.532357678212897, -25.248938694920501 ], [ -57.532410240360001, -25.249188940361702 ], [ -57.532453525887099, -25.2493648057728 ], [ -57.532476001616701, -25.249524906629102 ], [ -57.5325668206237, -25.2496410098971 ], [ -57.532662334950203, -25.249743989248099 ], [ -57.532798614766101, -25.249841899831999 ], [ -57.532993243185103, -25.249930058057299 ], [ -57.533149775153603, -25.250019989886699 ], [ -57.533282981214498, -25.250096476224499 ], [ -57.5334091601, -25.250152260931699 ], [ -57.533494240019003, -25.2502135635545 ], [ -57.533576126092498, -25.250355673875799 ], [ -57.533621720664897, -25.250482268972799 ], [ -57.533660233323999, -25.250702032397399 ], [ -57.5336719860694, -25.250916080452999 ], [ -57.533605503733497, -25.2511219893209 ], [ -57.5335831319235, -25.2513061413614 ], [ -57.533553148086398, -25.2515335482613 ], [ -57.533501516744003, -25.251767726785999 ], [ -57.533492129887897, -25.2518615915643 ], [ -57.533470975321301, -25.251994844889602 ], [ -57.5334700317146, -25.2521220993657 ], [ -57.533490106223198, -25.252349018356899 ], [ -57.5335095294433, -25.252510020405499 ], [ -57.533504402823901, -25.252700799921801 ], [ -57.533528752620299, -25.252865262722601 ], [ -57.5335326689748, -25.252930266607802 ], [ -57.533490128655103, -25.253038884223798 ], [ -57.533543925216101, -25.2531379336226 ], [ -57.533580725440501, -25.253241483821899 ], [ -57.533581303569399, -25.2532469849398 ], [ -57.533662470931603, -25.253484543230499 ], [ -57.533684082461299, -25.253615386176701 ], [ -57.533735077832603, -25.253820924621099 ], [ -57.533812051853602, -25.254011326073002 ], [ -57.533868681664302, -25.254153646621798 ], [ -57.533870988232003, -25.254155646673102 ], [ -57.533915586120003, -25.254248281367701 ], [ -57.533953508593903, -25.2543585262409 ], [ -57.534039226879599, -25.254528737982401 ], [ -57.534134132804198, -25.254671711057998 ], [ -57.534255821130799, -25.254914233655899 ], [ -57.534314669216798, -25.255019085533899 ], [ -57.5343696944295, -25.255177527547499 ], [ -57.534409646588799, -25.255338883152 ], [ -57.5344401974858, -25.255458613128599 ], [ -57.5344442276187, -25.255505459765601 ], [ -57.534444570981996, -25.255509493363402 ], [ -57.534455406177202, -25.255588760255598 ], [ -57.534455725139999, -25.255592663902 ], [ -57.534462935553101, -25.255680945543599 ], [ -57.534463552457602, -25.255688487414801 ], [ -57.534471109159398, -25.255781013956 ], [ -57.534541565066398, -25.255927777739199 ], [ -57.534593191725399, -25.2560709866057 ], [ -57.534695105633503, -25.256252356987499 ], [ -57.534870029744397, -25.256529963065201 ], [ -57.534915507122697, -25.256673376490401 ], [ -57.534963765836402, -25.2567689035771 ], [ -57.534966334706603, -25.2567754540453 ], [ -57.534984091768798, -25.256871940496399 ], [ -57.535002171226999, -25.256987608421198 ], [ -57.535057085322002, -25.257065429585001 ], [ -57.535131658769203, -25.257135362656001 ], [ -57.535136047785102, -25.257143022697299 ], [ -57.535149959475703, -25.257222166385301 ], [ -57.535200977995601, -25.257363177366202 ], [ -57.535332188098501, -25.257687607407298 ], [ -57.535429489963697, -25.257851568630599 ], [ -57.535467257023903, -25.2579982571819 ], [ -57.535550083305402, -25.2582212112397 ], [ -57.5356823005324, -25.258433431181501 ], [ -57.5356824771494, -25.258436114412699 ], [ -57.5357495215952, -25.2585520037061 ], [ -57.535749667994999, -25.2585545895171 ], [ -57.535783597030097, -25.2586362089035 ], [ -57.535774182965703, -25.258664274714601 ], [ -57.535762698663397, -25.2586985122729 ], [ -57.535762976507797, -25.258703443737001 ], [ -57.535757929371698, -25.258824191128799 ], [ -57.535806778649501, -25.258967048338398 ], [ -57.535807555241199, -25.258969317599998 ], [ -57.535816244715797, -25.258994730470601 ], [ -57.535839300618598, -25.2591095213836 ], [ -57.544727330904102, -25.2575757316623 ], [ -57.545875924018198, -25.2573863642662 ], [ -57.549173490732301, -25.256850366817201 ], [ -57.549141720169303, -25.2570310952472 ], [ -57.551318266819798, -25.256675309921999 ], [ -57.551546286524697, -25.256660912619601 ], [ -57.553536657497403, -25.256585735848201 ], [ -57.557921107288998, -25.256569234668799 ], [ -57.561943856805399, -25.256525958606598 ], [ -57.561979671496402, -25.256525573062 ], [ -57.566347756840898, -25.256478456606999 ], [ -57.565679359872497, -25.2560836767959 ], [ -57.564492283139401, -25.255523813359002 ], [ -57.563963542405403, -25.255263949157801 ], [ -57.562821600682703, -25.254730991139301 ], [ -57.5627870724784, -25.2547130617303 ], [ -57.561995194236303, -25.254318735413801 ], [ -57.561486013863103, -25.254058787714399 ], [ -57.561390896833899, -25.2540071679521 ], [ -57.561383265407997, -25.2540030248704 ], [ -57.560147835397103, -25.253332543226499 ], [ -57.559919363536999, -25.253206838985999 ], [ -57.5588540834651, -25.252601314883002 ], [ -57.5586018067414, -25.2524668108104 ], [ -57.557727745337402, -25.252009558373601 ], [ -57.557018066730897, -25.251736806230799 ], [ -57.556425020642202, -25.251522309566599 ], [ -57.555449646720497, -25.251164760728301 ], [ -57.554593308717998, -25.250847395712899 ], [ -57.554250889049797, -25.2506771013846 ], [ -57.554092908059403, -25.250600934801 ], [ -57.553253883504198, -25.250062249250799 ], [ -57.5528915741424, -25.249725991090799 ], [ -57.552864437416801, -25.249700805419199 ], [ -57.552153416292597, -25.2490730104596 ], [ -57.551334634528999, -25.2483400817461 ], [ -57.549715179627803, -25.246892203751699 ], [ -57.547888367326401, -25.245210282755899 ], [ -57.547073858731302, -25.244450221923501 ], [ -57.5461181787458, -25.2435507051269 ], [ -57.545696800621798, -25.243132342597701 ], [ -57.545658164338803, -25.243096363187899 ], [ -57.544928752136798, -25.242417250405602 ], [ -57.544481980337601, -25.242008008451499 ], [ -57.544251718159003, -25.241792124108098 ], [ -57.543188281561903, -25.240793648520999 ], [ -57.542580262170198, -25.241242894629799 ], [ -57.542175051512999, -25.241559193288602 ], [ -57.5421717318088, -25.241561784594399 ], [ -57.5417549747038, -25.241887091817102 ], [ -57.541480948767799, -25.242086768380702 ], [ -57.540961046305398, -25.2424679558411 ], [ -57.540897211689199, -25.242503806039998 ], [ -57.540410726243003, -25.2427770084632 ], [ -57.5390918445962, -25.243513301276099 ], [ -57.535823731878502, -25.2453177546676 ], [ -57.534358436489399, -25.246077113086201 ] ] ] } },
{ "type": "Feature", "properties": { "FID": 37, "DIST_DESC": "ASUNCION", "BARLO_DESC": "BELLA VISTA", "superficie": 162.27877633700001, "Pob_2012": 7012, "Shape__Area": 1994558.08984375, "Shape__Length": 6486.4733165546095, "fuente": "ArcGIS Online Mapa_Poblacion_Asuncion_WFL1 (derivado de INE 2012)" }, "geometry": { "type": "Polygon", "coordinates": [ [ [ -57.5840237496542, -25.270912538654098 ], [ -57.584185657581997, -25.271464836686199 ], [ -57.584558143081303, -25.272653302018401 ], [ -57.584558889089003, -25.2726531256789 ], [ -57.584796441165402, -25.273483160191802 ], [ -57.5848297548334, -25.273599418146802 ], [ -57.584930744943797, -25.2739618508744 ], [ -57.584933431466901, -25.273961231573999 ], [ -57.585024458545298, -25.274277223937499 ], [ -57.585049260252099, -25.274362627791799 ], [ -57.585254949774203, -25.275057157374199 ], [ -57.585564130994896, -25.2761034636879 ], [ -57.585755000449403, -25.2767483836422 ], [ -57.586237092820603, -25.278380981054202 ], [ -57.586591420815701, -25.2795807257259 ], [ -57.586669749049101, -25.2798522218032 ], [ -57.587225353699701, -25.281657721194598 ], [ -57.587314407780802, -25.281962653600999 ], [ -57.587415132391001, -25.282386703414499 ], [ -57.587572194446402, -25.282863802987499 ], [ -57.587653468192002, -25.2831118165109 ], [ -57.5879063344128, -25.2839280642322 ], [ -57.588159230943297, -25.2846856133967 ], [ -57.5884958019384, -25.285777252535901 ], [ -57.588515063794901, -25.285839727748801 ], [ -57.588719569189202, -25.2865030121005 ], [ -57.591188336105198, -25.2867652360625 ], [ -57.591615309741897, -25.286807226365902 ], [ -57.5927213510477, -25.286929081119801 ], [ -57.592721516023801, -25.286929100323899 ], [ -57.593078580456698, -25.2869662126554 ], [ -57.594960842668101, -25.287168802734101 ], [ -57.5948183072896, -25.2858193279259 ], [ -57.594678214113102, -25.2843975993719 ], [ -57.594674648362599, -25.284360121185799 ], [ -57.594674635783299, -25.28435998578 ], [ -57.594664474475103, -25.284253167796201 ], [ -57.594490152444799, -25.2823566443139 ], [ -57.594483899268603, -25.282357503920601 ], [ -57.594459366015101, -25.282100235298799 ], [ -57.594241501716397, -25.2798118965556 ], [ -57.5941450382415, -25.278805390794101 ], [ -57.594002195020998, -25.277324973224299 ], [ -57.593804621711598, -25.275311979079699 ], [ -57.593690240176798, -25.2741294506712 ], [ -57.5936016516401, -25.273208701249899 ], [ -57.593537769121099, -25.272581341921899 ], [ -57.593403719466501, -25.271213025314101 ], [ -57.593384236598197, -25.271069358714701 ], [ -57.593331097927901, -25.270480730851201 ], [ -57.593212897325401, -25.268893708154099 ], [ -57.593072037219898, -25.267643861297199 ], [ -57.5930674145757, -25.267602841863301 ], [ -57.592916756365703, -25.2676427006785 ], [ -57.592915667326203, -25.2676429886092 ], [ -57.591927907109898, -25.267905516513 ], [ -57.591632854999403, -25.267987973506902 ], [ -57.591255443492798, -25.268174610093901 ], [ -57.5899677505558, -25.2689338056419 ], [ -57.589967772879902, -25.2689343148704 ], [ -57.5899784611059, -25.2691595242825 ], [ -57.589555688343403, -25.269079939364101 ], [ -57.589497544169703, -25.269057595440199 ], [ -57.588480281721999, -25.268492735609001 ], [ -57.587517714133902, -25.267941196600098 ], [ -57.586567235293302, -25.267385087883198 ], [ -57.586300857073901, -25.267751879914901 ], [ -57.586299712020597, -25.267751261360999 ], [ -57.585924732005999, -25.2682726250139 ], [ -57.585634822110599, -25.2687245238439 ], [ -57.5851387820437, -25.269472279053399 ], [ -57.584878494810297, -25.269816468236399 ], [ -57.5846217905098, -25.270196764622401 ], [ -57.584210341947298, -25.2708621326829 ], [ -57.5840237496542, -25.270912538654098 ] ] ] } },
{ "type": "Feature", "properties": { "FID": 38, "DIST_DESC": "ASUNCION", "BARLO_DESC": "MARISCAL FRANCISCO SOLANO LOPEZ", "superficie": 157.78597073500001, "Pob_2012": 5140, "Shape__Area": 1939663.32421875, "Shape__Length": 5912.7095165971496, "fuente": "ArcGIS Online Mapa_Poblacion_Asuncion_WFL1 (derivado de INE 2012)" }, "geometry": { "type": "Polygon", "coordinates": [ [ [ -57.594490152444799, -25.2823566443139 ], [ -57.594664474475103, -25.284253167796201 ], [ -57.594674635783299, -25.28435998578 ], [ -57.594674648362599, -25.284360121185799 ], [ -57.594678214113102, -25.2843975993719 ], [ -57.5948183072896, -25.2858193279259 ], [ -57.594960842668101, -25.287168802734101 ], [ -57.595080722679903, -25.2878185102164 ], [ -57.596987610619401, -25.291318629844302 ], [ -57.596987881238398, -25.291319125422401 ], [ -57.597034796625103, -25.291327965970499 ], [ -57.597843226249203, -25.291470207988599 ], [ -57.597964251844203, -25.2914915006257 ], [ -57.598898752352497, -25.291663298827402 ], [ -57.599627895708203, -25.291797340804401 ], [ -57.600630366902898, -25.2919816206565 ], [ -57.603290807505303, -25.2924674367517 ], [ -57.605816700827503, -25.292945862792202 ], [ -57.605816929510297, -25.292945907005102 ], [ -57.605851209685198, -25.292951661262901 ], [ -57.605880423474702, -25.292956921589401 ], [ -57.607674624430601, -25.293279983552001 ], [ -57.607965789612599, -25.293332409931999 ], [ -57.607965912898898, -25.293332432902901 ], [ -57.608031039618503, -25.293345708264201 ], [ -57.608062701380497, -25.2933514168095 ], [ -57.608970314362701, -25.293515079129701 ], [ -57.609009524309201, -25.2935221487961 ], [ -57.609504117062997, -25.2936113319771 ], [ -57.611040791509097, -25.293884916772502 ], [ -57.611199720154303, -25.293884258307699 ], [ -57.610888905288, -25.2926890170307 ], [ -57.610477443832799, -25.291105883775401 ], [ -57.610172962649301, -25.289933190156699 ], [ -57.610078635272401, -25.289567848614698 ], [ -57.609550714270902, -25.287533672631898 ], [ -57.609530490343197, -25.285723157768 ], [ -57.609541349770502, -25.2846665540206 ], [ -57.609535756228198, -25.284355027686701 ], [ -57.6085797019282, -25.284530552290299 ], [ -57.607149649986297, -25.284825417535899 ], [ -57.606024673618101, -25.2850512880403 ], [ -57.605668070715403, -25.283621431238799 ], [ -57.605648429233199, -25.283530598072499 ], [ -57.605421669279004, -25.283555797071799 ], [ -57.605528924852699, -25.283102752063101 ], [ -57.604904120712803, -25.2829156759855 ], [ -57.604033603334003, -25.282625753425702 ], [ -57.603097708571198, -25.2822954559702 ], [ -57.602216558686798, -25.281987505139 ], [ -57.601314927276597, -25.281679632437299 ], [ -57.600630763200698, -25.281474719058 ], [ -57.600528583130298, -25.281461589307199 ], [ -57.599674649797301, -25.2815734274424 ], [ -57.5989201019935, -25.281698402931902 ], [ -57.598173886979502, -25.281814310367601 ], [ -57.5972217362972, -25.281962654243699 ], [ -57.5963021483416, -25.282106345194101 ], [ -57.595330994119799, -25.282241208070001 ], [ -57.594490152444799, -25.2823566443139 ] ] ] } },
{ "type": "Feature", "properties": { "FID": 39, "DIST_DESC": "ASUNCION", "BARLO_DESC": "VIRGEN DEL HUERTO", "superficie": 80.257242691200005, "Pob_2012": 4795, "Shape__Area": 986411.42578125, "Shape__Length": 4589.7751414431295, "fuente": "ArcGIS Online Mapa_Poblacion_Asuncion_WFL1 (derivado de INE 2012)" }, "geometry": { "type": "Polygon", "coordinates": [ [ [ -57.593212897325401, -25.268893708154099 ], [ -57.593331097927901, -25.270480730851201 ], [ -57.593384236598197, -25.271069358714701 ], [ -57.593403719466501, -25.271213025314101 ], [ -57.593537769121099, -25.272581341921899 ], [ -57.5936016516401, -25.273208701249899 ], [ -57.593690240176798, -25.2741294506712 ], [ -57.593804621711598, -25.275311979079699 ], [ -57.594002195020998, -25.277324973224299 ], [ -57.5941450382415, -25.278805390794101 ], [ -57.594241501716397, -25.2798118965556 ], [ -57.594459366015101, -25.282100235298799 ], [ -57.594483899268603, -25.282357503920601 ], [ -57.594490152444799, -25.2823566443139 ], [ -57.595330994119799, -25.282241208070001 ], [ -57.5963021483416, -25.282106345194101 ], [ -57.5972217362972, -25.281962654243699 ], [ -57.598173886979502, -25.281814310367601 ], [ -57.5989201019935, -25.281698402931902 ], [ -57.599674649797301, -25.2815734274424 ], [ -57.600528583130298, -25.281461589307199 ], [ -57.600630763200698, -25.281474719058 ], [ -57.600461201418199, -25.280762005016399 ], [ -57.600452333118, -25.280725919372902 ], [ -57.600213178741299, -25.279747090307399 ], [ -57.600040959392203, -25.2789982646167 ], [ -57.600004334628998, -25.278871987441999 ], [ -57.5998015465278, -25.278028466952801 ], [ -57.599529570421602, -25.2769368891942 ], [ -57.5993911900513, -25.2763143501206 ], [ -57.599335768927197, -25.2760888142192 ], [ -57.599090027632798, -25.2750919483349 ], [ -57.598957614062101, -25.2745461440776 ], [ -57.598803966093101, -25.273910121373099 ], [ -57.5985237854198, -25.272723754519799 ], [ -57.5985121034889, -25.272683164892101 ], [ -57.598406915837799, -25.272285660337001 ], [ -57.598392411235899, -25.272230848352599 ], [ -57.598316362962898, -25.271943462013699 ], [ -57.598203575591498, -25.271474335986198 ], [ -57.597912677041997, -25.2702518890673 ], [ -57.597825541225802, -25.269886508850199 ], [ -57.597788543501402, -25.269746686736902 ], [ -57.596663353493597, -25.2689520445394 ], [ -57.595512706918697, -25.268152980947299 ], [ -57.595267340340598, -25.268050120422501 ], [ -57.594638502764397, -25.267908167713198 ], [ -57.593072037219898, -25.267643861297199 ], [ -57.593212897325401, -25.268893708154099 ] ] ] } },
{ "type": "Feature", "properties": { "FID": 40, "DIST_DESC": "ASUNCION", "BARLO_DESC": "VIRGEN DE LA ASUNCION", "superficie": 127.938205397, "Pob_2012": 7480, "Shape__Area": 1572153.408203125, "Shape__Length": 6389.4640417342798, "fuente": "ArcGIS Online Mapa_Poblacion_Asuncion_WFL1 (derivado de INE 2012)" }, "geometry": { "type": "Polygon", "coordinates": [ [ [ -57.581321491961901, -25.2605686452853 ], [ -57.581309274325001, -25.260580312904899 ], [ -57.581049702177197, -25.260828209871001 ], [ -57.581176260973201, -25.261337933673499 ], [ -57.5813250266296, -25.261883691782099 ], [ -57.581409231912602, -25.262167931245401 ], [ -57.581411694587899, -25.26217624313 ], [ -57.581613621377699, -25.262857846418999 ], [ -57.581702533955799, -25.263150986513001 ], [ -57.5819339534142, -25.263913149452701 ], [ -57.582142046018198, -25.264598644892999 ], [ -57.582416886531398, -25.265514249332199 ], [ -57.582416914811503, -25.265514348555801 ], [ -57.582435129429697, -25.265583286640702 ], [ -57.5824787640219, -25.265729354807199 ], [ -57.5828617652801, -25.2670114555509 ], [ -57.583140175791698, -25.267926948377301 ], [ -57.583364462374099, -25.268708425588802 ], [ -57.583660684239803, -25.2696605916808 ], [ -57.5840237496542, -25.270912538654098 ], [ -57.584210341947298, -25.2708621326829 ], [ -57.5846217905098, -25.270196764622401 ], [ -57.584878494810297, -25.269816468236399 ], [ -57.5851387820437, -25.269472279053399 ], [ -57.585634822110599, -25.2687245238439 ], [ -57.585924732005999, -25.2682726250139 ], [ -57.586299712020597, -25.267751261360999 ], [ -57.586300857073901, -25.267751879914901 ], [ -57.586567235293302, -25.267385087883198 ], [ -57.587517714133902, -25.267941196600098 ], [ -57.588480281721999, -25.268492735609001 ], [ -57.589497544169703, -25.269057595440199 ], [ -57.589555688343403, -25.269079939364101 ], [ -57.5899784611059, -25.2691595242825 ], [ -57.589967772879902, -25.2689343148704 ], [ -57.5899677505558, -25.2689338056419 ], [ -57.591255443492798, -25.268174610093901 ], [ -57.591632854999403, -25.267987973506902 ], [ -57.591927907109898, -25.267905516513 ], [ -57.592915667326203, -25.2676429886092 ], [ -57.592916756365703, -25.2676427006785 ], [ -57.5930674145757, -25.267602841863301 ], [ -57.593072037219898, -25.267643861297199 ], [ -57.594638502764397, -25.267908167713198 ], [ -57.595267340340598, -25.268050120422501 ], [ -57.595512706918697, -25.268152980947299 ], [ -57.596663353493597, -25.2689520445394 ], [ -57.597788543501402, -25.269746686736902 ], [ -57.597644150926101, -25.2691602922337 ], [ -57.597602013242899, -25.268984369064601 ], [ -57.597354728791203, -25.267919776796798 ], [ -57.597074510300899, -25.2667830734901 ], [ -57.597094616214001, -25.2667062333114 ], [ -57.597197939114402, -25.266638086944099 ], [ -57.597312276433698, -25.266664715696798 ], [ -57.597738633661201, -25.2669700252677 ], [ -57.597915972614203, -25.267087167105899 ], [ -57.598023879375098, -25.2671649228656 ], [ -57.598118998454503, -25.2670723347644 ], [ -57.598263794970499, -25.2669182303135 ], [ -57.597557048519803, -25.2663928123639 ], [ -57.597142212606698, -25.2660848340638 ], [ -57.596534789744197, -25.2656338725944 ], [ -57.596354752491997, -25.265499143179699 ], [ -57.595580126086801, -25.264924321212 ], [ -57.594804267600502, -25.2643494999956 ], [ -57.593880195921301, -25.263658916085301 ], [ -57.593830030639801, -25.263630985286799 ], [ -57.5922199932984, -25.262429603975001 ], [ -57.591711450613502, -25.262050130321601 ], [ -57.590703087041298, -25.261299843526601 ], [ -57.590418622322296, -25.261087063172699 ], [ -57.590418286444802, -25.2610868116628 ], [ -57.590115708606497, -25.260859909952298 ], [ -57.589860619209801, -25.260673985076501 ], [ -57.589500360982498, -25.2604068009089 ], [ -57.589500300185001, -25.260406755096302 ], [ -57.588230963615501, -25.259454232956699 ], [ -57.587081921893301, -25.2585919910508 ], [ -57.586771663924601, -25.2583600412595 ], [ -57.586745845457202, -25.258340518833599 ], [ -57.586187222898801, -25.257918149998702 ], [ -57.585399081471699, -25.257352356801899 ], [ -57.584886377441499, -25.256952532326 ], [ -57.5839809170796, -25.257872709703101 ], [ -57.583256822899898, -25.258629616676998 ], [ -57.582341003278898, -25.259594977441999 ], [ -57.581321491961901, -25.2605686452853 ] ] ] } },
{ "type": "Feature", "properties": { "FID": 41, "DIST_DESC": "ASUNCION", "BARLO_DESC": "SANTISIMA TRINIDAD", "superficie": 91.648132531000002, "Pob_2012": 4187, "Shape__Area": 1126081.51953125, "Shape__Length": 4532.1518666891643, "fuente": "ArcGIS Online Mapa_Poblacion_Asuncion_WFL1 (derivado de INE 2012)" }, "geometry": { "type": "Polygon", "coordinates": [ [ [ -57.575865270784703, -25.253364030432 ], [ -57.575237506072398, -25.2537123693435 ], [ -57.574274623359202, -25.2542444007962 ], [ -57.574068799126998, -25.254358082237498 ], [ -57.573414521942098, -25.2547263592595 ], [ -57.572712292279498, -25.255126426129902 ], [ -57.570919953934997, -25.256134846661698 ], [ -57.570190602058602, -25.2565765486241 ], [ -57.568589329133097, -25.257494413995701 ], [ -57.569450726231899, -25.2578256118857 ], [ -57.569823120435899, -25.257959632606301 ], [ -57.571072548120902, -25.2584379367946 ], [ -57.571533907745398, -25.2586167614677 ], [ -57.572030272937603, -25.258781903328 ], [ -57.573250928422198, -25.2591429039324 ], [ -57.573849743576403, -25.2593166722869 ], [ -57.574058576935101, -25.259379073889299 ], [ -57.574785075793798, -25.259647162010499 ], [ -57.5748941675648, -25.259682859218 ], [ -57.5754225764042, -25.259929139110799 ], [ -57.575694544954104, -25.2600861123736 ], [ -57.576902820318203, -25.2607858315213 ], [ -57.576941444792801, -25.260808199001499 ], [ -57.577444168693901, -25.261199059552801 ], [ -57.577477677845302, -25.261227034956299 ], [ -57.577478742552898, -25.2612260157658 ], [ -57.577992838118703, -25.261659794210601 ], [ -57.578374256671403, -25.261990101048301 ], [ -57.579072926159597, -25.262601434785999 ], [ -57.579152508573401, -25.262695942621701 ], [ -57.580627462742399, -25.261245272964601 ], [ -57.580775710520598, -25.261095687001301 ], [ -57.581049702177197, -25.260828209871001 ], [ -57.581309274325001, -25.260580312904899 ], [ -57.581321491961901, -25.2605686452853 ], [ -57.582341003278898, -25.259594977441999 ], [ -57.583256822899898, -25.258629616676998 ], [ -57.5839809170796, -25.257872709703101 ], [ -57.584886377441499, -25.256952532326 ], [ -57.583779652831197, -25.256148684095798 ], [ -57.582022057112098, -25.254821322432001 ], [ -57.581954006194799, -25.2547759072255 ], [ -57.581824119684498, -25.254670888815799 ], [ -57.581822455186597, -25.254672719531801 ], [ -57.5808631517314, -25.253951122422301 ], [ -57.580153678273902, -25.253426738710601 ], [ -57.5800228778483, -25.253327917160799 ], [ -57.5792191078176, -25.252726029246901 ], [ -57.579112909071902, -25.252645171343801 ], [ -57.578277230032903, -25.252052433740001 ], [ -57.575958647362199, -25.253312216853601 ], [ -57.575865270784703, -25.253364030432 ] ] ] } },
{ "type": "Feature", "properties": { "FID": 42, "DIST_DESC": "ASUNCION", "BARLO_DESC": "PRESIDENTE CARLOS ANTONIO LOPEZ", "superficie": 151.83570471, "Pob_2012": 11552, "Shape__Area": 1866674.267578125, "Shape__Length": 6418.0445273207615, "fuente": "ArcGIS Online Mapa_Poblacion_Asuncion_WFL1 (derivado de INE 2012)" }, "geometry": { "type": "Polygon", "coordinates": [ [ [ -57.662690406415599, -25.299524777791198 ], [ -57.663464626493102, -25.299026968722 ], [ -57.663909804235502, -25.299431330620301 ], [ -57.664195599283502, -25.299696438762101 ], [ -57.664434735143402, -25.2999436958704 ], [ -57.665464464892999, -25.300747268062 ], [ -57.665628548824898, -25.300552375313998 ], [ -57.665756672766399, -25.300366675066101 ], [ -57.665265502623797, -25.300012193281901 ], [ -57.664837956353601, -25.299711605019901 ], [ -57.6650337907611, -25.298907021917 ], [ -57.665206494711597, -25.2980167546093 ], [ -57.665419885473398, -25.2971308186413 ], [ -57.665621671837201, -25.296243197241701 ], [ -57.665844246880397, -25.295372502049801 ], [ -57.666038333341902, -25.294477621820199 ], [ -57.666242637235598, -25.293578179950899 ], [ -57.666435835889999, -25.292692333429699 ], [ -57.666645361075901, -25.291783836946198 ], [ -57.666859775555899, -25.290861772481399 ], [ -57.6658814251942, -25.2906991306122 ], [ -57.664888488192702, -25.290536547955099 ], [ -57.663917590262599, -25.290373859378899 ], [ -57.662929887322797, -25.290202209537 ], [ -57.661938199412397, -25.290039601267701 ], [ -57.660961125507498, -25.289881435984601 ], [ -57.659963831982701, -25.2897143242891 ], [ -57.659011906308898, -25.289556033495799 ], [ -57.657998499738099, -25.2893934955807 ], [ -57.657009929123802, -25.2892308400472 ], [ -57.656035303867299, -25.2890636006473 ], [ -57.655048239205001, -25.288891894816299 ], [ -57.654029256740699, -25.288729354205199 ], [ -57.6530692521982, -25.288566545431401 ], [ -57.652035303567899, -25.288390511657401 ], [ -57.651946770187998, -25.288377357386 ], [ -57.6509834023107, -25.288223580174101 ], [ -57.649867468087997, -25.288038862488701 ], [ -57.648800029945299, -25.287867468589202 ], [ -57.647895694571297, -25.287722441821298 ], [ -57.648359841790203, -25.288384134984799 ], [ -57.648509982233797, -25.288600203945599 ], [ -57.649018523503102, -25.289320397089 ], [ -57.6495486820411, -25.290076614603599 ], [ -57.649667856432501, -25.290247666784101 ], [ -57.650096849279002, -25.290832750670798 ], [ -57.650174691516298, -25.290936256804901 ], [ -57.650261919060299, -25.291053267071 ], [ -57.650600706733698, -25.291543928133098 ], [ -57.650687983323898, -25.2916699682727 ], [ -57.651143993146199, -25.292313627029198 ], [ -57.651437917389103, -25.292714180391801 ], [ -57.651767926657897, -25.293186816565399 ], [ -57.652061593488298, -25.293596400071799 ], [ -57.6520991076749, -25.293645901210201 ], [ -57.652272351125802, -25.293884439746101 ], [ -57.652653611905301, -25.2944200596217 ], [ -57.653158668452001, -25.295117676701299 ], [ -57.6536103113094, -25.2957523161156 ], [ -57.653654417544999, -25.295815333145299 ], [ -57.654067642237003, -25.2964049895049 ], [ -57.654102984740902, -25.296454499719498 ], [ -57.654523975627903, -25.297044120239601 ], [ -57.654602159826503, -25.297152137489999 ], [ -57.655005029220803, -25.297719261056798 ], [ -57.655266813917898, -25.298083827429799 ], [ -57.655518452097603, -25.2984664990962 ], [ -57.655530761962297, -25.298476507804001 ], [ -57.6557504222489, -25.2986551052172 ], [ -57.655813392726103, -25.298704492139699 ], [ -57.656465631966903, -25.2989995918463 ], [ -57.656489665753199, -25.299008152192801 ], [ -57.657091719595698, -25.299222562345999 ], [ -57.657512093934997, -25.299405810878799 ], [ -57.658078020897001, -25.299696772922101 ], [ -57.658723643071802, -25.300086710582701 ], [ -57.6591918716965, -25.300450347342 ], [ -57.660836941114503, -25.299156300051202 ], [ -57.660837100366102, -25.299156174718799 ], [ -57.6609946082947, -25.299032272394399 ], [ -57.661148845817898, -25.2989109437653 ], [ -57.661284114259701, -25.2988967917805 ], [ -57.661325770165902, -25.298734660232 ], [ -57.661386708216099, -25.298774109637499 ], [ -57.661468211548502, -25.298818086703701 ], [ -57.661560729087, -25.298859095709901 ], [ -57.661618787866303, -25.298897692825602 ], [ -57.661707638772803, -25.2989600623049 ], [ -57.661812766616997, -25.299013951437701 ], [ -57.661938805927697, -25.299068414882001 ], [ -57.662010771679299, -25.2991373148474 ], [ -57.662025350944397, -25.2991473182338 ], [ -57.662079235030703, -25.299184292186101 ], [ -57.662138969937502, -25.299244283476099 ], [ -57.662237040498297, -25.299291431226401 ], [ -57.662309759617699, -25.299336220256102 ], [ -57.662385727288999, -25.299386895083199 ], [ -57.662524098091197, -25.2994192902677 ], [ -57.662526282915699, -25.2994213772979 ], [ -57.662616940743902, -25.299464405939801 ], [ -57.662660305970597, -25.299497095982701 ], [ -57.662690406415599, -25.299524777791198 ] ] ] } },
{ "type": "Feature", "properties": { "FID": 43, "DIST_DESC": "ASUNCION", "BARLO_DESC": "ROBERTO L. PETIT", "superficie": 157.22024944099999, "Pob_2012": 12373, "Shape__Area": 1933418.833984375, "Shape__Length": 7124.1069578753313, "fuente": "ArcGIS Online Mapa_Poblacion_Asuncion_WFL1 (derivado de INE 2012)" }, "geometry": { "type": "Polygon", "coordinates": [ [ [ -57.6308987772195, -25.3125122485406 ], [ -57.630696560920398, -25.313510968689801 ], [ -57.6306865316811, -25.3135495260846 ], [ -57.630769544540598, -25.313572053847601 ], [ -57.630921462890598, -25.3136412752526 ], [ -57.631101143128397, -25.313691668551002 ], [ -57.631295061987799, -25.3137673362301 ], [ -57.631322824983997, -25.313773675849301 ], [ -57.631530821990602, -25.313906096523301 ], [ -57.631544696017599, -25.313912419744302 ], [ -57.6317365336865, -25.314051015674298 ], [ -57.631745315240899, -25.314057360699099 ], [ -57.631752218820203, -25.3140636505589 ], [ -57.632029254291801, -25.314158555103699 ], [ -57.632264652770303, -25.3142407658354 ], [ -57.632292430017301, -25.3142471413294 ], [ -57.632466526015399, -25.314241615629999 ], [ -57.632578121515799, -25.314229558077098 ], [ -57.632628242602401, -25.314104395353599 ], [ -57.632642529242702, -25.314073085393002 ], [ -57.632642931750098, -25.3140354342985 ], [ -57.632700533412098, -25.313815751200199 ], [ -57.632707516017703, -25.313803205155299 ], [ -57.632846615146299, -25.3136780379089 ], [ -57.632867394745901, -25.313659281147299 ], [ -57.6330483275609, -25.313678708809999 ], [ -57.6332644599362, -25.313754769739599 ], [ -57.633460030134799, -25.313849685593802 ], [ -57.633555574304097, -25.3138666349613 ], [ -57.633640671303297, -25.3138817309909 ], [ -57.633668901763102, -25.313882034072101 ], [ -57.633869839373801, -25.3139296252943 ], [ -57.633901896507901, -25.313937517242699 ], [ -57.634188347226498, -25.3140678448495 ], [ -57.634359374948403, -25.3142683233668 ], [ -57.634374729712697, -25.314290336510201 ], [ -57.6344641609424, -25.314508397729799 ], [ -57.634472013621902, -25.314508423532299 ], [ -57.634659709603497, -25.314752818594499 ], [ -57.634683043155199, -25.314752895129299 ], [ -57.634895640341597, -25.3148668313017 ], [ -57.6349111251861, -25.3148668820034 ], [ -57.635105070490397, -25.314867186177299 ], [ -57.6351128356728, -25.314867194261598 ], [ -57.635159438660402, -25.314867237289299 ], [ -57.635182744132699, -25.314867259683599 ], [ -57.6354057624402, -25.3147962356547 ], [ -57.635606118314101, -25.314738798549801 ], [ -57.635645436349101, -25.314738722931299 ], [ -57.635709897317803, -25.3147172615584 ], [ -57.635864594297303, -25.314739032978299 ], [ -57.635885622704301, -25.314767606418101 ], [ -57.635908906883202, -25.314767740766001 ], [ -57.636032878227901, -25.314860471412601 ], [ -57.636083266743199, -25.3150112342691 ], [ -57.636105559388, -25.3150779301744 ], [ -57.6361996447419, -25.315360060394301 ], [ -57.636265661467498, -25.3155956482533 ], [ -57.636435016385498, -25.315912595897601 ], [ -57.6365953502061, -25.316085669192699 ], [ -57.636752418834099, -25.316220548994501 ], [ -57.636755193581301, -25.3162222383265 ], [ -57.636907497646703, -25.316314932486399 ], [ -57.637041570360203, -25.316420775803799 ], [ -57.637200380988197, -25.3165542225906 ], [ -57.637361916972402, -25.316688963203099 ], [ -57.637396267440998, -25.316717616067201 ], [ -57.637571513329398, -25.316851036519498 ], [ -57.637723897842399, -25.316941750006301 ], [ -57.637859938877803, -25.3170221329001 ], [ -57.637960995114597, -25.317097303056499 ], [ -57.637967030430801, -25.317103132213202 ], [ -57.638056088355903, -25.317189147301999 ], [ -57.6382082679213, -25.317232643277901 ], [ -57.6383571581976, -25.317206984490699 ], [ -57.638442889375099, -25.3172666920903 ], [ -57.638496911220003, -25.317449855415401 ], [ -57.638554227097302, -25.317548016238302 ], [ -57.638590548310297, -25.317610218849801 ], [ -57.638600242479001, -25.3176294385805 ], [ -57.638666977836202, -25.317781547374501 ], [ -57.638671357260797, -25.3178050380027 ], [ -57.638677558937601, -25.3179444866357 ], [ -57.638682258960202, -25.317953709732901 ], [ -57.638723095450203, -25.318072839908901 ], [ -57.6388132482071, -25.3181627779664 ], [ -57.639693208028199, -25.317657770291 ], [ -57.640450065662797, -25.317230057513299 ], [ -57.641222347028297, -25.3167842131217 ], [ -57.6420361761067, -25.316329153440599 ], [ -57.642418004455102, -25.316114250939101 ], [ -57.642495666406703, -25.316070540618799 ], [ -57.642788073523199, -25.315905965606898 ], [ -57.643556588370899, -25.315455610414801 ], [ -57.644337611401397, -25.315023257288999 ], [ -57.645049921321899, -25.314631837317599 ], [ -57.6450693611242, -25.314609176394299 ], [ -57.645081020929503, -25.3145548205006 ], [ -57.6450839044047, -25.314541385180501 ], [ -57.645313999049698, -25.314314619530599 ], [ -57.645449046366103, -25.3141966338343 ], [ -57.645572964836397, -25.314087727096101 ], [ -57.645610465079102, -25.3140828824408 ], [ -57.645753842021001, -25.314064359017902 ], [ -57.646018875992297, -25.313986439887302 ], [ -57.646087153904404, -25.314040322714 ], [ -57.646164459119198, -25.314002529635601 ], [ -57.646282859454303, -25.313944646260001 ], [ -57.6469069171686, -25.3135987560335 ], [ -57.6476849044668, -25.313125762210198 ], [ -57.647784869545397, -25.313066625760602 ], [ -57.648710982950703, -25.3125433087612 ], [ -57.64901144673, -25.312356864311301 ], [ -57.64954689751, -25.312747325889699 ], [ -57.649664549757901, -25.312766346406502 ], [ -57.649993505867499, -25.312246379672999 ], [ -57.650258746896498, -25.3117244799217 ], [ -57.655247493429201, -25.308892670740001 ], [ -57.652483182843497, -25.304956769847202 ], [ -57.652054499930401, -25.3052094659595 ], [ -57.651856135998699, -25.304948125222701 ], [ -57.651644622906801, -25.3046694570819 ], [ -57.651265599608401, -25.304093189308599 ], [ -57.650896014410002, -25.303539454675501 ], [ -57.650713610834501, -25.3032738643724 ], [ -57.649811120403399, -25.303788058936298 ], [ -57.649199228139501, -25.304133907453501 ], [ -57.648448667193698, -25.304557121326098 ], [ -57.6477161531352, -25.304989282512601 ], [ -57.646853682696097, -25.305503283442299 ], [ -57.646126626306902, -25.305912837027201 ], [ -57.645402262745101, -25.306304314586701 ], [ -57.644853149399701, -25.306609233939199 ], [ -57.643666078136199, -25.307269121416901 ], [ -57.642869411675498, -25.307728629981099 ], [ -57.642084489344199, -25.3081790528055 ], [ -57.641197114846896, -25.308688614407099 ], [ -57.640321767509803, -25.309184572978801 ], [ -57.639549459154502, -25.309616867008401 ], [ -57.638750876130601, -25.310071846776001 ], [ -57.637931533835598, -25.3105359424626 ], [ -57.637219557440503, -25.310931841968699 ], [ -57.636418092583199, -25.311373276201302 ], [ -57.635660347924997, -25.311805487276899 ], [ -57.635332803664298, -25.312041688486801 ], [ -57.6348759684954, -25.312251354753599 ], [ -57.634363942551701, -25.312474802656599 ], [ -57.634269156377599, -25.312515847103398 ], [ -57.633340908715603, -25.3129397495339 ], [ -57.633234347018899, -25.3129853590914 ], [ -57.633094497642603, -25.313017565992499 ], [ -57.632917894204702, -25.313027354665898 ], [ -57.632832091334002, -25.313005147120499 ], [ -57.631615952515503, -25.312694300016901 ], [ -57.6308987772195, -25.3125122485406 ] ] ] } },
{ "type": "Feature", "properties": { "FID": 44, "DIST_DESC": "ASUNCION", "BARLO_DESC": "LA CATEDRAL", "superficie": 82.737977021899994, "Pob_2012": 3929, "Shape__Area": 1017050.21875, "Shape__Length": 4496.1807897763811, "fuente": "ArcGIS Online Mapa_Poblacion_Asuncion_WFL1 (derivado de INE 2012)" }, "geometry": { "type": "Polygon", "coordinates": [ [ [ -57.628446676594699, -25.284140233494 ], [ -57.628673258747298, -25.284488518851401 ], [ -57.628674296964597, -25.284490113711001 ], [ -57.628777689850502, -25.284649040669201 ], [ -57.629266243532001, -25.285310691918198 ], [ -57.629652019838701, -25.285846069192701 ], [ -57.629655469298797, -25.285850855029 ], [ -57.629625836673299, -25.285863206842201 ], [ -57.6296226393127, -25.285864540731101 ], [ -57.630092812569302, -25.286571419403099 ], [ -57.630504387711397, -25.287170182164498 ], [ -57.6310359280535, -25.287917432028799 ], [ -57.631719178871599, -25.288948487493101 ], [ -57.632540484189498, -25.290082797025701 ], [ -57.633298321267603, -25.2911857677319 ], [ -57.634054659540197, -25.290744545067401 ], [ -57.634823647539903, -25.2902897185682 ], [ -57.635463642314498, -25.289921232484598 ], [ -57.636143245959602, -25.289529996906701 ], [ -57.636972627700104, -25.289052322962 ], [ -57.637762128059201, -25.288606423178599 ], [ -57.638457523670603, -25.288210593629199 ], [ -57.639085724158797, -25.287846658291301 ], [ -57.639946409792202, -25.287364317064799 ], [ -57.6392081637849, -25.2862748411975 ], [ -57.638423852500502, -25.285158469458501 ], [ -57.637725263108202, -25.2841094505842 ], [ -57.637188903757, -25.283335154452899 ], [ -57.636773918537799, -25.282740940245901 ], [ -57.636168441828403, -25.282102394234101 ], [ -57.635686081600397, -25.2816213471183 ], [ -57.6351936306284, -25.2811087353946 ], [ -57.635012556208501, -25.2809063308849 ], [ -57.634629158439502, -25.280533218932099 ], [ -57.635297387816003, -25.2799343373235 ], [ -57.634542627049001, -25.279233213922399 ], [ -57.634588087348902, -25.279201412037601 ], [ -57.634440082753301, -25.278732467750601 ], [ -57.633560621319099, -25.279476738991001 ], [ -57.633330737829802, -25.279676394591402 ], [ -57.633241265427202, -25.2798393257515 ], [ -57.632766040589303, -25.280310945096499 ], [ -57.632438053202598, -25.2805065047909 ], [ -57.632344197177801, -25.280543028626301 ], [ -57.632332959158397, -25.280470833596901 ], [ -57.6322640691142, -25.2805109185399 ], [ -57.631968470389801, -25.2806304270817 ], [ -57.631762939799401, -25.280744181769801 ], [ -57.6316977669495, -25.280739951011601 ], [ -57.631571462119297, -25.2808037044692 ], [ -57.631438064821701, -25.280876518570299 ], [ -57.631484514300801, -25.2809756541801 ], [ -57.6315105095522, -25.281020694921999 ], [ -57.631529962109397, -25.281061248461899 ], [ -57.631554429401596, -25.2811108109339 ], [ -57.631296120216597, -25.2811570682994 ], [ -57.631195745978999, -25.281193619301 ], [ -57.6310513400567, -25.2812980865464 ], [ -57.630799084996603, -25.281434621149302 ], [ -57.630733495696198, -25.2814755383286 ], [ -57.630733858288202, -25.281476127366801 ], [ -57.630855685916103, -25.2816733704807 ], [ -57.630855880222398, -25.281673683907801 ], [ -57.630805715188302, -25.281696474375199 ], [ -57.630765794012703, -25.281719221035001 ], [ -57.630660119917202, -25.2817512791353 ], [ -57.630531863333402, -25.2817382816684 ], [ -57.630467328577502, -25.2817430726287 ], [ -57.6303986194185, -25.281720790197799 ], [ -57.6302399704241, -25.281712437520401 ], [ -57.630186632509997, -25.281721695732202 ], [ -57.6299688277916, -25.281858081795502 ], [ -57.629953379952802, -25.281871693348201 ], [ -57.629862191639901, -25.281944325833699 ], [ -57.629839066277697, -25.281942190427699 ], [ -57.629675253033497, -25.281927062912199 ], [ -57.6295108925843, -25.2819548554276 ], [ -57.629364155093803, -25.281969026993 ], [ -57.629286723135301, -25.282000963650699 ], [ -57.6292419753063, -25.282050821688401 ], [ -57.629211247553798, -25.2820509527259 ], [ -57.628899871739002, -25.282038734616201 ], [ -57.628076101057196, -25.2820964258426 ], [ -57.628392838130097, -25.282546597292999 ], [ -57.628590013269502, -25.282803123819399 ], [ -57.629188208094597, -25.283721674820701 ], [ -57.629093821985698, -25.283776259681101 ], [ -57.628911830335603, -25.283876369922599 ], [ -57.628446676594699, -25.284140233494 ] ] ] } },
{ "type": "Feature", "properties": { "FID": 45, "DIST_DESC": "ASUNCION", "BARLO_DESC": "LA ENCARNACION", "superficie": 105.926685014, "Pob_2012": 7545, "Shape__Area": 1302020.30859375, "Shape__Length": 5394.866249896917, "fuente": "ArcGIS Online Mapa_Poblacion_Asuncion_WFL1 (derivado de INE 2012)" }, "geometry": { "type": "Polygon", "coordinates": [ [ [ -57.632709424469297, -25.276056402483299 ], [ -57.633167971885499, -25.276784893348101 ], [ -57.633174094689302, -25.276794620815199 ], [ -57.633695887465599, -25.277623577139298 ], [ -57.633719818225202, -25.277702896745499 ], [ -57.633743493134197, -25.2777333413066 ], [ -57.633777137635299, -25.277742360864998 ], [ -57.634030111799703, -25.277664127471901 ], [ -57.634322193715299, -25.278145998630102 ], [ -57.634347060643101, -25.278272317324198 ], [ -57.634359799347997, -25.278394172949302 ], [ -57.634364969892097, -25.278493485108701 ], [ -57.634440082753301, -25.278732467750601 ], [ -57.634588087348902, -25.279201412037601 ], [ -57.634542627049001, -25.279233213922399 ], [ -57.635297387816003, -25.2799343373235 ], [ -57.634629158439502, -25.280533218932099 ], [ -57.635012556208501, -25.2809063308849 ], [ -57.6351936306284, -25.2811087353946 ], [ -57.635686081600397, -25.2816213471183 ], [ -57.636168441828403, -25.282102394234101 ], [ -57.636773918537799, -25.282740940245901 ], [ -57.637188903757, -25.283335154452899 ], [ -57.637725263108202, -25.2841094505842 ], [ -57.638423852500502, -25.285158469458501 ], [ -57.6392081637849, -25.2862748411975 ], [ -57.639946409792202, -25.287364317064799 ], [ -57.640705487627997, -25.288458213595 ], [ -57.641459042606101, -25.289561160243899 ], [ -57.6423539923574, -25.289042534537099 ], [ -57.643141322864999, -25.2886011308969 ], [ -57.644131022196802, -25.2880414447711 ], [ -57.644885582642502, -25.287627266162399 ], [ -57.645570800124197, -25.287249508705099 ], [ -57.646897841929103, -25.2865077202183 ], [ -57.646986849993397, -25.28643508691 ], [ -57.6462061680933, -25.285314226572101 ], [ -57.645454940329302, -25.2842428999496 ], [ -57.644718002303001, -25.2831715067055 ], [ -57.643908736528701, -25.282037212397501 ], [ -57.643192714405401, -25.280983780302101 ], [ -57.642662947471599, -25.2802275361067 ], [ -57.642240640643202, -25.2796604603272 ], [ -57.641742254762299, -25.278967288660699 ], [ -57.641312819035697, -25.2783415434582 ], [ -57.640769348288202, -25.277571805807799 ], [ -57.640661391588999, -25.2774214272374 ], [ -57.640618200772302, -25.277361262816701 ], [ -57.640152163152301, -25.276712081810199 ], [ -57.640127456515998, -25.2766760674042 ], [ -57.639893373537198, -25.276604839438399 ], [ -57.639694718291203, -25.276601185494101 ], [ -57.639489413394998, -25.276162044890398 ], [ -57.639488540536703, -25.276160177574798 ], [ -57.639351830818804, -25.2758677579418 ], [ -57.639313274546197, -25.275856149338299 ], [ -57.6391240858174, -25.275832463910699 ], [ -57.639084541706602, -25.275815042143499 ], [ -57.6390639890692, -25.275803306743999 ], [ -57.638932621097503, -25.275726526595701 ], [ -57.638881100417301, -25.2756823706607 ], [ -57.638763560954303, -25.275618741962301 ], [ -57.638588400623298, -25.275550724499201 ], [ -57.6385453538606, -25.275479617577901 ], [ -57.638538113219397, -25.275468909957699 ], [ -57.6385273034658, -25.2754510566741 ], [ -57.638519924398103, -25.275443882343399 ], [ -57.638490412770601, -25.275408099746699 ], [ -57.638482764998898, -25.275408031693601 ], [ -57.638351675729197, -25.2754143619775 ], [ -57.638176973907598, -25.2753860559184 ], [ -57.638157572677002, -25.275382516818201 ], [ -57.638006264031098, -25.275354201507501 ], [ -57.638002374787803, -25.275354203872499 ], [ -57.637967467548698, -25.275347123233502 ], [ -57.637855170316001, -25.275308093420001 ], [ -57.637715516816897, -25.2752761947411 ], [ -57.637692300076303, -25.275265476644801 ], [ -57.637672910474301, -25.275261876023301 ], [ -57.637576186955002, -25.275190280101299 ], [ -57.637552866313897, -25.275186662131201 ], [ -57.637432328401196, -25.275161388379502 ], [ -57.637335033986801, -25.275175532985699 ], [ -57.637280629307, -25.275218340841601 ], [ -57.637195063813301, -25.2752038932272 ], [ -57.637120985674898, -25.275164405242901 ], [ -57.637058925234697, -25.275196496281001 ], [ -57.636985004145103, -25.275192787799799 ], [ -57.636949462253398, -25.2751318451283 ], [ -57.636902051258197, -25.275063523457199 ], [ -57.636841844724401, -25.275064155326302 ], [ -57.636789926055798, -25.275120519549201 ], [ -57.6367237049176, -25.2751204007083 ], [ -57.636697534048402, -25.275063898427 ], [ -57.6366003939265, -25.275042518094399 ], [ -57.636518558934803, -25.275035298179699 ], [ -57.636414161315102, -25.274960703976699 ], [ -57.636285339129401, -25.274942721834499 ], [ -57.636128617380102, -25.274985022177098 ], [ -57.636030905856401, -25.274991936176601 ], [ -57.635937241176002, -25.274956299483701 ], [ -57.635792540032803, -25.274916920068701 ], [ -57.635624043636199, -25.274909366797999 ], [ -57.635490759415198, -25.274887781985999 ], [ -57.635369240994699, -25.274880445137502 ], [ -57.635301974726602, -25.274805471734801 ], [ -57.635192178577, -25.274812411913299 ], [ -57.635099686318803, -25.274844340524702 ], [ -57.634982355874698, -25.2748333262149 ], [ -57.634860687709299, -25.274843768647202 ], [ -57.634762071120797, -25.2749325192081 ], [ -57.6346482057291, -25.2749820223253 ], [ -57.634577940291699, -25.2749215263844 ], [ -57.634456710150999, -25.274793147634501 ], [ -57.6343861396983, -25.274721702641902 ], [ -57.634303668050997, -25.274707344793001 ], [ -57.634229028376801, -25.2747036578806 ], [ -57.634177887170601, -25.274735543662398 ], [ -57.634221102521899, -25.2748033189641 ], [ -57.634303527644803, -25.2748675573933 ], [ -57.634307451327601, -25.274871125599301 ], [ -57.634334879521496, -25.274920965705899 ], [ -57.634252468185302, -25.274949185922502 ], [ -57.634170097115501, -25.2748957349534 ], [ -57.634087657561501, -25.274849349618901 ], [ -57.634079807501998, -25.274849336388598 ], [ -57.634017072635899, -25.274884791978302 ], [ -57.633993755561697, -25.274998422379898 ], [ -57.633950737770597, -25.275040912808102 ], [ -57.633840902233501, -25.275093860254 ], [ -57.633756976608097, -25.275208032661901 ], [ -57.633658768984901, -25.275314164268 ], [ -57.633634891899803, -25.275395771595001 ], [ -57.633657271905598, -25.275477978599 ], [ -57.633723221445599, -25.2754961318883 ], [ -57.633824573631898, -25.275489433145701 ], [ -57.633933930263503, -25.2754684915143 ], [ -57.634035571063301, -25.275443949117602 ], [ -57.634097418080103, -25.275458516733998 ], [ -57.634100124836301, -25.275508463097498 ], [ -57.634017726483798, -25.275547295660999 ], [ -57.633893105625802, -25.275564586006499 ], [ -57.633690185300701, -25.275634717049101 ], [ -57.633545890332002, -25.275690795888799 ], [ -57.633397279309797, -25.275757668190298 ], [ -57.633280088981302, -25.275799815727801 ], [ -57.633182557533097, -25.2758454187457 ], [ -57.633045759614802, -25.275936920105 ], [ -57.632858053149398, -25.276028403064899 ], [ -57.632709424469297, -25.276056402483299 ] ] ] } },
{ "type": "Feature", "properties": { "FID": 46, "DIST_DESC": "ASUNCION", "BARLO_DESC": "RICARDO BRUGADA", "superficie": 183.74158901800001, "Pob_2012": 15481, "Shape__Area": 2258413.884765625, "Shape__Length": 7446.7572097768771, "fuente": "ArcGIS Online Mapa_Poblacion_Asuncion_WFL1 (derivado de INE 2012)" }, "geometry": { "type": "Polygon", "coordinates": [ [ [ -57.6206911371671, -25.2727517820129 ], [ -57.620691998820497, -25.272754045927901 ], [ -57.620703103136499, -25.272813182799599 ], [ -57.620756681328402, -25.272964605314399 ], [ -57.6207692625782, -25.272984515045 ], [ -57.620856916397599, -25.273131318712899 ], [ -57.620904777445404, -25.273323945733502 ], [ -57.620922435302198, -25.273597482325101 ], [ -57.620931827243801, -25.2738212653673 ], [ -57.620931219933702, -25.273836587125501 ], [ -57.620921571071499, -25.273973727543702 ], [ -57.620917202513603, -25.2739775061895 ], [ -57.6208091508583, -25.2740490138859 ], [ -57.620597647529699, -25.274093621478599 ], [ -57.620580854912099, -25.274093576501699 ], [ -57.620559816824702, -25.2740973006103 ], [ -57.6205513582752, -25.2741010530968 ], [ -57.620429085923398, -25.274123288936899 ], [ -57.620399611641801, -25.2741269617953 ], [ -57.620315177684397, -25.274156804636799 ], [ -57.6201882821778, -25.2742464754044 ], [ -57.620175600753697, -25.274257668620098 ], [ -57.620025330666003, -25.274476088440501 ], [ -57.619977595508402, -25.274634478445702 ], [ -57.619977256427902, -25.274646320555899 ], [ -57.619976802294502, -25.274662102218301 ], [ -57.619996511501697, -25.274870219345299 ], [ -57.620000557707002, -25.274878044362801 ], [ -57.619994207686801, -25.275064953751698 ], [ -57.619993811853298, -25.275076572145299 ], [ -57.619988751391503, -25.275099779907599 ], [ -57.619929605371802, -25.2752114456752 ], [ -57.619920844811702, -25.2752191095664 ], [ -57.6197634521547, -25.275364031560802 ], [ -57.619754710508197, -25.275375423119701 ], [ -57.6196896444876, -25.275449868594499 ], [ -57.619656190174702, -25.2754881463304 ], [ -57.619427863002599, -25.275677806292499 ], [ -57.619419107233199, -25.275681731540899 ], [ -57.619228429721801, -25.275849679367202 ], [ -57.619211072618398, -25.275857438888199 ], [ -57.619185186043602, -25.2758651854299 ], [ -57.619032595279897, -25.2759734230102 ], [ -57.619023926061502, -25.2759811027206 ], [ -57.6190110277971, -25.2759887640477 ], [ -57.618919669662397, -25.276092202359699 ], [ -57.6189152649929, -25.276099853342199 ], [ -57.6187864783885, -25.276202639412698 ], [ -57.6187693997881, -25.276214020718701 ], [ -57.618570955666399, -25.2762514673759 ], [ -57.618562485115604, -25.276255245085899 ], [ -57.618335370381303, -25.2762583316518 ], [ -57.618322754798001, -25.276258290593699 ], [ -57.618078967834897, -25.276238500322901 ], [ -57.618053728735397, -25.276238420000801 ], [ -57.618028489635698, -25.2762383396744 ], [ -57.617872842262202, -25.276222619272701 ], [ -57.6178518023967, -25.276222552038 ], [ -57.617839178880097, -25.2762225127777 ], [ -57.617753149034201, -25.276284771033101 ], [ -57.617720445794298, -25.276375437883001 ], [ -57.6177203326179, -25.276379370201401 ], [ -57.6175740882897, -25.276563337725602 ], [ -57.617462879002503, -25.276761023827 ], [ -57.6174584586376, -25.2767687362395 ], [ -57.6173067620552, -25.276933702832999 ], [ -57.6173066160367, -25.276941354015101 ], [ -57.617198038687299, -25.2770936438272 ], [ -57.617082229559401, -25.277233149635801 ], [ -57.616992405761103, -25.2773788969035 ], [ -57.6169263091316, -25.277498336843699 ], [ -57.616865057008802, -25.2776220676256 ], [ -57.616787703576698, -25.277740779748399 ], [ -57.616778763013201, -25.277752204474901 ], [ -57.616699725739103, -25.277816844022698 ], [ -57.616652792074099, -25.277911290636698 ], [ -57.616576009413699, -25.2780270689906 ], [ -57.616575329661003, -25.2780419232576 ], [ -57.616538352287002, -25.2781231402112 ], [ -57.616533549996198, -25.278137841929901 ], [ -57.616524768065702, -25.278148828906101 ], [ -57.616462597662697, -25.278243501663901 ], [ -57.616457994499903, -25.278254371844699 ], [ -57.616448966321997, -25.278272450529901 ], [ -57.616408995992401, -25.278344369591899 ], [ -57.616400389498303, -25.278355093945802 ], [ -57.616340598762697, -25.278426208992698 ], [ -57.616332214092097, -25.278433267872298 ], [ -57.616268466592501, -25.2785177951394 ], [ -57.6161555111197, -25.278635591828099 ], [ -57.616065063331703, -25.278790752642902 ], [ -57.616034253503301, -25.278890127371898 ], [ -57.616034028870601, -25.278901501218701 ], [ -57.616011820925799, -25.278995920260002 ], [ -57.616011466846899, -25.279014703202201 ], [ -57.615985232401897, -25.279119347032101 ], [ -57.615981011860498, -25.279130475676698 ], [ -57.615980770900599, -25.2791453046292 ], [ -57.615959554154998, -25.2792118046948 ], [ -57.615955302141998, -25.279226536606799 ], [ -57.615918211106397, -25.279288932680501 ], [ -57.615918006977203, -25.2793035826767 ], [ -57.615917751708501, -25.279321873950899 ], [ -57.615924833045, -25.279387531654098 ], [ -57.615932672963801, -25.2793984582453 ], [ -57.615959871482403, -25.279449317811501 ], [ -57.615963807018503, -25.2794529478664 ], [ -57.615967566944498, -25.279467433216301 ], [ -57.615958840096901, -25.279536564982902 ], [ -57.615858997735501, -25.279741318394802 ], [ -57.615761809299798, -25.279917817130201 ], [ -57.615903189297299, -25.2807480254382 ], [ -57.6160414967854, -25.281645974431601 ], [ -57.616083338433299, -25.2820025011201 ], [ -57.616098139329097, -25.282106289087 ], [ -57.616149806842699, -25.2825034115641 ], [ -57.616242995981402, -25.283193849012999 ], [ -57.616273933172501, -25.2834194801179 ], [ -57.616440192376501, -25.284687558435301 ], [ -57.616466245881398, -25.284868057795101 ], [ -57.616555993647303, -25.285490781080401 ], [ -57.616610604015897, -25.285978194967701 ], [ -57.616670166867301, -25.286217251855899 ], [ -57.6176112334376, -25.286023676760799 ], [ -57.618590358435597, -25.2858073601152 ], [ -57.6195257637644, -25.285600251013399 ], [ -57.622078383116602, -25.285043170671798 ], [ -57.622557706202699, -25.284937299240301 ], [ -57.624327771505797, -25.284555057933101 ], [ -57.626152389471798, -25.284100320818499 ], [ -57.626850727469503, -25.283912232295101 ], [ -57.626981422654197, -25.283916192167101 ], [ -57.627081333102403, -25.283969949967599 ], [ -57.627564689838302, -25.284649689975801 ], [ -57.628446676594699, -25.284140233494 ], [ -57.628911830335603, -25.283876369922599 ], [ -57.629093821985698, -25.283776259681101 ], [ -57.629188208094597, -25.283721674820701 ], [ -57.628590013269502, -25.282803123819399 ], [ -57.628392838130097, -25.282546597292999 ], [ -57.628076101057196, -25.2820964258426 ], [ -57.628899871739002, -25.282038734616201 ], [ -57.629211247553798, -25.2820509527259 ], [ -57.6292419753063, -25.282050821688401 ], [ -57.629286723135301, -25.282000963650699 ], [ -57.629364155093803, -25.281969026993 ], [ -57.6295108925843, -25.2819548554276 ], [ -57.629675253033497, -25.281927062912199 ], [ -57.629839066277697, -25.281942190427699 ], [ -57.629862191639901, -25.281944325833699 ], [ -57.629953379952802, -25.281871693348201 ], [ -57.6299688277916, -25.281858081795502 ], [ -57.630186632509997, -25.281721695732202 ], [ -57.6302399704241, -25.281712437520401 ], [ -57.6303986194185, -25.281720790197799 ], [ -57.630467328577502, -25.2817430726287 ], [ -57.630531863333402, -25.2817382816684 ], [ -57.630660119917202, -25.2817512791353 ], [ -57.630765794012703, -25.281719221035001 ], [ -57.630805715188302, -25.281696474375199 ], [ -57.630855880222398, -25.281673683907801 ], [ -57.630855685916103, -25.2816733704807 ], [ -57.630733858288202, -25.281476127366801 ], [ -57.630733495696198, -25.2814755383286 ], [ -57.630799084996603, -25.281434621149302 ], [ -57.6310513400567, -25.2812980865464 ], [ -57.631195745978999, -25.281193619301 ], [ -57.631296120216597, -25.2811570682994 ], [ -57.631554429401596, -25.2811108109339 ], [ -57.631529962109397, -25.281061248461899 ], [ -57.6315105095522, -25.281020694921999 ], [ -57.631484514300801, -25.2809756541801 ], [ -57.631438064821701, -25.280876518570299 ], [ -57.631571462119297, -25.2808037044692 ], [ -57.6316977669495, -25.280739951011601 ], [ -57.631762939799401, -25.280744181769801 ], [ -57.631968470389801, -25.2806304270817 ], [ -57.6322640691142, -25.2805109185399 ], [ -57.632332959158397, -25.280470833596901 ], [ -57.632344197177801, -25.280543028626301 ], [ -57.632438053202598, -25.2805065047909 ], [ -57.632766040589303, -25.280310945096499 ], [ -57.633241265427202, -25.2798393257515 ], [ -57.633330737829802, -25.279676394591402 ], [ -57.633560621319099, -25.279476738991001 ], [ -57.634440082753301, -25.278732467750601 ], [ -57.634364969892097, -25.278493485108701 ], [ -57.634359799347997, -25.278394172949302 ], [ -57.634347060643101, -25.278272317324198 ], [ -57.634322193715299, -25.278145998630102 ], [ -57.634030111799703, -25.277664127471901 ], [ -57.633777137635299, -25.277742360864998 ], [ -57.633743493134197, -25.2777333413066 ], [ -57.633719818225202, -25.277702896745499 ], [ -57.633695887465599, -25.277623577139298 ], [ -57.633174094689302, -25.276794620815199 ], [ -57.633167971885499, -25.276784893348101 ], [ -57.632709424469297, -25.276056402483299 ], [ -57.632633590011302, -25.276101328755001 ], [ -57.6325238242826, -25.2761684201609 ], [ -57.632414593120899, -25.276157407040198 ], [ -57.632293445206997, -25.276157005050699 ], [ -57.632172292362, -25.276110416078499 ], [ -57.632058762567297, -25.276078268288199 ], [ -57.631949026500699, -25.2761135630906 ], [ -57.631839364721699, -25.276099161372599 ], [ -57.631647640460997, -25.2760597733254 ], [ -57.631522313253797, -25.2760524460139 ], [ -57.6313573804768, -25.276055929469901 ], [ -57.631208334463203, -25.276041735502101 ], [ -57.6310203461586, -25.276013358586901 ], [ -57.631016446461601, -25.276009808251398 ], [ -57.630883494686699, -25.275970783764102 ], [ -57.630778047669502, -25.275920935147099 ], [ -57.630676453585103, -25.2758709562045 ], [ -57.630574725547497, -25.27585653589 ], [ -57.6304846800641, -25.275916840970499 ], [ -57.6303496186584, -25.275918494348399 ], [ -57.630236694810698, -25.2758689409639 ], [ -57.6300929642792, -25.275727372755298 ], [ -57.629975853459101, -25.2756351123804 ], [ -57.6299680501956, -25.2756280152811 ], [ -57.6298195565738, -25.275517916421599 ], [ -57.629671017047897, -25.275390018669299 ], [ -57.629663189935499, -25.275382912624501 ], [ -57.629506703886499, -25.275226622685398 ], [ -57.629498876803503, -25.2752195184373 ], [ -57.629373623505998, -25.275120053520101 ], [ -57.629361869877002, -25.275116498705302 ], [ -57.629201346620803, -25.275041921944101 ], [ -57.629197429564499, -25.275041922389399 ], [ -57.629076155611799, -25.2749744891664 ], [ -57.629072246081897, -25.2749709406256 ], [ -57.6289510570885, -25.274864473894599 ], [ -57.628769366958302, -25.274707587983499 ], [ -57.628679675085799, -25.2746260516276 ], [ -57.628671871980501, -25.274618958068199 ], [ -57.628593813058302, -25.274548000895301 ], [ -57.628586027461097, -25.274537363723599 ], [ -57.628515875356698, -25.274441560875399 ], [ -57.628508060299303, -25.274434456521199 ], [ -57.628406308662598, -25.274370437968201 ], [ -57.628374952615196, -25.2743561896465 ], [ -57.628359275591997, -25.274349066381799 ], [ -57.628222192483101, -25.274263666012299 ], [ -57.628210413486499, -25.2742636493265 ], [ -57.628104616568798, -25.274206686081001 ], [ -57.628100691565599, -25.2742066811124 ], [ -57.628030182094399, -25.2741532502301 ], [ -57.627896690889301, -25.2741956488981 ], [ -57.627798599192197, -25.274159931908699 ], [ -57.627708297444499, -25.274120649024098 ], [ -57.627645409802199, -25.274070711009202 ], [ -57.627645400969598, -25.274063587858102 ], [ -57.627680855351201, -25.273996115356201 ], [ -57.627680862897897, -25.2739925627601 ], [ -57.627684984905997, -25.273907305367601 ], [ -57.627684999999502, -25.273900200175401 ], [ -57.627665540610401, -25.2738184529561 ], [ -57.627650074574397, -25.273708291716702 ], [ -57.627650089670098, -25.273701186524399 ], [ -57.627685599759097, -25.273633751710399 ], [ -57.627823130349903, -25.2736233470592 ], [ -57.627909722437202, -25.2735524529669 ], [ -57.627976741415601, -25.273449548024701 ], [ -57.627945738821097, -25.273278517505599 ], [ -57.627934005386997, -25.2732607034661 ], [ -57.627855611365803, -25.273214311823899 ], [ -57.627851695885802, -25.2732107470191 ], [ -57.627753568492103, -25.273203454261299 ], [ -57.6277456915507, -25.2732105513536 ], [ -57.627623967843597, -25.273213884719901 ], [ -57.627549688865898, -25.273142632747799 ], [ -57.627553646813602, -25.2731355324627 ], [ -57.627581460535197, -25.273057414907498 ], [ -57.627597243513499, -25.2730361335481 ], [ -57.627668184215899, -25.272954615947398 ], [ -57.627687829465799, -25.272940464821701 ], [ -57.627750714172599, -25.2728412962826 ], [ -57.627754655902301, -25.272830661557499 ], [ -57.627754688181497, -25.272816472835402 ], [ -57.627770622010999, -25.2726994323166 ], [ -57.6277784902937, -25.2726852536099 ], [ -57.627849260243103, -25.2725895281975 ], [ -57.6278571344222, -25.2725753404311 ], [ -57.627880694441302, -25.2725611617902 ], [ -57.627884647637501, -25.27254696903 ], [ -57.627951574681298, -25.272444053647899 ], [ -57.627951606882903, -25.2724298540892 ], [ -57.627936293559998, -25.2722594430989 ], [ -57.627928477934802, -25.272245246225001 ], [ -57.627920664306899, -25.2722310511482 ], [ -57.6278385210951, -25.272135293517199 ], [ -57.627826800144398, -25.2721175642974 ], [ -57.627803329997001, -25.2720963035915 ], [ -57.627713351700201, -25.272039670069201 ], [ -57.627693771007898, -25.272039699161901 ], [ -57.627638967721502, -25.272039782317599 ], [ -57.627611577007102, -25.272039824744301 ], [ -57.627416058477898, -25.272064915323401 ], [ -57.627392774599201, -25.2720686643943 ], [ -57.627373429234702, -25.272068878470801 ], [ -57.627215265082, -25.272084752492798 ], [ -57.627196040847203, -25.272084960613 ], [ -57.627180669801596, -25.272085127072 ], [ -57.627146110515497, -25.272089026964 ], [ -57.627019818245998, -25.2720728012896 ], [ -57.626993117501897, -25.272062549609899 ], [ -57.626955107245998, -25.272006760433101 ], [ -57.627004845475803, -25.271937479113699 ], [ -57.6270086943479, -25.271923454783401 ], [ -57.627100786630002, -25.271783543619001 ], [ -57.627108473193204, -25.271773037484799 ], [ -57.627120008859897, -25.271755512812 ], [ -57.627201373228601, -25.271643088792199 ], [ -57.627213027944698, -25.271629022255201 ], [ -57.627216948151798, -25.271618449040901 ], [ -57.627232503450799, -25.271597334845399 ], [ -57.6272403242507, -25.2715797157792 ], [ -57.627299058567402, -25.271435194445999 ], [ -57.627299156583298, -25.271417554016502 ], [ -57.627299215404001, -25.271406971926101 ], [ -57.627303117957801, -25.2713999224524 ], [ -57.627361826634797, -25.271262421446899 ], [ -57.627373546693804, -25.271248325722301 ], [ -57.627377453468597, -25.271244803508999 ], [ -57.627424482596702, -25.271184934226898 ], [ -57.627432378894703, -25.271167329278001 ], [ -57.627436260066197, -25.271167327227801 ], [ -57.627463977939897, -25.271093427291198 ], [ -57.6274640843885, -25.271079362869799 ], [ -57.627460893649399, -25.270988042812601 ], [ -57.627449321406402, -25.270981046477399 ], [ -57.627372237229302, -25.270939140700101 ], [ -57.627349035873998, -25.270939195970701 ], [ -57.6273143140412, -25.270932276344599 ], [ -57.627298863032898, -25.270932314921701 ], [ -57.627294999781903, -25.270932324116298 ], [ -57.627163839981201, -25.270932646699201 ], [ -57.627140617065301, -25.270943193565799 ], [ -57.626982802352401, -25.271006701279401 ], [ -57.626967464845201, -25.271013755973001 ], [ -57.626867664244401, -25.2710910287141 ], [ -57.626859910376602, -25.271108535500701 ], [ -57.626775367704298, -25.271206594608199 ], [ -57.626760150924, -25.2712066104618 ], [ -57.626578143243897, -25.271300763153601 ], [ -57.626485032342799, -25.271409064647699 ], [ -57.626450009112403, -25.271559352999098 ], [ -57.626434268546497, -25.2716747978182 ], [ -57.626390834572, -25.2718570714602 ], [ -57.626312814524901, -25.271993548715098 ], [ -57.6261850628795, -25.272122544822999 ], [ -57.625968671376903, -25.272115387739099 ], [ -57.6257990304087, -25.272073212643399 ], [ -57.625563698430597, -25.272079751332502 ], [ -57.625351411211497, -25.272058353040102 ], [ -57.625316189668403, -25.272141952348001 ], [ -57.625350287387199, -25.2722991285688 ], [ -57.625346332778101, -25.2723165902825 ], [ -57.625330425306899, -25.272403949296201 ], [ -57.625396059571003, -25.272452993522698 ], [ -57.6254225770506, -25.272589489675799 ], [ -57.625397197546299, -25.272687819246201 ], [ -57.625285106942002, -25.2727154016758 ], [ -57.625273440099598, -25.272792287298799 ], [ -57.625242395216198, -25.272886685522 ], [ -57.625238412807001, -25.2729917640536 ], [ -57.625203467214497, -25.273065320338301 ], [ -57.625129779291399, -25.2730932528988 ], [ -57.625028874247398, -25.2731035992676 ], [ -57.624947437942801, -25.2730718590553 ], [ -57.624877653367498, -25.273036630683102 ], [ -57.624718487497297, -25.273050373307299 ], [ -57.624617556511502, -25.273057204866699 ], [ -57.624508855091499, -25.2730675314988 ], [ -57.624419536479301, -25.273088424714601 ], [ -57.6243651179241, -25.273123422041401 ], [ -57.624407660678898, -25.273190188148501 ], [ -57.624422959748699, -25.273288491744001 ], [ -57.624341307191202, -25.273351517299002 ], [ -57.624217100205797, -25.273365313779401 ], [ -57.624073598508701, -25.2733053897636 ], [ -57.624003965615998, -25.273203474322099 ], [ -57.624027463968403, -25.2731122616776 ], [ -57.624047063281502, -25.273028062281899 ], [ -57.624078288663497, -25.272950902600201 ], [ -57.624066782624801, -25.2728912150451 ], [ -57.624020317533898, -25.272841989844 ], [ -57.623912019012501, -25.272810272321099 ], [ -57.623865828293098, -25.272747093914901 ], [ -57.623854366436802, -25.272694469745499 ], [ -57.623763279707099, -25.2727257640468 ], [ -57.623685374613999, -25.272795645552701 ], [ -57.623603770133798, -25.272809402349701 ], [ -57.623436792980399, -25.272864884480999 ], [ -57.623335884987497, -25.2729275302713 ], [ -57.6231965497769, -25.272948554514599 ], [ -57.623068732212701, -25.272924280386 ], [ -57.623064852996499, -25.272924287732099 ], [ -57.622983515683799, -25.272840230989601 ], [ -57.622956522909497, -25.272749013080599 ], [ -57.622785475086502, -25.2726611772454 ], [ -57.622742982433898, -25.272590785628601 ], [ -57.622653280486297, -25.272583650779399 ], [ -57.622598872615697, -25.2725483907574 ], [ -57.622486508286002, -25.272537607391602 ], [ -57.622436406929801, -25.272505881712 ], [ -57.622351228141397, -25.2725618935788 ], [ -57.622269253174899, -25.272645949401799 ], [ -57.622167610512399, -25.272715744172601 ], [ -57.622112649622501, -25.272803030896998 ], [ -57.621926233184702, -25.2728303334729 ], [ -57.621779145724901, -25.272844040091499 ], [ -57.621635773647199, -25.272931249367002 ], [ -57.621542817045601, -25.272969565013501 ], [ -57.621538947684698, -25.272969557829398 ], [ -57.621415151279599, -25.272934479396401 ], [ -57.621380572258403, -25.2728433184094 ], [ -57.6213805842102, -25.2728398145562 ], [ -57.621326827146099, -25.272668226294702 ], [ -57.621326863043201, -25.272657721958801 ], [ -57.621326886977698, -25.272650719670199 ], [ -57.621330979828599, -25.272584224098502 ], [ -57.621156642181603, -25.272618932171799 ], [ -57.621001063217903, -25.272699336314599 ], [ -57.6208879840243, -25.272772916928901 ], [ -57.620782995659503, -25.2727623107433 ], [ -57.620775189457298, -25.272765818482799 ], [ -57.620716847584099, -25.272755239998698 ], [ -57.620691262388803, -25.272751798643998 ], [ -57.6206911371671, -25.2727517820129 ] ] ] } },
{ "type": "Feature", "properties": { "FID": 47, "DIST_DESC": "ASUNCION", "BARLO_DESC": "SAN BLAS", "superficie": 93.5858425614, "Pob_2012": 4257, "Shape__Area": 1149626.953125, "Shape__Length": 4956.9185336524215, "fuente": "ArcGIS Online Mapa_Poblacion_Asuncion_WFL1 (derivado de INE 2012)" }, "geometry": { "type": "Polygon", "coordinates": [ [ [ -57.528657587122098, -25.246634655782401 ], [ -57.528727512528299, -25.2467089779269 ], [ -57.528807434627602, -25.246792379678698 ], [ -57.528965375216501, -25.2467996959899 ], [ -57.529181244743299, -25.246759374369599 ], [ -57.529325949026102, -25.246716672377001 ], [ -57.529466206115302, -25.2466715262652 ], [ -57.5295776704248, -25.2466545249058 ], [ -57.529677841439998, -25.246664214905302 ], [ -57.529779535730398, -25.246675754246802 ], [ -57.529871218314497, -25.246700385795599 ], [ -57.5299539728219, -25.2467443584307 ], [ -57.530110855624301, -25.246796232210301 ], [ -57.530265426665501, -25.246858101902198 ], [ -57.530382068394204, -25.2469660080822 ], [ -57.530417969791202, -25.2470493087379 ], [ -57.530445834640503, -25.247189864798202 ], [ -57.530496584199199, -25.2472629689989 ], [ -57.530552345099899, -25.247406227915999 ], [ -57.530653375033701, -25.247631783861699 ], [ -57.530704560677698, -25.2478193702126 ], [ -57.530723171146498, -25.247942436588399 ], [ -57.530741362109303, -25.248053042319199 ], [ -57.530777664945802, -25.248154100889 ], [ -57.530828810476699, -25.248282085748698 ], [ -57.530867559441603, -25.248350999415301 ], [ -57.5309035188831, -25.248383965288301 ], [ -57.5309862789763, -25.2484402964946 ], [ -57.5319859001062, -25.2473646747763 ], [ -57.533054429765102, -25.2467546002487 ], [ -57.5331366960298, -25.2467633338693 ], [ -57.534358436489399, -25.246077113086201 ], [ -57.535823731878502, -25.2453177546676 ], [ -57.5390918445962, -25.243513301276099 ], [ -57.540410726243003, -25.2427770084632 ], [ -57.540897211689199, -25.242503806039998 ], [ -57.540961046305398, -25.2424679558411 ], [ -57.541480948767799, -25.242086768380702 ], [ -57.5417549747038, -25.241887091817102 ], [ -57.5421717318088, -25.241561784594399 ], [ -57.542175051512999, -25.241559193288602 ], [ -57.542580262170198, -25.241242894629799 ], [ -57.543188281561903, -25.240793648520999 ], [ -57.542521484014202, -25.2401639610156 ], [ -57.542287775193898, -25.239939055583701 ], [ -57.541753584389603, -25.239403698289099 ], [ -57.541243758085002, -25.238764398457601 ], [ -57.540903964821197, -25.238264447747099 ], [ -57.539887491905297, -25.2362949914315 ], [ -57.539632975345299, -25.2364774072676 ], [ -57.538817338836097, -25.237061979369599 ], [ -57.538803107356699, -25.2370710618186 ], [ -57.538353981869001, -25.237391246205299 ], [ -57.537644460908197, -25.237897062621901 ], [ -57.536415403238003, -25.2387764386391 ], [ -57.5363568341972, -25.238818343519601 ], [ -57.532880667184102, -25.2400987417309 ], [ -57.532874798666697, -25.2401009031394 ], [ -57.531692641075701, -25.240536309918401 ], [ -57.531673052773797, -25.240543524486 ], [ -57.5314757204019, -25.240709823235299 ], [ -57.531259031412603, -25.240832625252899 ], [ -57.530625779943399, -25.2411914977788 ], [ -57.5306477336892, -25.2412456022216 ], [ -57.528779474499402, -25.241952169166101 ], [ -57.528798233513498, -25.241964316739502 ], [ -57.529022177005601, -25.242109334840801 ], [ -57.5285746798818, -25.242587587275999 ], [ -57.5284862958841, -25.2426820451909 ], [ -57.528297288721603, -25.242884041138701 ], [ -57.528278480954398, -25.2428891167445 ], [ -57.528215684583898, -25.242906064080099 ], [ -57.527914424800798, -25.242987366632399 ], [ -57.527890354705399, -25.242993862536999 ], [ -57.527781447271202, -25.243066496098098 ], [ -57.527773086767802, -25.243086469037301 ], [ -57.527239993518599, -25.244360058457399 ], [ -57.527392309634003, -25.244435170843399 ], [ -57.527479088247702, -25.2444922970822 ], [ -57.527566246404, -25.244584874042602 ], [ -57.527676687107302, -25.244703686408499 ], [ -57.527831774705803, -25.244847866706099 ], [ -57.527968851924598, -25.244994601835501 ], [ -57.528090992694104, -25.245130533707702 ], [ -57.528237767045098, -25.2452169748661 ], [ -57.528241658461397, -25.245220441322601 ], [ -57.528416851671501, -25.2453088920055 ], [ -57.528595578763799, -25.245402565741198 ], [ -57.528797285869601, -25.245522652612799 ], [ -57.528802739362298, -25.245525466874501 ], [ -57.528911479307297, -25.245621590601601 ], [ -57.528911911567498, -25.245626942361799 ], [ -57.528985844869403, -25.245735394543399 ], [ -57.5290090068439, -25.245889638207601 ], [ -57.528957087873103, -25.246038717984302 ], [ -57.528844731241797, -25.2462545674633 ], [ -57.5287382263677, -25.246379954992399 ], [ -57.528664100610001, -25.246510227672601 ], [ -57.528657587122098, -25.246634655782401 ] ] ] } },
{ "type": "Feature", "properties": { "FID": 48, "DIST_DESC": "ASUNCION", "BARLO_DESC": "DE LA RESIDENTA", "superficie": 75.168292486, "Pob_2012": 4536, "Shape__Area": 923352.904296875, "Shape__Length": 5188.0255587178726, "fuente": "ArcGIS Online Mapa_Poblacion_Asuncion_WFL1 (derivado de INE 2012)" }, "geometry": { "type": "Polygon", "coordinates": [ [ [ -57.551089465584397, -25.245351719021102 ], [ -57.551282924524003, -25.245269896667999 ], [ -57.551682463993998, -25.245038126549101 ], [ -57.552381392330197, -25.244675369883101 ], [ -57.552764581009697, -25.2444764875872 ], [ -57.553500523667203, -25.2440921505045 ], [ -57.554125973091701, -25.243767562105699 ], [ -57.5541788538399, -25.243740118629901 ], [ -57.554702527352603, -25.243464536280399 ], [ -57.554846770404801, -25.243387235090001 ], [ -57.555500237079301, -25.243046133555499 ], [ -57.5548426530775, -25.241865606120701 ], [ -57.554672232889203, -25.2415238247997 ], [ -57.553762093314802, -25.241968996531501 ], [ -57.553245921265201, -25.242205724310299 ], [ -57.552720769990202, -25.242446999165502 ], [ -57.552167178971303, -25.242661779965399 ], [ -57.551442384102003, -25.242031857335899 ], [ -57.550612810115403, -25.241371207786699 ], [ -57.550443099305703, -25.241236382281699 ], [ -57.550006545451502, -25.240894848076501 ], [ -57.549220607972501, -25.240274665338099 ], [ -57.547921836216098, -25.239250007080201 ], [ -57.547919792328301, -25.239252104326798 ], [ -57.547351993429999, -25.239834589041699 ], [ -57.546781394468198, -25.238933648323702 ], [ -57.546472944829901, -25.238162678563999 ], [ -57.546462585303999, -25.238135625265901 ], [ -57.546155727025798, -25.237233705988402 ], [ -57.545909039982497, -25.2365347507757 ], [ -57.545186135075497, -25.2343836354814 ], [ -57.544905750951699, -25.2344749752308 ], [ -57.544180517925199, -25.234721472785001 ], [ -57.543454640321301, -25.234963453906801 ], [ -57.542815844658698, -25.235182535225398 ], [ -57.542654439183998, -25.235237311394901 ], [ -57.542093105167801, -25.2354335287304 ], [ -57.541875020511497, -25.235511088366302 ], [ -57.541384923538097, -25.2356799501136 ], [ -57.540997984641898, -25.2358123103708 ], [ -57.540699969344999, -25.235917252581999 ], [ -57.539847710830102, -25.236209346590101 ], [ -57.539887491905297, -25.2362949914315 ], [ -57.540903964821197, -25.238264447747099 ], [ -57.541243758085002, -25.238764398457601 ], [ -57.541753584389603, -25.239403698289099 ], [ -57.542287775193898, -25.239939055583701 ], [ -57.542521484014202, -25.2401639610156 ], [ -57.543188281561903, -25.240793648520999 ], [ -57.544251718159003, -25.241792124108098 ], [ -57.544481980337601, -25.242008008451499 ], [ -57.544928752136798, -25.242417250405602 ], [ -57.545658164338803, -25.243096363187899 ], [ -57.545696800621798, -25.243132342597701 ], [ -57.5461181787458, -25.2435507051269 ], [ -57.547073858731302, -25.244450221923501 ], [ -57.547888367326401, -25.245210282755899 ], [ -57.549715179627803, -25.246892203751699 ], [ -57.549588224512497, -25.246192810451301 ], [ -57.549683546811799, -25.245930570476698 ], [ -57.549951214564402, -25.245767024638699 ], [ -57.550445092526097, -25.245556021727701 ], [ -57.550497235475703, -25.2455392283922 ], [ -57.551089465584397, -25.245351719021102 ] ] ] } },
{ "type": "Feature", "properties": { "FID": 49, "DIST_DESC": "ASUNCION", "BARLO_DESC": "VISTA ALEGRE", "superficie": 222.164821991, "Pob_2012": 14705, "Shape__Area": 2732274.56640625, "Shape__Length": 7674.4968286294416, "fuente": "ArcGIS Online Mapa_Poblacion_Asuncion_WFL1 (derivado de INE 2012)" }, "geometry": { "type": "Polygon", "coordinates": [ [ [ -57.599899532093602, -25.3207690023299 ], [ -57.6001437998314, -25.321508499419998 ], [ -57.600442699949603, -25.3224961089422 ], [ -57.600610593282497, -25.323046278124998 ], [ -57.600892422038498, -25.323970743335199 ], [ -57.601530156241402, -25.324658965708998 ], [ -57.601572030163098, -25.3247129770565 ], [ -57.602313010489198, -25.325549224730999 ], [ -57.602318224968997, -25.325545239083301 ], [ -57.603141947278601, -25.326481030016701 ], [ -57.603856803757701, -25.3259362791187 ], [ -57.604559990801697, -25.3254186647032 ], [ -57.604971616283898, -25.325085800064599 ], [ -57.605447649406997, -25.324700846189099 ], [ -57.605082838398801, -25.3243271432485 ], [ -57.6047036558911, -25.323936685569201 ], [ -57.604701290019598, -25.323934248947801 ], [ -57.604420350423503, -25.323644952900999 ], [ -57.605835644133201, -25.3225695099284 ], [ -57.606915485541798, -25.3216290613966 ], [ -57.607849765426501, -25.320784805541201 ], [ -57.608599650314801, -25.321537209354499 ], [ -57.609456165481902, -25.322372664875498 ], [ -57.609456236366597, -25.3223727332132 ], [ -57.609460380860703, -25.322376776130302 ], [ -57.609461448186003, -25.3223778174338 ], [ -57.609461280662998, -25.322376108676998 ], [ -57.609461277501602, -25.322376072568598 ], [ -57.609459700429397, -25.3223599363956 ], [ -57.609459693099502, -25.322359861473799 ], [ -57.609454677111202, -25.322308550867302 ], [ -57.609454666646897, -25.322308445255199 ], [ -57.609431903243099, -25.322075610843701 ], [ -57.609431883330899, -25.322075404130501 ], [ -57.609393054468001, -25.3216782454056 ], [ -57.60840557193, -25.319936139334001 ], [ -57.6081216610132, -25.3192001431992 ], [ -57.6078742162521, -25.3183929449876 ], [ -57.6092506876887, -25.317922197479401 ], [ -57.610329027352002, -25.317624249154399 ], [ -57.611443754748798, -25.317339687633002 ], [ -57.611171588032498, -25.3167448114474 ], [ -57.612153971762297, -25.3161989123839 ], [ -57.612681141284298, -25.3158264776512 ], [ -57.612212920782298, -25.314893777920599 ], [ -57.611974941280501, -25.314390680349799 ], [ -57.6119731870198, -25.314386972534098 ], [ -57.611790860570302, -25.314001522536 ], [ -57.611377240152997, -25.313181473801301 ], [ -57.610996663352999, -25.312325165255999 ], [ -57.610887379747098, -25.31207728259 ], [ -57.610667882043799, -25.311581520825001 ], [ -57.610444373421203, -25.311090290474901 ], [ -57.610244840645898, -25.3106125060682 ], [ -57.610207512080997, -25.310535902289399 ], [ -57.609997339086, -25.310103313459599 ], [ -57.609785656596202, -25.309616548199099 ], [ -57.609760859534902, -25.3095624684284 ], [ -57.609550024786301, -25.309120851205201 ], [ -57.609320339051102, -25.3086341595905 ], [ -57.609090852265901, -25.308124890761601 ], [ -57.608872594468103, -25.3076878182735 ], [ -57.608847488274598, -25.307633739600298 ], [ -57.608630560403398, -25.307151509247301 ], [ -57.608397951468298, -25.306637736847499 ], [ -57.608317599597498, -25.306461975704401 ], [ -57.608152173863097, -25.306096927149401 ], [ -57.608034784420397, -25.3058400450345 ], [ -57.607601364044797, -25.304898155340901 ], [ -57.605621994389502, -25.305524880464599 ], [ -57.603329954495898, -25.306270254144401 ], [ -57.6022426287551, -25.306617854423699 ], [ -57.601712954149797, -25.306796109699501 ], [ -57.601312593333098, -25.306929328551998 ], [ -57.601312435639102, -25.3069293815714 ], [ -57.601201494943297, -25.306957938376701 ], [ -57.599761330529503, -25.307458765226102 ], [ -57.599048754367701, -25.307691937305002 ], [ -57.597867072613198, -25.308112132153902 ], [ -57.5963310288695, -25.308633085728101 ], [ -57.596699268785699, -25.309846185002701 ], [ -57.596941609805697, -25.310644394470401 ], [ -57.597080133547699, -25.3110998687254 ], [ -57.597383371258701, -25.3121597121634 ], [ -57.597662331078503, -25.313142894809801 ], [ -57.597689186721396, -25.313237605094098 ], [ -57.597949503502001, -25.314153134608201 ], [ -57.5981804619854, -25.314969448298601 ], [ -57.598215212586801, -25.3150912175964 ], [ -57.598765782434, -25.316944727836201 ], [ -57.599113005889699, -25.318166934788799 ], [ -57.599216838603603, -25.318509667486499 ], [ -57.599347817956698, -25.318942593583198 ], [ -57.599829780869101, -25.320539011392299 ], [ -57.599899532093602, -25.3207690023299 ] ] ] } },
{ "type": "Feature", "properties": { "FID": 50, "DIST_DESC": "ASUNCION", "BARLO_DESC": "SAN CAYETANO", "superficie": 195.88497708, "Pob_2012": 12410, "Shape__Area": 2409347.908203125, "Shape__Length": 7957.6334777616157, "fuente": "ArcGIS Online Mapa_Poblacion_Asuncion_WFL1 (derivado de INE 2012)" }, "geometry": { "type": "Polygon", "coordinates": [ [ [ -57.6388132482071, -25.3181627779664 ], [ -57.638147351542997, -25.318544929722101 ], [ -57.637146178735598, -25.319100112001902 ], [ -57.637958806382898, -25.319417174262199 ], [ -57.638204288098599, -25.319515445339601 ], [ -57.638719636268199, -25.319743486781402 ], [ -57.639438772987901, -25.3200519154984 ], [ -57.639473640757203, -25.320069824909702 ], [ -57.6403681223699, -25.320481337076899 ], [ -57.641030760164703, -25.320790003330401 ], [ -57.641380431683899, -25.320567238767399 ], [ -57.641616943604703, -25.320435269437699 ], [ -57.642152438580098, -25.3203606946227 ], [ -57.642299433728503, -25.320563236743599 ], [ -57.642667317975999, -25.320791906722999 ], [ -57.642950206059702, -25.320975794874101 ], [ -57.643123116197501, -25.321087919699099 ], [ -57.642835729847299, -25.3216987212062 ], [ -57.642816981982698, -25.321734924324399 ], [ -57.6426042267247, -25.322309278497901 ], [ -57.642358678790103, -25.322906351123098 ], [ -57.642206463744799, -25.323480440811199 ], [ -57.6421361475861, -25.323688444920101 ], [ -57.641908815517198, -25.324384771074001 ], [ -57.643090943774801, -25.324813409267598 ], [ -57.6432258466265, -25.324838508205801 ], [ -57.643321292463803, -25.324870322646898 ], [ -57.643576974177797, -25.324955550713 ], [ -57.6436665215437, -25.324988342483302 ], [ -57.643821385881097, -25.325045053760601 ], [ -57.643891969532397, -25.325076629676399 ], [ -57.643952199514999, -25.3251035748942 ], [ -57.644265459353598, -25.325241271019799 ], [ -57.6443343078369, -25.3253083976876 ], [ -57.644382502442298, -25.3253910167664 ], [ -57.644437581204599, -25.325580349648501 ], [ -57.6444789935058, -25.3256167431908 ], [ -57.644551181084204, -25.325680179801601 ], [ -57.644661338352797, -25.325769683389101 ], [ -57.644761168357498, -25.3258970529021 ], [ -57.644940174511397, -25.326046797966399 ], [ -57.645119181062903, -25.3261294167541 ], [ -57.645432441171998, -25.326232690317799 ], [ -57.645587350901003, -25.326287768616702 ], [ -57.645814550260901, -25.326453005188601 ], [ -57.646193217228202, -25.326728399263502 ], [ -57.646392151764999, -25.326850819647099 ], [ -57.646416975243497, -25.326866094823298 ], [ -57.646826622946499, -25.327107064968899 ], [ -57.653498382181702, -25.329084853452901 ], [ -57.654066482204698, -25.329282227927099 ], [ -57.654196801292201, -25.329190432390099 ], [ -57.654272198855402, -25.3291225328128 ], [ -57.654263876244102, -25.328975370212799 ], [ -57.654155169794301, -25.3288744243401 ], [ -57.654516830416398, -25.328690467393699 ], [ -57.6560567594831, -25.3279536881872 ], [ -57.656943626013103, -25.327658718944701 ], [ -57.658094592241802, -25.326886181885399 ], [ -57.659914666553298, -25.325841512576901 ], [ -57.661311871349703, -25.325091261697299 ], [ -57.662146688244299, -25.324728666633501 ], [ -57.662817487347901, -25.324185282781901 ], [ -57.663492925319801, -25.3235465456657 ], [ -57.664282423469601, -25.322899649998 ], [ -57.664290623379998, -25.322892931510999 ], [ -57.663779794270702, -25.322743701792199 ], [ -57.663125304319898, -25.322575072158202 ], [ -57.662613767905299, -25.3224870697636 ], [ -57.661505209032697, -25.322577837613601 ], [ -57.661056699058904, -25.322489546892101 ], [ -57.661039623058898, -25.322146471499298 ], [ -57.658797523510998, -25.322281450644802 ], [ -57.658709082896301, -25.322232469977099 ], [ -57.658679317671599, -25.322218429020101 ], [ -57.658516937568599, -25.3221199204736 ], [ -57.6584947646571, -25.3221057985972 ], [ -57.658456347098003, -25.322098634009301 ], [ -57.658426916754202, -25.322077426849098 ], [ -57.6581290830025, -25.321991479083898 ], [ -57.658106676853699, -25.32197720648 ], [ -57.658068012551801, -25.3219699670368 ], [ -57.657727438376, -25.321897534421499 ], [ -57.657703847140397, -25.3218974518701 ], [ -57.657672831135798, -25.321890198057901 ], [ -57.6573157266929, -25.321774687763199 ], [ -57.656876020158897, -25.321693914166101 ], [ -57.656836442499703, -25.321693774493902 ], [ -57.656618896893903, -25.3215038735676 ], [ -57.6566035790025, -25.3214745029622 ], [ -57.656572266430601, -25.321445017584701 ], [ -57.656564572437802, -25.321430280059801 ], [ -57.656472137283401, -25.321222456198299 ], [ -57.6564561682736, -25.321214936436601 ], [ -57.6564323688618, -25.321192434123201 ], [ -57.656400580403798, -25.321162378303399 ], [ -57.656337700778202, -25.321026658066302 ], [ -57.656313743800602, -25.320996294635201 ], [ -57.656136383455703, -25.320805012963699 ], [ -57.656120103376601, -25.3207972778211 ], [ -57.656095710506698, -25.320774136938699 ], [ -57.656071301768499, -25.320743255329901 ], [ -57.6558744812654, -25.3205417346751 ], [ -57.6558414828068, -25.3205182852783 ], [ -57.655825019593202, -25.320518226691899 ], [ -57.655767249654197, -25.320494656323799 ], [ -57.6557259410623, -25.320478912424999 ], [ -57.655541890732401, -25.3202741196937 ], [ -57.655516785952997, -25.3202582205849 ], [ -57.655389168272997, -25.320082832237901 ], [ -57.655380533643701, -25.320066803879001 ], [ -57.655209960881102, -25.3199207436083 ], [ -57.655028884425597, -25.319844402383499 ], [ -57.654955700575201, -25.319918588442501 ], [ -57.654949518706999, -25.3199185671488 ], [ -57.654801575658901, -25.319935152165499 ], [ -57.654789357799203, -25.319940805246102 ], [ -57.654595719729599, -25.319871555720301 ], [ -57.654395174778102, -25.3198070991956 ], [ -57.654310480889102, -25.3197946449116 ], [ -57.654305870026199, -25.319790043659399 ], [ -57.6542581266051, -25.319752637062798 ], [ -57.654256671025401, -25.319749482909799 ], [ -57.654193681871597, -25.319709293993999 ], [ -57.654188637031403, -25.319706022122102 ], [ -57.654134750218098, -25.319654288143902 ], [ -57.654116763669101, -25.3196044103952 ], [ -57.654051848974802, -25.3195756515188 ], [ -57.6540372282345, -25.319571957975398 ], [ -57.6539577976571, -25.319544222489402 ], [ -57.653866902828298, -25.3195174191784 ], [ -57.653822209510302, -25.319475521668299 ], [ -57.653814328051702, -25.319470933102 ], [ -57.653811658523601, -25.3194648422486 ], [ -57.653808627697401, -25.319461776351201 ], [ -57.653765424964, -25.3194006809595 ], [ -57.653679130198199, -25.3193694142049 ], [ -57.653670575952802, -25.319366087442098 ], [ -57.653576384497399, -25.319344041296301 ], [ -57.6534555314336, -25.319313229257499 ], [ -57.653439387181699, -25.3193114821226 ], [ -57.653322259916798, -25.3192991891069 ], [ -57.653225125384402, -25.319262259350499 ], [ -57.653147392628, -25.3192353575227 ], [ -57.653140737318601, -25.319233750718801 ], [ -57.653053903896698, -25.319172021264201 ], [ -57.653049045615901, -25.319168697955899 ], [ -57.652977603616797, -25.319141732043299 ], [ -57.652963304517399, -25.319141679801401 ], [ -57.6529507938086, -25.319141635890301 ], [ -57.652888131228103, -25.319164810770999 ], [ -57.652814683685797, -25.319177753266601 ], [ -57.652668374935402, -25.319143990230501 ], [ -57.652519506342799, -25.319085271326301 ], [ -57.652426678863399, -25.319067758849499 ], [ -57.652379025864199, -25.3190678397361 ], [ -57.6523698676422, -25.3190678567919 ], [ -57.652347895045096, -25.319067894441002 ], [ -57.652344232940798, -25.319067899812499 ], [ -57.652243819980797, -25.319060968216501 ], [ -57.6521428349822, -25.319025138415999 ], [ -57.652131686099501, -25.319021512399299 ], [ -57.6520250597424, -25.318961526059098 ], [ -57.651952418470998, -25.318922789398201 ], [ -57.651877468963903, -25.3188997666532 ], [ -57.6517895166375, -25.3188909229996 ], [ -57.6516799082478, -25.318878506922701 ], [ -57.6514724131222, -25.318833990776501 ], [ -57.651298997338699, -25.318803846331001 ], [ -57.651291644901498, -25.318803777679399 ], [ -57.651129627088402, -25.318769210182499 ], [ -57.651048346968103, -25.318736500146901 ], [ -57.6508256218372, -25.318682732855901 ], [ -57.650730934362798, -25.318675137400199 ], [ -57.650609480747498, -25.3186770858924 ], [ -57.650457162304697, -25.318666746563 ], [ -57.650226766645801, -25.318642205468301 ], [ -57.650156893318403, -25.318640543273499 ], [ -57.650149501594001, -25.318640557817101 ], [ -57.650042739190297, -25.3186389679739 ], [ -57.649923906421499, -25.318678130985401 ], [ -57.649918457997302, -25.318678140560898 ], [ -57.6498331646156, -25.318719563096799 ], [ -57.6498202283192, -25.318724657248701 ], [ -57.649809256051803, -25.318728045038402 ], [ -57.649675351215997, -25.318793993245901 ], [ -57.649494582451503, -25.318877587224399 ], [ -57.649394512021502, -25.318941164624 ], [ -57.649273885209098, -25.318993515695698 ], [ -57.649180996421499, -25.3190050357628 ], [ -57.649096866392902, -25.319002364862001 ], [ -57.649081222623103, -25.3189975700157 ], [ -57.649018931675798, -25.318951916037499 ], [ -57.648939929050201, -25.318853567759099 ], [ -57.648934602644303, -25.318841053494602 ], [ -57.648855378532701, -25.318746607246599 ], [ -57.6487499159647, -25.3185977711513 ], [ -57.648669632916402, -25.3185074003312 ], [ -57.648588052579001, -25.318373032159201 ], [ -57.648444306231198, -25.3181831137111 ], [ -57.648403759586202, -25.3180873628326 ], [ -57.648319352854998, -25.317950489271102 ], [ -57.6482224595551, -25.317810580387899 ], [ -57.648093447666398, -25.3176000148244 ], [ -57.6480934214065, -25.317597694143501 ], [ -57.648037049688497, -25.317517460021101 ], [ -57.647959379712198, -25.317402978938201 ], [ -57.647874740614199, -25.3172580980135 ], [ -57.647871615100101, -25.317250268000599 ], [ -57.647782764686802, -25.317102951081001 ], [ -57.647709662153801, -25.316983757616999 ], [ -57.647673715339202, -25.316929269384801 ], [ -57.647617631802198, -25.316854166663401 ], [ -57.647612751418201, -25.316849257541001 ], [ -57.647547432655003, -25.316733860459099 ], [ -57.647542177381098, -25.316731315317298 ], [ -57.647488670073997, -25.316640309636401 ], [ -57.647410676666901, -25.316502534994999 ], [ -57.647366129976803, -25.316418445074699 ], [ -57.647320847478497, -25.316345068351598 ], [ -57.647270346255702, -25.316308906881002 ], [ -57.647265041120697, -25.3163037052222 ], [ -57.647254317412902, -25.316295885079001 ], [ -57.647176701194503, -25.316184126855799 ], [ -57.647176797493898, -25.3161786919752 ], [ -57.647038948678002, -25.3160454765307 ], [ -57.646957935189697, -25.3159733925391 ], [ -57.646918624570098, -25.315907596629501 ], [ -57.646914077729697, -25.315897760871401 ], [ -57.646886291780604, -25.315840574469998 ], [ -57.646883970114899, -25.315835551147099 ], [ -57.6468306719715, -25.315741109143701 ], [ -57.646828265985199, -25.3157359218377 ], [ -57.6467795713654, -25.315624935897102 ], [ -57.646777074925502, -25.3156195521256 ], [ -57.646728177061902, -25.3155293946329 ], [ -57.646717326797102, -25.3155183024083 ], [ -57.646637403953498, -25.3153528920996 ], [ -57.646619813835599, -25.315260962733799 ], [ -57.6465999077163, -25.315208854682801 ], [ -57.646599977839799, -25.315206343940499 ], [ -57.646582782140797, -25.315140416606699 ], [ -57.646582847993599, -25.315137849894999 ], [ -57.646579496708902, -25.315051912005501 ], [ -57.646583920841401, -25.314985125872401 ], [ -57.646611214813198, -25.314911165054699 ], [ -57.646614637971197, -25.314792823675401 ], [ -57.646635364926297, -25.3146848093443 ], [ -57.6465650597167, -25.3145553264354 ], [ -57.6465581745977, -25.314551912461599 ], [ -57.6465484372292, -25.314541584725301 ], [ -57.6464903028401, -25.3144720730755 ], [ -57.646480776229197, -25.314458025715499 ], [ -57.646434846866597, -25.314365481908901 ], [ -57.646424759481903, -25.314354716824202 ], [ -57.646368084342498, -25.314241522570999 ], [ -57.6463684202675, -25.314237802403198 ], [ -57.6463131376861, -25.314178448143899 ], [ -57.646303006017099, -25.314163451625902 ], [ -57.646222064417799, -25.314076508345298 ], [ -57.646164459119198, -25.314002529635601 ], [ -57.646087153904404, -25.314040322714 ], [ -57.646018875992297, -25.313986439887302 ], [ -57.645753842021001, -25.314064359017902 ], [ -57.645610465079102, -25.3140828824408 ], [ -57.645572964836397, -25.314087727096101 ], [ -57.645449046366103, -25.3141966338343 ], [ -57.645313999049698, -25.314314619530599 ], [ -57.6450839044047, -25.314541385180501 ], [ -57.645081020929503, -25.3145548205006 ], [ -57.6450693611242, -25.314609176394299 ], [ -57.645049921321899, -25.314631837317599 ], [ -57.644337611401397, -25.315023257288999 ], [ -57.643556588370899, -25.315455610414801 ], [ -57.642788073523199, -25.315905965606898 ], [ -57.642495666406703, -25.316070540618799 ], [ -57.642418004455102, -25.316114250939101 ], [ -57.6420361761067, -25.316329153440599 ], [ -57.641222347028297, -25.3167842131217 ], [ -57.640450065662797, -25.317230057513299 ], [ -57.639693208028199, -25.317657770291 ], [ -57.6388132482071, -25.3181627779664 ] ] ] } },
{ "type": "Feature", "properties": { "FID": 51, "DIST_DESC": "ASUNCION", "BARLO_DESC": "SANTA ANA", "superficie": 140.351454123, "Pob_2012": 5780, "Shape__Area": 1726130.830078125, "Shape__Length": 5999.5562196591463, "fuente": "ArcGIS Online Mapa_Poblacion_Asuncion_WFL1 (derivado de INE 2012)" }, "geometry": { "type": "Polygon", "coordinates": [ [ [ -57.646164459119198, -25.314002529635601 ], [ -57.646222064417799, -25.314076508345298 ], [ -57.646303006017099, -25.314163451625902 ], [ -57.6463131376861, -25.314178448143899 ], [ -57.6463684202675, -25.314237802403198 ], [ -57.646368084342498, -25.314241522570999 ], [ -57.646424759481903, -25.314354716824202 ], [ -57.646434846866597, -25.314365481908901 ], [ -57.646480776229197, -25.314458025715499 ], [ -57.6464903028401, -25.3144720730755 ], [ -57.6465484372292, -25.314541584725301 ], [ -57.6465581745977, -25.314551912461599 ], [ -57.6465650597167, -25.3145553264354 ], [ -57.646635364926297, -25.3146848093443 ], [ -57.646614637971197, -25.314792823675401 ], [ -57.646611214813198, -25.314911165054699 ], [ -57.646583920841401, -25.314985125872401 ], [ -57.646579496708902, -25.315051912005501 ], [ -57.646582847993599, -25.315137849894999 ], [ -57.646582782140797, -25.315140416606699 ], [ -57.646599977839799, -25.315206343940499 ], [ -57.6465999077163, -25.315208854682801 ], [ -57.646619813835599, -25.315260962733799 ], [ -57.646637403953498, -25.3153528920996 ], [ -57.646717326797102, -25.3155183024083 ], [ -57.646728177061902, -25.3155293946329 ], [ -57.646777074925502, -25.3156195521256 ], [ -57.6467795713654, -25.315624935897102 ], [ -57.646828265985199, -25.3157359218377 ], [ -57.6468306719715, -25.315741109143701 ], [ -57.646883970114899, -25.315835551147099 ], [ -57.646886291780604, -25.315840574469998 ], [ -57.646914077729697, -25.315897760871401 ], [ -57.646918624570098, -25.315907596629501 ], [ -57.646957935189697, -25.3159733925391 ], [ -57.647038948678002, -25.3160454765307 ], [ -57.647176797493898, -25.3161786919752 ], [ -57.647176701194503, -25.316184126855799 ], [ -57.647254317412902, -25.316295885079001 ], [ -57.647265041120697, -25.3163037052222 ], [ -57.647270346255702, -25.316308906881002 ], [ -57.647320847478497, -25.316345068351598 ], [ -57.647366129976803, -25.316418445074699 ], [ -57.647410676666901, -25.316502534994999 ], [ -57.647488670073997, -25.316640309636401 ], [ -57.647542177381098, -25.316731315317298 ], [ -57.647547432655003, -25.316733860459099 ], [ -57.647612751418201, -25.316849257541001 ], [ -57.647617631802198, -25.316854166663401 ], [ -57.647673715339202, -25.316929269384801 ], [ -57.647709662153801, -25.316983757616999 ], [ -57.647782764686802, -25.317102951081001 ], [ -57.647871615100101, -25.317250268000599 ], [ -57.647874740614199, -25.3172580980135 ], [ -57.647959379712198, -25.317402978938201 ], [ -57.648037049688497, -25.317517460021101 ], [ -57.6480934214065, -25.317597694143501 ], [ -57.648093447666398, -25.3176000148244 ], [ -57.6482224595551, -25.317810580387899 ], [ -57.648319352854998, -25.317950489271102 ], [ -57.648403759586202, -25.3180873628326 ], [ -57.648444306231198, -25.3181831137111 ], [ -57.648588052579001, -25.318373032159201 ], [ -57.648669632916402, -25.3185074003312 ], [ -57.6487499159647, -25.3185977711513 ], [ -57.648855378532701, -25.318746607246599 ], [ -57.648934602644303, -25.318841053494602 ], [ -57.648939929050201, -25.318853567759099 ], [ -57.649018931675798, -25.318951916037499 ], [ -57.649081222623103, -25.3189975700157 ], [ -57.649096866392902, -25.319002364862001 ], [ -57.649180996421499, -25.3190050357628 ], [ -57.649273885209098, -25.318993515695698 ], [ -57.649394512021502, -25.318941164624 ], [ -57.649494582451503, -25.318877587224399 ], [ -57.649675351215997, -25.318793993245901 ], [ -57.649809256051803, -25.318728045038402 ], [ -57.6498202283192, -25.318724657248701 ], [ -57.6498331646156, -25.318719563096799 ], [ -57.649918457997302, -25.318678140560898 ], [ -57.649923906421499, -25.318678130985401 ], [ -57.650042739190297, -25.3186389679739 ], [ -57.650149501594001, -25.318640557817101 ], [ -57.650156893318403, -25.318640543273499 ], [ -57.650226766645801, -25.318642205468301 ], [ -57.650457162304697, -25.318666746563 ], [ -57.650609480747498, -25.3186770858924 ], [ -57.650730934362798, -25.318675137400199 ], [ -57.6508256218372, -25.318682732855901 ], [ -57.651048346968103, -25.318736500146901 ], [ -57.651129627088402, -25.318769210182499 ], [ -57.651291644901498, -25.318803777679399 ], [ -57.651298997338699, -25.318803846331001 ], [ -57.6514724131222, -25.318833990776501 ], [ -57.6516799082478, -25.318878506922701 ], [ -57.6517895166375, -25.3188909229996 ], [ -57.651877468963903, -25.3188997666532 ], [ -57.651952418470998, -25.318922789398201 ], [ -57.6520250597424, -25.318961526059098 ], [ -57.652131686099501, -25.319021512399299 ], [ -57.6521428349822, -25.319025138415999 ], [ -57.652243819980797, -25.319060968216501 ], [ -57.652344232940798, -25.319067899812499 ], [ -57.652347895045096, -25.319067894441002 ], [ -57.6523698676422, -25.3190678567919 ], [ -57.652379025864199, -25.3190678397361 ], [ -57.652426678863399, -25.319067758849499 ], [ -57.652519506342799, -25.319085271326301 ], [ -57.652668374935402, -25.319143990230501 ], [ -57.652814683685797, -25.319177753266601 ], [ -57.652888131228103, -25.319164810770999 ], [ -57.6529507938086, -25.319141635890301 ], [ -57.652963304517399, -25.319141679801401 ], [ -57.652977603616797, -25.319141732043299 ], [ -57.653049045615901, -25.319168697955899 ], [ -57.653053903896698, -25.319172021264201 ], [ -57.653140737318601, -25.319233750718801 ], [ -57.653147392628, -25.3192353575227 ], [ -57.653225125384402, -25.319262259350499 ], [ -57.653322259916798, -25.3192991891069 ], [ -57.653439387181699, -25.3193114821226 ], [ -57.6534555314336, -25.319313229257499 ], [ -57.653576384497399, -25.319344041296301 ], [ -57.653670575952802, -25.319366087442098 ], [ -57.653679130198199, -25.3193694142049 ], [ -57.653765424964, -25.3194006809595 ], [ -57.653808627697401, -25.319461776351201 ], [ -57.653811658523601, -25.3194648422486 ], [ -57.653814328051702, -25.319470933102 ], [ -57.653822209510302, -25.319475521668299 ], [ -57.653866902828298, -25.3195174191784 ], [ -57.6539577976571, -25.319544222489402 ], [ -57.6540372282345, -25.319571957975398 ], [ -57.654051848974802, -25.3195756515188 ], [ -57.654116763669101, -25.3196044103952 ], [ -57.654134750218098, -25.319654288143902 ], [ -57.654188637031403, -25.319706022122102 ], [ -57.654193681871597, -25.319709293993999 ], [ -57.654256671025401, -25.319749482909799 ], [ -57.6542581266051, -25.319752637062798 ], [ -57.654305870026199, -25.319790043659399 ], [ -57.654310480889102, -25.3197946449116 ], [ -57.654395174778102, -25.3198070991956 ], [ -57.654595719729599, -25.319871555720301 ], [ -57.654789357799203, -25.319940805246102 ], [ -57.654801575658901, -25.319935152165499 ], [ -57.654949518706999, -25.3199185671488 ], [ -57.654955700575201, -25.319918588442501 ], [ -57.655028884425597, -25.319844402383499 ], [ -57.655209960881102, -25.3199207436083 ], [ -57.655380533643701, -25.320066803879001 ], [ -57.655389168272997, -25.320082832237901 ], [ -57.655516785952997, -25.3202582205849 ], [ -57.655541890732401, -25.3202741196937 ], [ -57.6557259410623, -25.320478912424999 ], [ -57.655767249654197, -25.320494656323799 ], [ -57.655825019593202, -25.320518226691899 ], [ -57.6558414828068, -25.3205182852783 ], [ -57.6558744812654, -25.3205417346751 ], [ -57.656071301768499, -25.320743255329901 ], [ -57.656095710506698, -25.320774136938699 ], [ -57.656120103376601, -25.3207972778211 ], [ -57.656136383455703, -25.320805012963699 ], [ -57.656313743800602, -25.320996294635201 ], [ -57.656337700778202, -25.321026658066302 ], [ -57.656400580403798, -25.321162378303399 ], [ -57.6564323688618, -25.321192434123201 ], [ -57.6564561682736, -25.321214936436601 ], [ -57.656472137283401, -25.321222456198299 ], [ -57.656564572437802, -25.321430280059801 ], [ -57.656572266430601, -25.321445017584701 ], [ -57.6566035790025, -25.3214745029622 ], [ -57.656618896893903, -25.3215038735676 ], [ -57.656836442499703, -25.321693774493902 ], [ -57.656876020158897, -25.321693914166101 ], [ -57.6573157266929, -25.321774687763199 ], [ -57.657672831135798, -25.321890198057901 ], [ -57.657703847140397, -25.3218974518701 ], [ -57.657727438376, -25.321897534421499 ], [ -57.658068012551801, -25.3219699670368 ], [ -57.658106676853699, -25.32197720648 ], [ -57.6581290830025, -25.321991479083898 ], [ -57.658426916754202, -25.322077426849098 ], [ -57.658456347098003, -25.322098634009301 ], [ -57.6584947646571, -25.3221057985972 ], [ -57.658516937568599, -25.3221199204736 ], [ -57.658679317671599, -25.322218429020101 ], [ -57.658709082896301, -25.322232469977099 ], [ -57.658797523510998, -25.322281450644802 ], [ -57.661039623058898, -25.322146471499298 ], [ -57.661056699058904, -25.322489546892101 ], [ -57.661505209032697, -25.322577837613601 ], [ -57.662613767905299, -25.3224870697636 ], [ -57.663125304319898, -25.322575072158202 ], [ -57.663779794270702, -25.322743701792199 ], [ -57.664290623379998, -25.322892931510999 ], [ -57.664610009602399, -25.3226312316928 ], [ -57.665068263670499, -25.3223991227343 ], [ -57.663694772324398, -25.320492460099999 ], [ -57.6636866783467, -25.320481224005601 ], [ -57.661233147267701, -25.317075079575499 ], [ -57.655247493429201, -25.308892670740001 ], [ -57.650258746896498, -25.3117244799217 ], [ -57.649993505867499, -25.312246379672999 ], [ -57.649664549757901, -25.312766346406502 ], [ -57.64954689751, -25.312747325889699 ], [ -57.64901144673, -25.312356864311301 ], [ -57.648710982950703, -25.3125433087612 ], [ -57.647784869545397, -25.313066625760602 ], [ -57.6476849044668, -25.313125762210198 ], [ -57.6469069171686, -25.3135987560335 ], [ -57.646282859454303, -25.313944646260001 ], [ -57.646164459119198, -25.314002529635601 ] ] ] } },
{ "type": "Feature", "properties": { "FID": 52, "DIST_DESC": "ASUNCION", "BARLO_DESC": "TACUMBU", "superficie": 496.43039049700002, "Pob_2012": 20588, "Shape__Area": 6104346.44921875, "Shape__Length": 13264.518610972222, "fuente": "ArcGIS Online Mapa_Poblacion_Asuncion_WFL1 (derivado de INE 2012)" }, "geometry": { "type": "Polygon", "coordinates": [ [ [ -57.648725235956903, -25.300352275249001 ], [ -57.649086037415699, -25.300892508989801 ], [ -57.6494750700585, -25.3014867995511 ], [ -57.6498795546146, -25.302067475355798 ], [ -57.650267446343697, -25.3026211320614 ], [ -57.650713610834501, -25.3032738643724 ], [ -57.650896014410002, -25.303539454675501 ], [ -57.651265599608401, -25.304093189308599 ], [ -57.651644622906801, -25.3046694570819 ], [ -57.651856135998699, -25.304948125222701 ], [ -57.652054499930401, -25.3052094659595 ], [ -57.652483182843497, -25.304956769847202 ], [ -57.655247493429201, -25.308892670740001 ], [ -57.661233147267701, -25.317075079575499 ], [ -57.6636866783467, -25.320481224005601 ], [ -57.663694772324398, -25.320492460099999 ], [ -57.665068263670499, -25.3223991227343 ], [ -57.665076824255301, -25.322394785675701 ], [ -57.665455465301399, -25.3222030011237 ], [ -57.666442523945697, -25.321527357868401 ], [ -57.668103661874099, -25.320760250943302 ], [ -57.668104002790002, -25.320760094076601 ], [ -57.672441407586199, -25.321840165876601 ], [ -57.6724843728663, -25.321951226777401 ], [ -57.673133137249302, -25.319874793796298 ], [ -57.673857902182903, -25.3157988141154 ], [ -57.6738328477607, -25.311270227685402 ], [ -57.673058084086698, -25.306293546619901 ], [ -57.673034704396898, -25.302060859092698 ], [ -57.670949336723901, -25.3019141987049 ], [ -57.670694297504497, -25.301930419655498 ], [ -57.670440225683897, -25.301944098245301 ], [ -57.670222821215503, -25.301953379946202 ], [ -57.670008635723697, -25.3019302224006 ], [ -57.669848930643397, -25.301925000553702 ], [ -57.669640501237701, -25.301919978124499 ], [ -57.669568471069098, -25.3019499951128 ], [ -57.669414106034303, -25.3019747256327 ], [ -57.669265785428699, -25.301986569369301 ], [ -57.669159337328701, -25.301978771625802 ], [ -57.669008193273697, -25.3019684999935 ], [ -57.6688784985163, -25.301983229819101 ], [ -57.668812413340198, -25.301990589466701 ], [ -57.668729749669602, -25.302026386729398 ], [ -57.668690602406301, -25.302085767099001 ], [ -57.668676482668197, -25.3021737919656 ], [ -57.668724381567202, -25.3022353133269 ], [ -57.668832481164301, -25.302280447919401 ], [ -57.668835337922502, -25.3022804078715 ], [ -57.668934715815901, -25.302313625787701 ], [ -57.669000777067303, -25.302358333269499 ], [ -57.66900328781, -25.302361130311699 ], [ -57.669062031902101, -25.302457959710299 ], [ -57.669064083680098, -25.302531314607702 ], [ -57.669054983722901, -25.302626750493801 ], [ -57.669045855128303, -25.302678615167299 ], [ -57.668985325805501, -25.3027603794744 ], [ -57.668923740653597, -25.302815583122602 ], [ -57.668816699452798, -25.302836321870402 ], [ -57.668726718311198, -25.302873642329001 ], [ -57.668612939004703, -25.302903642289898 ], [ -57.668504376324201, -25.302902386215099 ], [ -57.668501783727102, -25.302902414222899 ], [ -57.668328656515598, -25.302875425287599 ], [ -57.668321095963499, -25.3028730972189 ], [ -57.668196578131997, -25.302803846207599 ], [ -57.668014153302501, -25.302723638137699 ], [ -57.667832895603297, -25.3026279610126 ], [ -57.667730750143903, -25.302568272536298 ], [ -57.6676052026965, -25.302531820226999 ], [ -57.667490397387503, -25.302483319680999 ], [ -57.667396459092501, -25.302472877757602 ], [ -57.667260082673401, -25.302437649909599 ], [ -57.667116960909397, -25.302374418685801 ], [ -57.666959923163802, -25.302319758639999 ], [ -57.666840414284003, -25.3022441481207 ], [ -57.666740690990601, -25.302196349968501 ], [ -57.666682100729602, -25.302134543965401 ], [ -57.666601277549901, -25.302051120488599 ], [ -57.666471899897303, -25.301918296536702 ], [ -57.666362746877702, -25.3017994756216 ], [ -57.6662784391632, -25.301753081236299 ], [ -57.666208141914701, -25.301700826032999 ], [ -57.6660906676994, -25.301602160277199 ], [ -57.666011809122502, -25.301506545664001 ], [ -57.665919380467798, -25.3014271746442 ], [ -57.665825145498502, -25.301330990010999 ], [ -57.665751310964303, -25.301260677237799 ], [ -57.665649280744297, -25.301166041161601 ], [ -57.665571500092703, -25.3010916120178 ], [ -57.665539340252501, -25.301022806934 ], [ -57.6654694996055, -25.300950341215199 ], [ -57.665454064517597, -25.3008939423685 ], [ -57.665386994153202, -25.3008401496784 ], [ -57.665464464892999, -25.300747268062 ], [ -57.664434735143402, -25.2999436958704 ], [ -57.664195599283502, -25.299696438762101 ], [ -57.663909804235502, -25.299431330620301 ], [ -57.663464626493102, -25.299026968722 ], [ -57.662690406415599, -25.299524777791198 ], [ -57.662660305970597, -25.299497095982701 ], [ -57.662616940743902, -25.299464405939801 ], [ -57.662526282915699, -25.2994213772979 ], [ -57.662524098091197, -25.2994192902677 ], [ -57.662385727288999, -25.299386895083199 ], [ -57.662309759617699, -25.299336220256102 ], [ -57.662237040498297, -25.299291431226401 ], [ -57.662138969937502, -25.299244283476099 ], [ -57.662079235030703, -25.299184292186101 ], [ -57.662025350944397, -25.2991473182338 ], [ -57.662010771679299, -25.2991373148474 ], [ -57.661938805927697, -25.299068414882001 ], [ -57.661812766616997, -25.299013951437701 ], [ -57.661707638772803, -25.2989600623049 ], [ -57.661618787866303, -25.298897692825602 ], [ -57.661560729087, -25.298859095709901 ], [ -57.661468211548502, -25.298818086703701 ], [ -57.661386708216099, -25.298774109637499 ], [ -57.661325770165902, -25.298734660232 ], [ -57.661284114259701, -25.2988967917805 ], [ -57.661148845817898, -25.2989109437653 ], [ -57.6609946082947, -25.299032272394399 ], [ -57.660837100366102, -25.299156174718799 ], [ -57.660836941114503, -25.299156300051202 ], [ -57.6591918716965, -25.300450347342 ], [ -57.658723643071802, -25.300086710582701 ], [ -57.658078020897001, -25.299696772922101 ], [ -57.657512093934997, -25.299405810878799 ], [ -57.657091719595698, -25.299222562345999 ], [ -57.656489665753199, -25.299008152192801 ], [ -57.656465631966903, -25.2989995918463 ], [ -57.655813392726103, -25.298704492139699 ], [ -57.6557504222489, -25.2986551052172 ], [ -57.655530761962297, -25.298476507804001 ], [ -57.655518452097603, -25.2984664990962 ], [ -57.655266813917898, -25.298083827429799 ], [ -57.655005029220803, -25.297719261056798 ], [ -57.654602159826503, -25.297152137489999 ], [ -57.654523975627903, -25.297044120239601 ], [ -57.654102984740902, -25.296454499719498 ], [ -57.654067642237003, -25.2964049895049 ], [ -57.653654417544999, -25.295815333145299 ], [ -57.6536103113094, -25.2957523161156 ], [ -57.653158668452001, -25.295117676701299 ], [ -57.652653611905301, -25.2944200596217 ], [ -57.652272351125802, -25.293884439746101 ], [ -57.6520991076749, -25.293645901210201 ], [ -57.652061593488298, -25.293596400071799 ], [ -57.651767926657897, -25.293186816565399 ], [ -57.651437917389103, -25.292714180391801 ], [ -57.651143993146199, -25.292313627029198 ], [ -57.650687983323898, -25.2916699682727 ], [ -57.650600706733698, -25.291543928133098 ], [ -57.650261919060299, -25.291053267071 ], [ -57.650174691516298, -25.290936256804901 ], [ -57.650096849279002, -25.290832750670798 ], [ -57.649667856432501, -25.290247666784101 ], [ -57.6495486820411, -25.290076614603599 ], [ -57.649018523503102, -25.289320397089 ], [ -57.648509982233797, -25.288600203945599 ], [ -57.648359841790203, -25.288384134984799 ], [ -57.647895694571297, -25.287722441821298 ], [ -57.647557596358702, -25.287240801310499 ], [ -57.646986849993397, -25.28643508691 ], [ -57.646897841929103, -25.2865077202183 ], [ -57.645570800124197, -25.287249508705099 ], [ -57.644885582642502, -25.287627266162399 ], [ -57.644131022196802, -25.2880414447711 ], [ -57.643141322864999, -25.2886011308969 ], [ -57.6423539923574, -25.289042534537099 ], [ -57.641459042606101, -25.289561160243899 ], [ -57.641945222171799, -25.290285990683302 ], [ -57.642440291051599, -25.291046902145599 ], [ -57.642954059650698, -25.291821275828099 ], [ -57.643472803274399, -25.292595625838299 ], [ -57.643768379264301, -25.293024254034201 ], [ -57.643771598407596, -25.293028921328698 ], [ -57.644003633985697, -25.293365405885801 ], [ -57.644481655276103, -25.294067686830701 ], [ -57.644977828125, -25.2947969778049 ], [ -57.645536283101499, -25.295620813208402 ], [ -57.646072274405498, -25.2964221687836 ], [ -57.646390190877398, -25.296899385076099 ], [ -57.6467634839439, -25.297457631041599 ], [ -57.647160515916497, -25.298042862885001 ], [ -57.647570972157098, -25.298641580150399 ], [ -57.6479190366464, -25.299181872954001 ], [ -57.648319209123002, -25.299771602751999 ], [ -57.648530972912397, -25.300073188618999 ], [ -57.648725235956903, -25.300352275249001 ] ] ] } },
{ "type": "Feature", "properties": { "FID": 53, "DIST_DESC": "ASUNCION", "BARLO_DESC": "SAJONIA", "superficie": 132.423035736, "Pob_2012": 2865, "Shape__Area": 1628015.71875, "Shape__Length": 5863.7145497825859, "fuente": "ArcGIS Online Mapa_Poblacion_Asuncion_WFL1 (derivado de INE 2012)" }, "geometry": { "type": "Polygon", "coordinates": [ [ [ -57.666413681964301, -25.288412048811001 ], [ -57.666326263414199, -25.2887736576827 ], [ -57.666145079748397, -25.289528510123599 ], [ -57.6658814251942, -25.2906991306122 ], [ -57.666859775555899, -25.290861772481399 ], [ -57.666645361075901, -25.291783836946198 ], [ -57.666435835889999, -25.292692333429699 ], [ -57.666242637235598, -25.293578179950899 ], [ -57.666038333341902, -25.294477621820199 ], [ -57.665844246880397, -25.295372502049801 ], [ -57.665621671837201, -25.296243197241701 ], [ -57.665419885473398, -25.2971308186413 ], [ -57.665206494711597, -25.2980167546093 ], [ -57.6650337907611, -25.298907021917 ], [ -57.664837956353601, -25.299711605019901 ], [ -57.665265502623797, -25.300012193281901 ], [ -57.665756672766399, -25.300366675066101 ], [ -57.665628548824898, -25.300552375313998 ], [ -57.665464464892999, -25.300747268062 ], [ -57.665386994153202, -25.3008401496784 ], [ -57.665454064517597, -25.3008939423685 ], [ -57.6654694996055, -25.300950341215199 ], [ -57.665539340252501, -25.301022806934 ], [ -57.665571500092703, -25.3010916120178 ], [ -57.665649280744297, -25.301166041161601 ], [ -57.665751310964303, -25.301260677237799 ], [ -57.665825145498502, -25.301330990010999 ], [ -57.665919380467798, -25.3014271746442 ], [ -57.666011809122502, -25.301506545664001 ], [ -57.6660906676994, -25.301602160277199 ], [ -57.666208141914701, -25.301700826032999 ], [ -57.6662784391632, -25.301753081236299 ], [ -57.666362746877702, -25.3017994756216 ], [ -57.666471899897303, -25.301918296536702 ], [ -57.666601277549901, -25.302051120488599 ], [ -57.666682100729602, -25.302134543965401 ], [ -57.666740690990601, -25.302196349968501 ], [ -57.666840414284003, -25.3022441481207 ], [ -57.666959923163802, -25.302319758639999 ], [ -57.667116960909397, -25.302374418685801 ], [ -57.667260082673401, -25.302437649909599 ], [ -57.667396459092501, -25.302472877757602 ], [ -57.667490397387503, -25.302483319680999 ], [ -57.6676052026965, -25.302531820226999 ], [ -57.667730750143903, -25.302568272536298 ], [ -57.667832895603297, -25.3026279610126 ], [ -57.668014153302501, -25.302723638137699 ], [ -57.668196578131997, -25.302803846207599 ], [ -57.668321095963499, -25.3028730972189 ], [ -57.668328656515598, -25.302875425287599 ], [ -57.668501783727102, -25.302902414222899 ], [ -57.668504376324201, -25.302902386215099 ], [ -57.668612939004703, -25.302903642289898 ], [ -57.668726718311198, -25.302873642329001 ], [ -57.668816699452798, -25.302836321870402 ], [ -57.668923740653597, -25.302815583122602 ], [ -57.668985325805501, -25.3027603794744 ], [ -57.669045855128303, -25.302678615167299 ], [ -57.669054983722901, -25.302626750493801 ], [ -57.669064083680098, -25.302531314607702 ], [ -57.669062031902101, -25.302457959710299 ], [ -57.66900328781, -25.302361130311699 ], [ -57.669000777067303, -25.302358333269499 ], [ -57.668934715815901, -25.302313625787701 ], [ -57.668835337922502, -25.3022804078715 ], [ -57.668832481164301, -25.302280447919401 ], [ -57.668724381567202, -25.3022353133269 ], [ -57.668676482668197, -25.3021737919656 ], [ -57.668690602406301, -25.302085767099001 ], [ -57.668729749669602, -25.302026386729398 ], [ -57.668812413340198, -25.301990589466701 ], [ -57.6688784985163, -25.301983229819101 ], [ -57.669008193273697, -25.3019684999935 ], [ -57.669159337328701, -25.301978771625802 ], [ -57.669265785428699, -25.301986569369301 ], [ -57.669414106034303, -25.3019747256327 ], [ -57.669568471069098, -25.3019499951128 ], [ -57.669640501237701, -25.301919978124499 ], [ -57.669848930643397, -25.301925000553702 ], [ -57.670008635723697, -25.3019302224006 ], [ -57.670222821215503, -25.301953379946202 ], [ -57.670440225683897, -25.301944098245301 ], [ -57.670694297504497, -25.301930419655498 ], [ -57.670949336723901, -25.3019141987049 ], [ -57.673034704396898, -25.302060859092698 ], [ -57.673028059087997, -25.300857429545001 ], [ -57.673121916385, -25.295312377344601 ], [ -57.673222314845198, -25.2908960846278 ], [ -57.672830484783603, -25.2876153432168 ], [ -57.672784466546702, -25.287516287034801 ], [ -57.671570320111798, -25.284902676265599 ], [ -57.671567856463199, -25.2848973722168 ], [ -57.669765605792897, -25.2849010983253 ], [ -57.669765261140697, -25.284901098986801 ], [ -57.667620038394602, -25.284905505686801 ], [ -57.667188471516702, -25.2851847114405 ], [ -57.666964706549003, -25.286097788805101 ], [ -57.666752774395498, -25.286961145361801 ], [ -57.666604799610397, -25.287544271707901 ], [ -57.666413681964301, -25.288412048811001 ] ] ] } },
{ "type": "Feature", "properties": { "FID": 54, "DIST_DESC": "ASUNCION", "BARLO_DESC": "ITA PYTA PUNTA", "superficie": 68.655876428499994, "Pob_2012": 2911, "Shape__Area": 843912.359375, "Shape__Length": 4217.5499050560147, "fuente": "ArcGIS Online Mapa_Poblacion_Asuncion_WFL1 (derivado de INE 2012)" }, "geometry": { "type": "Polygon", "coordinates": [ [ [ -57.663487805295397, -25.279998155125298 ], [ -57.663356162275498, -25.2803054154287 ], [ -57.663228547460797, -25.280281019216499 ], [ -57.663129352995199, -25.280475617850399 ], [ -57.663085754964897, -25.280620299591199 ], [ -57.663034757016497, -25.280774044932599 ], [ -57.662837783102702, -25.281537995568701 ], [ -57.662617693380902, -25.282446535502299 ], [ -57.661670330803297, -25.282261149293198 ], [ -57.661475346737497, -25.2831650598221 ], [ -57.661273744542399, -25.284050938969099 ], [ -57.662236279632303, -25.2842272290107 ], [ -57.6620367633152, -25.2851537362688 ], [ -57.661835784044897, -25.286039613140598 ], [ -57.661677225208102, -25.2867356619204 ], [ -57.661481989924297, -25.287594421371701 ], [ -57.662460024755198, -25.287761609570801 ], [ -57.6634430037765, -25.2879242538271 ], [ -57.664403327326397, -25.288086993522199 ], [ -57.6654133136851, -25.2882495029233 ], [ -57.666413681964301, -25.288412048811001 ], [ -57.666604799610397, -25.287544271707901 ], [ -57.666752774395498, -25.286961145361801 ], [ -57.666964706549003, -25.286097788805101 ], [ -57.667188471516702, -25.2851847114405 ], [ -57.667620038394602, -25.284905505686801 ], [ -57.669765261140697, -25.284901098986801 ], [ -57.669765605792897, -25.2849010983253 ], [ -57.671567856463199, -25.2848973722168 ], [ -57.670940450241098, -25.2835467497694 ], [ -57.6686799798237, -25.2800487186365 ], [ -57.665676915773702, -25.277344157660998 ], [ -57.663487805295397, -25.279998155125298 ] ] ] } },
{ "type": "Feature", "properties": { "FID": 55, "DIST_DESC": "ASUNCION", "BARLO_DESC": "SAN ANTONIO", "superficie": 148.49702577400001, "Pob_2012": 12193, "Shape__Area": 1825290.791015625, "Shape__Length": 7025.5284542459576, "fuente": "ArcGIS Online Mapa_Poblacion_Asuncion_WFL1 (derivado de INE 2012)" }, "geometry": { "type": "Polygon", "coordinates": [ [ [ -57.654991665810499, -25.2800920523134 ], [ -57.654788157617901, -25.280977932079299 ], [ -57.654580447755201, -25.281890921260501 ], [ -57.6543806583962, -25.282776783846 ], [ -57.654176236307897, -25.283667181826701 ], [ -57.653987900796999, -25.284548477790501 ], [ -57.653766328970903, -25.2854254055494 ], [ -57.653597780161803, -25.286293067662001 ], [ -57.653321900602698, -25.287405024763501 ], [ -57.6530692521982, -25.288566545431401 ], [ -57.654029256740699, -25.288729354205199 ], [ -57.655048239205001, -25.288891894816299 ], [ -57.656035303867299, -25.2890636006473 ], [ -57.657009929123802, -25.2892308400472 ], [ -57.657998499738099, -25.2893934955807 ], [ -57.659011906308898, -25.289556033495799 ], [ -57.659963831982701, -25.2897143242891 ], [ -57.660961125507498, -25.289881435984601 ], [ -57.661938199412397, -25.290039601267701 ], [ -57.662929887322797, -25.290202209537 ], [ -57.663917590262599, -25.290373859378899 ], [ -57.664888488192702, -25.290536547955099 ], [ -57.6658814251942, -25.2906991306122 ], [ -57.666145079748397, -25.289528510123599 ], [ -57.666326263414199, -25.2887736576827 ], [ -57.666413681964301, -25.288412048811001 ], [ -57.6654133136851, -25.2882495029233 ], [ -57.664403327326397, -25.288086993522199 ], [ -57.6634430037765, -25.2879242538271 ], [ -57.662460024755198, -25.287761609570801 ], [ -57.661481989924297, -25.287594421371701 ], [ -57.661677225208102, -25.2867356619204 ], [ -57.661835784044897, -25.286039613140598 ], [ -57.6620367633152, -25.2851537362688 ], [ -57.662236279632303, -25.2842272290107 ], [ -57.661273744542399, -25.284050938969099 ], [ -57.661475346737497, -25.2831650598221 ], [ -57.661670330803297, -25.282261149293198 ], [ -57.662617693380902, -25.282446535502299 ], [ -57.662837783102702, -25.281537995568701 ], [ -57.663034757016497, -25.280774044932599 ], [ -57.663085754964897, -25.280620299591199 ], [ -57.663129352995199, -25.280475617850399 ], [ -57.663228547460797, -25.280281019216499 ], [ -57.663356162275498, -25.2803054154287 ], [ -57.663487805295397, -25.279998155125298 ], [ -57.665676915773702, -25.277344157660998 ], [ -57.660432908290502, -25.274649577785201 ], [ -57.656889099613402, -25.272737530808701 ], [ -57.656428504467698, -25.2742529100898 ], [ -57.656425438233398, -25.2742629980185 ], [ -57.656105015047103, -25.2753171843849 ], [ -57.655614416229902, -25.277402750346599 ], [ -57.655393323304999, -25.278306770000899 ], [ -57.655213720492299, -25.279192544296802 ], [ -57.654991665810499, -25.2800920523134 ] ] ] } },
{ "type": "Feature", "properties": { "FID": 56, "DIST_DESC": "ASUNCION", "BARLO_DESC": "DR. GASPAR RODRIGUEZ DE FRANCIA", "superficie": 205.657953066, "Pob_2012": 13067, "Shape__Area": 2527758.005859375, "Shape__Length": 6745.9024661501562, "fuente": "ArcGIS Online Mapa_Poblacion_Asuncion_WFL1 (derivado de INE 2012)" }, "geometry": { "type": "Polygon", "coordinates": [ [ [ -57.639351830818804, -25.2758677579418 ], [ -57.639488540536703, -25.276160177574798 ], [ -57.639489413394998, -25.276162044890398 ], [ -57.639694718291203, -25.276601185494101 ], [ -57.639893373537198, -25.276604839438399 ], [ -57.640127456515998, -25.2766760674042 ], [ -57.640152163152301, -25.276712081810199 ], [ -57.640618200772302, -25.277361262816701 ], [ -57.640661391588999, -25.2774214272374 ], [ -57.640769348288202, -25.277571805807799 ], [ -57.641312819035697, -25.2783415434582 ], [ -57.641742254762299, -25.278967288660699 ], [ -57.642240640643202, -25.2796604603272 ], [ -57.642662947471599, -25.2802275361067 ], [ -57.643192714405401, -25.280983780302101 ], [ -57.643908736528701, -25.282037212397501 ], [ -57.644718002303001, -25.2831715067055 ], [ -57.645454940329302, -25.2842428999496 ], [ -57.6462061680933, -25.285314226572101 ], [ -57.646986849993397, -25.28643508691 ], [ -57.647557596358702, -25.287240801310499 ], [ -57.647895694571297, -25.287722441821298 ], [ -57.648800029945299, -25.287867468589202 ], [ -57.649867468087997, -25.288038862488701 ], [ -57.6509834023107, -25.288223580174101 ], [ -57.651946770187998, -25.288377357386 ], [ -57.652035303567899, -25.288390511657401 ], [ -57.6530692521982, -25.288566545431401 ], [ -57.653321900602698, -25.287405024763501 ], [ -57.653597780161803, -25.286293067662001 ], [ -57.653766328970903, -25.2854254055494 ], [ -57.653987900796999, -25.284548477790501 ], [ -57.654176236307897, -25.283667181826701 ], [ -57.6543806583962, -25.282776783846 ], [ -57.654580447755201, -25.281890921260501 ], [ -57.654788157617901, -25.280977932079299 ], [ -57.654991665810499, -25.2800920523134 ], [ -57.655213720492299, -25.279192544296802 ], [ -57.655393323304999, -25.278306770000899 ], [ -57.655614416229902, -25.277402750346599 ], [ -57.656105015047103, -25.2753171843849 ], [ -57.656425438233398, -25.2742629980185 ], [ -57.656428504467698, -25.2742529100898 ], [ -57.656889099613402, -25.272737530808701 ], [ -57.654813961798197, -25.271617831482299 ], [ -57.650970757421, -25.269205524516401 ], [ -57.648143095125803, -25.2727320621274 ], [ -57.647735590658002, -25.272747030076498 ], [ -57.6477099022514, -25.2727467238042 ], [ -57.647246673067301, -25.272874961127101 ], [ -57.647220999130603, -25.272874766683401 ], [ -57.646478216366397, -25.273139354435699 ], [ -57.645798230410797, -25.2734754372776 ], [ -57.645056030172597, -25.273846248940401 ], [ -57.643839843615602, -25.274462886477199 ], [ -57.643328167918597, -25.27473180158 ], [ -57.642550918878698, -25.275193792601801 ], [ -57.641829547908699, -25.2756218315408 ], [ -57.641405738775397, -25.275839332570701 ], [ -57.640319120153002, -25.275898605702601 ], [ -57.640233571884998, -25.275915605432001 ], [ -57.639618428994503, -25.275931478880999 ], [ -57.6395938198403, -25.275931428409599 ], [ -57.6395567379301, -25.275931289307898 ], [ -57.639538196974897, -25.275931219753598 ], [ -57.6393779303705, -25.2758793031092 ], [ -57.639351830818804, -25.2758677579418 ] ] ] } },
{ "type": "Feature", "properties": { "FID": 57, "DIST_DESC": "ASUNCION", "BARLO_DESC": "BOTANICO", "superficie": 669.43947637899998, "Pob_2012": 15904, "Shape__Area": 8223698.34375, "Shape__Length": 12272.221137728911, "fuente": "ArcGIS Online Mapa_Poblacion_Asuncion_WFL1 (derivado de INE 2012)" }, "geometry": { "type": "Polygon", "coordinates": [ [ [ -57.575865270784703, -25.253364030432 ], [ -57.575958647362199, -25.253312216853601 ], [ -57.578277230032903, -25.252052433740001 ], [ -57.579292753285102, -25.251438895616399 ], [ -57.580196591695, -25.250898033330799 ], [ -57.580334267480502, -25.2508218204941 ], [ -57.580964131768297, -25.2504841747282 ], [ -57.5812361712957, -25.250338345582399 ], [ -57.581388754254299, -25.2502533631977 ], [ -57.581529560021899, -25.250173317944601 ], [ -57.581808928993198, -25.250014503755999 ], [ -57.582126917021803, -25.2498367750852 ], [ -57.582424805014099, -25.249677697110101 ], [ -57.582447567448199, -25.249665541705902 ], [ -57.582592125729498, -25.249584347327001 ], [ -57.582922919549198, -25.249408032999099 ], [ -57.583251504931397, -25.249230030734999 ], [ -57.583470251510903, -25.2491024924336 ], [ -57.5834889229127, -25.249097652376999 ], [ -57.584472704345998, -25.248519699726401 ], [ -57.584857209240603, -25.2482885738366 ], [ -57.585044631710197, -25.247552725382601 ], [ -57.585054466878098, -25.247537588349498 ], [ -57.5852602326582, -25.247545803624401 ], [ -57.585465603102797, -25.247535959201901 ], [ -57.585757145839601, -25.2475077117907 ], [ -57.585920950408401, -25.247371604740199 ], [ -57.585987105799198, -25.2473470051204 ], [ -57.5860191397704, -25.247335093236501 ], [ -57.5862974339773, -25.2472617448907 ], [ -57.586401682773698, -25.2472228909553 ], [ -57.586577372133398, -25.247195628334801 ], [ -57.586641385253699, -25.247187725274099 ], [ -57.586909599997902, -25.247154612323801 ], [ -57.587381281747, -25.246945431587999 ], [ -57.587791440451902, -25.246691134074599 ], [ -57.588111614547202, -25.246425783738601 ], [ -57.588390271383197, -25.246194842623002 ], [ -57.588675793742098, -25.245937404365499 ], [ -57.588890663849099, -25.245743669281602 ], [ -57.589006644570901, -25.2456291373264 ], [ -57.5890789918423, -25.245557694890799 ], [ -57.5893461173631, -25.245293908048399 ], [ -57.589382853606601, -25.2452576313908 ], [ -57.589793423187103, -25.2449068089098 ], [ -57.589932465204001, -25.244788000328899 ], [ -57.590334419969302, -25.2443081154384 ], [ -57.590596921073598, -25.244068172692 ], [ -57.590707663681698, -25.243916414117301 ], [ -57.593055527739402, -25.2411255729956 ], [ -57.5904121938567, -25.238833453349201 ], [ -57.587410776566699, -25.235901475167701 ], [ -57.585284501929003, -25.2337606534666 ], [ -57.583659207241801, -25.2322364114316 ], [ -57.581159835566602, -25.2300970006741 ], [ -57.579974923639803, -25.229197669709901 ], [ -57.578495867473002, -25.230821809859499 ], [ -57.578506044880697, -25.230827696743599 ], [ -57.578394253180498, -25.230952204619602 ], [ -57.577015321781403, -25.232167683926399 ], [ -57.575369491133102, -25.233637045439998 ], [ -57.574550214074797, -25.234389766300598 ], [ -57.575426393411902, -25.234783699266401 ], [ -57.5740676095566, -25.235217934342302 ], [ -57.572195975681801, -25.235857330689399 ], [ -57.569420401054302, -25.236807227778101 ], [ -57.566686273422803, -25.2377388531702 ], [ -57.564016450960601, -25.238561816663399 ], [ -57.563197432391597, -25.2389216467949 ], [ -57.561041145922999, -25.240099304036502 ], [ -57.555500237079301, -25.243046133555499 ], [ -57.554846770404801, -25.243387235090001 ], [ -57.554702527352603, -25.243464536280399 ], [ -57.5541788538399, -25.243740118629901 ], [ -57.554125973091701, -25.243767562105699 ], [ -57.553500523667203, -25.2440921505045 ], [ -57.552764581009697, -25.2444764875872 ], [ -57.552381392330197, -25.244675369883101 ], [ -57.551682463993998, -25.245038126549101 ], [ -57.551282924524003, -25.245269896667999 ], [ -57.551089465584397, -25.245351719021102 ], [ -57.550497235475703, -25.2455392283922 ], [ -57.550445092526097, -25.245556021727701 ], [ -57.549951214564402, -25.245767024638699 ], [ -57.549683546811799, -25.245930570476698 ], [ -57.549588224512497, -25.246192810451301 ], [ -57.549715179627803, -25.246892203751699 ], [ -57.551334634528999, -25.2483400817461 ], [ -57.552153416292597, -25.2490730104596 ], [ -57.552864437416801, -25.249700805419199 ], [ -57.5528915741424, -25.249725991090799 ], [ -57.553253883504198, -25.250062249250799 ], [ -57.554092908059403, -25.250600934801 ], [ -57.554250889049797, -25.2506771013846 ], [ -57.554593308717998, -25.250847395712899 ], [ -57.555449646720497, -25.251164760728301 ], [ -57.556425020642202, -25.251522309566599 ], [ -57.557018066730897, -25.251736806230799 ], [ -57.557727745337402, -25.252009558373601 ], [ -57.5586018067414, -25.2524668108104 ], [ -57.5588540834651, -25.252601314883002 ], [ -57.559919363536999, -25.253206838985999 ], [ -57.560147835397103, -25.253332543226499 ], [ -57.561383265407997, -25.2540030248704 ], [ -57.561390896833899, -25.2540071679521 ], [ -57.561486013863103, -25.254058787714399 ], [ -57.561995194236303, -25.254318735413801 ], [ -57.5627870724784, -25.2547130617303 ], [ -57.562821600682703, -25.254730991139301 ], [ -57.563963542405403, -25.255263949157801 ], [ -57.564492283139401, -25.255523813359002 ], [ -57.565679359872497, -25.2560836767959 ], [ -57.566347756840898, -25.256478456606999 ], [ -57.566554300957399, -25.2564469578681 ], [ -57.567485911609197, -25.2564205396239 ], [ -57.568670625102698, -25.256437902428601 ], [ -57.569208816972399, -25.256458424863901 ], [ -57.5696707968645, -25.256506310993601 ], [ -57.570190602058602, -25.2565765486241 ], [ -57.570919953934997, -25.256134846661698 ], [ -57.572712292279498, -25.255126426129902 ], [ -57.573414521942098, -25.2547263592595 ], [ -57.574068799126998, -25.254358082237498 ], [ -57.574274623359202, -25.2542444007962 ], [ -57.575237506072398, -25.2537123693435 ], [ -57.575865270784703, -25.253364030432 ] ] ] } },
{ "type": "Feature", "properties": { "FID": 58, "DIST_DESC": "ASUNCION", "BARLO_DESC": "SANTA ROSA", "superficie": 62.773726376299997, "Pob_2012": 4606, "Shape__Area": 771234.453125, "Shape__Length": 3968.6905216024952, "fuente": "ArcGIS Online Mapa_Poblacion_Asuncion_WFL1 (derivado de INE 2012)" }, "geometry": { "type": "Polygon", "coordinates": [ [ [ -57.584472704345998, -25.248519699726401 ], [ -57.5834889229127, -25.249097652376999 ], [ -57.583470251510903, -25.2491024924336 ], [ -57.583251504931397, -25.249230030734999 ], [ -57.582922919549198, -25.249408032999099 ], [ -57.582592125729498, -25.249584347327001 ], [ -57.582447567448199, -25.249665541705902 ], [ -57.582424805014099, -25.249677697110101 ], [ -57.582126917021803, -25.2498367750852 ], [ -57.581808928993198, -25.250014503755999 ], [ -57.581529560021899, -25.250173317944601 ], [ -57.581388754254299, -25.2502533631977 ], [ -57.5812361712957, -25.250338345582399 ], [ -57.580964131768297, -25.2504841747282 ], [ -57.580334267480502, -25.2508218204941 ], [ -57.580196591695, -25.250898033330799 ], [ -57.579292753285102, -25.251438895616399 ], [ -57.578277230032903, -25.252052433740001 ], [ -57.579112909071902, -25.252645171343801 ], [ -57.5792191078176, -25.252726029246901 ], [ -57.5800228778483, -25.253327917160799 ], [ -57.580153678273902, -25.253426738710601 ], [ -57.5808631517314, -25.253951122422301 ], [ -57.581822455186597, -25.254672719531801 ], [ -57.581824119684498, -25.254670888815799 ], [ -57.581954006194799, -25.2547759072255 ], [ -57.582022057112098, -25.254821322432001 ], [ -57.583779652831197, -25.256148684095798 ], [ -57.584886377441499, -25.256952532326 ], [ -57.5856325756532, -25.256150378317201 ], [ -57.586388362543197, -25.255343666368301 ], [ -57.586621453861703, -25.255094402409799 ], [ -57.58717051523, -25.254536845767301 ], [ -57.587807525027401, -25.253942815142 ], [ -57.588658341786399, -25.2529641343401 ], [ -57.588818323984697, -25.252754440951701 ], [ -57.588910581729202, -25.252633516176001 ], [ -57.589239927942003, -25.252334196624801 ], [ -57.589248877548698, -25.252323863459999 ], [ -57.589557774741102, -25.2519671936648 ], [ -57.589647480168999, -25.251859222912501 ], [ -57.589877705020399, -25.2515821207489 ], [ -57.5892408207757, -25.251164700790099 ], [ -57.589155877175102, -25.251258128585199 ], [ -57.588892603470299, -25.251505914848899 ], [ -57.5888345280501, -25.251579476628699 ], [ -57.588846143094102, -25.251691755042 ], [ -57.588764837684998, -25.251765317306699 ], [ -57.588691275585099, -25.251780804346101 ], [ -57.5886682351952, -25.251803844445799 ], [ -57.588647569576104, -25.251700698496499 ], [ -57.588624749129998, -25.251562299813799 ], [ -57.588624442827602, -25.251549840777599 ], [ -57.588618182224202, -25.251430157679401 ], [ -57.588564597158197, -25.251431229141101 ], [ -57.588473352817097, -25.2514229343303 ], [ -57.588361371826501, -25.2513026583241 ], [ -57.588301420423797, -25.251212731413901 ], [ -57.588162293983103, -25.251004041181499 ], [ -57.588108377171501, -25.250775931905299 ], [ -57.588101090598599, -25.2507474480777 ], [ -57.588062755184197, -25.2505975908749 ], [ -57.587984786605404, -25.2503772468935 ], [ -57.588060673665403, -25.250346530980799 ], [ -57.588123668227198, -25.2503210327103 ], [ -57.588345153220899, -25.250185681232299 ], [ -57.588459997333999, -25.250185680620799 ], [ -57.588603552757199, -25.2501200556665 ], [ -57.588779920718899, -25.250009312611599 ], [ -57.588943984240899, -25.2498616557498 ], [ -57.589067031848401, -25.2496627291968 ], [ -57.589169571609801, -25.249449447321201 ], [ -57.589136758473998, -25.2493756185644 ], [ -57.588980898898399, -25.2492689779377 ], [ -57.588755972020699, -25.249122775413401 ], [ -57.588734803258397, -25.249109016068001 ], [ -57.588517420149302, -25.2490146794817 ], [ -57.588394372499202, -25.248887530178202 ], [ -57.588254918869303, -25.248668095863302 ], [ -57.588199550402003, -25.248615084386 ], [ -57.588062144939997, -25.2484835245879 ], [ -57.5878943333935, -25.2483065603043 ], [ -57.587770162351099, -25.248199482465999 ], [ -57.587769764640001, -25.248199166175699 ], [ -57.587731119870398, -25.248168428477001 ], [ -57.587520736245601, -25.248036452355901 ], [ -57.587325243048802, -25.247927534759299 ], [ -57.587233625119197, -25.2478764912066 ], [ -57.586979327061897, -25.2477370373574 ], [ -57.586713711559298, -25.2476442316533 ], [ -57.586746668066098, -25.2475618393151 ], [ -57.586724320254497, -25.2474476183768 ], [ -57.586634930385699, -25.247273804236698 ], [ -57.586617548609702, -25.247204278915302 ], [ -57.586641385253699, -25.247187725274099 ], [ -57.586577372133398, -25.247195628334801 ], [ -57.586401682773698, -25.2472228909553 ], [ -57.5862974339773, -25.2472617448907 ], [ -57.5860191397704, -25.247335093236501 ], [ -57.585987105799198, -25.2473470051204 ], [ -57.585920950408401, -25.247371604740199 ], [ -57.585757145839601, -25.2475077117907 ], [ -57.585465603102797, -25.247535959201901 ], [ -57.5852602326582, -25.247545803624401 ], [ -57.585054466878098, -25.247537588349498 ], [ -57.585044631710197, -25.247552725382601 ], [ -57.584857209240603, -25.2482885738366 ], [ -57.584472704345998, -25.248519699726401 ] ] ] } },
{ "type": "Feature", "properties": { "FID": 59, "DIST_DESC": "ASUNCION", "BARLO_DESC": "VIRGEN DE FATIMA", "superficie": 73.024020334900001, "Pob_2012": 4939, "Shape__Area": 897236.2578125, "Shape__Length": 4437.8035581573713, "fuente": "ArcGIS Online Mapa_Poblacion_Asuncion_WFL1 (derivado de INE 2012)" }, "geometry": { "type": "Polygon", "coordinates": [ [ [ -57.596192640596001, -25.256717911153899 ], [ -57.596353547657102, -25.256714142258701 ], [ -57.596533335137799, -25.256710184935901 ], [ -57.596672055616303, -25.2566730004901 ], [ -57.596811698454303, -25.256582364471399 ], [ -57.596998390997598, -25.2564593390757 ], [ -57.597006744197003, -25.256456881525899 ], [ -57.5971194873892, -25.256367423183399 ], [ -57.597125158949098, -25.256362431685901 ], [ -57.597208424973402, -25.2562595341352 ], [ -57.597240517482703, -25.256114582752101 ], [ -57.5972435662013, -25.256106898137102 ], [ -57.597285864174303, -25.255928508994199 ], [ -57.597286027323499, -25.255923290530799 ], [ -57.596842690480997, -25.255378911464899 ], [ -57.5965823255749, -25.2550020665151 ], [ -57.596267146269099, -25.254604666912801 ], [ -57.596095853102, -25.254316894586299 ], [ -57.595904005316498, -25.254241525780301 ], [ -57.595698453172901, -25.254268932697599 ], [ -57.595676492864797, -25.254272999206002 ], [ -57.595677897887498, -25.254330598002699 ], [ -57.5954043795385, -25.254686172317999 ], [ -57.595282125260098, -25.254583666374 ], [ -57.595139886377602, -25.2543830308921 ], [ -57.594862032461499, -25.253932241301399 ], [ -57.594897614748099, -25.253905958358999 ], [ -57.594797343726697, -25.2537490126285 ], [ -57.5946276880222, -25.253475373623299 ], [ -57.594518323551299, -25.253370384097298 ], [ -57.5944908689766, -25.253344027213299 ], [ -57.594458511583603, -25.253311670347401 ], [ -57.594394057286003, -25.253247216525299 ], [ -57.594386885720503, -25.253240044492301 ], [ -57.5942117576515, -25.253103226016101 ], [ -57.594102301835001, -25.252988297595898 ], [ -57.594067970188803, -25.253012819793401 ], [ -57.594025683490898, -25.253043025252801 ], [ -57.593888864382897, -25.253272881838701 ], [ -57.593790354122, -25.253382337195099 ], [ -57.593738095103298, -25.253439821287401 ], [ -57.593681367834002, -25.253544552698301 ], [ -57.593431978951401, -25.253820984522701 ], [ -57.593236560845199, -25.253645675475902 ], [ -57.592994729967202, -25.253497643962099 ], [ -57.592843325605998, -25.253439553785 ], [ -57.592688150848801, -25.2534356614273 ], [ -57.592589499639601, -25.2533773592511 ], [ -57.592585916756001, -25.253383263303899 ], [ -57.592449427160403, -25.253608198367601 ], [ -57.592257409580803, -25.253685727634601 ], [ -57.5921935859377, -25.253514404581001 ], [ -57.592169042742, -25.253252619236399 ], [ -57.592120384459498, -25.253008991522002 ], [ -57.591787658401103, -25.252865837646102 ], [ -57.591673215609397, -25.252785210669501 ], [ -57.591633747410697, -25.2526364436041 ], [ -57.591593707796399, -25.252607081576301 ], [ -57.591575672585101, -25.2525938555453 ], [ -57.5914440354532, -25.2524738331748 ], [ -57.591296912193698, -25.2524080149119 ], [ -57.5911614036252, -25.252446731958798 ], [ -57.590998792891298, -25.252497063077801 ], [ -57.5908052091293, -25.2525899837539 ], [ -57.590586506979299, -25.252364939482799 ], [ -57.590584523965397, -25.252322838296301 ], [ -57.590640497019201, -25.2521736124631 ], [ -57.590445143551797, -25.251978258893899 ], [ -57.5900463610106, -25.251656910191301 ], [ -57.589899932944398, -25.251555804741901 ], [ -57.589877705020399, -25.2515821207489 ], [ -57.589647480168999, -25.251859222912501 ], [ -57.589557774741102, -25.2519671936648 ], [ -57.589248877548698, -25.252323863459999 ], [ -57.589239927942003, -25.252334196624801 ], [ -57.588910581729202, -25.252633516176001 ], [ -57.588818323984697, -25.252754440951701 ], [ -57.588658341786399, -25.2529641343401 ], [ -57.587807525027401, -25.253942815142 ], [ -57.58717051523, -25.254536845767301 ], [ -57.586621453861703, -25.255094402409799 ], [ -57.586388362543197, -25.255343666368301 ], [ -57.5856325756532, -25.256150378317201 ], [ -57.584886377441499, -25.256952532326 ], [ -57.585399081471699, -25.257352356801899 ], [ -57.586187222898801, -25.257918149998702 ], [ -57.586745845457202, -25.258340518833599 ], [ -57.586771663924601, -25.2583600412595 ], [ -57.587081921893301, -25.2585919910508 ], [ -57.588230963615501, -25.259454232956699 ], [ -57.589500300185001, -25.260406755096302 ], [ -57.589500360982498, -25.2604068009089 ], [ -57.589860619209801, -25.260673985076501 ], [ -57.590115708606497, -25.260859909952298 ], [ -57.590418286444802, -25.2610868116628 ], [ -57.590418622322296, -25.261087063172699 ], [ -57.590703087041298, -25.261299843526601 ], [ -57.591711450613502, -25.262050130321601 ], [ -57.5922199932984, -25.262429603975001 ], [ -57.592400379184099, -25.262322274741798 ], [ -57.592500296006101, -25.2622093451753 ], [ -57.592773495589597, -25.261922678152899 ], [ -57.592891500028799, -25.261768563611799 ], [ -57.592898278144801, -25.2617594535512 ], [ -57.5929399016036, -25.261612669584999 ], [ -57.592939932336797, -25.261609591879498 ], [ -57.592940112685298, -25.261591109407799 ], [ -57.592945080364302, -25.261448057743198 ], [ -57.592945226024902, -25.261435519261902 ], [ -57.592945335222097, -25.2614261054675 ], [ -57.593011028464097, -25.261282618455301 ], [ -57.593017892069199, -25.261273533331099 ], [ -57.593028176903601, -25.2612614092589 ], [ -57.593129034335803, -25.2610962794095 ], [ -57.593139439373999, -25.261083965207 ], [ -57.593260940218698, -25.260938864982801 ], [ -57.593267859570801, -25.260932676596099 ], [ -57.593431167301098, -25.260786651481801 ], [ -57.593591060676502, -25.2606990760518 ], [ -57.593730203400803, -25.260618540968899 ], [ -57.593844298754803, -25.260539567632598 ], [ -57.593931980866003, -25.260456954629301 ], [ -57.593935356079697, -25.260447731784101 ], [ -57.593921489533301, -25.2603363660841 ], [ -57.5939146547693, -25.260330124629601 ], [ -57.5937706398797, -25.2602173498728 ], [ -57.593760339181003, -25.260211068166701 ], [ -57.593753487779601, -25.260207936863399 ], [ -57.593623083088303, -25.2601358346197 ], [ -57.593616120361503, -25.260123284982399 ], [ -57.5936058329536, -25.260120142201501 ], [ -57.593471449301497, -25.260044570058199 ], [ -57.593335644612502, -25.259908685408799 ], [ -57.593335599470997, -25.259905526733402 ], [ -57.593250863951504, -25.259781562871201 ], [ -57.593223672523798, -25.2596491699056 ], [ -57.593285895149101, -25.259540492891201 ], [ -57.593295972127301, -25.259534266529599 ], [ -57.593305935350998, -25.259521796960101 ], [ -57.593429839973403, -25.2593902506921 ], [ -57.593433161900897, -25.259383955748199 ], [ -57.593443276848298, -25.259374512571998 ], [ -57.593578929746798, -25.259260708978299 ], [ -57.593585768304102, -25.259257533465099 ], [ -57.5935925735509, -25.2592511829736 ], [ -57.5936710768243, -25.259181152146699 ], [ -57.593667272760001, -25.2589796273034 ], [ -57.593664976317598, -25.258767924475102 ], [ -57.593664796443399, -25.2587550296921 ], [ -57.5936696168325, -25.2585933053555 ], [ -57.593676233459, -25.2585608322842 ], [ -57.593690096697003, -25.258541310467798 ], [ -57.593744158171503, -25.258338816041899 ], [ -57.593750938093898, -25.258312566107801 ], [ -57.593799258179402, -25.2581224339763 ], [ -57.593820530476499, -25.258089658134999 ], [ -57.593827610553298, -25.258076535483202 ], [ -57.593905852793398, -25.257964858873699 ], [ -57.593941593089802, -25.257931990504101 ], [ -57.593955830073398, -25.257905625677299 ], [ -57.594063092541198, -25.2577996767636 ], [ -57.594234472584397, -25.257710392842402 ], [ -57.594426237635403, -25.2575991422264 ], [ -57.594620578636501, -25.2574414752264 ], [ -57.594821688089198, -25.2573373151236 ], [ -57.594826285855198, -25.2573373236932 ], [ -57.595088372484703, -25.257194781912901 ], [ -57.595097603035804, -25.257190576247901 ], [ -57.595111450487899, -25.257182156419699 ], [ -57.595408033133602, -25.257038991010301 ], [ -57.5955993363605, -25.2569153383097 ], [ -57.595739452934602, -25.256832837832601 ], [ -57.595885369853903, -25.2567628083704 ], [ -57.596031956298901, -25.256725818540499 ], [ -57.596192640596001, -25.256717911153899 ] ] ] } },
{ "type": "Feature", "properties": { "FID": 60, "DIST_DESC": "ASUNCION", "BARLO_DESC": "TABLADA NUEVA", "superficie": 207.34308131, "Pob_2012": 5694, "Shape__Area": 2547526.5859375, "Shape__Length": 7571.2401089389923, "fuente": "ArcGIS Online Mapa_Poblacion_Asuncion_WFL1 (derivado de INE 2012)" }, "geometry": { "type": "Polygon", "coordinates": [ [ [ -57.597286027323499, -25.255923290530799 ], [ -57.597285864174303, -25.255928508994199 ], [ -57.5972435662013, -25.256106898137102 ], [ -57.597240517482703, -25.256114582752101 ], [ -57.597208424973402, -25.2562595341352 ], [ -57.597125158949098, -25.256362431685901 ], [ -57.5971194873892, -25.256367423183399 ], [ -57.597006744197003, -25.256456881525899 ], [ -57.596998390997598, -25.2564593390757 ], [ -57.596811698454303, -25.256582364471399 ], [ -57.596672055616303, -25.2566730004901 ], [ -57.596533335137799, -25.256710184935901 ], [ -57.596353547657102, -25.256714142258701 ], [ -57.596192640596001, -25.256717911153899 ], [ -57.596031956298901, -25.256725818540499 ], [ -57.595885369853903, -25.2567628083704 ], [ -57.595739452934602, -25.256832837832601 ], [ -57.5955993363605, -25.2569153383097 ], [ -57.595408033133602, -25.257038991010301 ], [ -57.595111450487899, -25.257182156419699 ], [ -57.595097603035804, -25.257190576247901 ], [ -57.595088372484703, -25.257194781912901 ], [ -57.594826285855198, -25.2573373236932 ], [ -57.594821688089198, -25.2573373151236 ], [ -57.594620578636501, -25.2574414752264 ], [ -57.594426237635403, -25.2575991422264 ], [ -57.594234472584397, -25.257710392842402 ], [ -57.594063092541198, -25.2577996767636 ], [ -57.593955830073398, -25.257905625677299 ], [ -57.593941593089802, -25.257931990504101 ], [ -57.593905852793398, -25.257964858873699 ], [ -57.593827610553298, -25.258076535483202 ], [ -57.593820530476499, -25.258089658134999 ], [ -57.593799258179402, -25.2581224339763 ], [ -57.593750938093898, -25.258312566107801 ], [ -57.593744158171503, -25.258338816041899 ], [ -57.593690096697003, -25.258541310467798 ], [ -57.593676233459, -25.2585608322842 ], [ -57.5936696168325, -25.2585933053555 ], [ -57.593664796443399, -25.2587550296921 ], [ -57.593664976317598, -25.258767924475102 ], [ -57.593667272760001, -25.2589796273034 ], [ -57.5936710768243, -25.259181152146699 ], [ -57.5935925735509, -25.2592511829736 ], [ -57.593585768304102, -25.259257533465099 ], [ -57.593578929746798, -25.259260708978299 ], [ -57.593443276848298, -25.259374512571998 ], [ -57.593433161900897, -25.259383955748199 ], [ -57.593429839973403, -25.2593902506921 ], [ -57.593305935350998, -25.259521796960101 ], [ -57.593295972127301, -25.259534266529599 ], [ -57.593285895149101, -25.259540492891201 ], [ -57.593223672523798, -25.2596491699056 ], [ -57.593250863951504, -25.259781562871201 ], [ -57.593335599470997, -25.259905526733402 ], [ -57.593335644612502, -25.259908685408799 ], [ -57.593471449301497, -25.260044570058199 ], [ -57.5936058329536, -25.260120142201501 ], [ -57.593616120361503, -25.260123284982399 ], [ -57.593623083088303, -25.2601358346197 ], [ -57.593753487779601, -25.260207936863399 ], [ -57.593760339181003, -25.260211068166701 ], [ -57.5937706398797, -25.2602173498728 ], [ -57.5939146547693, -25.260330124629601 ], [ -57.593921489533301, -25.2603363660841 ], [ -57.593935356079697, -25.260447731784101 ], [ -57.593931980866003, -25.260456954629301 ], [ -57.593844298754803, -25.260539567632598 ], [ -57.593730203400803, -25.260618540968899 ], [ -57.593591060676502, -25.2606990760518 ], [ -57.593431167301098, -25.260786651481801 ], [ -57.593267859570801, -25.260932676596099 ], [ -57.593260940218698, -25.260938864982801 ], [ -57.593139439373999, -25.261083965207 ], [ -57.593129034335803, -25.2610962794095 ], [ -57.593028176903601, -25.2612614092589 ], [ -57.593017892069199, -25.261273533331099 ], [ -57.593011028464097, -25.261282618455301 ], [ -57.592945335222097, -25.2614261054675 ], [ -57.592945226024902, -25.261435519261902 ], [ -57.592945080364302, -25.261448057743198 ], [ -57.592940112685298, -25.261591109407799 ], [ -57.592939932336797, -25.261609591879498 ], [ -57.5929399016036, -25.261612669584999 ], [ -57.592898278144801, -25.2617594535512 ], [ -57.592891500028799, -25.261768563611799 ], [ -57.592773495589597, -25.261922678152899 ], [ -57.592500296006101, -25.2622093451753 ], [ -57.592400379184099, -25.262322274741798 ], [ -57.5922199932984, -25.262429603975001 ], [ -57.593830030639801, -25.263630985286799 ], [ -57.593880195921301, -25.263658916085301 ], [ -57.594804267600502, -25.2643494999956 ], [ -57.595580126086801, -25.264924321212 ], [ -57.596354752491997, -25.265499143179699 ], [ -57.596534789744197, -25.2656338725944 ], [ -57.597142212606698, -25.2660848340638 ], [ -57.597557048519803, -25.2663928123639 ], [ -57.598168376314199, -25.265812387451199 ], [ -57.5986840256382, -25.265277500366601 ], [ -57.599086088584698, -25.2648062856784 ], [ -57.5991838121504, -25.264774442318402 ], [ -57.5992858763721, -25.2646483186906 ], [ -57.599292871947398, -25.264639674335999 ], [ -57.599843809542598, -25.263958861385401 ], [ -57.600089092380202, -25.263741380188801 ], [ -57.600157166090398, -25.2638415753886 ], [ -57.6002286624108, -25.264002025884299 ], [ -57.600366208632003, -25.264242577872501 ], [ -57.6004090690627, -25.264228624897299 ], [ -57.600446947524297, -25.264228470837999 ], [ -57.600550559540203, -25.264244123583602 ], [ -57.600958509790701, -25.2636801164102 ], [ -57.600958707060201, -25.263679842887498 ], [ -57.605337539969298, -25.2576255246892 ], [ -57.605353558952302, -25.2576033741333 ], [ -57.611468744038199, -25.249147107877501 ], [ -57.611433585540603, -25.249137039987101 ], [ -57.610751248117801, -25.248941650981799 ], [ -57.606548184540202, -25.2475530542021 ], [ -57.606522429901801, -25.247544544901199 ], [ -57.6060132735143, -25.2473763211757 ], [ -57.602021163369201, -25.245582037297101 ], [ -57.601107096879403, -25.245087089977702 ], [ -57.6005900811384, -25.246316624308601 ], [ -57.600510318650599, -25.246485357030998 ], [ -57.600456677647401, -25.246614976386098 ], [ -57.600355705973101, -25.2468498703203 ], [ -57.600201362841503, -25.247193843438399 ], [ -57.600066606986303, -25.247398987200299 ], [ -57.599904735135802, -25.247626759368899 ], [ -57.599697313854598, -25.247870678579801 ], [ -57.599514356607301, -25.2480523757702 ], [ -57.599352799631497, -25.2481196582957 ], [ -57.5992346072941, -25.2481429199565 ], [ -57.599105482646799, -25.248155280935102 ], [ -57.5989105903842, -25.248130320062099 ], [ -57.598694686767303, -25.248131589132399 ], [ -57.598504476045399, -25.248157022270799 ], [ -57.598236158580399, -25.248202956473001 ], [ -57.598098647109197, -25.248232322418001 ], [ -57.598004964842097, -25.248286079090501 ], [ -57.597888299827197, -25.248369108013801 ], [ -57.5977664947413, -25.248451655555499 ], [ -57.597611214219199, -25.248605099447801 ], [ -57.597522135924201, -25.248781696797501 ], [ -57.5974660263619, -25.248956408814099 ], [ -57.597429264599803, -25.2491849418331 ], [ -57.5973942816658, -25.249577845746799 ], [ -57.597398862396098, -25.249733203742199 ], [ -57.597473126337803, -25.249940261056199 ], [ -57.5976932476242, -25.250214221858599 ], [ -57.597922080401602, -25.250468736942601 ], [ -57.597925025472598, -25.2504739933966 ], [ -57.598147064162198, -25.2506443300801 ], [ -57.598278363120897, -25.250898137854001 ], [ -57.598398518718703, -25.2510520793235 ], [ -57.598528293546103, -25.251219585204002 ], [ -57.5986320327508, -25.251368848390701 ], [ -57.598639119024497, -25.251497372022001 ], [ -57.5986230154124, -25.251655922048698 ], [ -57.598550259525403, -25.251778700824101 ], [ -57.598541609141797, -25.251786500282201 ], [ -57.598412216254999, -25.2519005665566 ], [ -57.598215397016602, -25.252099291994199 ], [ -57.598041729519998, -25.252313405256 ], [ -57.597901366323299, -25.252484523064599 ], [ -57.597799161135903, -25.252659242956401 ], [ -57.597767750607403, -25.252922131481899 ], [ -57.597746989845803, -25.253132475544898 ], [ -57.5977347042842, -25.2533754936536 ], [ -57.597687971095503, -25.253775869832001 ], [ -57.597634110360602, -25.254007925226599 ], [ -57.597537125613002, -25.254145067886402 ], [ -57.597451412567203, -25.254289788400701 ], [ -57.597380818838197, -25.254481610223799 ], [ -57.597305693923303, -25.254645641917499 ], [ -57.5972313165054, -25.254866316866099 ], [ -57.597220806402298, -25.255057574103699 ], [ -57.5972206107243, -25.255065481972299 ], [ -57.597251015405099, -25.2553263304703 ], [ -57.597250608463902, -25.255341801306201 ], [ -57.597299920592398, -25.255754978684099 ], [ -57.597286027323499, -25.255923290530799 ] ] ] } },
{ "type": "Feature", "properties": { "FID": 61, "DIST_DESC": "ASUNCION", "BARLO_DESC": "JARA", "superficie": 195.46654817199999, "Pob_2012": 12952, "Shape__Area": 2402361.927734375, "Shape__Length": 7140.8281132594193, "fuente": "ArcGIS Online Mapa_Poblacion_Asuncion_WFL1 (derivado de INE 2012)" }, "geometry": { "type": "Polygon", "coordinates": [ [ [ -57.597557048519803, -25.2663928123639 ], [ -57.598263794970499, -25.2669182303135 ], [ -57.598118998454503, -25.2670723347644 ], [ -57.598023879375098, -25.2671649228656 ], [ -57.597915972614203, -25.267087167105899 ], [ -57.597738633661201, -25.2669700252677 ], [ -57.597312276433698, -25.266664715696798 ], [ -57.597197939114402, -25.266638086944099 ], [ -57.597094616214001, -25.2667062333114 ], [ -57.597074510300899, -25.2667830734901 ], [ -57.597354728791203, -25.267919776796798 ], [ -57.597602013242899, -25.268984369064601 ], [ -57.597644150926101, -25.2691602922337 ], [ -57.597788543501402, -25.269746686736902 ], [ -57.597825541225802, -25.269886508850199 ], [ -57.597912677041997, -25.2702518890673 ], [ -57.598203575591498, -25.271474335986198 ], [ -57.598316362962898, -25.271943462013699 ], [ -57.598392411235899, -25.272230848352599 ], [ -57.598406915837799, -25.272285660337001 ], [ -57.5985121034889, -25.272683164892101 ], [ -57.5985237854198, -25.272723754519799 ], [ -57.598803966093101, -25.273910121373099 ], [ -57.598957614062101, -25.2745461440776 ], [ -57.599090027632798, -25.2750919483349 ], [ -57.599335768927197, -25.2760888142192 ], [ -57.5993911900513, -25.2763143501206 ], [ -57.599529570421602, -25.2769368891942 ], [ -57.5998015465278, -25.278028466952801 ], [ -57.600004334628998, -25.278871987441999 ], [ -57.600040959392203, -25.2789982646167 ], [ -57.600213178741299, -25.279747090307399 ], [ -57.600452333118, -25.280725919372902 ], [ -57.600461201418199, -25.280762005016399 ], [ -57.600630763200698, -25.281474719058 ], [ -57.601314927276597, -25.281679632437299 ], [ -57.602216558686798, -25.281987505139 ], [ -57.603097708571198, -25.2822954559702 ], [ -57.604033603334003, -25.282625753425702 ], [ -57.604904120712803, -25.2829156759855 ], [ -57.605528924852699, -25.283102752063101 ], [ -57.605421669279004, -25.283555797071799 ], [ -57.605648429233199, -25.283530598072499 ], [ -57.605668070715403, -25.283621431238799 ], [ -57.606024673618101, -25.2850512880403 ], [ -57.607149649986297, -25.284825417535899 ], [ -57.6085797019282, -25.284530552290299 ], [ -57.609535756228198, -25.284355027686701 ], [ -57.609539391825599, -25.283591942238001 ], [ -57.609543004460797, -25.2830726781606 ], [ -57.6095542798897, -25.282717770366698 ], [ -57.609555342335902, -25.282684319105002 ], [ -57.609563260153998, -25.282219219708299 ], [ -57.609583712754201, -25.2813431842903 ], [ -57.609597120477801, -25.2807700627868 ], [ -57.609597243129201, -25.280764793931301 ], [ -57.609612868593999, -25.280096865444701 ], [ -57.609615097339102, -25.2799839759377 ], [ -57.6096208374002, -25.2797040090739 ], [ -57.6096433884926, -25.278999542775601 ], [ -57.609663940406399, -25.278516330104701 ], [ -57.609680334607901, -25.278132469268499 ], [ -57.609698941272299, -25.277446079972801 ], [ -57.609719189787199, -25.2765294079183 ], [ -57.609727383922902, -25.276181702574 ], [ -57.609741547932401, -25.275414057592201 ], [ -57.609786397818702, -25.275445478785599 ], [ -57.609846478540099, -25.274239668120099 ], [ -57.6098414349552, -25.274099717283502 ], [ -57.609962563583501, -25.273868940725499 ], [ -57.610797100836301, -25.2728089288786 ], [ -57.611147009346702, -25.272215987123701 ], [ -57.611045367776399, -25.272126974176398 ], [ -57.611038683382702, -25.272121120329601 ], [ -57.608047256452799, -25.269501270208401 ], [ -57.608008945288397, -25.269467716494098 ], [ -57.607139272179801, -25.268706035119699 ], [ -57.605976818296398, -25.268293034801701 ], [ -57.604848131846403, -25.2676250847285 ], [ -57.604647433213799, -25.2673843795992 ], [ -57.604643993301998, -25.267316665354901 ], [ -57.604465450054697, -25.267109696347401 ], [ -57.604457090923098, -25.267096030488599 ], [ -57.6043662679905, -25.266947554438001 ], [ -57.604270501534998, -25.266848611592501 ], [ -57.6041126440794, -25.266682194454301 ], [ -57.603827547362201, -25.266516297664101 ], [ -57.603665392661902, -25.2664221411776 ], [ -57.603276487164102, -25.2662250612095 ], [ -57.6030985725235, -25.265979505304401 ], [ -57.603077873270799, -25.265920591243798 ], [ -57.603019059041102, -25.265876770146299 ], [ -57.6028551263759, -25.2660661688539 ], [ -57.602418896692498, -25.266454324663599 ], [ -57.602293052088903, -25.266296805329802 ], [ -57.602191299774702, -25.2661166114796 ], [ -57.601732700889002, -25.265630837286501 ], [ -57.601401214539599, -25.265433518213499 ], [ -57.601049622672498, -25.2652498259136 ], [ -57.600937660191804, -25.265327040563498 ], [ -57.600789006453503, -25.265201219308 ], [ -57.600588683738302, -25.264980788371499 ], [ -57.600573195964202, -25.264944954431702 ], [ -57.6003237414441, -25.264367795252401 ], [ -57.600302377206802, -25.264274298642299 ], [ -57.600302343171698, -25.264274243694999 ], [ -57.600366208632003, -25.264242577872501 ], [ -57.6002286624108, -25.264002025884299 ], [ -57.600157166090398, -25.2638415753886 ], [ -57.600089092380202, -25.263741380188801 ], [ -57.599843809542598, -25.263958861385401 ], [ -57.599292871947398, -25.264639674335999 ], [ -57.5992858763721, -25.2646483186906 ], [ -57.5991838121504, -25.264774442318402 ], [ -57.599086088584698, -25.2648062856784 ], [ -57.5986840256382, -25.265277500366601 ], [ -57.598168376314199, -25.265812387451199 ], [ -57.597557048519803, -25.2663928123639 ] ] ] } },
{ "type": "Feature", "properties": { "FID": 62, "DIST_DESC": "ASUNCION", "BARLO_DESC": "SANTA LIBRADA", "superficie": 182.856581431, "Pob_2012": 5008, "Shape__Area": 2249471.94140625, "Shape__Length": 8167.3392491042168, "fuente": "ArcGIS Online Mapa_Poblacion_Asuncion_WFL1 (derivado de INE 2012)" }, "geometry": { "type": "Polygon", "coordinates": [ [ [ -57.627278142887, -25.326727934807199 ], [ -57.627183107763599, -25.327085038062901 ], [ -57.626945219246601, -25.3279800547616 ], [ -57.626216162920699, -25.3305748641842 ], [ -57.625958721347601, -25.3315516037114 ], [ -57.625949164326599, -25.3315878668277 ], [ -57.625927064182697, -25.331635427812401 ], [ -57.625984946926501, -25.3316566325868 ], [ -57.626095029030701, -25.331719539811498 ], [ -57.626172104659901, -25.331752684147201 ], [ -57.626256663236603, -25.331828860537499 ], [ -57.626348881262302, -25.3319549276647 ], [ -57.626470633599403, -25.332064650661099 ], [ -57.626615043510199, -25.3322246412197 ], [ -57.626678126987699, -25.332294787917501 ], [ -57.626767595838501, -25.3324386851267 ], [ -57.626824915100201, -25.332530953523399 ], [ -57.626899227857201, -25.332654893048201 ], [ -57.626937338747197, -25.332829415616501 ], [ -57.626982826296697, -25.3330235604124 ], [ -57.627031213053897, -25.333137021203001 ], [ -57.627112501308503, -25.333263567774399 ], [ -57.627178674259497, -25.333323379406899 ], [ -57.627263101691099, -25.333376475992701 ], [ -57.627347217813401, -25.333359535439399 ], [ -57.627409283041501, -25.333302526303601 ], [ -57.627489868352797, -25.3332086369225 ], [ -57.627600653816899, -25.333108677797998 ], [ -57.627707823030299, -25.333025823013902 ], [ -57.627833233940301, -25.3330195399489 ], [ -57.627895886117997, -25.3330761713264 ], [ -57.627947481141902, -25.333152837556099 ], [ -57.628076362954801, -25.333289594515598 ], [ -57.628179455891299, -25.3333728210972 ], [ -57.628282564833, -25.333469320327701 ], [ -57.628378306105098, -25.333532540694801 ], [ -57.628510864658999, -25.333569134215299 ], [ -57.6285918767067, -25.333625699603701 ], [ -57.628717053493602, -25.333715541115801 ], [ -57.628864572429997, -25.3338020723555 ], [ -57.628969006860302, -25.333895505047401 ], [ -57.629081551723701, -25.3340193262386 ], [ -57.629220189695701, -25.334133462842601 ], [ -57.629303090937803, -25.334145175103199 ], [ -57.629358096146703, -25.334181422708401 ], [ -57.629383875911898, -25.334191312777399 ], [ -57.629394939389599, -25.334194610351801 ], [ -57.629509175340601, -25.3342274225651 ], [ -57.629563937678299, -25.3342833518448 ], [ -57.629666595290402, -25.334372344173801 ], [ -57.629747412522001, -25.334451731203 ], [ -57.629840023465199, -25.334525152897299 ], [ -57.629877165053102, -25.334585580440798 ], [ -57.6299254686488, -25.334679645208201 ], [ -57.630003529556099, -25.334763580713499 ], [ -57.630074198489197, -25.334800449170999 ], [ -57.630137462721201, -25.334823883228498 ], [ -57.630206209669304, -25.3348418864412 ], [ -57.630298815418698, -25.334878514659898 ], [ -57.630465696144398, -25.334958685327599 ], [ -57.630580803012897, -25.335032429277099 ], [ -57.630603104456803, -25.335106588456899 ], [ -57.630621451077999, -25.335183990195901 ], [ -57.630706036978701, -25.335287827328798 ], [ -57.630794869973002, -25.335354871093401 ], [ -57.630898535145597, -25.335432014024502 ], [ -57.630980210143299, -25.3354688078112 ], [ -57.631069658273702, -25.335481971994501 ], [ -57.631106487403301, -25.335576621896401 ], [ -57.631222195623998, -25.335647532641701 ], [ -57.631375992214501, -25.3356845716403 ], [ -57.631447423687298, -25.3357219093417 ], [ -57.631530168849899, -25.335803622328399 ], [ -57.631590541550302, -25.3358992692615 ], [ -57.631692681977199, -25.336015564640199 ], [ -57.631791107617701, -25.336042939747099 ], [ -57.631878191929701, -25.3360600471804 ], [ -57.631961566203103, -25.336138813326901 ], [ -57.632086657212398, -25.3362073424613 ], [ -57.632158251279598, -25.336234946218902 ], [ -57.6322529129922, -25.336238190057401 ], [ -57.632385394863, -25.336254658059101 ], [ -57.632559764992401, -25.336325628356398 ], [ -57.632631903199801, -25.336407398885601 ], [ -57.6327459836061, -25.33651311106 ], [ -57.632761334180501, -25.336625911614401 ], [ -57.632780653303001, -25.336817771912699 ], [ -57.632811293460399, -25.336886411681899 ], [ -57.632800123518997, -25.337061978568599 ], [ -57.632819683679401, -25.337272642571101 ], [ -57.632858251454202, -25.337404308865001 ], [ -57.632970053605703, -25.337612796666999 ], [ -57.633132324213904, -25.337835992805601 ], [ -57.633328976051899, -25.337909382222399 ], [ -57.633336687292498, -25.337912870898499 ], [ -57.633436782720104, -25.3379128577375 ], [ -57.633648612319398, -25.337919844672498 ], [ -57.633795128613997, -25.337940823963098 ], [ -57.633899444460397, -25.337972324426701 ], [ -57.633971576360402, -25.338016289719299 ], [ -57.633847571333298, -25.338098786185199 ], [ -57.633696145925903, -25.338139976586401 ], [ -57.633398477086899, -25.3381493000647 ], [ -57.633262316095099, -25.338103755819699 ], [ -57.633135937746502, -25.338176738512502 ], [ -57.632940040545201, -25.338181615069299 ], [ -57.6328497111027, -25.338195438465998 ], [ -57.632749422843901, -25.338309550257101 ], [ -57.632629145783397, -25.3383461466005 ], [ -57.6325169598692, -25.338387261197699 ], [ -57.6324194450753, -25.338397489507699 ], [ -57.632385576885198, -25.338401042043301 ], [ -57.632343663487902, -25.3384010901196 ], [ -57.632436170594197, -25.3390209916546 ], [ -57.632542637371998, -25.3397542648637 ], [ -57.633294588891403, -25.339665245958699 ], [ -57.633497572267999, -25.3411363161145 ], [ -57.633897836438599, -25.3411932912705 ], [ -57.633931845550897, -25.341879449455899 ], [ -57.633965362750899, -25.342610699883799 ], [ -57.6345179201356, -25.342671594280699 ], [ -57.637784707906299, -25.343014182969 ], [ -57.638632352824999, -25.343109534861199 ], [ -57.6386022749099, -25.342226378419799 ], [ -57.638658210236301, -25.3411727295044 ], [ -57.638659413061703, -25.341100321907401 ], [ -57.638705942635497, -25.3397953989125 ], [ -57.638658015892403, -25.3395064025847 ], [ -57.638425350392701, -25.338103430055799 ], [ -57.6388459631508, -25.3380158185699 ], [ -57.639072382959597, -25.337434026975899 ], [ -57.639080873792501, -25.3374135707775 ], [ -57.639175156996501, -25.337323386788601 ], [ -57.639466640895499, -25.337144927043202 ], [ -57.639621305668001, -25.336960519259002 ], [ -57.639817610983599, -25.336704727287199 ], [ -57.639846485914902, -25.3366718227132 ], [ -57.6397640733977, -25.3365976515692 ], [ -57.639442845646599, -25.336466780865901 ], [ -57.639377410989397, -25.336407294965301 ], [ -57.639270334875903, -25.336205040618001 ], [ -57.639157310346803, -25.336139605138801 ], [ -57.638978851078598, -25.3360741698399 ], [ -57.638800391552799, -25.335919504785601 ], [ -57.638687367543099, -25.3356577641242 ], [ -57.638645726425899, -25.335407921131999 ], [ -57.638526753848502, -25.334926080175499 ], [ -57.638366139682603, -25.334179523907402 ], [ -57.638312602188797, -25.3338166563457 ], [ -57.638360190947502, -25.333296148870001 ], [ -57.638378037575997, -25.332677489538799 ], [ -57.638389215224599, -25.332481867665201 ], [ -57.6384097717104, -25.332161794303001 ], [ -57.639600794306503, -25.330748514374001 ], [ -57.639492747514701, -25.330609650774001 ], [ -57.6393770353653, -25.330470819447601 ], [ -57.639376449793801, -25.3303593561062 ], [ -57.6393522829094, -25.330136528296901 ], [ -57.639320670126303, -25.329955533281201 ], [ -57.639220399699497, -25.329837535509501 ], [ -57.639135569332701, -25.3297403704928 ], [ -57.6391354229984, -25.3297125044278 ], [ -57.639127245284797, -25.329615006900099 ], [ -57.639111549365602, -25.3295454086803 ], [ -57.638996277590898, -25.329490176109999 ], [ -57.6388810069082, -25.329434942539699 ], [ -57.638926303292699, -25.329302379530301 ], [ -57.639033068065203, -25.3291974175498 ], [ -57.639109208165699, -25.329099554322401 ], [ -57.639169396191797, -25.3288833274433 ], [ -57.639214692068997, -25.328750764345401 ], [ -57.639237285095597, -25.328674034031302 ], [ -57.639352490436302, -25.328439257587 ], [ -57.639347317552399, -25.328401768932 ], [ -57.639283500882001, -25.3283916392508 ], [ -57.639276283919202, -25.328323075248498 ], [ -57.639210848914701, -25.327954259590999 ], [ -57.639228694635598, -25.327680620863301 ], [ -57.6394428460843, -25.327186882940101 ], [ -57.6395439733394, -25.3268656559083 ], [ -57.639877097844398, -25.325857359078501 ], [ -57.639926911598302, -25.325693969130398 ], [ -57.6402807241872, -25.325739404498702 ], [ -57.640477912083803, -25.325200033523998 ], [ -57.640775145352201, -25.324501218444301 ], [ -57.640798688317197, -25.3244521996507 ], [ -57.640798758084301, -25.3244520521529 ], [ -57.640985207735099, -25.324050153530202 ], [ -57.640420588702099, -25.3238449104423 ], [ -57.640020860092498, -25.323702161528999 ], [ -57.639238385761601, -25.323398526059002 ], [ -57.6383187335272, -25.323045813694801 ], [ -57.637896584372797, -25.322889610519901 ], [ -57.636786064255602, -25.322966655715899 ], [ -57.635692046637203, -25.3230526517264 ], [ -57.635205900275402, -25.323126990590001 ], [ -57.634679485465803, -25.323208039248399 ], [ -57.634361121744497, -25.3232570540324 ], [ -57.633798044831799, -25.323345264906902 ], [ -57.633601914676198, -25.323364168929398 ], [ -57.633522657473797, -25.324064361386 ], [ -57.633471890298701, -25.324511581656999 ], [ -57.633461004603603, -25.324746417390699 ], [ -57.633520535011897, -25.325148011777799 ], [ -57.633587823975198, -25.325310268671799 ], [ -57.6336995857123, -25.325485879811399 ], [ -57.633854187660098, -25.325720003823999 ], [ -57.634104341443297, -25.3260575654649 ], [ -57.634283258131802, -25.326309645041299 ], [ -57.634623514016504, -25.326836455032801 ], [ -57.634645313984898, -25.3269086038677 ], [ -57.633888786356202, -25.326997648307799 ], [ -57.6328914320382, -25.327110299239401 ], [ -57.632100816983197, -25.327213026444301 ], [ -57.631369171458601, -25.327310981608999 ], [ -57.630603562621602, -25.327386502642 ], [ -57.630525938692699, -25.327386834800699 ], [ -57.629872918429101, -25.3272586875079 ], [ -57.629152430040897, -25.327112764674499 ], [ -57.628409229365097, -25.3269579047987 ], [ -57.627278142887, -25.326727934807199 ] ] ] } },
{ "type": "Feature", "properties": { "FID": 63, "DIST_DESC": "ASUNCION", "BARLO_DESC": "BAÑADO CARA CARA", "superficie": 121.22476457499999, "Pob_2012": 2845, "Shape__Area": 1489259.79296875, "Shape__Length": 6060.6541830045471, "fuente": "ArcGIS Online Mapa_Poblacion_Asuncion_WFL1 (derivado de INE 2012)" }, "geometry": { "type": "Polygon", "coordinates": [ [ [ -57.586641385253699, -25.247187725274099 ], [ -57.586617548609702, -25.247204278915302 ], [ -57.586634930385699, -25.247273804236698 ], [ -57.586724320254497, -25.2474476183768 ], [ -57.586746668066098, -25.2475618393151 ], [ -57.586713711559298, -25.2476442316533 ], [ -57.586979327061897, -25.2477370373574 ], [ -57.587233625119197, -25.2478764912066 ], [ -57.587325243048802, -25.247927534759299 ], [ -57.587520736245601, -25.248036452355901 ], [ -57.587731119870398, -25.248168428477001 ], [ -57.587769764640001, -25.248199166175699 ], [ -57.587770162351099, -25.248199482465999 ], [ -57.5878943333935, -25.2483065603043 ], [ -57.588062144939997, -25.2484835245879 ], [ -57.588199550402003, -25.248615084386 ], [ -57.588254918869303, -25.248668095863302 ], [ -57.588394372499202, -25.248887530178202 ], [ -57.588517420149302, -25.2490146794817 ], [ -57.588734803258397, -25.249109016068001 ], [ -57.588755972020699, -25.249122775413401 ], [ -57.588980898898399, -25.2492689779377 ], [ -57.589136758473998, -25.2493756185644 ], [ -57.589169571609801, -25.249449447321201 ], [ -57.589067031848401, -25.2496627291968 ], [ -57.588943984240899, -25.2498616557498 ], [ -57.588779920718899, -25.250009312611599 ], [ -57.588603552757199, -25.2501200556665 ], [ -57.588459997333999, -25.250185680620799 ], [ -57.588345153220899, -25.250185681232299 ], [ -57.588123668227198, -25.2503210327103 ], [ -57.588060673665403, -25.250346530980799 ], [ -57.587984786605404, -25.2503772468935 ], [ -57.588062755184197, -25.2505975908749 ], [ -57.588101090598599, -25.2507474480777 ], [ -57.588108377171501, -25.250775931905299 ], [ -57.588162293983103, -25.251004041181499 ], [ -57.588301420423797, -25.251212731413901 ], [ -57.588361371826501, -25.2513026583241 ], [ -57.588473352817097, -25.2514229343303 ], [ -57.588564597158197, -25.251431229141101 ], [ -57.588618182224202, -25.251430157679401 ], [ -57.588624442827602, -25.251549840777599 ], [ -57.588624749129998, -25.251562299813799 ], [ -57.588647569576104, -25.251700698496499 ], [ -57.5886682351952, -25.251803844445799 ], [ -57.588691275585099, -25.251780804346101 ], [ -57.588764837684998, -25.251765317306699 ], [ -57.588846143094102, -25.251691755042 ], [ -57.5888345280501, -25.251579476628699 ], [ -57.588892603470299, -25.251505914848899 ], [ -57.589155877175102, -25.251258128585199 ], [ -57.5892408207757, -25.251164700790099 ], [ -57.589877705020399, -25.2515821207489 ], [ -57.589899932944398, -25.251555804741901 ], [ -57.5900463610106, -25.251656910191301 ], [ -57.590445143551797, -25.251978258893899 ], [ -57.590640497019201, -25.2521736124631 ], [ -57.590584523965397, -25.252322838296301 ], [ -57.590586506979299, -25.252364939482799 ], [ -57.5908052091293, -25.2525899837539 ], [ -57.590998792891298, -25.252497063077801 ], [ -57.5911614036252, -25.252446731958798 ], [ -57.591296912193698, -25.2524080149119 ], [ -57.5914440354532, -25.2524738331748 ], [ -57.591575672585101, -25.2525938555453 ], [ -57.591593707796399, -25.252607081576301 ], [ -57.591633747410697, -25.2526364436041 ], [ -57.591673215609397, -25.252785210669501 ], [ -57.591787658401103, -25.252865837646102 ], [ -57.592120384459498, -25.253008991522002 ], [ -57.592169042742, -25.253252619236399 ], [ -57.5921935859377, -25.253514404581001 ], [ -57.592257409580803, -25.253685727634601 ], [ -57.592449427160403, -25.253608198367601 ], [ -57.592585916756001, -25.253383263303899 ], [ -57.592589499639601, -25.2533773592511 ], [ -57.592688150848801, -25.2534356614273 ], [ -57.592843325605998, -25.253439553785 ], [ -57.592994729967202, -25.253497643962099 ], [ -57.593236560845199, -25.253645675475902 ], [ -57.593431978951401, -25.253820984522701 ], [ -57.593681367834002, -25.253544552698301 ], [ -57.593738095103298, -25.253439821287401 ], [ -57.593790354122, -25.253382337195099 ], [ -57.593888864382897, -25.253272881838701 ], [ -57.594025683490898, -25.253043025252801 ], [ -57.594067970188803, -25.253012819793401 ], [ -57.594102301835001, -25.252988297595898 ], [ -57.5942117576515, -25.253103226016101 ], [ -57.594386885720503, -25.253240044492301 ], [ -57.594394057286003, -25.253247216525299 ], [ -57.594458511583603, -25.253311670347401 ], [ -57.5944908689766, -25.253344027213299 ], [ -57.594518323551299, -25.253370384097298 ], [ -57.5946276880222, -25.253475373623299 ], [ -57.594797343726697, -25.2537490126285 ], [ -57.594897614748099, -25.253905958358999 ], [ -57.594862032461499, -25.253932241301399 ], [ -57.595139886377602, -25.2543830308921 ], [ -57.595282125260098, -25.254583666374 ], [ -57.5954043795385, -25.254686172317999 ], [ -57.595677897887498, -25.254330598002699 ], [ -57.595676492864797, -25.254272999206002 ], [ -57.595698453172901, -25.254268932697599 ], [ -57.595904005316498, -25.254241525780301 ], [ -57.596095853102, -25.254316894586299 ], [ -57.596267146269099, -25.254604666912801 ], [ -57.5965823255749, -25.2550020665151 ], [ -57.596842690480997, -25.255378911464899 ], [ -57.597286027323499, -25.255923290530799 ], [ -57.597299920592398, -25.255754978684099 ], [ -57.597250608463902, -25.255341801306201 ], [ -57.597251015405099, -25.2553263304703 ], [ -57.5972206107243, -25.255065481972299 ], [ -57.597220806402298, -25.255057574103699 ], [ -57.5972313165054, -25.254866316866099 ], [ -57.597305693923303, -25.254645641917499 ], [ -57.597380818838197, -25.254481610223799 ], [ -57.597451412567203, -25.254289788400701 ], [ -57.597537125613002, -25.254145067886402 ], [ -57.597634110360602, -25.254007925226599 ], [ -57.597687971095503, -25.253775869832001 ], [ -57.5977347042842, -25.2533754936536 ], [ -57.597746989845803, -25.253132475544898 ], [ -57.597767750607403, -25.252922131481899 ], [ -57.597799161135903, -25.252659242956401 ], [ -57.597901366323299, -25.252484523064599 ], [ -57.598041729519998, -25.252313405256 ], [ -57.598215397016602, -25.252099291994199 ], [ -57.598412216254999, -25.2519005665566 ], [ -57.598541609141797, -25.251786500282201 ], [ -57.598550259525403, -25.251778700824101 ], [ -57.5986230154124, -25.251655922048698 ], [ -57.598639119024497, -25.251497372022001 ], [ -57.5986320327508, -25.251368848390701 ], [ -57.598528293546103, -25.251219585204002 ], [ -57.598398518718703, -25.2510520793235 ], [ -57.598278363120897, -25.250898137854001 ], [ -57.598147064162198, -25.2506443300801 ], [ -57.597925025472598, -25.2504739933966 ], [ -57.597922080401602, -25.250468736942601 ], [ -57.5976932476242, -25.250214221858599 ], [ -57.597473126337803, -25.249940261056199 ], [ -57.597398862396098, -25.249733203742199 ], [ -57.5973942816658, -25.249577845746799 ], [ -57.597429264599803, -25.2491849418331 ], [ -57.5974660263619, -25.248956408814099 ], [ -57.597522135924201, -25.248781696797501 ], [ -57.597611214219199, -25.248605099447801 ], [ -57.5977664947413, -25.248451655555499 ], [ -57.597888299827197, -25.248369108013801 ], [ -57.598004964842097, -25.248286079090501 ], [ -57.598098647109197, -25.248232322418001 ], [ -57.598236158580399, -25.248202956473001 ], [ -57.598504476045399, -25.248157022270799 ], [ -57.598694686767303, -25.248131589132399 ], [ -57.5989105903842, -25.248130320062099 ], [ -57.599105482646799, -25.248155280935102 ], [ -57.5992346072941, -25.2481429199565 ], [ -57.599352799631497, -25.2481196582957 ], [ -57.599514356607301, -25.2480523757702 ], [ -57.599697313854598, -25.247870678579801 ], [ -57.599904735135802, -25.247626759368899 ], [ -57.600066606986303, -25.247398987200299 ], [ -57.600201362841503, -25.247193843438399 ], [ -57.600355705973101, -25.2468498703203 ], [ -57.600456677647401, -25.246614976386098 ], [ -57.600510318650599, -25.246485357030998 ], [ -57.6005900811384, -25.246316624308601 ], [ -57.601107096879403, -25.245087089977702 ], [ -57.601101779483002, -25.245084211028399 ], [ -57.598900967460501, -25.2438924765592 ], [ -57.596352893300597, -25.2428458363886 ], [ -57.596339412332, -25.2428402991371 ], [ -57.5959075244674, -25.242662891701599 ], [ -57.5936620483238, -25.241651488070399 ], [ -57.593055527739402, -25.2411255729956 ], [ -57.590707663681698, -25.243916414117301 ], [ -57.590596921073598, -25.244068172692 ], [ -57.590334419969302, -25.2443081154384 ], [ -57.589932465204001, -25.244788000328899 ], [ -57.589793423187103, -25.2449068089098 ], [ -57.589382853606601, -25.2452576313908 ], [ -57.5893461173631, -25.245293908048399 ], [ -57.5890789918423, -25.245557694890799 ], [ -57.589006644570901, -25.2456291373264 ], [ -57.588890663849099, -25.245743669281602 ], [ -57.588675793742098, -25.245937404365499 ], [ -57.588390271383197, -25.246194842623002 ], [ -57.588111614547202, -25.246425783738601 ], [ -57.587791440451902, -25.246691134074599 ], [ -57.587381281747, -25.246945431587999 ], [ -57.586909599997902, -25.247154612323801 ], [ -57.586641385253699, -25.247187725274099 ] ] ] } },
{ "type": "Feature", "properties": { "FID": 64, "DIST_DESC": "ASUNCION", "BARLO_DESC": "ZEBALLOS KUE", "superficie": 370.36282671700002, "Pob_2012": 14619, "Shape__Area": 4548919.080078125, "Shape__Length": 9947.9369568448001, "fuente": "ArcGIS Online Mapa_Poblacion_Asuncion_WFL1 (derivado de INE 2012)" }, "geometry": { "type": "Polygon", "coordinates": [ [ [ -57.563580391503997, -25.2278882748789 ], [ -57.563525927578802, -25.2278966145692 ], [ -57.562925381500001, -25.228042507846599 ], [ -57.562497818947001, -25.228146376004698 ], [ -57.5616180128671, -25.228361939796301 ], [ -57.5610874557362, -25.228490382670799 ], [ -57.561021642512998, -25.2283461439512 ], [ -57.560481610169099, -25.228370769452901 ], [ -57.559878289796401, -25.228395632770599 ], [ -57.559825211382403, -25.228397915393199 ], [ -57.558957031437899, -25.228435242338598 ], [ -57.558059673566902, -25.228885645447601 ], [ -57.556248536212301, -25.2297955278536 ], [ -57.554788397038003, -25.230527975401699 ], [ -57.553278101026898, -25.231287688110299 ], [ -57.552819699409497, -25.231517600122601 ], [ -57.550838171053201, -25.232511411618201 ], [ -57.550813395950598, -25.232452805453999 ], [ -57.549882583991703, -25.232790402373499 ], [ -57.549171891124402, -25.233023324298699 ], [ -57.5483977351224, -25.233288085286802 ], [ -57.547749668960201, -25.2335117374368 ], [ -57.547042733150199, -25.233753665821499 ], [ -57.546580204599103, -25.233908896773102 ], [ -57.546331140104201, -25.233995608072401 ], [ -57.5456929542406, -25.234210184199998 ], [ -57.545632244169298, -25.234232984764901 ], [ -57.545186135075497, -25.2343836354814 ], [ -57.545909039982497, -25.2365347507757 ], [ -57.546155727025798, -25.237233705988402 ], [ -57.546462585303999, -25.238135625265901 ], [ -57.546472944829901, -25.238162678563999 ], [ -57.546781394468198, -25.238933648323702 ], [ -57.547351993429999, -25.239834589041699 ], [ -57.547919792328301, -25.239252104326798 ], [ -57.547921836216098, -25.239250007080201 ], [ -57.549220607972501, -25.240274665338099 ], [ -57.550006545451502, -25.240894848076501 ], [ -57.550443099305703, -25.241236382281699 ], [ -57.550612810115403, -25.241371207786699 ], [ -57.551442384102003, -25.242031857335899 ], [ -57.552167178971303, -25.242661779965399 ], [ -57.552720769990202, -25.242446999165502 ], [ -57.553245921265201, -25.242205724310299 ], [ -57.553762093314802, -25.241968996531501 ], [ -57.554672232889203, -25.2415238247997 ], [ -57.5548426530775, -25.241865606120701 ], [ -57.555500237079301, -25.243046133555499 ], [ -57.561041145922999, -25.240099304036502 ], [ -57.563197432391597, -25.2389216467949 ], [ -57.564016450960601, -25.238561816663399 ], [ -57.566686273422803, -25.2377388531702 ], [ -57.569420401054302, -25.236807227778101 ], [ -57.572195975681801, -25.235857330689399 ], [ -57.5740676095566, -25.235217934342302 ], [ -57.575426393411902, -25.234783699266401 ], [ -57.574550214074797, -25.234389766300598 ], [ -57.575369491133102, -25.233637045439998 ], [ -57.577015321781403, -25.232167683926399 ], [ -57.578394253180498, -25.230952204619602 ], [ -57.578506044880697, -25.230827696743599 ], [ -57.578495867473002, -25.230821809859499 ], [ -57.579974923639803, -25.229197669709901 ], [ -57.578786560703598, -25.228295696467701 ], [ -57.576662166543301, -25.226493381824799 ], [ -57.575085845692598, -25.224663162230499 ], [ -57.574910273741203, -25.224459307463999 ], [ -57.5747896958094, -25.224281506610001 ], [ -57.574556007656803, -25.223936914467501 ], [ -57.570948662958102, -25.224855527259901 ], [ -57.5699765286302, -25.225109591435299 ], [ -57.569904143211602, -25.225139078026299 ], [ -57.5680090408148, -25.225694307491299 ], [ -57.567682010127903, -25.2258019382787 ], [ -57.567682149107299, -25.225809207324001 ], [ -57.567684079364298, -25.2259095688656 ], [ -57.567672290520598, -25.2261066116093 ], [ -57.5676695911637, -25.226151736713 ], [ -57.5676737308969, -25.226210727215001 ], [ -57.567717196201002, -25.2263369859016 ], [ -57.567733529935502, -25.226387346939301 ], [ -57.567742034720403, -25.226413568733999 ], [ -57.567737894860201, -25.226471523629399 ], [ -57.567734833389302, -25.226517554079201 ], [ -57.566944978963399, -25.2267232584948 ], [ -57.566913842702803, -25.2267297697489 ], [ -57.566594714641703, -25.2268212980172 ], [ -57.565777574390502, -25.227032130852901 ], [ -57.565240264015202, -25.227174160179501 ], [ -57.564850910477801, -25.227274684911901 ], [ -57.564618961953599, -25.227334569555101 ], [ -57.564191595517698, -25.2274484494605 ], [ -57.564189178064503, -25.227449092633002 ], [ -57.564191243067697, -25.2277109458647 ], [ -57.5641914218075, -25.227733545900399 ], [ -57.564189271872699, -25.227734074267001 ], [ -57.563687352665703, -25.227857179370201 ], [ -57.563612542715397, -25.227878927572299 ], [ -57.563580391503997, -25.2278882748789 ] ] ] } },
{ "type": "Feature", "properties": { "FID": 65, "DIST_DESC": "ASUNCION", "BARLO_DESC": "ITA ENRAMADA", "superficie": 1139.47134942, "Pob_2012": 5481, "Shape__Area": 14021339.177734375, "Shape__Length": 20863.673363138612, "fuente": "ArcGIS Online Mapa_Poblacion_Asuncion_WFL1 (derivado de INE 2012)" }, "geometry": { "type": "Polygon", "coordinates": [ [ [ -57.654113661966001, -25.333367653344698 ], [ -57.654062937800099, -25.333395982664602 ], [ -57.653928656946398, -25.333386717619302 ], [ -57.653925379868099, -25.333386708685399 ], [ -57.653908986537303, -25.333386665856299 ], [ -57.6538302811474, -25.333389435273901 ], [ -57.6538169210951, -25.333422068697001 ], [ -57.653826442591999, -25.333460612959399 ], [ -57.653816095883599, -25.333531460118898 ], [ -57.653812786862503, -25.333537342698701 ], [ -57.653789451070601, -25.333610748891999 ], [ -57.653789411026501, -25.333616611547001 ], [ -57.6537465899587, -25.333710014225201 ], [ -57.653697602887497, -25.333788365437201 ], [ -57.653687839598497, -25.3338028428029 ], [ -57.653613292011102, -25.3338778830989 ], [ -57.653546781220797, -25.333932993935001 ], [ -57.653477195192998, -25.333989429582498 ], [ -57.6534141050033, -25.3340812893859 ], [ -57.653416779565902, -25.334155244792601 ], [ -57.653416660063201, -25.3341699990428 ], [ -57.653379814258102, -25.334296328520701 ], [ -57.653376494925801, -25.334305109865898 ], [ -57.653356403382801, -25.334383954102801 ], [ -57.653356320888797, -25.334395608986298 ], [ -57.653310438632403, -25.334462333323501 ], [ -57.653323128093803, -25.334508701875102 ], [ -57.653329275684698, -25.334560681972398 ], [ -57.653315933712499, -25.334629673100601 ], [ -57.653260862857103, -25.334683961892299 ], [ -57.6532142887162, -25.334742515031301 ], [ -57.653150065380302, -25.334806273810599 ], [ -57.653146697257, -25.3348093030597 ], [ -57.6530726758957, -25.3348818501944 ], [ -57.653065971281997, -25.334887879651902 ], [ -57.653059227221199, -25.3348969272133 ], [ -57.652982031719802, -25.3349931188868 ], [ -57.652978634013301, -25.335002117297702 ], [ -57.6529480398952, -25.335091837173 ], [ -57.652911478203499, -25.335133479031001 ], [ -57.652904852564397, -25.335139416022098 ], [ -57.652825765032901, -25.335177854529501 ], [ -57.652769887105201, -25.335198478111899 ], [ -57.65268788545, -25.335207158333901 ], [ -57.652681329216598, -25.335207142227599 ], [ -57.652609216433397, -25.335230646098001 ], [ -57.652573280093399, -25.335292576209 ], [ -57.652547236148799, -25.335339604024401 ], [ -57.652563662610397, -25.335392465133701 ], [ -57.652573563680598, -25.335468476348598 ], [ -57.6525735673901, -25.335471391315998 ], [ -57.652541167375503, -25.335514974226701 ], [ -57.6524566689137, -25.335500211862801 ], [ -57.652440426337002, -25.335500170013098 ], [ -57.652359164350202, -25.335494138211601 ], [ -57.652346143556102, -25.3354911941924 ], [ -57.652251465983397, -25.335453055771001 ], [ -57.652251432453198, -25.335450137323399 ], [ -57.652202242091803, -25.335420795278701 ], [ -57.652160585351297, -25.335467404507 ], [ -57.652154167662196, -25.335473217732201 ], [ -57.652106322688802, -25.335525447712001 ], [ -57.652093473766499, -25.335531211740399 ], [ -57.652083917524102, -25.3355398852081 ], [ -57.652077498010598, -25.335542763587402 ], [ -57.652039342250099, -25.335577395737999 ], [ -57.651992413489403, -25.3356522768674 ], [ -57.651982928375503, -25.335660875965299 ], [ -57.651970349912702, -25.3356752085501 ], [ -57.651928635455803, -25.335686597955501 ], [ -57.651928371511097, -25.335672201197699 ], [ -57.651928267104303, -25.335666438516 ], [ -57.6519453130621, -25.3355567820816 ], [ -57.651913488745798, -25.3355769268499 ], [ -57.651875304331703, -25.335599915404 ], [ -57.651862942810602, -25.3356287767885 ], [ -57.651835230578698, -25.335694986822698 ], [ -57.651832125368202, -25.335700733002302 ], [ -57.651813568838897, -25.335738032622601 ], [ -57.651794547252699, -25.335752328680901 ], [ -57.651759767115998, -25.335780895518202 ], [ -57.651753529116903, -25.335789467594001 ], [ -57.651718335389603, -25.335797960066699 ], [ -57.651669713727699, -25.3357835243716 ], [ -57.651666423239902, -25.3357806528395 ], [ -57.651633784342899, -25.335763379547199 ], [ -57.651630487875302, -25.335760504428698 ], [ -57.651610472131402, -25.335734634429802 ], [ -57.651590270401201, -25.335702978627801 ], [ -57.651586965938897, -25.3357000945133 ], [ -57.651524421340099, -25.335656743887501 ], [ -57.651521191903797, -25.3356567364964 ], [ -57.651478507287202, -25.335633549395101 ], [ -57.651462350143198, -25.335633507059999 ], [ -57.651414057362601, -25.335633341326901 ], [ -57.651407634204098, -25.335633315545699 ], [ -57.651327973919898, -25.335650296161301 ], [ -57.651324865209503, -25.335653165289202 ], [ -57.6512883688358, -25.335713457666699 ], [ -57.651275895697097, -25.335727805982401 ], [ -57.651272842099203, -25.335733546504301 ], [ -57.651222605878402, -25.335776490971998 ], [ -57.651190248920102, -25.3357706685739 ], [ -57.651146484486802, -25.335710210833401 ], [ -57.651132018843199, -25.335661204060099 ], [ -57.6510949446347, -25.335649554459899 ], [ -57.651017437876902, -25.335637809002701 ], [ -57.650981709118, -25.3356001605814 ], [ -57.651026676280999, -25.335548173046401 ], [ -57.651075020178602, -25.335504787297801 ], [ -57.651065176743501, -25.335472800285601 ], [ -57.651000513654203, -25.335495880343199 ], [ -57.650994069966103, -25.335501673766899 ], [ -57.650977900544, -25.335504533774699 ], [ -57.650932086492602, -25.335434621255601 ], [ -57.6509285748336, -25.3353967166884 ], [ -57.650889495416898, -25.3353791032463 ], [ -57.650873264776401, -25.335379061170801 ], [ -57.6507790927554, -25.335375895762802 ], [ -57.650756365488903, -25.335375837219999 ], [ -57.650740083189099, -25.335375797164101 ], [ -57.6506129137085, -25.335369647490001 ], [ -57.650528001058397, -25.3353635928699 ], [ -57.650459384337701, -25.335360498632198 ], [ -57.650403185184899, -25.3353252106631 ], [ -57.650320306746998, -25.335272147780199 ], [ -57.650205012290499, -25.335248276624501 ], [ -57.650132419291701, -25.335233330339499 ], [ -57.650057367833298, -25.335256667136001 ], [ -57.650044376017298, -25.335265456771999 ], [ -57.650011861782602, -25.335285959972399 ], [ -57.649998875902597, -25.335294745966099 ], [ -57.649946095598501, -25.335300478281798 ], [ -57.649926402612302, -25.335306304824801 ], [ -57.649893011761897, -25.335297380271999 ], [ -57.649878047959902, -25.335241322887601 ], [ -57.649833491247797, -25.335196832021399 ], [ -57.6498009560596, -25.335202623082498 ], [ -57.649735823011, -25.335184605900501 ], [ -57.6496869344586, -25.335166621806401 ], [ -57.649664376526303, -25.335127923444698 ], [ -57.649635023341098, -25.335109948908201 ], [ -57.649582799368403, -25.3350709767838 ], [ -57.649582888715997, -25.3350590491522 ], [ -57.649543766567199, -25.3350080594983 ], [ -57.649511090919198, -25.334962958074399 ], [ -57.6495012273623, -25.334956900679 ], [ -57.649494660859403, -25.334950863063 ], [ -57.649442056694603, -25.3348994668508 ], [ -57.6494288482656, -25.334893364594901 ], [ -57.649366076523201, -25.334847821470799 ], [ -57.649359454519399, -25.334844787575499 ], [ -57.649303150771999, -25.3348084159989 ], [ -57.649279965435099, -25.334769046677401 ], [ -57.649260063388802, -25.334735682489899 ], [ -57.6492567405651, -25.3347356736544 ], [ -57.649203560102002, -25.334720375863402 ], [ -57.649190260579601, -25.334717308172301 ], [ -57.649160322238302, -25.334705095650399 ], [ -57.6491502422043, -25.334644297420301 ], [ -57.649146802997997, -25.334583357953001 ], [ -57.649136713820099, -25.3345405860745 ], [ -57.6490531598674, -25.334506725687199 ], [ -57.648989322716503, -25.334442075330799 ], [ -57.6489791990643, -25.334429715885101 ], [ -57.648891335535097, -25.3343367438858 ], [ -57.6488845389609, -25.334327425638101 ], [ -57.648809986390198, -25.3342620132766 ], [ -57.648803265252504, -25.3342619959171 ], [ -57.648789788500601, -25.334258849502501 ], [ -57.648705289565697, -25.334224371787901 ], [ -57.648695149464103, -25.334221219703299 ], [ -57.648688353888197, -25.334218049280199 ], [ -57.648596553804197, -25.334179866903899 ], [ -57.6485931732688, -25.334179840246598 ], [ -57.648377598901597, -25.334203661091401 ], [ -57.648258091316002, -25.3342354770183 ], [ -57.648188117778197, -25.334329723648199 ], [ -57.648178725633102, -25.3343453621303 ], [ -57.648169221377799, -25.334357862167298 ], [ -57.648150118581299, -25.3343797128802 ], [ -57.648010295728099, -25.334558402149199 ], [ -57.647997152199302, -25.334567452346999 ], [ -57.6479872775733, -25.334573477459099 ], [ -57.647926008503603, -25.334655122706899 ], [ -57.647916414718303, -25.334670225658499 ], [ -57.647903486087998, -25.3346853017356 ], [ -57.647903573765497, -25.334688331923999 ], [ -57.647887489569101, -25.334709432454801 ], [ -57.647862312595201, -25.334787855871799 ], [ -57.647682027299901, -25.3348986107004 ], [ -57.647672035207897, -25.334901616570701 ], [ -57.6475350002626, -25.334994602669902 ], [ -57.647521639595197, -25.335006557929901 ], [ -57.647504997796602, -25.335018498712301 ], [ -57.647395389364398, -25.3351107121529 ], [ -57.647385426474202, -25.335122573003201 ], [ -57.6472440167381, -25.335211030392902 ], [ -57.647237484336998, -25.335211012133598 ], [ -57.647224375201702, -25.335219827324298 ], [ -57.647208006799801, -25.335228629741 ], [ -57.647188372937698, -25.335240365098699 ], [ -57.647077406331398, -25.335278317493799 ], [ -57.647064366811698, -25.335284157778698 ], [ -57.647051334957602, -25.335292934687502 ], [ -57.646888399433401, -25.335283695182699 ], [ -57.646875364441399, -25.335283660307599 ], [ -57.6468688303354, -25.335280705380701 ], [ -57.646705101038599, -25.335209607879801 ], [ -57.646698535077, -25.3352066404426 ], [ -57.646678906310299, -25.335203638234599 ], [ -57.646662566627398, -25.3352006504842 ], [ -57.646553181648898, -25.3350878524714 ], [ -57.646543187778597, -25.3350759456087 ], [ -57.646481095676002, -25.3350758514547 ], [ -57.646481202780102, -25.3350817965452 ], [ -57.646469995126999, -25.335179573617001 ], [ -57.646470248705697, -25.335191393188602 ], [ -57.6464703774583, -25.335197298450701 ], [ -57.646475835087998, -25.335300249007101 ], [ -57.646479264238003, -25.335309045742498 ], [ -57.646484977570601, -25.335425708613101 ], [ -57.646485160971899, -25.335434418451399 ], [ -57.646478956503699, -25.335446002676001 ], [ -57.646455934594499, -25.335570037561499 ], [ -57.646446630536197, -25.335584360734899 ], [ -57.646431792579399, -25.335635866133899 ], [ -57.646410125956997, -25.335845941331399 ], [ -57.646417155794403, -25.3359306076241 ], [ -57.646417205813201, -25.3359396485567 ], [ -57.646469894510197, -25.336032539783702 ], [ -57.646476458529698, -25.336044485178299 ], [ -57.6465743889582, -25.336142624916501 ], [ -57.646580897057703, -25.3361515237231 ], [ -57.646584148052298, -25.336157455014401 ], [ -57.646652262279702, -25.3362461642566 ], [ -57.646655477093297, -25.336255008884599 ], [ -57.646671293133103, -25.336346031860199 ], [ -57.6466712808514, -25.336348955929999 ], [ -57.6466771372422, -25.336471173595001 ], [ -57.6466770486442, -25.3364885302489 ], [ -57.646708613793699, -25.336598137101898 ], [ -57.646708154920503, -25.336684170922599 ], [ -57.646803928909598, -25.336724572901701 ], [ -57.646849500120801, -25.3367603694549 ], [ -57.646911877007803, -25.3368149854204 ], [ -57.646915120788698, -25.336821048577601 ], [ -57.646986845323497, -25.336908762907999 ], [ -57.646996601780103, -25.336920833322999 ], [ -57.647080741984801, -25.337038182942202 ], [ -57.647093691808301, -25.337053183205999 ], [ -57.647096941174397, -25.337056183251899 ], [ -57.647134147775702, -25.3371965838707 ], [ -57.647137231863198, -25.337208488530599 ], [ -57.647136983006597, -25.337223351713401 ], [ -57.647138422708601, -25.337332989646502 ], [ -57.647138175320798, -25.337347755295301 ], [ -57.647137975772701, -25.337359558791199 ], [ -57.647153511426303, -25.3374067371435 ], [ -57.647153359642097, -25.337415564038299 ], [ -57.647153257780701, -25.337421446831701 ], [ -57.647099875596098, -25.337494693212602 ], [ -57.647089971502403, -25.3375034509687 ], [ -57.647080069375299, -25.337512205103401 ], [ -57.646998396791297, -25.337538300214099 ], [ -57.646993066633499, -25.337538285696098 ], [ -57.646988120775497, -25.337541213372202 ], [ -57.647034851340599, -25.337606412884199 ], [ -57.647035119290599, -25.337622790889 ], [ -57.647087871857302, -25.3378403053085 ], [ -57.647037829545603, -25.338098401940801 ], [ -57.646890475708702, -25.338366602784099 ], [ -57.646780559240497, -25.338566751035 ], [ -57.646723148058101, -25.338788440788601 ], [ -57.646734068969501, -25.339029254736399 ], [ -57.646744170802599, -25.339363091700999 ], [ -57.646775866635103, -25.339701966667899 ], [ -57.646803162690297, -25.339965356697999 ], [ -57.6468033714903, -25.339969865518199 ], [ -57.646814614511598, -25.340316428351802 ], [ -57.646815795899002, -25.340342009644498 ], [ -57.646821408042101, -25.3403632640238 ], [ -57.646826425656599, -25.3403717539613 ], [ -57.646862506230498, -25.340563738842501 ], [ -57.646938360143402, -25.340951407409399 ], [ -57.647005286529499, -25.3412317284998 ], [ -57.647077335957, -25.341434552413201 ], [ -57.647128257041999, -25.341618261640999 ], [ -57.647133259730801, -25.3416355128359 ], [ -57.647123070361602, -25.341830549038601 ], [ -57.647123417813901, -25.3418472951208 ], [ -57.647092029672201, -25.342077288658398 ], [ -57.647032133490498, -25.342421944218799 ], [ -57.647007250187599, -25.3427932208104 ], [ -57.6470124528689, -25.342983318420199 ], [ -57.647004668318303, -25.343225482219001 ], [ -57.646936206143998, -25.343446577529701 ], [ -57.646788397681298, -25.343657401614301 ], [ -57.646596347936601, -25.343853272340599 ], [ -57.646383134452599, -25.343987686940299 ], [ -57.646070027399901, -25.3440451479125 ], [ -57.6458820557949, -25.344099104826199 ], [ -57.645638931771401, -25.344233523097099 ], [ -57.645480307720803, -25.344377578067601 ], [ -57.645366661494201, -25.344563925197001 ], [ -57.645366841324098, -25.344572346072798 ], [ -57.6452797768818, -25.344791977956699 ], [ -57.6452109156928, -25.344962582174801 ], [ -57.643602602975797, -25.344415665455099 ], [ -57.6429941712626, -25.344224171198402 ], [ -57.642002950077597, -25.343876312940999 ], [ -57.641136854996198, -25.343582085185101 ], [ -57.640640007723803, -25.343408155936501 ], [ -57.639987726549599, -25.343261991369101 ], [ -57.638632352824999, -25.343109534861199 ], [ -57.637784707906299, -25.343014182969 ], [ -57.6345179201356, -25.342671594280699 ], [ -57.634920701693098, -25.344042467220302 ], [ -57.635211123598303, -25.3450661560945 ], [ -57.635519158430903, -25.3460717075519 ], [ -57.635811934287403, -25.347068293714202 ], [ -57.636101774998501, -25.348096497860801 ], [ -57.636421004106801, -25.349101998444901 ], [ -57.635287371152401, -25.3493778033368 ], [ -57.6355348256103, -25.3501246070633 ], [ -57.635752046984003, -25.350879343868499 ], [ -57.635905831334199, -25.3514068075701 ], [ -57.635968982786203, -25.3516234076451 ], [ -57.636185990229798, -25.352381016139301 ], [ -57.636388054120403, -25.353012264492101 ], [ -57.636368733378703, -25.3532780448827 ], [ -57.636338875604601, -25.353688774694799 ], [ -57.636098189284297, -25.353667975732801 ], [ -57.636097572160502, -25.3536714008846 ], [ -57.635980529040097, -25.354320148739699 ], [ -57.635980452750701, -25.354320573493599 ], [ -57.6359165377933, -25.354751152600802 ], [ -57.635905544397602, -25.3548298540322 ], [ -57.635887771367599, -25.354978517225 ], [ -57.6365679537288, -25.3550714791429 ], [ -57.6365679935044, -25.3550714834861 ], [ -57.636688369783798, -25.355087936381199 ], [ -57.636617392514999, -25.356894303762399 ], [ -57.636610813797702, -25.357061392780501 ], [ -57.6365474286671, -25.358479423987099 ], [ -57.6366585566713, -25.3595354884357 ], [ -57.6367487316164, -25.360622373347901 ], [ -57.6367592075988, -25.3606613822644 ], [ -57.636771655775199, -25.360727775151101 ], [ -57.636883989674402, -25.3622526325615 ], [ -57.637645461624402, -25.362235790827199 ], [ -57.637993558195902, -25.363760402079102 ], [ -57.638176675276597, -25.364563304220699 ], [ -57.638215447351897, -25.364733259568698 ], [ -57.638233132009098, -25.364761492853098 ], [ -57.638595406796199, -25.3653398721417 ], [ -57.639101128358099, -25.3662221633064 ], [ -57.639139929310097, -25.366308066114101 ], [ -57.639156981040102, -25.366209843687901 ], [ -57.6395621380723, -25.366885434805901 ], [ -57.638098733801698, -25.367691844211301 ], [ -57.636879682707701, -25.368452735084499 ], [ -57.636099975503903, -25.369033926011198 ], [ -57.640643979322697, -25.379143707732101 ], [ -57.642079564142698, -25.380386551266 ], [ -57.645094061532099, -25.376817561395601 ], [ -57.646644960584702, -25.374055003803399 ], [ -57.648327139132498, -25.3684027577698 ], [ -57.650131311967201, -25.366113866431999 ], [ -57.651621017217998, -25.3650868583088 ], [ -57.653728871857901, -25.363154064111701 ], [ -57.656582361947898, -25.360874766255201 ], [ -57.6591888308606, -25.359052549047998 ], [ -57.661790919544302, -25.356440157281899 ], [ -57.663466776733401, -25.353841255627898 ], [ -57.663767740295498, -25.353374511416501 ], [ -57.666609649041497, -25.3490587478348 ], [ -57.667834713708302, -25.3453146626502 ], [ -57.667903022468003, -25.342767813628399 ], [ -57.667384448873797, -25.3390361411142 ], [ -57.667325510833102, -25.3376773505797 ], [ -57.667241904679798, -25.3357497613069 ], [ -57.6677664339188, -25.3332201615748 ], [ -57.667778910737397, -25.333159991258899 ], [ -57.6679700457791, -25.332238192804098 ], [ -57.669443951223698, -25.3284974760636 ], [ -57.671786775043998, -25.324183876828801 ], [ -57.6724843728663, -25.321951226777401 ], [ -57.672441407586199, -25.321840165876601 ], [ -57.668104002790002, -25.320760094076601 ], [ -57.668103661874099, -25.320760250943302 ], [ -57.666442523945697, -25.321527357868401 ], [ -57.665455465301399, -25.3222030011237 ], [ -57.665076824255301, -25.322394785675701 ], [ -57.665068263670499, -25.3223991227343 ], [ -57.664610009602399, -25.3226312316928 ], [ -57.664290623379998, -25.322892931510999 ], [ -57.664282423469601, -25.322899649998 ], [ -57.663492925319801, -25.3235465456657 ], [ -57.662817487347901, -25.324185282781901 ], [ -57.662146688244299, -25.324728666633501 ], [ -57.661311871349703, -25.325091261697299 ], [ -57.659914666553298, -25.325841512576901 ], [ -57.658094592241802, -25.326886181885399 ], [ -57.656943626013103, -25.327658718944701 ], [ -57.6560567594831, -25.3279536881872 ], [ -57.654516830416398, -25.328690467393699 ], [ -57.654155169794301, -25.3288744243401 ], [ -57.654263876244102, -25.328975370212799 ], [ -57.654272198855402, -25.3291225328128 ], [ -57.654196801292201, -25.329190432390099 ], [ -57.654066482204698, -25.329282227927099 ], [ -57.653972346353903, -25.329348536345702 ], [ -57.653675605907601, -25.3295714298809 ], [ -57.6531704318853, -25.329981981198198 ], [ -57.652839170858599, -25.3302364859093 ], [ -57.652826907272598, -25.330247530137601 ], [ -57.652497140762897, -25.330500842694001 ], [ -57.652205124277302, -25.330709616076401 ], [ -57.652192971365402, -25.330720565847599 ], [ -57.652010866090997, -25.330895546703999 ], [ -57.651917497414999, -25.331007576342099 ], [ -57.651865357328198, -25.331070139679198 ], [ -57.651838071764999, -25.331103777309298 ], [ -57.651837979420897, -25.3311492399373 ], [ -57.651847749764201, -25.3312217823878 ], [ -57.651890513013399, -25.3312881249465 ], [ -57.651897091295801, -25.331294151571399 ], [ -57.651959473526198, -25.331357302683799 ], [ -57.651962768425904, -25.331357309777299 ], [ -57.652015087909398, -25.331417240028198 ], [ -57.652024893425498, -25.331426219727401 ], [ -57.652087002917099, -25.331471081990401 ], [ -57.652093547076703, -25.3314740745713 ], [ -57.652201709075598, -25.331495176484498 ], [ -57.652211524296199, -25.3314981762536 ], [ -57.652266975571401, -25.331525050627999 ], [ -57.652302466346697, -25.3315666532955 ], [ -57.6523144880369, -25.331640580019599 ], [ -57.652333437211801, -25.331684827744301 ], [ -57.652368380661301, -25.331743686135098 ], [ -57.652409215617602, -25.331822793290499 ], [ -57.652488988408599, -25.331892896357498 ], [ -57.652569276772098, -25.331927937806601 ], [ -57.652745107195301, -25.3320271678643 ], [ -57.652835370400901, -25.3320856618489 ], [ -57.652848705973497, -25.332091783107099 ], [ -57.653015012681898, -25.332195602697201 ], [ -57.653233221384497, -25.332341311175799 ], [ -57.653246362512, -25.3323534041015 ], [ -57.653472242753899, -25.3325102378606 ], [ -57.653482022575602, -25.332516246599798 ], [ -57.653595923486598, -25.332573334897301 ], [ -57.653605711054396, -25.332576343724199 ], [ -57.653618698285101, -25.332582341837799 ], [ -57.653739379934599, -25.3326124336253 ], [ -57.653745850658197, -25.332615424650601 ], [ -57.653804535862598, -25.332627465339101 ], [ -57.653817663956801, -25.332627499192299 ], [ -57.653827511018598, -25.332627524125499 ], [ -57.653893036295997, -25.332630664853099 ], [ -57.6539061643903, -25.332630698698399 ], [ -57.653968390743501, -25.332633828748602 ], [ -57.6539846707593, -25.3326368412419 ], [ -57.654315027448199, -25.332640666284401 ], [ -57.654318308480697, -25.332640675192401 ], [ -57.654369692521101, -25.332676369564901 ], [ -57.6543875599301, -25.332732514728502 ], [ -57.654391830171001, -25.3328030242929 ], [ -57.654391736626103, -25.332805954141101 ], [ -57.6544439224256, -25.332899442522201 ], [ -57.654446968412302, -25.332905260766701 ], [ -57.654492587362299, -25.332989330786599 ], [ -57.654492166485397, -25.333000864362202 ], [ -57.654451062895497, -25.333066870681701 ], [ -57.654392476000602, -25.333203983449 ], [ -57.654340229878997, -25.333240844235299 ], [ -57.654333682444701, -25.3332465100329 ], [ -57.654259167958998, -25.333283215031301 ], [ -57.6542559061186, -25.333286039748302 ], [ -57.654239721468798, -25.333294498969 ], [ -57.6541750740071, -25.3333282884719 ], [ -57.654113661966001, -25.333367653344698 ] ] ] } },
{ "type": "Feature", "properties": { "FID": 66, "DIST_DESC": "ASUNCION", "BARLO_DESC": "BANCO SAN MIGUEL", "superficie": 829.25411182599998, "Pob_2012": 1913, "Shape__Area": 10190067.08203125, "Shape__Length": 15643.267068378655, "fuente": "ArcGIS Online Mapa_Poblacion_Asuncion_WFL1 (derivado de INE 2012)" }, "geometry": { "type": "Polygon", "coordinates": [ [ [ -57.600366208632003, -25.264242577872501 ], [ -57.600302343171698, -25.264274243694999 ], [ -57.600302377206802, -25.264274298642299 ], [ -57.6003237414441, -25.264367795252401 ], [ -57.600573195964202, -25.264944954431702 ], [ -57.600588683738302, -25.264980788371499 ], [ -57.600789006453503, -25.265201219308 ], [ -57.600937660191804, -25.265327040563498 ], [ -57.601049622672498, -25.2652498259136 ], [ -57.601401214539599, -25.265433518213499 ], [ -57.601732700889002, -25.265630837286501 ], [ -57.602191299774702, -25.2661166114796 ], [ -57.602293052088903, -25.266296805329802 ], [ -57.602418896692498, -25.266454324663599 ], [ -57.6028551263759, -25.2660661688539 ], [ -57.603019059041102, -25.265876770146299 ], [ -57.603077873270799, -25.265920591243798 ], [ -57.6030985725235, -25.265979505304401 ], [ -57.603276487164102, -25.2662250612095 ], [ -57.603665392661902, -25.2664221411776 ], [ -57.603827547362201, -25.266516297664101 ], [ -57.6041126440794, -25.266682194454301 ], [ -57.604270501534998, -25.266848611592501 ], [ -57.6043662679905, -25.266947554438001 ], [ -57.604457090923098, -25.267096030488599 ], [ -57.604465450054697, -25.267109696347401 ], [ -57.604643993301998, -25.267316665354901 ], [ -57.604647433213799, -25.2673843795992 ], [ -57.604848131846403, -25.2676250847285 ], [ -57.605976818296398, -25.268293034801701 ], [ -57.607139272179801, -25.268706035119699 ], [ -57.608008945288397, -25.269467716494098 ], [ -57.608047256452799, -25.269501270208401 ], [ -57.611038683382702, -25.272121120329601 ], [ -57.611045367776399, -25.272126974176398 ], [ -57.611147009346702, -25.272215987123701 ], [ -57.611221112675302, -25.2722051959297 ], [ -57.611223790233502, -25.272204805563099 ], [ -57.611263199397399, -25.272199066965001 ], [ -57.611436038820997, -25.2719489070405 ], [ -57.6116940376928, -25.271667452133102 ], [ -57.612210037748198, -25.271229635936699 ], [ -57.612561853357903, -25.270846544779399 ], [ -57.612944943918798, -25.270440000929099 ], [ -57.6132263970037, -25.2701741824138 ], [ -57.613406216518101, -25.270080365787901 ], [ -57.613609488900302, -25.270072547586199 ], [ -57.613922214568298, -25.270174183275099 ], [ -57.618444977636003, -25.271153057843001 ], [ -57.618444957542899, -25.2711635946272 ], [ -57.618472055031702, -25.271244465936 ], [ -57.618472042995599, -25.271251497075401 ], [ -57.618432937901098, -25.271328860228699 ], [ -57.618432929918697, -25.271332380321802 ], [ -57.618393669153697, -25.271473105190001 ], [ -57.6184362083671, -25.271596367441699 ], [ -57.618506151535399, -25.2716563524416 ], [ -57.618665444392803, -25.271688226866601 ], [ -57.6188439208658, -25.271713047392002 ], [ -57.618828172038498, -25.271814971188199 ], [ -57.618890049998001, -25.271885295334599 ], [ -57.618986589273703, -25.271940833970302 ], [ -57.619103210136103, -25.271983472330401 ], [ -57.619110914346699, -25.2720679160124 ], [ -57.619192388559, -25.272110288131401 ], [ -57.619327917822801, -25.2721734038374 ], [ -57.619416980239102, -25.272278857612701 ], [ -57.619490733230201, -25.272310521181801 ], [ -57.619622973556297, -25.2723141778581 ], [ -57.619751628732502, -25.272250979192599 ], [ -57.619810039953698, -25.2722721450397 ], [ -57.620027637314699, -25.2723008219733 ], [ -57.620139912079203, -25.272389036237598 ], [ -57.620254167608898, -25.272336623974699 ], [ -57.620494004389599, -25.272263863752102 ], [ -57.620501930171201, -25.272249892878499 ], [ -57.620662245260199, -25.272156023046598 ], [ -57.620809617780203, -25.272191454486101 ], [ -57.621030614255098, -25.2721991542289 ], [ -57.621177547226999, -25.272244977550098 ], [ -57.621293739233501, -25.272178996259999 ], [ -57.621413595348002, -25.272123453067699 ], [ -57.621401876435399, -25.272168741203199 ], [ -57.621394101389598, -25.2721861574977 ], [ -57.621316676876603, -25.272245300385698 ], [ -57.621308928048599, -25.272252264756499 ], [ -57.621200529121801, -25.272304376848101 ], [ -57.620874729276103, -25.272348934831101 ], [ -57.620866984692597, -25.2723454184544 ], [ -57.6208128803395, -25.272299811236302 ], [ -57.620754906749703, -25.272250694794501 ], [ -57.620680901558003, -25.2722784549007 ], [ -57.620673105158403, -25.272281931889999 ], [ -57.620598626148002, -25.272369242352699 ], [ -57.620586833038899, -25.272386726071598 ], [ -57.620594173407603, -25.272453318043102 ], [ -57.6205941256325, -25.272460327656901 ], [ -57.620605293724402, -25.272537487185801 ], [ -57.6206117399988, -25.272741105103702 ], [ -57.6206911371671, -25.2727517820129 ], [ -57.620691262388803, -25.272751798643998 ], [ -57.620716847584099, -25.272755239998698 ], [ -57.620775189457298, -25.272765818482799 ], [ -57.620782995659503, -25.2727623107433 ], [ -57.6208879840243, -25.272772916928901 ], [ -57.621001063217903, -25.272699336314599 ], [ -57.621156642181603, -25.272618932171799 ], [ -57.621330979828599, -25.272584224098502 ], [ -57.621326886977698, -25.272650719670199 ], [ -57.621326863043201, -25.272657721958801 ], [ -57.621326827146099, -25.272668226294702 ], [ -57.6213805842102, -25.2728398145562 ], [ -57.621380572258403, -25.2728433184094 ], [ -57.621415151279599, -25.272934479396401 ], [ -57.621538947684698, -25.272969557829398 ], [ -57.621542817045601, -25.272969565013501 ], [ -57.621635773647199, -25.272931249367002 ], [ -57.621779145724901, -25.272844040091499 ], [ -57.621926233184702, -25.2728303334729 ], [ -57.622112649622501, -25.272803030896998 ], [ -57.622167610512399, -25.272715744172601 ], [ -57.622269253174899, -25.272645949401799 ], [ -57.622351228141397, -25.2725618935788 ], [ -57.622436406929801, -25.272505881712 ], [ -57.622486508286002, -25.272537607391602 ], [ -57.622598872615697, -25.2725483907574 ], [ -57.622653280486297, -25.272583650779399 ], [ -57.622742982433898, -25.272590785628601 ], [ -57.622785475086502, -25.2726611772454 ], [ -57.622956522909497, -25.272749013080599 ], [ -57.622983515683799, -25.272840230989601 ], [ -57.623064852996499, -25.272924287732099 ], [ -57.623068732212701, -25.272924280386 ], [ -57.6231965497769, -25.272948554514599 ], [ -57.623335884987497, -25.2729275302713 ], [ -57.623436792980399, -25.272864884480999 ], [ -57.623603770133798, -25.272809402349701 ], [ -57.623685374613999, -25.272795645552701 ], [ -57.623763279707099, -25.2727257640468 ], [ -57.623854366436802, -25.272694469745499 ], [ -57.623865828293098, -25.272747093914901 ], [ -57.623912019012501, -25.272810272321099 ], [ -57.624020317533898, -25.272841989844 ], [ -57.624066782624801, -25.2728912150451 ], [ -57.624078288663497, -25.272950902600201 ], [ -57.624047063281502, -25.273028062281899 ], [ -57.624027463968403, -25.2731122616776 ], [ -57.624003965615998, -25.273203474322099 ], [ -57.624073598508701, -25.2733053897636 ], [ -57.624217100205797, -25.273365313779401 ], [ -57.624341307191202, -25.273351517299002 ], [ -57.624422959748699, -25.273288491744001 ], [ -57.624407660678898, -25.273190188148501 ], [ -57.6243651179241, -25.273123422041401 ], [ -57.624419536479301, -25.273088424714601 ], [ -57.624508855091499, -25.2730675314988 ], [ -57.624617556511502, -25.273057204866699 ], [ -57.624718487497297, -25.273050373307299 ], [ -57.624877653367498, -25.273036630683102 ], [ -57.624947437942801, -25.2730718590553 ], [ -57.625028874247398, -25.2731035992676 ], [ -57.625129779291399, -25.2730932528988 ], [ -57.625203467214497, -25.273065320338301 ], [ -57.625238412807001, -25.2729917640536 ], [ -57.625242395216198, -25.272886685522 ], [ -57.625273440099598, -25.272792287298799 ], [ -57.625285106942002, -25.2727154016758 ], [ -57.625397197546299, -25.272687819246201 ], [ -57.6254225770506, -25.272589489675799 ], [ -57.625396059571003, -25.272452993522698 ], [ -57.625330425306899, -25.272403949296201 ], [ -57.625346332778101, -25.2723165902825 ], [ -57.625350287387199, -25.2722991285688 ], [ -57.625316189668403, -25.272141952348001 ], [ -57.625351411211497, -25.272058353040102 ], [ -57.625563698430597, -25.272079751332502 ], [ -57.6257990304087, -25.272073212643399 ], [ -57.625968671376903, -25.272115387739099 ], [ -57.6261850628795, -25.272122544822999 ], [ -57.626312814524901, -25.271993548715098 ], [ -57.626390834572, -25.2718570714602 ], [ -57.626434268546497, -25.2716747978182 ], [ -57.626450009112403, -25.271559352999098 ], [ -57.626485032342799, -25.271409064647699 ], [ -57.626578143243897, -25.271300763153601 ], [ -57.626760150924, -25.2712066104618 ], [ -57.626775367704298, -25.271206594608199 ], [ -57.626859910376602, -25.271108535500701 ], [ -57.626867664244401, -25.2710910287141 ], [ -57.626967464845201, -25.271013755973001 ], [ -57.626982802352401, -25.271006701279401 ], [ -57.627140617065301, -25.270943193565799 ], [ -57.627163839981201, -25.270932646699201 ], [ -57.627294999781903, -25.270932324116298 ], [ -57.627298863032898, -25.270932314921701 ], [ -57.6273143140412, -25.270932276344599 ], [ -57.627349035873998, -25.270939195970701 ], [ -57.627372237229302, -25.270939140700101 ], [ -57.627449321406402, -25.270981046477399 ], [ -57.627460893649399, -25.270988042812601 ], [ -57.6274640843885, -25.271079362869799 ], [ -57.627463977939897, -25.271093427291198 ], [ -57.627436260066197, -25.271167327227801 ], [ -57.627432378894703, -25.271167329278001 ], [ -57.627424482596702, -25.271184934226898 ], [ -57.627377453468597, -25.271244803508999 ], [ -57.627373546693804, -25.271248325722301 ], [ -57.627361826634797, -25.271262421446899 ], [ -57.627303117957801, -25.2713999224524 ], [ -57.627299215404001, -25.271406971926101 ], [ -57.627299156583298, -25.271417554016502 ], [ -57.627299058567402, -25.271435194445999 ], [ -57.6272403242507, -25.2715797157792 ], [ -57.627232503450799, -25.271597334845399 ], [ -57.627216948151798, -25.271618449040901 ], [ -57.627213027944698, -25.271629022255201 ], [ -57.627201373228601, -25.271643088792199 ], [ -57.627120008859897, -25.271755512812 ], [ -57.627108473193204, -25.271773037484799 ], [ -57.627100786630002, -25.271783543619001 ], [ -57.6270086943479, -25.271923454783401 ], [ -57.627004845475803, -25.271937479113699 ], [ -57.626955107245998, -25.272006760433101 ], [ -57.626993117501897, -25.272062549609899 ], [ -57.627019818245998, -25.2720728012896 ], [ -57.627146110515497, -25.272089026964 ], [ -57.627180669801596, -25.272085127072 ], [ -57.627196040847203, -25.272084960613 ], [ -57.627215265082, -25.272084752492798 ], [ -57.627373429234702, -25.272068878470801 ], [ -57.627392774599201, -25.2720686643943 ], [ -57.627416058477898, -25.272064915323401 ], [ -57.627611577007102, -25.272039824744301 ], [ -57.627638967721502, -25.272039782317599 ], [ -57.627693771007898, -25.272039699161901 ], [ -57.627713351700201, -25.272039670069201 ], [ -57.627803329997001, -25.2720963035915 ], [ -57.627826800144398, -25.2721175642974 ], [ -57.6278385210951, -25.272135293517199 ], [ -57.627920664306899, -25.2722310511482 ], [ -57.627928477934802, -25.272245246225001 ], [ -57.627936293559998, -25.2722594430989 ], [ -57.627951606882903, -25.2724298540892 ], [ -57.627951574681298, -25.272444053647899 ], [ -57.627884647637501, -25.27254696903 ], [ -57.627880694441302, -25.2725611617902 ], [ -57.6278571344222, -25.2725753404311 ], [ -57.627849260243103, -25.2725895281975 ], [ -57.6277784902937, -25.2726852536099 ], [ -57.627770622010999, -25.2726994323166 ], [ -57.627754688181497, -25.272816472835402 ], [ -57.627754655902301, -25.272830661557499 ], [ -57.627750714172599, -25.2728412962826 ], [ -57.627687829465799, -25.272940464821701 ], [ -57.627668184215899, -25.272954615947398 ], [ -57.627597243513499, -25.2730361335481 ], [ -57.627581460535197, -25.273057414907498 ], [ -57.627553646813602, -25.2731355324627 ], [ -57.627549688865898, -25.273142632747799 ], [ -57.627623967843597, -25.273213884719901 ], [ -57.6277456915507, -25.2732105513536 ], [ -57.627753568492103, -25.273203454261299 ], [ -57.627851695885802, -25.2732107470191 ], [ -57.627855611365803, -25.273214311823899 ], [ -57.627934005386997, -25.2732607034661 ], [ -57.627945738821097, -25.273278517505599 ], [ -57.627976741415601, -25.273449548024701 ], [ -57.627909722437202, -25.2735524529669 ], [ -57.627823130349903, -25.2736233470592 ], [ -57.627685599759097, -25.273633751710399 ], [ -57.627650089670098, -25.273701186524399 ], [ -57.627650074574397, -25.273708291716702 ], [ -57.627665540610401, -25.2738184529561 ], [ -57.627684999999502, -25.273900200175401 ], [ -57.627684984905997, -25.273907305367601 ], [ -57.627680862897897, -25.2739925627601 ], [ -57.627680855351201, -25.273996115356201 ], [ -57.627645400969598, -25.274063587858102 ], [ -57.627645409802199, -25.274070711009202 ], [ -57.627708297444499, -25.274120649024098 ], [ -57.627798599192197, -25.274159931908699 ], [ -57.627896690889301, -25.2741956488981 ], [ -57.628030182094399, -25.2741532502301 ], [ -57.628100691565599, -25.2742066811124 ], [ -57.628104616568798, -25.274206686081001 ], [ -57.628210413486499, -25.2742636493265 ], [ -57.628222192483101, -25.274263666012299 ], [ -57.628359275591997, -25.274349066381799 ], [ -57.628374952615196, -25.2743561896465 ], [ -57.628406308662598, -25.274370437968201 ], [ -57.628508060299303, -25.274434456521199 ], [ -57.628515875356698, -25.274441560875399 ], [ -57.628586027461097, -25.274537363723599 ], [ -57.628593813058302, -25.274548000895301 ], [ -57.628671871980501, -25.274618958068199 ], [ -57.628679675085799, -25.2746260516276 ], [ -57.628769366958302, -25.274707587983499 ], [ -57.6289510570885, -25.274864473894599 ], [ -57.629072246081897, -25.2749709406256 ], [ -57.629076155611799, -25.2749744891664 ], [ -57.629197429564499, -25.275041922389399 ], [ -57.629201346620803, -25.275041921944101 ], [ -57.629361869877002, -25.275116498705302 ], [ -57.629373623505998, -25.275120053520101 ], [ -57.629498876803503, -25.2752195184373 ], [ -57.629506703886499, -25.275226622685398 ], [ -57.629663189935499, -25.275382912624501 ], [ -57.629671017047897, -25.275390018669299 ], [ -57.6298195565738, -25.275517916421599 ], [ -57.6299680501956, -25.2756280152811 ], [ -57.629975853459101, -25.2756351123804 ], [ -57.6300929642792, -25.275727372755298 ], [ -57.630236694810698, -25.2758689409639 ], [ -57.6303496186584, -25.275918494348399 ], [ -57.6304846800641, -25.275916840970499 ], [ -57.630574725547497, -25.27585653589 ], [ -57.630676453585103, -25.2758709562045 ], [ -57.630778047669502, -25.275920935147099 ], [ -57.630883494686699, -25.275970783764102 ], [ -57.631016446461601, -25.276009808251398 ], [ -57.6310203461586, -25.276013358586901 ], [ -57.631208334463203, -25.276041735502101 ], [ -57.6313573804768, -25.276055929469901 ], [ -57.631522313253797, -25.2760524460139 ], [ -57.631647640460997, -25.2760597733254 ], [ -57.631839364721699, -25.276099161372599 ], [ -57.631949026500699, -25.2761135630906 ], [ -57.632058762567297, -25.276078268288199 ], [ -57.632172292362, -25.276110416078499 ], [ -57.632293445206997, -25.276157005050699 ], [ -57.632414593120899, -25.276157407040198 ], [ -57.6325238242826, -25.2761684201609 ], [ -57.632633590011302, -25.276101328755001 ], [ -57.632709424469297, -25.276056402483299 ], [ -57.632858053149398, -25.276028403064899 ], [ -57.633045759614802, -25.275936920105 ], [ -57.633182557533097, -25.2758454187457 ], [ -57.633280088981302, -25.275799815727801 ], [ -57.633397279309797, -25.275757668190298 ], [ -57.633545890332002, -25.275690795888799 ], [ -57.633690185300701, -25.275634717049101 ], [ -57.633893105625802, -25.275564586006499 ], [ -57.634017726483798, -25.275547295660999 ], [ -57.634100124836301, -25.275508463097498 ], [ -57.634097418080103, -25.275458516733998 ], [ -57.634035571063301, -25.275443949117602 ], [ -57.633933930263503, -25.2754684915143 ], [ -57.633824573631898, -25.275489433145701 ], [ -57.633723221445599, -25.2754961318883 ], [ -57.633657271905598, -25.275477978599 ], [ -57.633634891899803, -25.275395771595001 ], [ -57.633658768984901, -25.275314164268 ], [ -57.633756976608097, -25.275208032661901 ], [ -57.633840902233501, -25.275093860254 ], [ -57.633950737770597, -25.275040912808102 ], [ -57.633993755561697, -25.274998422379898 ], [ -57.634017072635899, -25.274884791978302 ], [ -57.634079807501998, -25.274849336388598 ], [ -57.634087657561501, -25.274849349618901 ], [ -57.634170097115501, -25.2748957349534 ], [ -57.634252468185302, -25.274949185922502 ], [ -57.634334879521496, -25.274920965705899 ], [ -57.634307451327601, -25.274871125599301 ], [ -57.634303527644803, -25.2748675573933 ], [ -57.634221102521899, -25.2748033189641 ], [ -57.634177887170601, -25.274735543662398 ], [ -57.634229028376801, -25.2747036578806 ], [ -57.634303668050997, -25.274707344793001 ], [ -57.6343861396983, -25.274721702641902 ], [ -57.634456710150999, -25.274793147634501 ], [ -57.634577940291699, -25.2749215263844 ], [ -57.6346482057291, -25.2749820223253 ], [ -57.634762071120797, -25.2749325192081 ], [ -57.634860687709299, -25.274843768647202 ], [ -57.634982355874698, -25.2748333262149 ], [ -57.635099686318803, -25.274844340524702 ], [ -57.635192178577, -25.274812411913299 ], [ -57.635301974726602, -25.274805471734801 ], [ -57.635369240994699, -25.274880445137502 ], [ -57.635490759415198, -25.274887781985999 ], [ -57.635624043636199, -25.274909366797999 ], [ -57.635792540032803, -25.274916920068701 ], [ -57.635937241176002, -25.274956299483701 ], [ -57.636030905856401, -25.274991936176601 ], [ -57.636128617380102, -25.274985022177098 ], [ -57.636285339129401, -25.274942721834499 ], [ -57.636414161315102, -25.274960703976699 ], [ -57.636518558934803, -25.275035298179699 ], [ -57.6366003939265, -25.275042518094399 ], [ -57.636697534048402, -25.275063898427 ], [ -57.6367237049176, -25.2751204007083 ], [ -57.636789926055798, -25.275120519549201 ], [ -57.636841844724401, -25.275064155326302 ], [ -57.636902051258197, -25.275063523457199 ], [ -57.636949462253398, -25.2751318451283 ], [ -57.636985004145103, -25.275192787799799 ], [ -57.637058925234697, -25.275196496281001 ], [ -57.637120985674898, -25.275164405242901 ], [ -57.637195063813301, -25.2752038932272 ], [ -57.637280629307, -25.275218340841601 ], [ -57.637335033986801, -25.275175532985699 ], [ -57.637432328401196, -25.275161388379502 ], [ -57.637552866313897, -25.275186662131201 ], [ -57.637576186955002, -25.275190280101299 ], [ -57.637672910474301, -25.275261876023301 ], [ -57.637692300076303, -25.275265476644801 ], [ -57.637715516816897, -25.2752761947411 ], [ -57.637855170316001, -25.275308093420001 ], [ -57.637967467548698, -25.275347123233502 ], [ -57.638002374787803, -25.275354203872499 ], [ -57.638006264031098, -25.275354201507501 ], [ -57.638157572677002, -25.275382516818201 ], [ -57.638176973907598, -25.2753860559184 ], [ -57.638351675729197, -25.2754143619775 ], [ -57.638482764998898, -25.275408031693601 ], [ -57.638490412770601, -25.275408099746699 ], [ -57.638519924398103, -25.275443882343399 ], [ -57.6385273034658, -25.2754510566741 ], [ -57.638538113219397, -25.275468909957699 ], [ -57.6385453538606, -25.275479617577901 ], [ -57.638588400623298, -25.275550724499201 ], [ -57.638763560954303, -25.275618741962301 ], [ -57.638881100417301, -25.2756823706607 ], [ -57.638932621097503, -25.275726526595701 ], [ -57.6390639890692, -25.275803306743999 ], [ -57.639084541706602, -25.275815042143499 ], [ -57.6391240858174, -25.275832463910699 ], [ -57.639313274546197, -25.275856149338299 ], [ -57.639351830818804, -25.2758677579418 ], [ -57.6393779303705, -25.2758793031092 ], [ -57.639538196974897, -25.275931219753598 ], [ -57.6395567379301, -25.275931289307898 ], [ -57.6395938198403, -25.275931428409599 ], [ -57.639618428994503, -25.275931478880999 ], [ -57.640233571884998, -25.275915605432001 ], [ -57.640319120153002, -25.275898605702601 ], [ -57.641405738775397, -25.275839332570701 ], [ -57.641829547908699, -25.2756218315408 ], [ -57.642550918878698, -25.275193792601801 ], [ -57.643328167918597, -25.27473180158 ], [ -57.643839843615602, -25.274462886477199 ], [ -57.645056030172597, -25.273846248940401 ], [ -57.645798230410797, -25.2734754372776 ], [ -57.646478216366397, -25.273139354435699 ], [ -57.647220999130603, -25.272874766683401 ], [ -57.647246673067301, -25.272874961127101 ], [ -57.6477099022514, -25.2727467238042 ], [ -57.647735590658002, -25.272747030076498 ], [ -57.648143095125803, -25.2727320621274 ], [ -57.650970757421, -25.269205524516401 ], [ -57.650958991280703, -25.269198138977099 ], [ -57.649442382582997, -25.268246136819801 ], [ -57.644071692319599, -25.2649871176191 ], [ -57.639574170674102, -25.261949877448298 ], [ -57.635326609577398, -25.2591371807735 ], [ -57.631830582877001, -25.257115821643001 ], [ -57.627836046856302, -25.2549836173893 ], [ -57.622844978204903, -25.2527381130359 ], [ -57.616984250708903, -25.250726348831101 ], [ -57.611468744038199, -25.249147107877501 ], [ -57.605353558952302, -25.2576033741333 ], [ -57.605337539969298, -25.2576255246892 ], [ -57.600958707060201, -25.263679842887498 ], [ -57.600958509790701, -25.2636801164102 ], [ -57.600550559540203, -25.264244123583602 ], [ -57.600446947524297, -25.264228470837999 ], [ -57.6004090690627, -25.264228624897299 ], [ -57.600366208632003, -25.264242577872501 ] ] ] } },
{ "type": "Feature", "properties": { "FID": 67, "DIST_DESC": "ASUNCION", "BARLO_DESC": "LAS MERCEDES", "superficie": 185.46632014299999, "Pob_2012": 8132, "Shape__Area": 2279693.45703125, "Shape__Length": 7793.0290619892066, "fuente": "ArcGIS Online Mapa_Poblacion_Asuncion_WFL1 (derivado de INE 2012)" }, "geometry": { "type": "Polygon", "coordinates": [ [ [ -57.611147009346702, -25.272215987123701 ], [ -57.610797100836301, -25.2728089288786 ], [ -57.609962563583501, -25.273868940725499 ], [ -57.6098414349552, -25.274099717283502 ], [ -57.609846478540099, -25.274239668120099 ], [ -57.609786397818702, -25.275445478785599 ], [ -57.609741547932401, -25.275414057592201 ], [ -57.609727383922902, -25.276181702574 ], [ -57.609719189787199, -25.2765294079183 ], [ -57.609698941272299, -25.277446079972801 ], [ -57.609680334607901, -25.278132469268499 ], [ -57.609663940406399, -25.278516330104701 ], [ -57.6096433884926, -25.278999542775601 ], [ -57.6096208374002, -25.2797040090739 ], [ -57.609615097339102, -25.2799839759377 ], [ -57.609612868593999, -25.280096865444701 ], [ -57.609597243129201, -25.280764793931301 ], [ -57.609597120477801, -25.2807700627868 ], [ -57.609583712754201, -25.2813431842903 ], [ -57.609563260153998, -25.282219219708299 ], [ -57.609555342335902, -25.282684319105002 ], [ -57.6095542798897, -25.282717770366698 ], [ -57.609543004460797, -25.2830726781606 ], [ -57.609539391825599, -25.283591942238001 ], [ -57.609535756228198, -25.284355027686701 ], [ -57.609541349770502, -25.2846665540206 ], [ -57.609530490343197, -25.285723157768 ], [ -57.609550714270902, -25.287533672631898 ], [ -57.610078635272401, -25.289567848614698 ], [ -57.610172962649301, -25.289933190156699 ], [ -57.610477443832799, -25.291105883775401 ], [ -57.610888905288, -25.2926890170307 ], [ -57.611199720154303, -25.293884258307699 ], [ -57.611599822466303, -25.293756174194499 ], [ -57.612150986837001, -25.293482975681801 ], [ -57.613017141737799, -25.293009797494701 ], [ -57.6139002281245, -25.292509452610901 ], [ -57.614023116848401, -25.292441213086299 ], [ -57.614764945422401, -25.292000148664499 ], [ -57.615430085338502, -25.2916180981601 ], [ -57.6156145602599, -25.291513478756499 ], [ -57.615943582006203, -25.291326982002101 ], [ -57.616473171334697, -25.291026766425698 ], [ -57.6168993578666, -25.290781163854401 ], [ -57.617367022762203, -25.290512810476201 ], [ -57.617824775726298, -25.290249012350198 ], [ -57.618246300308499, -25.290003425465901 ], [ -57.618674033094102, -25.2897578113576 ], [ -57.6191122707556, -25.289503121537301 ], [ -57.618490943845401, -25.2886659003006 ], [ -57.618246015510898, -25.2883553780072 ], [ -57.617710031385698, -25.2876351907878 ], [ -57.617215253575502, -25.2869599811089 ], [ -57.616670166867301, -25.286217251855899 ], [ -57.616610604015897, -25.285978194967701 ], [ -57.616555993647303, -25.285490781080401 ], [ -57.616466245881398, -25.284868057795101 ], [ -57.616440192376501, -25.284687558435301 ], [ -57.616273933172501, -25.2834194801179 ], [ -57.616242995981402, -25.283193849012999 ], [ -57.616149806842699, -25.2825034115641 ], [ -57.616098139329097, -25.282106289087 ], [ -57.616083338433299, -25.2820025011201 ], [ -57.6160414967854, -25.281645974431601 ], [ -57.615903189297299, -25.2807480254382 ], [ -57.615761809299798, -25.279917817130201 ], [ -57.615858997735501, -25.279741318394802 ], [ -57.615958840096901, -25.279536564982902 ], [ -57.615967566944498, -25.279467433216301 ], [ -57.615963807018503, -25.2794529478664 ], [ -57.615959871482403, -25.279449317811501 ], [ -57.615932672963801, -25.2793984582453 ], [ -57.615924833045, -25.279387531654098 ], [ -57.615917751708501, -25.279321873950899 ], [ -57.615918006977203, -25.2793035826767 ], [ -57.615918211106397, -25.279288932680501 ], [ -57.615955302141998, -25.279226536606799 ], [ -57.615959554154998, -25.2792118046948 ], [ -57.615980770900599, -25.2791453046292 ], [ -57.615981011860498, -25.279130475676698 ], [ -57.615985232401897, -25.279119347032101 ], [ -57.616011466846899, -25.279014703202201 ], [ -57.616011820925799, -25.278995920260002 ], [ -57.616034028870601, -25.278901501218701 ], [ -57.616034253503301, -25.278890127371898 ], [ -57.616065063331703, -25.278790752642902 ], [ -57.6161555111197, -25.278635591828099 ], [ -57.616268466592501, -25.2785177951394 ], [ -57.616332214092097, -25.278433267872298 ], [ -57.616340598762697, -25.278426208992698 ], [ -57.616400389498303, -25.278355093945802 ], [ -57.616408995992401, -25.278344369591899 ], [ -57.616448966321997, -25.278272450529901 ], [ -57.616457994499903, -25.278254371844699 ], [ -57.616462597662697, -25.278243501663901 ], [ -57.616524768065702, -25.278148828906101 ], [ -57.616533549996198, -25.278137841929901 ], [ -57.616538352287002, -25.2781231402112 ], [ -57.616575329661003, -25.2780419232576 ], [ -57.616576009413699, -25.2780270689906 ], [ -57.616652792074099, -25.277911290636698 ], [ -57.616699725739103, -25.277816844022698 ], [ -57.616778763013201, -25.277752204474901 ], [ -57.616787703576698, -25.277740779748399 ], [ -57.616865057008802, -25.2776220676256 ], [ -57.6169263091316, -25.277498336843699 ], [ -57.616992405761103, -25.2773788969035 ], [ -57.617082229559401, -25.277233149635801 ], [ -57.617198038687299, -25.2770936438272 ], [ -57.6173066160367, -25.276941354015101 ], [ -57.6173067620552, -25.276933702832999 ], [ -57.6174584586376, -25.2767687362395 ], [ -57.617462879002503, -25.276761023827 ], [ -57.6175740882897, -25.276563337725602 ], [ -57.6177203326179, -25.276379370201401 ], [ -57.617720445794298, -25.276375437883001 ], [ -57.617753149034201, -25.276284771033101 ], [ -57.617839178880097, -25.2762225127777 ], [ -57.6178518023967, -25.276222552038 ], [ -57.617872842262202, -25.276222619272701 ], [ -57.618028489635698, -25.2762383396744 ], [ -57.618053728735397, -25.276238420000801 ], [ -57.618078967834897, -25.276238500322901 ], [ -57.618322754798001, -25.276258290593699 ], [ -57.618335370381303, -25.2762583316518 ], [ -57.618562485115604, -25.276255245085899 ], [ -57.618570955666399, -25.2762514673759 ], [ -57.6187693997881, -25.276214020718701 ], [ -57.6187864783885, -25.276202639412698 ], [ -57.6189152649929, -25.276099853342199 ], [ -57.618919669662397, -25.276092202359699 ], [ -57.6190110277971, -25.2759887640477 ], [ -57.619023926061502, -25.2759811027206 ], [ -57.619032595279897, -25.2759734230102 ], [ -57.619185186043602, -25.2758651854299 ], [ -57.619211072618398, -25.275857438888199 ], [ -57.619228429721801, -25.275849679367202 ], [ -57.619419107233199, -25.275681731540899 ], [ -57.619427863002599, -25.275677806292499 ], [ -57.619656190174702, -25.2754881463304 ], [ -57.6196896444876, -25.275449868594499 ], [ -57.619754710508197, -25.275375423119701 ], [ -57.6197634521547, -25.275364031560802 ], [ -57.619920844811702, -25.2752191095664 ], [ -57.619929605371802, -25.2752114456752 ], [ -57.619988751391503, -25.275099779907599 ], [ -57.619993811853298, -25.275076572145299 ], [ -57.619994207686801, -25.275064953751698 ], [ -57.620000557707002, -25.274878044362801 ], [ -57.619996511501697, -25.274870219345299 ], [ -57.619976802294502, -25.274662102218301 ], [ -57.619977256427902, -25.274646320555899 ], [ -57.619977595508402, -25.274634478445702 ], [ -57.620025330666003, -25.274476088440501 ], [ -57.620175600753697, -25.274257668620098 ], [ -57.6201882821778, -25.2742464754044 ], [ -57.620315177684397, -25.274156804636799 ], [ -57.620399611641801, -25.2741269617953 ], [ -57.620429085923398, -25.274123288936899 ], [ -57.6205513582752, -25.2741010530968 ], [ -57.620559816824702, -25.2740973006103 ], [ -57.620580854912099, -25.274093576501699 ], [ -57.620597647529699, -25.274093621478599 ], [ -57.6208091508583, -25.2740490138859 ], [ -57.620917202513603, -25.2739775061895 ], [ -57.620921571071499, -25.273973727543702 ], [ -57.620931219933702, -25.273836587125501 ], [ -57.620931827243801, -25.2738212653673 ], [ -57.620922435302198, -25.273597482325101 ], [ -57.620904777445404, -25.273323945733502 ], [ -57.620856916397599, -25.273131318712899 ], [ -57.6207692625782, -25.272984515045 ], [ -57.620756681328402, -25.272964605314399 ], [ -57.620703103136499, -25.272813182799599 ], [ -57.620691998820497, -25.272754045927901 ], [ -57.6206911371671, -25.2727517820129 ], [ -57.6206117399988, -25.272741105103702 ], [ -57.620605293724402, -25.272537487185801 ], [ -57.6205941256325, -25.272460327656901 ], [ -57.620594173407603, -25.272453318043102 ], [ -57.620586833038899, -25.272386726071598 ], [ -57.620598626148002, -25.272369242352699 ], [ -57.620673105158403, -25.272281931889999 ], [ -57.620680901558003, -25.2722784549007 ], [ -57.620754906749703, -25.272250694794501 ], [ -57.6208128803395, -25.272299811236302 ], [ -57.620866984692597, -25.2723454184544 ], [ -57.620874729276103, -25.272348934831101 ], [ -57.621200529121801, -25.272304376848101 ], [ -57.621308928048599, -25.272252264756499 ], [ -57.621316676876603, -25.272245300385698 ], [ -57.621394101389598, -25.2721861574977 ], [ -57.621401876435399, -25.272168741203199 ], [ -57.621413595348002, -25.272123453067699 ], [ -57.621293739233501, -25.272178996259999 ], [ -57.621177547226999, -25.272244977550098 ], [ -57.621030614255098, -25.2721991542289 ], [ -57.620809617780203, -25.272191454486101 ], [ -57.620662245260199, -25.272156023046598 ], [ -57.620501930171201, -25.272249892878499 ], [ -57.620494004389599, -25.272263863752102 ], [ -57.620254167608898, -25.272336623974699 ], [ -57.620139912079203, -25.272389036237598 ], [ -57.620027637314699, -25.2723008219733 ], [ -57.619810039953698, -25.2722721450397 ], [ -57.619751628732502, -25.272250979192599 ], [ -57.619622973556297, -25.2723141778581 ], [ -57.619490733230201, -25.272310521181801 ], [ -57.619416980239102, -25.272278857612701 ], [ -57.619327917822801, -25.2721734038374 ], [ -57.619192388559, -25.272110288131401 ], [ -57.619110914346699, -25.2720679160124 ], [ -57.619103210136103, -25.271983472330401 ], [ -57.618986589273703, -25.271940833970302 ], [ -57.618890049998001, -25.271885295334599 ], [ -57.618828172038498, -25.271814971188199 ], [ -57.6188439208658, -25.271713047392002 ], [ -57.618665444392803, -25.271688226866601 ], [ -57.618506151535399, -25.2716563524416 ], [ -57.6184362083671, -25.271596367441699 ], [ -57.618393669153697, -25.271473105190001 ], [ -57.618432929918697, -25.271332380321802 ], [ -57.618432937901098, -25.271328860228699 ], [ -57.618472042995599, -25.271251497075401 ], [ -57.618472055031702, -25.271244465936 ], [ -57.618444957542899, -25.2711635946272 ], [ -57.618444977636003, -25.271153057843001 ], [ -57.613922214568298, -25.270174183275099 ], [ -57.613609488900302, -25.270072547586199 ], [ -57.613406216518101, -25.270080365787901 ], [ -57.6132263970037, -25.2701741824138 ], [ -57.612944943918798, -25.270440000929099 ], [ -57.612561853357903, -25.270846544779399 ], [ -57.612210037748198, -25.271229635936699 ], [ -57.6116940376928, -25.271667452133102 ], [ -57.611436038820997, -25.2719489070405 ], [ -57.611263199397399, -25.272199066965001 ], [ -57.611223790233502, -25.272204805563099 ], [ -57.611221112675302, -25.2722051959297 ], [ -57.611147009346702, -25.272215987123701 ] ] ] } },
{ "type": "Feature", "properties": { "FID": 68, "DIST_DESC": "ASUNCION", "BARLO_DESC": "JUKYTY", "superficie": 214.41462182000001, "Pob_2012": 3177, "Shape__Area": 2637772.427734375, "Shape__Length": 8527.4160027476573, "fuente": "ArcGIS Online Mapa_Poblacion_Asuncion_WFL1 (derivado de INE 2012)" }, "geometry": { "type": "Polygon", "coordinates": [ [ [ -57.640477912083803, -25.325200033523998 ], [ -57.6402807241872, -25.325739404498702 ], [ -57.639926911598302, -25.325693969130398 ], [ -57.639877097844398, -25.325857359078501 ], [ -57.6395439733394, -25.3268656559083 ], [ -57.6394428460843, -25.327186882940101 ], [ -57.639228694635598, -25.327680620863301 ], [ -57.639210848914701, -25.327954259590999 ], [ -57.639276283919202, -25.328323075248498 ], [ -57.639283500882001, -25.3283916392508 ], [ -57.639347317552399, -25.328401768932 ], [ -57.639352490436302, -25.328439257587 ], [ -57.639237285095597, -25.328674034031302 ], [ -57.639214692068997, -25.328750764345401 ], [ -57.639169396191797, -25.3288833274433 ], [ -57.639109208165699, -25.329099554322401 ], [ -57.639033068065203, -25.3291974175498 ], [ -57.638926303292699, -25.329302379530301 ], [ -57.6388810069082, -25.329434942539699 ], [ -57.638996277590898, -25.329490176109999 ], [ -57.639111549365602, -25.3295454086803 ], [ -57.639127245284797, -25.329615006900099 ], [ -57.6391354229984, -25.3297125044278 ], [ -57.639135569332701, -25.3297403704928 ], [ -57.639220399699497, -25.329837535509501 ], [ -57.639320670126303, -25.329955533281201 ], [ -57.6393522829094, -25.330136528296901 ], [ -57.639376449793801, -25.3303593561062 ], [ -57.6393770353653, -25.330470819447601 ], [ -57.639492747514701, -25.330609650774001 ], [ -57.639600794306503, -25.330748514374001 ], [ -57.6384097717104, -25.332161794303001 ], [ -57.638389215224599, -25.332481867665201 ], [ -57.638378037575997, -25.332677489538799 ], [ -57.638360190947502, -25.333296148870001 ], [ -57.638312602188797, -25.3338166563457 ], [ -57.638366139682603, -25.334179523907402 ], [ -57.638526753848502, -25.334926080175499 ], [ -57.638645726425899, -25.335407921131999 ], [ -57.638687367543099, -25.3356577641242 ], [ -57.638800391552799, -25.335919504785601 ], [ -57.638978851078598, -25.3360741698399 ], [ -57.639157310346803, -25.336139605138801 ], [ -57.639270334875903, -25.336205040618001 ], [ -57.639377410989397, -25.336407294965301 ], [ -57.639442845646599, -25.336466780865901 ], [ -57.6397640733977, -25.3365976515692 ], [ -57.639846485914902, -25.3366718227132 ], [ -57.639817610983599, -25.336704727287199 ], [ -57.639621305668001, -25.336960519259002 ], [ -57.639466640895499, -25.337144927043202 ], [ -57.639175156996501, -25.337323386788601 ], [ -57.639080873792501, -25.3374135707775 ], [ -57.639072382959597, -25.337434026975899 ], [ -57.6388459631508, -25.3380158185699 ], [ -57.638425350392701, -25.338103430055799 ], [ -57.638658015892403, -25.3395064025847 ], [ -57.638705942635497, -25.3397953989125 ], [ -57.638659413061703, -25.341100321907401 ], [ -57.638658210236301, -25.3411727295044 ], [ -57.6386022749099, -25.342226378419799 ], [ -57.638632352824999, -25.343109534861199 ], [ -57.639987726549599, -25.343261991369101 ], [ -57.640640007723803, -25.343408155936501 ], [ -57.641136854996198, -25.343582085185101 ], [ -57.642002950077597, -25.343876312940999 ], [ -57.6429941712626, -25.344224171198402 ], [ -57.643602602975797, -25.344415665455099 ], [ -57.6452109156928, -25.344962582174801 ], [ -57.6452797768818, -25.344791977956699 ], [ -57.645366841324098, -25.344572346072798 ], [ -57.645366661494201, -25.344563925197001 ], [ -57.645480307720803, -25.344377578067601 ], [ -57.645638931771401, -25.344233523097099 ], [ -57.6458820557949, -25.344099104826199 ], [ -57.646070027399901, -25.3440451479125 ], [ -57.646383134452599, -25.343987686940299 ], [ -57.646596347936601, -25.343853272340599 ], [ -57.646788397681298, -25.343657401614301 ], [ -57.646936206143998, -25.343446577529701 ], [ -57.647004668318303, -25.343225482219001 ], [ -57.6470124528689, -25.342983318420199 ], [ -57.647007250187599, -25.3427932208104 ], [ -57.647032133490498, -25.342421944218799 ], [ -57.647092029672201, -25.342077288658398 ], [ -57.647123417813901, -25.3418472951208 ], [ -57.647123070361602, -25.341830549038601 ], [ -57.647133259730801, -25.3416355128359 ], [ -57.647128257041999, -25.341618261640999 ], [ -57.647077335957, -25.341434552413201 ], [ -57.647005286529499, -25.3412317284998 ], [ -57.646938360143402, -25.340951407409399 ], [ -57.646862506230498, -25.340563738842501 ], [ -57.646826425656599, -25.3403717539613 ], [ -57.646821408042101, -25.3403632640238 ], [ -57.646815795899002, -25.340342009644498 ], [ -57.646814614511598, -25.340316428351802 ], [ -57.6468033714903, -25.339969865518199 ], [ -57.646803162690297, -25.339965356697999 ], [ -57.646775866635103, -25.339701966667899 ], [ -57.646744170802599, -25.339363091700999 ], [ -57.646734068969501, -25.339029254736399 ], [ -57.646723148058101, -25.338788440788601 ], [ -57.646780559240497, -25.338566751035 ], [ -57.646890475708702, -25.338366602784099 ], [ -57.647037829545603, -25.338098401940801 ], [ -57.647087871857302, -25.3378403053085 ], [ -57.647035119290599, -25.337622790889 ], [ -57.647034851340599, -25.337606412884199 ], [ -57.646988120775497, -25.337541213372202 ], [ -57.646993066633499, -25.337538285696098 ], [ -57.646998396791297, -25.337538300214099 ], [ -57.647080069375299, -25.337512205103401 ], [ -57.647089971502403, -25.3375034509687 ], [ -57.647099875596098, -25.337494693212602 ], [ -57.647153257780701, -25.337421446831701 ], [ -57.647153359642097, -25.337415564038299 ], [ -57.647153511426303, -25.3374067371435 ], [ -57.647137975772701, -25.337359558791199 ], [ -57.647138175320798, -25.337347755295301 ], [ -57.647138422708601, -25.337332989646502 ], [ -57.647136983006597, -25.337223351713401 ], [ -57.647137231863198, -25.337208488530599 ], [ -57.647134147775702, -25.3371965838707 ], [ -57.647096941174397, -25.337056183251899 ], [ -57.647093691808301, -25.337053183205999 ], [ -57.647080741984801, -25.337038182942202 ], [ -57.646996601780103, -25.336920833322999 ], [ -57.646986845323497, -25.336908762907999 ], [ -57.646915120788698, -25.336821048577601 ], [ -57.646911877007803, -25.3368149854204 ], [ -57.646849500120801, -25.3367603694549 ], [ -57.646803928909598, -25.336724572901701 ], [ -57.646708154920503, -25.336684170922599 ], [ -57.646708613793699, -25.336598137101898 ], [ -57.6466770486442, -25.3364885302489 ], [ -57.6466771372422, -25.336471173595001 ], [ -57.6466712808514, -25.336348955929999 ], [ -57.646671293133103, -25.336346031860199 ], [ -57.646655477093297, -25.336255008884599 ], [ -57.646652262279702, -25.3362461642566 ], [ -57.646584148052298, -25.336157455014401 ], [ -57.646580897057703, -25.3361515237231 ], [ -57.6465743889582, -25.336142624916501 ], [ -57.646476458529698, -25.336044485178299 ], [ -57.646469894510197, -25.336032539783702 ], [ -57.646417205813201, -25.3359396485567 ], [ -57.646417155794403, -25.3359306076241 ], [ -57.646410125956997, -25.335845941331399 ], [ -57.646431792579399, -25.335635866133899 ], [ -57.646446630536197, -25.335584360734899 ], [ -57.646455934594499, -25.335570037561499 ], [ -57.646478956503699, -25.335446002676001 ], [ -57.646485160971899, -25.335434418451399 ], [ -57.646484977570601, -25.335425708613101 ], [ -57.646479264238003, -25.335309045742498 ], [ -57.646475835087998, -25.335300249007101 ], [ -57.6464703774583, -25.335197298450701 ], [ -57.646470248705697, -25.335191393188602 ], [ -57.646469995126999, -25.335179573617001 ], [ -57.646481202780102, -25.3350817965452 ], [ -57.646481095676002, -25.3350758514547 ], [ -57.646543187778597, -25.3350759456087 ], [ -57.646553181648898, -25.3350878524714 ], [ -57.646662566627398, -25.3352006504842 ], [ -57.646678906310299, -25.335203638234599 ], [ -57.646698535077, -25.3352066404426 ], [ -57.646705101038599, -25.335209607879801 ], [ -57.6468688303354, -25.335280705380701 ], [ -57.646875364441399, -25.335283660307599 ], [ -57.646888399433401, -25.335283695182699 ], [ -57.647051334957602, -25.335292934687502 ], [ -57.647064366811698, -25.335284157778698 ], [ -57.647077406331398, -25.335278317493799 ], [ -57.647188372937698, -25.335240365098699 ], [ -57.647208006799801, -25.335228629741 ], [ -57.647224375201702, -25.335219827324298 ], [ -57.647237484336998, -25.335211012133598 ], [ -57.6472440167381, -25.335211030392902 ], [ -57.647385426474202, -25.335122573003201 ], [ -57.647395389364398, -25.3351107121529 ], [ -57.647504997796602, -25.335018498712301 ], [ -57.647521639595197, -25.335006557929901 ], [ -57.6475350002626, -25.334994602669902 ], [ -57.647672035207897, -25.334901616570701 ], [ -57.647682027299901, -25.3348986107004 ], [ -57.647862312595201, -25.334787855871799 ], [ -57.647887489569101, -25.334709432454801 ], [ -57.647903573765497, -25.334688331923999 ], [ -57.647903486087998, -25.3346853017356 ], [ -57.647916414718303, -25.334670225658499 ], [ -57.647926008503603, -25.334655122706899 ], [ -57.6479872775733, -25.334573477459099 ], [ -57.647997152199302, -25.334567452346999 ], [ -57.648010295728099, -25.334558402149199 ], [ -57.648150118581299, -25.3343797128802 ], [ -57.648169221377799, -25.334357862167298 ], [ -57.648178725633102, -25.3343453621303 ], [ -57.648188117778197, -25.334329723648199 ], [ -57.648258091316002, -25.3342354770183 ], [ -57.648377598901597, -25.334203661091401 ], [ -57.6485931732688, -25.334179840246598 ], [ -57.648596553804197, -25.334179866903899 ], [ -57.648688353888197, -25.334218049280199 ], [ -57.648695149464103, -25.334221219703299 ], [ -57.648705289565697, -25.334224371787901 ], [ -57.648789788500601, -25.334258849502501 ], [ -57.648803265252504, -25.3342619959171 ], [ -57.648809986390198, -25.3342620132766 ], [ -57.6488845389609, -25.334327425638101 ], [ -57.648891335535097, -25.3343367438858 ], [ -57.6489791990643, -25.334429715885101 ], [ -57.648989322716503, -25.334442075330799 ], [ -57.6490531598674, -25.334506725687199 ], [ -57.649136713820099, -25.3345405860745 ], [ -57.649146802997997, -25.334583357953001 ], [ -57.6491502422043, -25.334644297420301 ], [ -57.649160322238302, -25.334705095650399 ], [ -57.649190260579601, -25.334717308172301 ], [ -57.649203560102002, -25.334720375863402 ], [ -57.6492567405651, -25.3347356736544 ], [ -57.649260063388802, -25.334735682489899 ], [ -57.649279965435099, -25.334769046677401 ], [ -57.649303150771999, -25.3348084159989 ], [ -57.649359454519399, -25.334844787575499 ], [ -57.649366076523201, -25.334847821470799 ], [ -57.6494288482656, -25.334893364594901 ], [ -57.649442056694603, -25.3348994668508 ], [ -57.649494660859403, -25.334950863063 ], [ -57.6495012273623, -25.334956900679 ], [ -57.649511090919198, -25.334962958074399 ], [ -57.649543766567199, -25.3350080594983 ], [ -57.649582888715997, -25.3350590491522 ], [ -57.649582799368403, -25.3350709767838 ], [ -57.649635023341098, -25.335109948908201 ], [ -57.649664376526303, -25.335127923444698 ], [ -57.6496869344586, -25.335166621806401 ], [ -57.649735823011, -25.335184605900501 ], [ -57.6498009560596, -25.335202623082498 ], [ -57.649833491247797, -25.335196832021399 ], [ -57.649878047959902, -25.335241322887601 ], [ -57.649893011761897, -25.335297380271999 ], [ -57.649926402612302, -25.335306304824801 ], [ -57.649946095598501, -25.335300478281798 ], [ -57.649998875902597, -25.335294745966099 ], [ -57.650011861782602, -25.335285959972399 ], [ -57.650044376017298, -25.335265456771999 ], [ -57.650057367833298, -25.335256667136001 ], [ -57.650132419291701, -25.335233330339499 ], [ -57.650205012290499, -25.335248276624501 ], [ -57.650320306746998, -25.335272147780199 ], [ -57.650403185184899, -25.3353252106631 ], [ -57.650459384337701, -25.335360498632198 ], [ -57.650528001058397, -25.3353635928699 ], [ -57.6506129137085, -25.335369647490001 ], [ -57.650740083189099, -25.335375797164101 ], [ -57.650756365488903, -25.335375837219999 ], [ -57.6507790927554, -25.335375895762802 ], [ -57.650873264776401, -25.335379061170801 ], [ -57.650889495416898, -25.3353791032463 ], [ -57.6509285748336, -25.3353967166884 ], [ -57.650932086492602, -25.335434621255601 ], [ -57.650977900544, -25.335504533774699 ], [ -57.650994069966103, -25.335501673766899 ], [ -57.651000513654203, -25.335495880343199 ], [ -57.651065176743501, -25.335472800285601 ], [ -57.651075020178602, -25.335504787297801 ], [ -57.651026676280999, -25.335548173046401 ], [ -57.650981709118, -25.3356001605814 ], [ -57.651017437876902, -25.335637809002701 ], [ -57.6510949446347, -25.335649554459899 ], [ -57.651132018843199, -25.335661204060099 ], [ -57.651146484486802, -25.335710210833401 ], [ -57.651190248920102, -25.3357706685739 ], [ -57.651222605878402, -25.335776490971998 ], [ -57.651272842099203, -25.335733546504301 ], [ -57.651275895697097, -25.335727805982401 ], [ -57.6512883688358, -25.335713457666699 ], [ -57.651324865209503, -25.335653165289202 ], [ -57.651327973919898, -25.335650296161301 ], [ -57.651407634204098, -25.335633315545699 ], [ -57.651414057362601, -25.335633341326901 ], [ -57.651462350143198, -25.335633507059999 ], [ -57.651478507287202, -25.335633549395101 ], [ -57.651521191903797, -25.3356567364964 ], [ -57.651524421340099, -25.335656743887501 ], [ -57.651586965938897, -25.3357000945133 ], [ -57.651590270401201, -25.335702978627801 ], [ -57.651610472131402, -25.335734634429802 ], [ -57.651630487875302, -25.335760504428698 ], [ -57.651633784342899, -25.335763379547199 ], [ -57.651666423239902, -25.3357806528395 ], [ -57.651669713727699, -25.3357835243716 ], [ -57.651718335389603, -25.335797960066699 ], [ -57.651753529116903, -25.335789467594001 ], [ -57.651759767115998, -25.335780895518202 ], [ -57.651794547252699, -25.335752328680901 ], [ -57.651813568838897, -25.335738032622601 ], [ -57.651832125368202, -25.335700733002302 ], [ -57.651835230578698, -25.335694986822698 ], [ -57.651862942810602, -25.3356287767885 ], [ -57.651875304331703, -25.335599915404 ], [ -57.651913488745798, -25.3355769268499 ], [ -57.6519453130621, -25.3355567820816 ], [ -57.651928267104303, -25.335666438516 ], [ -57.651928371511097, -25.335672201197699 ], [ -57.651928635455803, -25.335686597955501 ], [ -57.651970349912702, -25.3356752085501 ], [ -57.651982928375503, -25.335660875965299 ], [ -57.651992413489403, -25.3356522768674 ], [ -57.652039342250099, -25.335577395737999 ], [ -57.652077498010598, -25.335542763587402 ], [ -57.652083917524102, -25.3355398852081 ], [ -57.652093473766499, -25.335531211740399 ], [ -57.652106322688802, -25.335525447712001 ], [ -57.652154167662196, -25.335473217732201 ], [ -57.652160585351297, -25.335467404507 ], [ -57.652202242091803, -25.335420795278701 ], [ -57.652251432453198, -25.335450137323399 ], [ -57.652251465983397, -25.335453055771001 ], [ -57.652346143556102, -25.3354911941924 ], [ -57.652359164350202, -25.335494138211601 ], [ -57.652440426337002, -25.335500170013098 ], [ -57.6524566689137, -25.335500211862801 ], [ -57.652541167375503, -25.335514974226701 ], [ -57.6525735673901, -25.335471391315998 ], [ -57.652573563680598, -25.335468476348598 ], [ -57.652563662610397, -25.335392465133701 ], [ -57.652547236148799, -25.335339604024401 ], [ -57.652573280093399, -25.335292576209 ], [ -57.652609216433397, -25.335230646098001 ], [ -57.652681329216598, -25.335207142227599 ], [ -57.65268788545, -25.335207158333901 ], [ -57.652769887105201, -25.335198478111899 ], [ -57.652825765032901, -25.335177854529501 ], [ -57.652904852564397, -25.335139416022098 ], [ -57.652911478203499, -25.335133479031001 ], [ -57.6529480398952, -25.335091837173 ], [ -57.652978634013301, -25.335002117297702 ], [ -57.652982031719802, -25.3349931188868 ], [ -57.653059227221199, -25.3348969272133 ], [ -57.653065971281997, -25.334887879651902 ], [ -57.6530726758957, -25.3348818501944 ], [ -57.653146697257, -25.3348093030597 ], [ -57.653150065380302, -25.334806273810599 ], [ -57.6532142887162, -25.334742515031301 ], [ -57.653260862857103, -25.334683961892299 ], [ -57.653315933712499, -25.334629673100601 ], [ -57.653329275684698, -25.334560681972398 ], [ -57.653323128093803, -25.334508701875102 ], [ -57.653310438632403, -25.334462333323501 ], [ -57.653356320888797, -25.334395608986298 ], [ -57.653356403382801, -25.334383954102801 ], [ -57.653376494925801, -25.334305109865898 ], [ -57.653379814258102, -25.334296328520701 ], [ -57.653416660063201, -25.3341699990428 ], [ -57.653416779565902, -25.334155244792601 ], [ -57.6534141050033, -25.3340812893859 ], [ -57.653477195192998, -25.333989429582498 ], [ -57.653546781220797, -25.333932993935001 ], [ -57.653613292011102, -25.3338778830989 ], [ -57.653687839598497, -25.3338028428029 ], [ -57.653697602887497, -25.333788365437201 ], [ -57.6537465899587, -25.333710014225201 ], [ -57.653789411026501, -25.333616611547001 ], [ -57.653789451070601, -25.333610748891999 ], [ -57.653812786862503, -25.333537342698701 ], [ -57.653816095883599, -25.333531460118898 ], [ -57.653826442591999, -25.333460612959399 ], [ -57.6538169210951, -25.333422068697001 ], [ -57.6538302811474, -25.333389435273901 ], [ -57.653908986537303, -25.333386665856299 ], [ -57.653925379868099, -25.333386708685399 ], [ -57.653928656946398, -25.333386717619302 ], [ -57.654062937800099, -25.333395982664602 ], [ -57.654113661966001, -25.333367653344698 ], [ -57.6541750740071, -25.3333282884719 ], [ -57.654239721468798, -25.333294498969 ], [ -57.6542559061186, -25.333286039748302 ], [ -57.654259167958998, -25.333283215031301 ], [ -57.654333682444701, -25.3332465100329 ], [ -57.654340229878997, -25.333240844235299 ], [ -57.654392476000602, -25.333203983449 ], [ -57.654451062895497, -25.333066870681701 ], [ -57.654492166485397, -25.333000864362202 ], [ -57.654492587362299, -25.332989330786599 ], [ -57.654446968412302, -25.332905260766701 ], [ -57.6544439224256, -25.332899442522201 ], [ -57.654391736626103, -25.332805954141101 ], [ -57.654391830171001, -25.3328030242929 ], [ -57.6543875599301, -25.332732514728502 ], [ -57.654369692521101, -25.332676369564901 ], [ -57.654318308480697, -25.332640675192401 ], [ -57.654315027448199, -25.332640666284401 ], [ -57.6539846707593, -25.3326368412419 ], [ -57.653968390743501, -25.332633828748602 ], [ -57.6539061643903, -25.332630698698399 ], [ -57.653893036295997, -25.332630664853099 ], [ -57.653827511018598, -25.332627524125499 ], [ -57.653817663956801, -25.332627499192299 ], [ -57.653804535862598, -25.332627465339101 ], [ -57.653745850658197, -25.332615424650601 ], [ -57.653739379934599, -25.3326124336253 ], [ -57.653618698285101, -25.332582341837799 ], [ -57.653605711054396, -25.332576343724199 ], [ -57.653595923486598, -25.332573334897301 ], [ -57.653482022575602, -25.332516246599798 ], [ -57.653472242753899, -25.3325102378606 ], [ -57.653246362512, -25.3323534041015 ], [ -57.653233221384497, -25.332341311175799 ], [ -57.653015012681898, -25.332195602697201 ], [ -57.652848705973497, -25.332091783107099 ], [ -57.652835370400901, -25.3320856618489 ], [ -57.652745107195301, -25.3320271678643 ], [ -57.652569276772098, -25.331927937806601 ], [ -57.652488988408599, -25.331892896357498 ], [ -57.652409215617602, -25.331822793290499 ], [ -57.652368380661301, -25.331743686135098 ], [ -57.652333437211801, -25.331684827744301 ], [ -57.6523144880369, -25.331640580019599 ], [ -57.652302466346697, -25.3315666532955 ], [ -57.652266975571401, -25.331525050627999 ], [ -57.652211524296199, -25.3314981762536 ], [ -57.652201709075598, -25.331495176484498 ], [ -57.652093547076703, -25.3314740745713 ], [ -57.652087002917099, -25.331471081990401 ], [ -57.652024893425498, -25.331426219727401 ], [ -57.652015087909398, -25.331417240028198 ], [ -57.651962768425904, -25.331357309777299 ], [ -57.651959473526198, -25.331357302683799 ], [ -57.651897091295801, -25.331294151571399 ], [ -57.651890513013399, -25.3312881249465 ], [ -57.651847749764201, -25.3312217823878 ], [ -57.651837979420897, -25.3311492399373 ], [ -57.651838071764999, -25.331103777309298 ], [ -57.651865357328198, -25.331070139679198 ], [ -57.651917497414999, -25.331007576342099 ], [ -57.652010866090997, -25.330895546703999 ], [ -57.652192971365402, -25.330720565847599 ], [ -57.652205124277302, -25.330709616076401 ], [ -57.652497140762897, -25.330500842694001 ], [ -57.652826907272598, -25.330247530137601 ], [ -57.652839170858599, -25.3302364859093 ], [ -57.6531704318853, -25.329981981198198 ], [ -57.653675605907601, -25.3295714298809 ], [ -57.653972346353903, -25.329348536345702 ], [ -57.654066482204698, -25.329282227927099 ], [ -57.653498382181702, -25.329084853452901 ], [ -57.646826622946499, -25.327107064968899 ], [ -57.646416975243497, -25.326866094823298 ], [ -57.646392151764999, -25.326850819647099 ], [ -57.646193217228202, -25.326728399263502 ], [ -57.645814550260901, -25.326453005188601 ], [ -57.645587350901003, -25.326287768616702 ], [ -57.645432441171998, -25.326232690317799 ], [ -57.645119181062903, -25.3261294167541 ], [ -57.644940174511397, -25.326046797966399 ], [ -57.644761168357498, -25.3258970529021 ], [ -57.644661338352797, -25.325769683389101 ], [ -57.644551181084204, -25.325680179801601 ], [ -57.6444789935058, -25.3256167431908 ], [ -57.644437581204599, -25.325580349648501 ], [ -57.644382502442298, -25.3253910167664 ], [ -57.6443343078369, -25.3253083976876 ], [ -57.644265459353598, -25.325241271019799 ], [ -57.643952199514999, -25.3251035748942 ], [ -57.643891969532397, -25.325076629676399 ], [ -57.643821385881097, -25.325045053760601 ], [ -57.6436665215437, -25.324988342483302 ], [ -57.643576974177797, -25.324955550713 ], [ -57.643321292463803, -25.324870322646898 ], [ -57.6432258466265, -25.324838508205801 ], [ -57.643090943774801, -25.324813409267598 ], [ -57.641908815517198, -25.324384771074001 ], [ -57.640985207735099, -25.324050153530202 ], [ -57.640798758084301, -25.3244520521529 ], [ -57.640798688317197, -25.3244521996507 ], [ -57.640775145352201, -25.324501218444301 ], [ -57.640477912083803, -25.325200033523998 ] ] ] } }
]
}
