{
"type": "FeatureCollection",
"name": "ASUNCION-BARRIOS",
"crs": { "type": "name", "properties": { "name": "urn:ogc:def:crs:OGC:1.3:CRS84" } },
"features": [
{ "type": "Feature", "properties": { "DPTO": "00", "DISTRITO": "00", "DPTO_DESC": "ASUNCION", "DIST_DESC": "ASUNCION", "AREA": "1", "BAR_LOC": "015", "BARLO_DESC": "SAN VICENTE", "CLAVE": "0000015", "nombre": "San Vicente", "fuente": "INE Cartografía Digital 2012" }, "geometry": { "type": "MultiPolygon", "coordinates": [ [ [ [ -57.619689480334728, -25.31921916921209 ], [ -57.61969799273686, -25.319228686713529 ], [ -57.619302816481877, -25.3196993613617 ], [ -57.61942636633222, -25.319903239086273 ], [ -57.619732292156527, -25.320408064606227 ], [ -57.619785286518777, -25.320495513783385 ], [ -57.620588986868427, -25.321821720016203 ], [ -57.621231547515777, -25.32288200015671 ], [ -57.621620357039717, -25.323523557969509 ], [ -57.620240893074993, -25.324851181545228 ], [ -57.619991408953808, -25.325106918148322 ], [ -57.620034989453188, -25.325145966284424 ], [ -57.620123685429974, -25.325203156196949 ], [ -57.620226769758688, -25.325285940745687 ], [ -57.620262482730993, -25.32535297088009 ], [ -57.620351565807198, -25.325426410051932 ], [ -57.620440692274371, -25.325477540390466 ], [ -57.620544166252671, -25.325541557985048 ], [ -57.620600740960413, -25.32559927838372 ], [ -57.620604633685218, -25.325676234946457 ], [ -57.620643598106994, -25.325740365185368 ], [ -57.620728229186341, -25.325810830207786 ], [ -57.620798528721878, -25.325839566676109 ], [ -57.620914348122255, -25.325900201598017 ], [ -57.62100480613924, -25.325912683273316 ], [ -57.621094884717991, -25.325912330743961 ], [ -57.621176904309209, -25.325926187982702 ], [ -57.621254467854271, -25.325965191828914 ], [ -57.621293307087797, -25.326025538695944 ], [ -57.621339318471314, -25.326139690679099 ], [ -57.621335974697274, -25.32622507595147 ], [ -57.62132929351958, -25.326386584934369 ], [ -57.621325850820483, -25.32647906486801 ], [ -57.621286998396272, -25.326590786069119 ], [ -57.62118788185262, -25.326699243080157 ], [ -57.621141815803924, -25.326785465837247 ], [ -57.621085075579003, -25.326926807896541 ], [ -57.621088624279423, -25.326994103398079 ], [ -57.621095723875101, -25.327115880316512 ], [ -57.62110636619235, -25.32719920730591 ], [ -57.621159570664986, -25.327298591466956 ], [ -57.621262524687609, -25.327414146935439 ], [ -57.621298081381155, -25.327529742684078 ], [ -57.621322929709038, -25.327625985469524 ], [ -57.621340474190731, -25.327705695571467 ], [ -57.621411291988068, -25.3277823771013 ], [ -57.621492914545684, -25.327820968147364 ], [ -57.62159254916952, -25.327834270423182 ], [ -57.621690302412333, -25.327824321991443 ], [ -57.621830052839641, -25.327801091431013 ], [ -57.621946027225817, -25.327800585736668 ], [ -57.622030971545598, -25.327826146111477 ], [ -57.622141342376722, -25.327893742841297 ], [ -57.622202044155074, -25.327942088807163 ], [ -57.622294460625596, -25.327987106782928 ], [ -57.622376726154641, -25.328025833684364 ], [ -57.622473283738884, -25.328042029038727 ], [ -57.622569753651021, -25.328022818496322 ], [ -57.622715201585777, -25.328009716752206 ], [ -57.622889130155613, -25.328002842815408 ], [ -57.62304243478269, -25.328005920630915 ], [ -57.623153343565207, -25.327999903407999 ], [ -57.623210365437899, -25.328038536115571 ], [ -57.623263812389212, -25.328112488981049 ], [ -57.623275329209434, -25.328142365948963 ], [ -57.623276516442047, -25.328145446598228 ], [ -57.623292362282882, -25.328186555265006 ], [ -57.623295445574911, -25.32820268758752 ], [ -57.623310265781811, -25.328280224509911 ], [ -57.623360467277791, -25.328422756709188 ], [ -57.62337123476965, -25.328532912137177 ], [ -57.62343942499092, -25.328575209878579 ], [ -57.623500509741973, -25.328633754355678 ], [ -57.623597662305315, -25.328682760027561 ], [ -57.62369859745445, -25.32876760733626 ], [ -57.623774418642427, -25.328806960330553 ], [ -57.623853899159883, -25.328849574003129 ], [ -57.623918951357268, -25.328905138644814 ], [ -57.623966118480496, -25.328957569605564 ], [ -57.624147946208893, -25.329103127320423 ], [ -57.624273868663408, -25.329183758665749 ], [ -57.624389125167227, -25.329267742010018 ], [ -57.624497307402464, -25.329358327530088 ], [ -57.624594805991592, -25.329452304900428 ], [ -57.624591101512181, -25.329510721668669 ], [ -57.624594604553863, -25.329591955567992 ], [ -57.624604589757382, -25.329600934559494 ], [ -57.624605157790199, -25.329601454105671 ], [ -57.624696029914162, -25.329683171896875 ], [ -57.624757677673131, -25.329741997895894 ], [ -57.624775822733795, -25.329827097002408 ], [ -57.62478671873231, -25.329932005108958 ], [ -57.62482302284144, -25.330069677742699 ], [ -57.624852081224788, -25.330246765141396 ], [ -57.624833937384494, -25.330335338575765 ], [ -57.624826698807908, -25.330400938617231 ], [ -57.624870301238843, -25.330450164158208 ], [ -57.624982988786314, -25.33046660368035 ], [ -57.625088533289386, -25.330486346016187 ], [ -57.625157789825892, -25.330522542015899 ], [ -57.62522352830382, -25.330588392311427 ], [ -57.625260128998491, -25.330644405752935 ], [ -57.625285769028494, -25.330683972674763 ], [ -57.625366352060951, -25.330789590954566 ], [ -57.625413986256888, -25.330875413653075 ], [ -57.625468940797191, -25.330957995875337 ], [ -57.625619488657037, -25.331383561912332 ], [ -57.625721622598519, -25.331512043604675 ], [ -57.625823873986974, -25.331597626073119 ], [ -57.625876816994094, -25.331617021421039 ], [ -57.625877035012422, -25.331617101767961 ], [ -57.625927064182747, -25.331635428542654 ], [ -57.625949164326585, -25.331587867557971 ], [ -57.625958721347615, -25.331551604441643 ], [ -57.626216162920684, -25.330574864914524 ], [ -57.626945219246636, -25.327980055491821 ], [ -57.627183107763585, -25.32708503879303 ], [ -57.627278142887008, -25.326727935537349 ], [ -57.627512060687252, -25.325846480655116 ], [ -57.627670074042896, -25.325225957325301 ], [ -57.627676619359477, -25.325200255260484 ], [ -57.62789764779393, -25.324332254705666 ], [ -57.628393637707006, -25.322433766930772 ], [ -57.628554687294354, -25.32181450102928 ], [ -57.62892096247424, -25.320413233749321 ], [ -57.629461387738672, -25.31834749066968 ], [ -57.629633656938836, -25.317678508537426 ], [ -57.629727196345016, -25.317334955392539 ], [ -57.629947039410183, -25.316440010658766 ], [ -57.630170844805093, -25.315531503061436 ], [ -57.630482370284653, -25.31435622430854 ], [ -57.630534311837152, -25.314134758335172 ], [ -57.630686531681135, -25.313549526814484 ], [ -57.630696560920398, -25.313510969419724 ], [ -57.630898777219443, -25.312512249270526 ], [ -57.631017941048299, -25.31208279708278 ], [ -57.631319330261363, -25.310632133581919 ], [ -57.631663140321791, -25.308802012228512 ], [ -57.631752563926909, -25.308391616190477 ], [ -57.631762601200876, -25.308345552633568 ], [ -57.631846909502258, -25.307302184077912 ], [ -57.63191094876737, -25.30638983261656 ], [ -57.630871088221625, -25.306326567587234 ], [ -57.629986990396958, -25.30627616540221 ], [ -57.628777772989963, -25.306209083950478 ], [ -57.6281446034277, -25.306175661171608 ], [ -57.628036997376853, -25.30619869547246 ], [ -57.627095290165016, -25.306414917289715 ], [ -57.626368640315377, -25.306797281620049 ], [ -57.626009620845196, -25.307011020114317 ], [ -57.625774382110137, -25.30714747428317 ], [ -57.62477337341511, -25.307788360668042 ], [ -57.623507823378532, -25.308606451613002 ], [ -57.622551554981499, -25.307436543600659 ], [ -57.621468608735313, -25.306077524937791 ], [ -57.619936044226847, -25.304205656851934 ], [ -57.61945946028095, -25.305354518405466 ], [ -57.619430624577433, -25.305422367413371 ], [ -57.619291890798422, -25.305734498351171 ], [ -57.618945398649316, -25.306521596462687 ], [ -57.61877381249235, -25.306784197707088 ], [ -57.618623409208681, -25.306938345300807 ], [ -57.618245722689267, -25.3072695383716 ], [ -57.617976289799174, -25.307460305893642 ], [ -57.617637961777291, -25.307655876738409 ], [ -57.61736805696313, -25.307815038805359 ], [ -57.616606297583417, -25.30826071520147 ], [ -57.616556476579717, -25.308292529885591 ], [ -57.615754557727428, -25.30877900659334 ], [ -57.616190574553684, -25.309666677574057 ], [ -57.616649445017174, -25.310590372997865 ], [ -57.615797265569654, -25.311393123503365 ], [ -57.615577560596307, -25.311597224573745 ], [ -57.61501819018838, -25.312140503274179 ], [ -57.615016060692597, -25.312142571987351 ], [ -57.614873567040775, -25.312280964535375 ], [ -57.61487209200169, -25.312282395681223 ], [ -57.614625083002295, -25.312522297289661 ], [ -57.615376692265272, -25.313133227525043 ], [ -57.616028947006157, -25.313682371364337 ], [ -57.616346200641431, -25.314163155371091 ], [ -57.6168358810732, -25.315158963559327 ], [ -57.617539415137742, -25.316447361195571 ], [ -57.618103761301029, -25.317591852854775 ], [ -57.618327335865388, -25.317815778573447 ], [ -57.618327371814701, -25.317815814544076 ], [ -57.61835802975952, -25.317846520128796 ], [ -57.618359651292906, -25.317848146197605 ], [ -57.618880461903018, -25.318365205492455 ], [ -57.619384176902031, -25.318877820586749 ], [ -57.619689480334728, -25.31921916921209 ] ] ] ] } },
{ "type": "Feature", "properties": { "DPTO": "00", "DISTRITO": "00", "DPTO_DESC": "ASUNCION", "DIST_DESC": "ASUNCION", "AREA": "1", "BAR_LOC": "028", "BARLO_DESC": "REPUBLICANO", "CLAVE": "0000028", "nombre": "Republicano", "fuente": "INE Cartografía Digital 2012" }, "geometry": { "type": "MultiPolygon", "coordinates": [ [ [ [ -57.627676619359477, -25.325200255260469 ], [ -57.627670074042953, -25.325225957325284 ], [ -57.627512060687259, -25.325846480655134 ], [ -57.627278142887008, -25.326727935537345 ], [ -57.628409229365161, -25.32695790552885 ], [ -57.629152430040882, -25.327112765404749 ], [ -57.629872918429122, -25.327258688238068 ], [ -57.630525938692664, -25.327386835530923 ], [ -57.630603562621644, -25.32738650337221 ], [ -57.631369171458637, -25.327310982339231 ], [ -57.632100816983225, -25.327213027174505 ], [ -57.632891432038186, -25.32711029996964 ], [ -57.633888786356238, -25.32699764903802 ], [ -57.63464531398489, -25.326908604597918 ], [ -57.634623514016489, -25.32683645576304 ], [ -57.634283258131788, -25.326309645771499 ], [ -57.634104341443319, -25.326057566195058 ], [ -57.633854187660141, -25.325720004554192 ], [ -57.633699585712321, -25.325485880541553 ], [ -57.633587823975233, -25.325310269401971 ], [ -57.633520535011883, -25.325148012507999 ], [ -57.633461004603646, -25.324746418120842 ], [ -57.633471890298729, -25.324511582387203 ], [ -57.633522657473762, -25.324064362116111 ], [ -57.633601914676184, -25.323364169659527 ], [ -57.633798044831821, -25.323345265636998 ], [ -57.634361121744526, -25.323257054762511 ], [ -57.634679485465824, -25.323208039978507 ], [ -57.635205900275452, -25.323126991320166 ], [ -57.635692046637175, -25.323052652456479 ], [ -57.636786064255567, -25.322966656445971 ], [ -57.637896584372854, -25.322889611249998 ], [ -57.638318733527193, -25.323045814424948 ], [ -57.639238385761608, -25.32339852678907 ], [ -57.64002086009247, -25.323702162259114 ], [ -57.640420588702128, -25.323844911172486 ], [ -57.64098520773512, -25.324050154260334 ], [ -57.641908815517198, -25.324384771804191 ], [ -57.642136147586136, -25.32368844565028 ], [ -57.642206463744763, -25.323480441541307 ], [ -57.642358678790075, -25.322906351853213 ], [ -57.642604226724764, -25.322309279227984 ], [ -57.642816981982762, -25.32173492505455 ], [ -57.64283572984732, -25.321698721936261 ], [ -57.643123116197501, -25.321087920429168 ], [ -57.64295020605973, -25.320975795604213 ], [ -57.64266731797602, -25.320791907453053 ], [ -57.64229943372856, -25.320563237473674 ], [ -57.642152438580155, -25.320360695352765 ], [ -57.641616943604753, -25.320435270167803 ], [ -57.641380431683942, -25.320567239497507 ], [ -57.641030760164668, -25.320790004060477 ], [ -57.640368122369928, -25.320481337806942 ], [ -57.639473640757259, -25.320069825639742 ], [ -57.63943877298788, -25.320051916228476 ], [ -57.63871963626822, -25.319743487511442 ], [ -57.638204288098585, -25.319515446069676 ], [ -57.637958806382876, -25.3194171749922 ], [ -57.637146178735584, -25.319100112731896 ], [ -57.638147351543033, -25.318544930452138 ], [ -57.638813248207143, -25.318162778696372 ], [ -57.638723095450231, -25.318072840638898 ], [ -57.638682258960195, -25.317953710462948 ], [ -57.638677558937573, -25.317944487365725 ], [ -57.63867135726084, -25.317805038732736 ], [ -57.638666977836188, -25.317781548104517 ], [ -57.638600242479036, -25.317629439310561 ], [ -57.638590548310283, -25.317610219579823 ], [ -57.638554227097316, -25.317548016968331 ], [ -57.638496911220031, -25.317449856145441 ], [ -57.638442889375135, -25.317266692820251 ], [ -57.638357158197628, -25.317206985220707 ], [ -57.638208267921293, -25.31723264400787 ], [ -57.63805608835596, -25.317189148031996 ], [ -57.637967030430822, -25.317103132943146 ], [ -57.637960995114582, -25.317097303786465 ], [ -57.637859938877817, -25.317022133630143 ], [ -57.637723897842378, -25.316941750736344 ], [ -57.637571513329455, -25.316851037249506 ], [ -57.637396267441048, -25.316717616797128 ], [ -57.637361916972402, -25.316688963933117 ], [ -57.637200380988183, -25.31655422332064 ], [ -57.637041570360225, -25.316420776533796 ], [ -57.636907497646732, -25.316314933216354 ], [ -57.636755193581301, -25.316222239056469 ], [ -57.636752418834163, -25.316220549724513 ], [ -57.636595350206065, -25.316085669922664 ], [ -57.636435016385548, -25.31591259662757 ], [ -57.636265661467533, -25.315595648983301 ], [ -57.636199644741865, -25.315360061124284 ], [ -57.636105559387985, -25.315077930904369 ], [ -57.636083266743185, -25.315011234999034 ], [ -57.636032878227923, -25.314860472142566 ], [ -57.635908906883238, -25.314767741495981 ], [ -57.635885622704279, -25.314767607148056 ], [ -57.635864594297324, -25.314739033708239 ], [ -57.635709897317788, -25.314717262288386 ], [ -57.635645436349094, -25.314738723661247 ], [ -57.635606118314072, -25.314738799279716 ], [ -57.635405762440229, -25.314796236384634 ], [ -57.635182744132699, -25.314867260413518 ], [ -57.635159438660416, -25.314867238019293 ], [ -57.635112835672842, -25.314867194991553 ], [ -57.63510507049044, -25.314867186907261 ], [ -57.634911125186065, -25.314866882733302 ], [ -57.634895640341604, -25.314866832031644 ], [ -57.634683043155171, -25.314752895859286 ], [ -57.634659709603547, -25.314752819324472 ], [ -57.634472013621895, -25.3145084242623 ], [ -57.634464160942386, -25.314508398459761 ], [ -57.634374729712711, -25.314290337240131 ], [ -57.634359374948403, -25.314268324096769 ], [ -57.634188347226505, -25.314067845579434 ], [ -57.633901896507879, -25.313937517972665 ], [ -57.633869839373858, -25.313929626024276 ], [ -57.633668901763102, -25.313882034802063 ], [ -57.633640671303361, -25.313881731720837 ], [ -57.633555574304097, -25.313866635691245 ], [ -57.633460030134792, -25.313849686323699 ], [ -57.6332644599362, -25.313754770469554 ], [ -57.633048327560864, -25.313678709539971 ], [ -57.632867394745944, -25.313659281877214 ], [ -57.632846615146271, -25.31367803863883 ], [ -57.632707516017739, -25.313803205885279 ], [ -57.632700533412098, -25.31381575193015 ], [ -57.632642931750141, -25.314035435028469 ], [ -57.632642529242673, -25.314073086122939 ], [ -57.632628242602379, -25.31410439608354 ], [ -57.632578121515806, -25.314229558806979 ], [ -57.632466526015392, -25.314241616359933 ], [ -57.632292430017273, -25.314247142059294 ], [ -57.632264652770296, -25.314240766565291 ], [ -57.632029254291808, -25.314158555833682 ], [ -57.631752218820239, -25.314063651288784 ], [ -57.631745315240941, -25.314057361428986 ], [ -57.631736533686485, -25.314051016404211 ], [ -57.631544696017642, -25.313912420474246 ], [ -57.631530821990637, -25.313906097253259 ], [ -57.631322824984032, -25.313773676579171 ], [ -57.631295061987821, -25.313767336960073 ], [ -57.631101143128376, -25.3136916692809 ], [ -57.630921462890619, -25.313641275982469 ], [ -57.630769544540655, -25.313572054577552 ], [ -57.630686531681143, -25.313549526814555 ], [ -57.630534311837167, -25.314134758335182 ], [ -57.630482370284668, -25.314356224308526 ], [ -57.630170844805065, -25.315531503061415 ], [ -57.629947039410247, -25.316440010658848 ], [ -57.629727196345087, -25.317334955392614 ], [ -57.629633656938864, -25.317678508537451 ], [ -57.629461387738658, -25.318347490669701 ], [ -57.628920962474297, -25.320413233749342 ], [ -57.62855468729439, -25.321814501029362 ], [ -57.628393637707021, -25.322433766930839 ], [ -57.627897647793986, -25.324332254705727 ], [ -57.627676619359477, -25.325200255260469 ] ] ] ] } },
{ "type": "Feature", "properties": { "DPTO": "00", "DISTRITO": "00", "DPTO_DESC": "ASUNCION", "DIST_DESC": "ASUNCION", "AREA": "1", "BAR_LOC": "016", "BARLO_DESC": "PINOZA", "CLAVE": "0000016", "nombre": "Pinoza", "fuente": "INE Cartografía Digital 2012" }, "geometry": { "type": "MultiPolygon", "coordinates": [ [ [ [ -57.613914192347146, -25.302862746501123 ], [ -57.613125661862263, -25.303105332569601 ], [ -57.613076393720597, -25.303123598195057 ], [ -57.612349681551834, -25.303374953521683 ], [ -57.611161654479254, -25.303750128295317 ], [ -57.610956091930859, -25.303818044345324 ], [ -57.610285130331199, -25.304029185557695 ], [ -57.609429399663625, -25.30430815172053 ], [ -57.608546061305923, -25.304591742098857 ], [ -57.607920341991026, -25.304794695834165 ], [ -57.607913667116556, -25.30479686084745 ], [ -57.607601364044832, -25.304898156070657 ], [ -57.608034784420397, -25.305840045764278 ], [ -57.608152173863154, -25.3060969278791 ], [ -57.608317599597562, -25.306461976434196 ], [ -57.608397951468326, -25.306637737577233 ], [ -57.60863056040337, -25.307151509977061 ], [ -57.608847488274634, -25.307633740330058 ], [ -57.608872594468131, -25.307687819003327 ], [ -57.609090852265943, -25.308124891491371 ], [ -57.609320339051123, -25.308634160320342 ], [ -57.609550024786358, -25.309120851935017 ], [ -57.609760859534923, -25.309562469158251 ], [ -57.609785656596223, -25.309616548928922 ], [ -57.609997339085965, -25.310103314189469 ], [ -57.610207512080976, -25.310535903019264 ], [ -57.610244840645898, -25.310612506798023 ], [ -57.610444373421203, -25.311090291204742 ], [ -57.61066788204382, -25.311581521554924 ], [ -57.610887379747112, -25.312077283319855 ], [ -57.610996663353006, -25.312325165985889 ], [ -57.611377240152997, -25.313181474531167 ], [ -57.611790860570267, -25.314001523265908 ], [ -57.611973187019863, -25.314386973264074 ], [ -57.611974941280501, -25.314390681079747 ], [ -57.612212920782319, -25.314893778650589 ], [ -57.613491156493254, -25.313669363457684 ], [ -57.614625083002281, -25.312522297289643 ], [ -57.614872092001697, -25.312282395681304 ], [ -57.614873567040824, -25.312280964535393 ], [ -57.615016060692632, -25.312142571987408 ], [ -57.615018190188351, -25.312140503274179 ], [ -57.615577560596329, -25.311597224573763 ], [ -57.615797265569697, -25.31139312350345 ], [ -57.616649445017188, -25.31059037299789 ], [ -57.61619057455372, -25.309666677574082 ], [ -57.615754557727449, -25.308779006593316 ], [ -57.616556476579817, -25.308292529885609 ], [ -57.616606297583438, -25.308260715201477 ], [ -57.617368056963116, -25.307815038805341 ], [ -57.617637961777326, -25.307655876738409 ], [ -57.617976289799167, -25.307460305893621 ], [ -57.618245722689245, -25.307269538371685 ], [ -57.618623409208666, -25.306938345300814 ], [ -57.618773812492385, -25.306784197707096 ], [ -57.618945398649331, -25.306521596462687 ], [ -57.619291890798443, -25.3057344983512 ], [ -57.619430624577511, -25.30542236741335 ], [ -57.619459460280957, -25.305354518405455 ], [ -57.619936044226876, -25.304205656851927 ], [ -57.619986931905359, -25.304079017533173 ], [ -57.62015798407392, -25.303468747338144 ], [ -57.620304359107749, -25.302890187072947 ], [ -57.620678853191656, -25.301500023408241 ], [ -57.620681853129135, -25.301488888958438 ], [ -57.620695465893455, -25.301479801277154 ], [ -57.620738970474797, -25.301366738335169 ], [ -57.62083577699206, -25.301113480006748 ], [ -57.62112566585958, -25.300493677855098 ], [ -57.621388807004131, -25.299987797798366 ], [ -57.621441076516142, -25.299887313163566 ], [ -57.621786087731969, -25.29930339896671 ], [ -57.621492742293832, -25.299548455919666 ], [ -57.621326023172024, -25.29966655344473 ], [ -57.621132233149964, -25.299778178037542 ], [ -57.621002264394825, -25.299853040047381 ], [ -57.620501335656833, -25.300117029794286 ], [ -57.620435088062642, -25.300153430068029 ], [ -57.619732162454412, -25.300558237926257 ], [ -57.619566877076089, -25.300653751496085 ], [ -57.618714445245651, -25.301144971293912 ], [ -57.618563702932867, -25.301231392350047 ], [ -57.618301217819415, -25.301381494525028 ], [ -57.617803151190863, -25.301600311284528 ], [ -57.616779766229023, -25.301929689122087 ], [ -57.61641186102603, -25.302044107295696 ], [ -57.61577313972932, -25.302258989945695 ], [ -57.614749389967251, -25.302579324954969 ], [ -57.613914192347146, -25.302862746501123 ] ] ] ] } },
{ "type": "Feature", "properties": { "DPTO": "00", "DISTRITO": "00", "DPTO_DESC": "ASUNCION", "DIST_DESC": "ASUNCION", "AREA": "1", "BAR_LOC": "020", "BARLO_DESC": "CIUDAD NUEVA", "CLAVE": "0000020", "nombre": "Ciudad Nueva", "fuente": "INE Cartografía Digital 2012" }, "geometry": { "type": "MultiPolygon", "coordinates": [ [ [ [ -57.611199720154346, -25.293884259037238 ], [ -57.611610460795553, -25.295381603574523 ], [ -57.611826733294841, -25.296044441201971 ], [ -57.61207455796626, -25.29686969470136 ], [ -57.612283453839098, -25.297546107664829 ], [ -57.61254474484771, -25.298393880208138 ], [ -57.612550608215869, -25.298413359710302 ], [ -57.612571895721082, -25.298484071423914 ], [ -57.612608003595078, -25.298603671750524 ], [ -57.612750497505964, -25.299061274953413 ], [ -57.612933606893122, -25.299670065851497 ], [ -57.613296007176828, -25.300806389063446 ], [ -57.613344214350285, -25.301009372455859 ], [ -57.613699854085112, -25.302096055315314 ], [ -57.613717224602915, -25.302144199904316 ], [ -57.613720312662906, -25.302153589497554 ], [ -57.613914192347146, -25.302862746501123 ], [ -57.614749389967251, -25.302579324954969 ], [ -57.61577313972932, -25.302258989945695 ], [ -57.61641186102603, -25.302044107295696 ], [ -57.616779766229023, -25.301929689122087 ], [ -57.617803151190863, -25.301600311284528 ], [ -57.618301217819415, -25.301381494525028 ], [ -57.618563702932867, -25.301231392350047 ], [ -57.618714445245651, -25.301144971293912 ], [ -57.619566877076089, -25.300653751496085 ], [ -57.619732162454412, -25.300558237926257 ], [ -57.620435088062642, -25.300153430068029 ], [ -57.620501335656833, -25.300117029794286 ], [ -57.621002264394825, -25.299853040047381 ], [ -57.621132233149964, -25.299778178037542 ], [ -57.621326023172024, -25.29966655344473 ], [ -57.621492742293832, -25.299548455919666 ], [ -57.621786087731969, -25.29930339896671 ], [ -57.621848228383236, -25.299253469830564 ], [ -57.621953297900127, -25.299099510177765 ], [ -57.622024693201148, -25.2989772988388 ], [ -57.622305767363642, -25.2985787760344 ], [ -57.622661121358263, -25.298076089654494 ], [ -57.622885085898361, -25.297741019573923 ], [ -57.623067190741459, -25.297415156390066 ], [ -57.623227466703462, -25.297106376802855 ], [ -57.623228137564404, -25.297105085331591 ], [ -57.623924506128304, -25.295763486219933 ], [ -57.623358919756761, -25.295034416045223 ], [ -57.622636214887478, -25.2941118534116 ], [ -57.622284989111208, -25.293657300736413 ], [ -57.621867832392233, -25.293117236383047 ], [ -57.621308744716991, -25.292379099930027 ], [ -57.620872501801252, -25.291807506538657 ], [ -57.620384367984101, -25.291163886806075 ], [ -57.61994691518197, -25.290596810744237 ], [ -57.619468817623385, -25.289971206358484 ], [ -57.619112270755608, -25.289503122266659 ], [ -57.618674033094102, -25.289757812087011 ], [ -57.618246300308485, -25.290003426195359 ], [ -57.617824775726291, -25.290249013079642 ], [ -57.61736702276221, -25.29051281120563 ], [ -57.616899357866629, -25.290781164583851 ], [ -57.616473171334725, -25.291026767155099 ], [ -57.615943582006203, -25.291326982731558 ], [ -57.6156145602599, -25.291513479485907 ], [ -57.615430085338517, -25.291618098889519 ], [ -57.614764945422408, -25.292000149394024 ], [ -57.614023116848408, -25.292441213815742 ], [ -57.61390022812455, -25.29250945334044 ], [ -57.613017141737792, -25.293009798224251 ], [ -57.612150986837044, -25.293482976411266 ], [ -57.611599822466353, -25.293756174924031 ], [ -57.611199720154346, -25.293884259037238 ] ] ] ] } },
{ "type": "Feature", "properties": { "DPTO": "00", "DISTRITO": "00", "DPTO_DESC": "ASUNCION", "DIST_DESC": "ASUNCION", "AREA": "1", "BAR_LOC": "014", "BARLO_DESC": "TTE. SILVIO PETTIROSSI", "CLAVE": "0000014", "nombre": "Tte. Silvio Pettirossi", "fuente": "INE Cartografía Digital 2012" }, "geometry": { "type": "MultiPolygon", "coordinates": [ [ [ [ -57.623924506128304, -25.295763486219933 ], [ -57.623228137564404, -25.297105085331591 ], [ -57.623227466703462, -25.297106376802855 ], [ -57.623067190741459, -25.297415156390066 ], [ -57.622885085898361, -25.297741019573923 ], [ -57.622661121358263, -25.298076089654494 ], [ -57.622305767363642, -25.2985787760344 ], [ -57.622024693201148, -25.2989772988388 ], [ -57.621953297900127, -25.299099510177765 ], [ -57.621848228383236, -25.299253469830564 ], [ -57.621786087731969, -25.29930339896671 ], [ -57.621441076516142, -25.299887313163566 ], [ -57.621388807004131, -25.299987797798366 ], [ -57.62112566585958, -25.300493677855098 ], [ -57.62083577699206, -25.301113480006748 ], [ -57.620738970474797, -25.301366738335169 ], [ -57.620695465893455, -25.301479801277154 ], [ -57.620681853129135, -25.301488888958438 ], [ -57.620678853191656, -25.301500023408241 ], [ -57.620304359107749, -25.302890187072947 ], [ -57.62015798407392, -25.303468747338144 ], [ -57.619986931905359, -25.304079017533173 ], [ -57.619936044226876, -25.304205656851927 ], [ -57.621468608735299, -25.306077524937777 ], [ -57.622551554981484, -25.307436543600655 ], [ -57.623507823378539, -25.308606451612985 ], [ -57.624773373415103, -25.307788360668052 ], [ -57.625774382110208, -25.307147474283198 ], [ -57.626009620845188, -25.307011020114402 ], [ -57.626368640315391, -25.30679728162006 ], [ -57.627095290165023, -25.306414917289736 ], [ -57.628036997376945, -25.306198695472492 ], [ -57.628144603427678, -25.306175661171626 ], [ -57.628777772989977, -25.306209083950463 ], [ -57.629986990397015, -25.30627616540221 ], [ -57.63087108822161, -25.306326567587305 ], [ -57.631910948767384, -25.306389832616578 ], [ -57.631922360384074, -25.306227247022704 ], [ -57.631948571041157, -25.305784079542597 ], [ -57.631950008620336, -25.305759774465997 ], [ -57.631984866554866, -25.30517042601381 ], [ -57.632046742925183, -25.304316781843969 ], [ -57.632065404822285, -25.30405934533109 ], [ -57.63227481937345, -25.302956742307376 ], [ -57.632478600397562, -25.302025740119369 ], [ -57.632483345791059, -25.301572693061789 ], [ -57.632484912675565, -25.301447769191835 ], [ -57.632426448005049, -25.301068744249733 ], [ -57.632262466971433, -25.300157379581872 ], [ -57.632267356246487, -25.300156592844388 ], [ -57.632118732089786, -25.29931817081517 ], [ -57.631962910355291, -25.298542226217776 ], [ -57.631947788177136, -25.298440061727394 ], [ -57.631928947364528, -25.298306184032977 ], [ -57.631853548382615, -25.297626111445975 ], [ -57.631817549494535, -25.296849653081352 ], [ -57.631822056960686, -25.296848821037862 ], [ -57.631821961397577, -25.296848398825478 ], [ -57.631739464145824, -25.296217860976771 ], [ -57.631608805954372, -25.295212152563426 ], [ -57.631698268015114, -25.295162028292108 ], [ -57.631698751431031, -25.295161771564956 ], [ -57.630985632017783, -25.294153130340916 ], [ -57.630567582214226, -25.293567943126831 ], [ -57.630164552551854, -25.293005266418753 ], [ -57.628523607064054, -25.293946912743184 ], [ -57.62768919633951, -25.292857788972164 ], [ -57.626878365929315, -25.291764044695558 ], [ -57.626181238277645, -25.290812122937837 ], [ -57.625566467304054, -25.291923130749058 ], [ -57.625215827737946, -25.292854747727606 ], [ -57.624991355493961, -25.293451704835004 ], [ -57.624569971435356, -25.294451347890725 ], [ -57.624488717580441, -25.294587147784615 ], [ -57.623924506128304, -25.295763486219933 ] ] ] ] } },
{ "type": "Feature", "properties": { "DPTO": "00", "DISTRITO": "00", "DPTO_DESC": "ASUNCION", "DIST_DESC": "ASUNCION", "AREA": "1", "BAR_LOC": "009", "BARLO_DESC": "GENERAL JOSE EDUVIGIS DIAZ", "CLAVE": "0000009", "nombre": "General Jose Eduvigis Diaz", "fuente": "INE Cartografía Digital 2012" }, "geometry": { "type": "MultiPolygon", "coordinates": [ [ [ [ -57.631962910355291, -25.298542226217776 ], [ -57.632118732089786, -25.29931817081517 ], [ -57.633159183306482, -25.299119554514615 ], [ -57.634347676817519, -25.298915779038293 ], [ -57.635556067662499, -25.298242328883788 ], [ -57.636582106052614, -25.297664475074622 ], [ -57.636901821163875, -25.297482487301423 ], [ -57.637444062784652, -25.29717311202565 ], [ -57.638576867444591, -25.296536085628262 ], [ -57.639268244427413, -25.296135754243721 ], [ -57.639380784255096, -25.296049477889866 ], [ -57.640158811823319, -25.295599099688825 ], [ -57.641052569376427, -25.295080486713605 ], [ -57.6417748041886, -25.294648403333351 ], [ -57.642499256755208, -25.294225337179224 ], [ -57.643129074509197, -25.293870407950102 ], [ -57.64400363398569, -25.293365406615248 ], [ -57.643771598407575, -25.293028922058188 ], [ -57.643768379264358, -25.29302425476374 ], [ -57.643472803274406, -25.29259562656776 ], [ -57.642954059650684, -25.291821276557581 ], [ -57.642440291051599, -25.29104690287507 ], [ -57.641945222171778, -25.290285991412691 ], [ -57.641459042606144, -25.289561160973314 ], [ -57.640705487628004, -25.288458214324358 ], [ -57.639946409792195, -25.287364317794104 ], [ -57.639085724158853, -25.287846659020726 ], [ -57.638457523670589, -25.288210594358603 ], [ -57.637762128059251, -25.288606423908028 ], [ -57.636972627700139, -25.289052323691429 ], [ -57.636143245959651, -25.289529997636183 ], [ -57.635463642314555, -25.289921233214013 ], [ -57.634823647539903, -25.290289719297601 ], [ -57.634054659540212, -25.290744545796809 ], [ -57.63329832126756, -25.2911857684614 ], [ -57.633707660871814, -25.291766470275412 ], [ -57.633719241066693, -25.29178448129284 ], [ -57.634114476214059, -25.292338151318695 ], [ -57.634817661555594, -25.293432318017061 ], [ -57.633958203225184, -25.29392365498342 ], [ -57.633021171554475, -25.29445258111317 ], [ -57.63287177396716, -25.294536908555695 ], [ -57.632865416444652, -25.294540500125201 ], [ -57.632853745090998, -25.294547817853214 ], [ -57.632853349840417, -25.294548027247853 ], [ -57.6321081335931, -25.294944159965326 ], [ -57.631698751431031, -25.295161771564956 ], [ -57.631698268015114, -25.295162028292108 ], [ -57.631608805954372, -25.295212152563426 ], [ -57.631739464145824, -25.296217860976771 ], [ -57.631821961397577, -25.296848398825478 ], [ -57.631822056960686, -25.296848821037862 ], [ -57.631817549494535, -25.296849653081352 ], [ -57.631853548382615, -25.297626111445975 ], [ -57.631928947364528, -25.298306184032977 ], [ -57.631947788177136, -25.298440061727394 ], [ -57.631962910355291, -25.298542226217776 ] ] ] ] } },
{ "type": "Feature", "properties": { "DPTO": "00", "DISTRITO": "00", "DPTO_DESC": "ASUNCION", "DIST_DESC": "ASUNCION", "AREA": "1", "BAR_LOC": "013", "BARLO_DESC": "SAN ROQUE", "CLAVE": "0000013", "nombre": "San Roque", "fuente": "INE Cartografía Digital 2012" }, "geometry": { "type": "MultiPolygon", "coordinates": [ [ [ [ -57.624327771505804, -25.284555058662455 ], [ -57.622557706202699, -25.284937299969624 ], [ -57.62207838311658, -25.285043171401121 ], [ -57.619525763764436, -25.285600251742721 ], [ -57.618590358435597, -25.285807360844519 ], [ -57.617611233437607, -25.286023677490181 ], [ -57.616670166867294, -25.286217252585267 ], [ -57.61721525357548, -25.286959981838287 ], [ -57.617710031385748, -25.287635191517175 ], [ -57.618246015510927, -25.288355378736572 ], [ -57.618490943845437, -25.288665901030058 ], [ -57.619112270755608, -25.289503122266659 ], [ -57.619468817623385, -25.289971206358484 ], [ -57.61994691518197, -25.290596810744237 ], [ -57.620384367984101, -25.291163886806075 ], [ -57.620872501801252, -25.291807506538657 ], [ -57.621308744716991, -25.292379099930027 ], [ -57.621867832392233, -25.293117236383047 ], [ -57.622284989111208, -25.293657300736413 ], [ -57.622636214887478, -25.2941118534116 ], [ -57.623358919756761, -25.295034416045223 ], [ -57.623924506128304, -25.295763486219933 ], [ -57.624488717580441, -25.294587147784615 ], [ -57.624569971435356, -25.294451347890725 ], [ -57.624991355493961, -25.293451704835004 ], [ -57.625215827737946, -25.292854747727606 ], [ -57.625566467304054, -25.291923130749058 ], [ -57.626181238277645, -25.290812122937837 ], [ -57.626878365929315, -25.291764044695558 ], [ -57.62768919633951, -25.292857788972164 ], [ -57.628523607064054, -25.293946912743184 ], [ -57.630164552551854, -25.293005266418753 ], [ -57.630567582214226, -25.293567943126831 ], [ -57.630985632017783, -25.294153130340916 ], [ -57.631698751431031, -25.295161771564956 ], [ -57.6321081335931, -25.294944159965326 ], [ -57.632853349840417, -25.294548027247853 ], [ -57.632853745090998, -25.294547817853214 ], [ -57.632865416444652, -25.294540500125201 ], [ -57.63287177396716, -25.294536908555695 ], [ -57.633021171554475, -25.29445258111317 ], [ -57.633958203225184, -25.29392365498342 ], [ -57.634817661555594, -25.293432318017061 ], [ -57.634114476214059, -25.292338151318695 ], [ -57.633719241066693, -25.29178448129284 ], [ -57.633707660871814, -25.291766470275412 ], [ -57.63329832126756, -25.2911857684614 ], [ -57.632540484189548, -25.290082797755108 ], [ -57.631719178871613, -25.28894848822253 ], [ -57.631035928053542, -25.287917432758224 ], [ -57.630504387711369, -25.287170182893924 ], [ -57.630092812569316, -25.286571420132429 ], [ -57.629622639312672, -25.285864541460434 ], [ -57.629625836673277, -25.285863207571531 ], [ -57.629655469298847, -25.285850855758362 ], [ -57.629652019838751, -25.285846069922034 ], [ -57.62926624353203, -25.285310692647514 ], [ -57.628777689850502, -25.284649041398563 ], [ -57.62867429696459, -25.284490114440317 ], [ -57.62867325874727, -25.28448851958073 ], [ -57.628446676594706, -25.284140234223315 ], [ -57.62756468983828, -25.284649690705169 ], [ -57.627081333102389, -25.283969950696896 ], [ -57.626981422654161, -25.283916192896463 ], [ -57.626850727469481, -25.283912233024431 ], [ -57.626152389471834, -25.284100321547825 ], [ -57.624327771505804, -25.284555058662455 ] ] ] ] } },
{ "type": "Feature", "properties": { "DPTO": "00", "DISTRITO": "00", "DPTO_DESC": "ASUNCION", "DIST_DESC": "ASUNCION", "AREA": "1", "BAR_LOC": "010", "BARLO_DESC": "OBRERO INTENDENTE B. GUGGIARI", "CLAVE": "0000010", "nombre": "Obrero Intendente B. Guggiari", "fuente": "INE Cartografía Digital 2012" }, "geometry": { "type": "MultiPolygon", "coordinates": [ [ [ [ -57.632832091334009, -25.313005147850362 ], [ -57.632917894204667, -25.313027355395761 ], [ -57.633094497642595, -25.313017566722433 ], [ -57.633234347018913, -25.312985359821358 ], [ -57.633340908715617, -25.312939750263791 ], [ -57.63426915637757, -25.312515847833332 ], [ -57.634363942551722, -25.312474803386461 ], [ -57.634875968495408, -25.312251355483529 ], [ -57.63533280366434, -25.312041689216713 ], [ -57.635660347925054, -25.311805488006833 ], [ -57.636418092583185, -25.31137327693116 ], [ -57.63721955744051, -25.310931842698572 ], [ -57.637931533835598, -25.310535943192452 ], [ -57.638750876130651, -25.310071847505885 ], [ -57.639549459154551, -25.309616867738235 ], [ -57.640321767509811, -25.309184573708585 ], [ -57.641197114846932, -25.308688615136905 ], [ -57.642084489344185, -25.308179053535326 ], [ -57.642869411675512, -25.307728630710901 ], [ -57.643666078136249, -25.307269122146657 ], [ -57.644853149399744, -25.30660923466894 ], [ -57.645402262745087, -25.306304315316488 ], [ -57.646126626306931, -25.305912837756971 ], [ -57.64685368269614, -25.305503284172076 ], [ -57.647716153135228, -25.304989283242374 ], [ -57.64844866719374, -25.304557122055808 ], [ -57.649199228139508, -25.304133908183193 ], [ -57.649811120403385, -25.303788059665987 ], [ -57.650713610834543, -25.303273865102142 ], [ -57.65026744634374, -25.302621132791124 ], [ -57.649879554614586, -25.302067476085472 ], [ -57.649475070058507, -25.301486800280781 ], [ -57.649086037415749, -25.300892509719432 ], [ -57.648725235956952, -25.300352275978668 ], [ -57.648530972912404, -25.300073189348694 ], [ -57.648319209123017, -25.299771603481673 ], [ -57.647919036646364, -25.299181873683615 ], [ -57.647570972157133, -25.298641580880037 ], [ -57.647160515916482, -25.298042863614612 ], [ -57.64676348394395, -25.297457631771191 ], [ -57.64639019087744, -25.296899385805677 ], [ -57.646072274405498, -25.296422169513146 ], [ -57.645536283101514, -25.295620813937923 ], [ -57.644977828125029, -25.294796978534372 ], [ -57.644481655276131, -25.294067687560204 ], [ -57.64400363398569, -25.293365406615248 ], [ -57.643129074509197, -25.293870407950102 ], [ -57.642499256755208, -25.294225337179224 ], [ -57.6417748041886, -25.294648403333351 ], [ -57.641052569376427, -25.295080486713605 ], [ -57.640158811823319, -25.295599099688825 ], [ -57.639380784255096, -25.296049477889866 ], [ -57.639268244427413, -25.296135754243721 ], [ -57.638576867444591, -25.296536085628262 ], [ -57.637444062784652, -25.29717311202565 ], [ -57.636901821163875, -25.297482487301423 ], [ -57.636582106052614, -25.297664475074622 ], [ -57.635556067662499, -25.298242328883788 ], [ -57.634347676817519, -25.298915779038293 ], [ -57.633159183306482, -25.299119554514615 ], [ -57.632118732089786, -25.29931817081517 ], [ -57.632267356246487, -25.300156592844388 ], [ -57.632262466971433, -25.300157379581872 ], [ -57.632426448005049, -25.301068744249733 ], [ -57.632484912675565, -25.301447769191835 ], [ -57.632483345791059, -25.301572693061789 ], [ -57.632478600397562, -25.302025740119369 ], [ -57.63227481937345, -25.302956742307376 ], [ -57.632065404822285, -25.30405934533109 ], [ -57.632046742925183, -25.304316781843969 ], [ -57.631984866554866, -25.30517042601381 ], [ -57.631950008620336, -25.305759774465997 ], [ -57.631948571041157, -25.305784079542597 ], [ -57.631922360384074, -25.306227247022704 ], [ -57.631910948767384, -25.306389832616578 ], [ -57.631846909502265, -25.307302184077894 ], [ -57.631762601200947, -25.30834555263359 ], [ -57.631752563926945, -25.308391616190455 ], [ -57.63166314032177, -25.308802012228536 ], [ -57.631319330261398, -25.310632133581937 ], [ -57.631017941048299, -25.312082797082777 ], [ -57.630898777219478, -25.312512249270526 ], [ -57.631615952515482, -25.312694300746838 ], [ -57.632832091334009, -25.313005147850362 ] ] ] ] } },
{ "type": "Feature", "properties": { "DPTO": "00", "DISTRITO": "00", "DPTO_DESC": "ASUNCION", "DIST_DESC": "ASUNCION", "AREA": "1", "BAR_LOC": "019", "BARLO_DESC": "GENERAL BERNARDINO CABALLERO", "CLAVE": "0000019", "nombre": "General Bernardino Caballero", "fuente": "INE Cartografía Digital 2012" }, "geometry": { "type": "MultiPolygon", "coordinates": [ [ [ [ -57.607601364044832, -25.304898156070657 ], [ -57.607913667116556, -25.30479686084745 ], [ -57.607920341991026, -25.304794695834165 ], [ -57.608546061305923, -25.304591742098857 ], [ -57.609429399663625, -25.30430815172053 ], [ -57.610285130331199, -25.304029185557695 ], [ -57.610956091930859, -25.303818044345324 ], [ -57.611161654479254, -25.303750128295317 ], [ -57.612349681551834, -25.303374953521683 ], [ -57.613076393720597, -25.303123598195057 ], [ -57.613125661862263, -25.303105332569601 ], [ -57.613914192347146, -25.302862746501123 ], [ -57.613720312662906, -25.302153589497554 ], [ -57.613717224602915, -25.302144199904316 ], [ -57.613699854085112, -25.302096055315314 ], [ -57.613344214350285, -25.301009372455859 ], [ -57.613296007176828, -25.300806389063446 ], [ -57.612933606893122, -25.299670065851497 ], [ -57.612750497505964, -25.299061274953413 ], [ -57.612608003595078, -25.298603671750524 ], [ -57.612571895721082, -25.298484071423914 ], [ -57.612550608215869, -25.298413359710302 ], [ -57.61254474484771, -25.298393880208138 ], [ -57.612283453839098, -25.297546107664829 ], [ -57.61207455796626, -25.29686969470136 ], [ -57.611826733294841, -25.296044441201971 ], [ -57.611610460795553, -25.295381603574523 ], [ -57.611199720154346, -25.293884259037238 ], [ -57.611040791509154, -25.293884917502059 ], [ -57.609504117063011, -25.293611332706636 ], [ -57.609009524309187, -25.293522149525629 ], [ -57.608970314362679, -25.293515079859208 ], [ -57.608062701380547, -25.293351417538968 ], [ -57.608031039618531, -25.293345708993748 ], [ -57.607965912898962, -25.29333243363239 ], [ -57.607965789612642, -25.293332410661481 ], [ -57.607674624430608, -25.293279984281515 ], [ -57.605880423474709, -25.292956922318918 ], [ -57.605851209685191, -25.292951661992333 ], [ -57.605816929510276, -25.292945907734566 ], [ -57.605816700827511, -25.292945863521719 ], [ -57.60329080750526, -25.292467437481228 ], [ -57.60443493472485, -25.297090839652885 ], [ -57.604614732384192, -25.297541623116569 ], [ -57.604785750077191, -25.29797438150403 ], [ -57.605120826436746, -25.298812834891642 ], [ -57.605470163530491, -25.29964671360808 ], [ -57.605804515356169, -25.300462592086834 ], [ -57.606127362031913, -25.301274001741344 ], [ -57.606461677992762, -25.302080848171236 ], [ -57.606891273769882, -25.303131122370466 ], [ -57.607300117336983, -25.304130065062299 ], [ -57.607483163062675, -25.304596779507218 ], [ -57.607485428024098, -25.304602554145092 ], [ -57.607601364044832, -25.304898156070657 ] ] ] ] } },
{ "type": "Feature", "properties": { "DPTO": "00", "DISTRITO": "00", "DPTO_DESC": "ASUNCION", "DIST_DESC": "ASUNCION", "AREA": "1", "BAR_LOC": "018", "BARLO_DESC": "MBURICAO", "CLAVE": "0000018", "nombre": "Mburicao", "fuente": "INE Cartografía Digital 2012" }, "geometry": { "type": "MultiPolygon", "coordinates": [ [ [ [ -57.593459360003074, -25.298815953399956 ], [ -57.593552805639938, -25.299139788318797 ], [ -57.593732448619605, -25.299757648793513 ], [ -57.593843587710779, -25.300140994016445 ], [ -57.594076953584761, -25.300952791532634 ], [ -57.594190378488584, -25.301358703230022 ], [ -57.59443020162179, -25.302156928350726 ], [ -57.594688030591229, -25.303018293222987 ], [ -57.595034018281865, -25.304195366141027 ], [ -57.595238288795045, -25.304894398450834 ], [ -57.595248377163678, -25.304925964158151 ], [ -57.595266402421693, -25.30499361945996 ], [ -57.595484555662836, -25.305737747309728 ], [ -57.595674929329626, -25.306387167682423 ], [ -57.595942687983161, -25.307307187140808 ], [ -57.596169850384037, -25.308082783391981 ], [ -57.596178764465954, -25.308113219544353 ], [ -57.5963310288695, -25.308633086457927 ], [ -57.597867072613212, -25.308112132883753 ], [ -57.599048754367708, -25.30769193803485 ], [ -57.599761330529503, -25.307458765955886 ], [ -57.601201494943332, -25.306957939106429 ], [ -57.601312435639123, -25.306929382301238 ], [ -57.601312593333162, -25.306929329281804 ], [ -57.60171295414986, -25.306796110429296 ], [ -57.6022426287551, -25.306617855153419 ], [ -57.603329954495898, -25.306270254874164 ], [ -57.605621994389558, -25.305524881194369 ], [ -57.607601364044832, -25.304898156070657 ], [ -57.607485428024098, -25.304602554145092 ], [ -57.607483163062675, -25.304596779507218 ], [ -57.607300117336983, -25.304130065062299 ], [ -57.606891273769882, -25.303131122370466 ], [ -57.606461677992762, -25.302080848171236 ], [ -57.606127362031913, -25.301274001741344 ], [ -57.605804515356169, -25.300462592086834 ], [ -57.605470163530491, -25.29964671360808 ], [ -57.605120826436746, -25.298812834891642 ], [ -57.604785750077191, -25.29797438150403 ], [ -57.604614732384192, -25.297541623116569 ], [ -57.60443493472485, -25.297090839652885 ], [ -57.60329080750526, -25.292467437481228 ], [ -57.600630366902877, -25.291981621385997 ], [ -57.599627895708167, -25.29179734153389 ], [ -57.598898752352497, -25.29166329955687 ], [ -57.597964251844161, -25.291491501355139 ], [ -57.597843226249161, -25.291470208718035 ], [ -57.597034796625152, -25.29132796670002 ], [ -57.596227603289414, -25.29212590879893 ], [ -57.596153458212392, -25.292213604911666 ], [ -57.59596712325957, -25.292433995824446 ], [ -57.595468525123394, -25.293244232337599 ], [ -57.595197307030709, -25.293642665595542 ], [ -57.5948615015729, -25.293973630678835 ], [ -57.594719399940551, -25.294050962289166 ], [ -57.594071012470785, -25.294119331072295 ], [ -57.594097916721729, -25.294221844441015 ], [ -57.594159183527289, -25.294357218359284 ], [ -57.594160070029865, -25.294373207667366 ], [ -57.594227858588269, -25.294557362909707 ], [ -57.594233616863683, -25.2945677409521 ], [ -57.59432321588362, -25.294705973460321 ], [ -57.594334178598579, -25.294721109427243 ], [ -57.594412105745967, -25.294880034257183 ], [ -57.594417718162084, -25.294894716778476 ], [ -57.59444765360147, -25.294946925624487 ], [ -57.594498113102091, -25.295034927801211 ], [ -57.594596398839201, -25.295176078060663 ], [ -57.594651328784217, -25.295343947070926 ], [ -57.59469951783062, -25.295519094662346 ], [ -57.594733111578719, -25.295606435089933 ], [ -57.59467152328908, -25.29562696393516 ], [ -57.593662692050792, -25.295888394937105 ], [ -57.592690464276693, -25.296145156793749 ], [ -57.592888366818812, -25.296817127819256 ], [ -57.592919913573269, -25.296920850846305 ], [ -57.593317253547383, -25.298323483263108 ], [ -57.593444286616929, -25.298763717998259 ], [ -57.593459360003074, -25.298815953399956 ] ] ] ] } },
{ "type": "Feature", "properties": { "DPTO": "00", "DISTRITO": "00", "DPTO_DESC": "ASUNCION", "DIST_DESC": "ASUNCION", "AREA": "1", "BAR_LOC": "034", "BARLO_DESC": "NAZARETH", "CLAVE": "0000034", "nombre": "Nazareth", "fuente": "INE Cartografía Digital 2012" }, "geometry": { "type": "MultiPolygon", "coordinates": [ [ [ [ -57.587134030780511, -25.311884823917694 ], [ -57.587630045587076, -25.312700099599251 ], [ -57.588053481448959, -25.313271841995181 ], [ -57.58892854983133, -25.314464877418672 ], [ -57.589764941155416, -25.315617425154628 ], [ -57.590268801232391, -25.316315264496644 ], [ -57.590670754899257, -25.316869023970835 ], [ -57.591062399553941, -25.317409277997012 ], [ -57.591548756668047, -25.318080091581322 ], [ -57.592234206894581, -25.319021015471513 ], [ -57.592414247284751, -25.319268627818804 ], [ -57.593316944123622, -25.320506675935231 ], [ -57.594188703149534, -25.321699690840305 ], [ -57.594938261961822, -25.322726131329844 ], [ -57.595279604172035, -25.323194333151822 ], [ -57.596584456072506, -25.325004164182094 ], [ -57.597424741550711, -25.326161164204937 ], [ -57.59730127626338, -25.326247453305317 ], [ -57.597305037129651, -25.326251326543815 ], [ -57.597938847464299, -25.326904085463433 ], [ -57.598146743759557, -25.327129001237655 ], [ -57.598698910311057, -25.327726684887303 ], [ -57.598719700846168, -25.32774918900386 ], [ -57.598957115860017, -25.328006171506551 ], [ -57.599972068067402, -25.327297673225218 ], [ -57.600588365204587, -25.326848159074412 ], [ -57.601118653439279, -25.326462205887037 ], [ -57.602313010489191, -25.325549225461177 ], [ -57.601572030163119, -25.32471297778666 ], [ -57.601530156241417, -25.324658966439141 ], [ -57.600892422038534, -25.323970744065306 ], [ -57.600610593282475, -25.323046278855109 ], [ -57.600442699949639, -25.322496109672279 ], [ -57.600143799831407, -25.321508500150099 ], [ -57.599899532093616, -25.320769003059961 ], [ -57.599829780869115, -25.320539012122349 ], [ -57.599347817956726, -25.318942594313214 ], [ -57.599216838603589, -25.318509668216468 ], [ -57.599113005889762, -25.318166935518772 ], [ -57.59876578243405, -25.316944728566213 ], [ -57.598215212586815, -25.315091218326305 ], [ -57.598180461985372, -25.314969449028506 ], [ -57.597949503502058, -25.314153135338163 ], [ -57.597689186721432, -25.313237605823989 ], [ -57.597662331078539, -25.313142895539738 ], [ -57.59738337125868, -25.312159712893333 ], [ -57.597080133547749, -25.311099869455266 ], [ -57.596941609805683, -25.310644395200224 ], [ -57.596699268785663, -25.309846185732539 ], [ -57.5963310288695, -25.308633086457927 ], [ -57.595259648798852, -25.309012177626364 ], [ -57.593532141925969, -25.309619664033654 ], [ -57.592523987966366, -25.309980420157142 ], [ -57.592160113743439, -25.31010379256837 ], [ -57.590426388110437, -25.310715783107156 ], [ -57.59029994266799, -25.310761441473289 ], [ -57.588690494817492, -25.311332277308463 ], [ -57.588005547285697, -25.311574316585283 ], [ -57.587134030780511, -25.311884823917694 ] ] ] ] } },
{ "type": "Feature", "properties": { "DPTO": "00", "DISTRITO": "00", "DPTO_DESC": "ASUNCION", "DIST_DESC": "ASUNCION", "AREA": "1", "BAR_LOC": "035", "BARLO_DESC": "TERMINAL", "CLAVE": "0000035", "nombre": "Terminal", "fuente": "INE Cartografía Digital 2012" }, "geometry": { "type": "MultiPolygon", "coordinates": [ [ [ [ -57.586907525757688, -25.329947659413346 ], [ -57.58651556429465, -25.330377026588945 ], [ -57.58689948377863, -25.330790895692843 ], [ -57.587012075732311, -25.330894296623292 ], [ -57.587839865442945, -25.33185273243658 ], [ -57.587983195157939, -25.332019222636159 ], [ -57.588567537098243, -25.332716744253343 ], [ -57.588950364161136, -25.33309449052107 ], [ -57.589155171972891, -25.333279052781293 ], [ -57.589155341895427, -25.333279259800584 ], [ -57.589428047346352, -25.333612531557783 ], [ -57.589428890509097, -25.333611823814948 ], [ -57.589648114598894, -25.333868312449692 ], [ -57.589898536799907, -25.334282707461742 ], [ -57.589077805818839, -25.334981330501275 ], [ -57.589375141708075, -25.335016262852172 ], [ -57.589778891230281, -25.335128916638421 ], [ -57.589787149746137, -25.335114602938024 ], [ -57.591629280856125, -25.335670960762194 ], [ -57.59188214998737, -25.335692521015261 ], [ -57.592404729524269, -25.333927991075456 ], [ -57.59241611255915, -25.333889566203826 ], [ -57.592458128468344, -25.333771251027667 ], [ -57.592841141588487, -25.333227887743799 ], [ -57.593467958632438, -25.3323132961734 ], [ -57.594380855461132, -25.332819832575666 ], [ -57.594770490514634, -25.332235800961413 ], [ -57.595212864347786, -25.331579312272876 ], [ -57.595705247003572, -25.330927135281378 ], [ -57.596191480396648, -25.330351739749467 ], [ -57.595603664986932, -25.329845881858969 ], [ -57.596290494119145, -25.329082581831823 ], [ -57.595718697840432, -25.328449898159647 ], [ -57.596358076701641, -25.327952603366491 ], [ -57.597475284769494, -25.329068620395617 ], [ -57.598204300003189, -25.328542021790259 ], [ -57.598957115860017, -25.328006171506551 ], [ -57.598719700846168, -25.32774918900386 ], [ -57.598698910311057, -25.327726684887303 ], [ -57.598146743759557, -25.327129001237655 ], [ -57.597938847464299, -25.326904085463433 ], [ -57.597305037129651, -25.326251326543815 ], [ -57.59730127626338, -25.326247453305317 ], [ -57.597424741550711, -25.326161164204937 ], [ -57.596584456072506, -25.325004164182094 ], [ -57.595279604172035, -25.323194333151822 ], [ -57.594938261961822, -25.322726131329844 ], [ -57.594188703149534, -25.321699690840305 ], [ -57.593468307927289, -25.322131536930833 ], [ -57.592730586523913, -25.322576994814597 ], [ -57.592029077880284, -25.32299972761404 ], [ -57.591332840066528, -25.323422435969825 ], [ -57.590614065881375, -25.323872322569667 ], [ -57.589914316710498, -25.324276977601937 ], [ -57.589620518679133, -25.32445424596775 ], [ -57.589347008256219, -25.32497458748805 ], [ -57.589577715479322, -25.325104605355904 ], [ -57.589233123694648, -25.325629746196384 ], [ -57.588834744772974, -25.326204768308997 ], [ -57.588563815507179, -25.326553520637045 ], [ -57.588091837397009, -25.327192047419778 ], [ -57.587078038443202, -25.328604830600948 ], [ -57.587751052375012, -25.329022060754401 ], [ -57.587136094874815, -25.329697276249675 ], [ -57.586956416965684, -25.329894102302443 ], [ -57.586907525757688, -25.329947659413346 ] ] ] ] } },
{ "type": "Feature", "properties": { "DPTO": "00", "DISTRITO": "00", "DPTO_DESC": "ASUNCION", "DIST_DESC": "ASUNCION", "AREA": "1", "BAR_LOC": "036", "BARLO_DESC": "HIPODROMO", "CLAVE": "0000036", "nombre": "Hipodromo", "fuente": "INE Cartografía Digital 2012" }, "geometry": { "type": "MultiPolygon", "coordinates": [ [ [ [ -57.586907525757688, -25.329947659413346 ], [ -57.586956416965684, -25.329894102302443 ], [ -57.587136094874815, -25.329697276249675 ], [ -57.587751052375012, -25.329022060754401 ], [ -57.587078038443202, -25.328604830600948 ], [ -57.588091837397009, -25.327192047419778 ], [ -57.588563815507179, -25.326553520637045 ], [ -57.588834744772974, -25.326204768308997 ], [ -57.589233123694648, -25.325629746196384 ], [ -57.589577715479322, -25.325104605355904 ], [ -57.589347008256219, -25.32497458748805 ], [ -57.589620518679133, -25.32445424596775 ], [ -57.589914316710498, -25.324276977601937 ], [ -57.590614065881375, -25.323872322569667 ], [ -57.591332840066528, -25.323422435969825 ], [ -57.592029077880284, -25.32299972761404 ], [ -57.592730586523913, -25.322576994814597 ], [ -57.593468307927289, -25.322131536930833 ], [ -57.594188703149534, -25.321699690840305 ], [ -57.593316944123622, -25.320506675935231 ], [ -57.592414247284751, -25.319268627818804 ], [ -57.592234206894581, -25.319021015471513 ], [ -57.591548756668047, -25.318080091581322 ], [ -57.591062399553941, -25.317409277997012 ], [ -57.590670754899257, -25.316869023970835 ], [ -57.590268801232391, -25.316315264496644 ], [ -57.589764941155416, -25.315617425154628 ], [ -57.58892854983133, -25.314464877418672 ], [ -57.588053481448959, -25.313271841995181 ], [ -57.587630045587076, -25.312700099599251 ], [ -57.587134030780511, -25.311884823917694 ], [ -57.586233061409445, -25.31220447367787 ], [ -57.585503773250444, -25.312460223367374 ], [ -57.583942955957205, -25.313017269094196 ], [ -57.583521759106517, -25.313167938660001 ], [ -57.583337958638246, -25.313231878945427 ], [ -57.581642886557162, -25.313830068578021 ], [ -57.580475341340808, -25.314245554350816 ], [ -57.580069946315696, -25.314391636715854 ], [ -57.579048939903672, -25.314743321710058 ], [ -57.577870178597692, -25.315154315887931 ], [ -57.576448925961444, -25.31562946209397 ], [ -57.574835138060934, -25.316164043360974 ], [ -57.574088911284854, -25.316392711893961 ], [ -57.574826197185679, -25.317229667289006 ], [ -57.575451128225076, -25.317940631650497 ], [ -57.576401437430448, -25.319043144060746 ], [ -57.57693654030632, -25.319664148856333 ], [ -57.577314002133029, -25.32010516094941 ], [ -57.5782509318257, -25.321194167448365 ], [ -57.579040405654531, -25.322089593300113 ], [ -57.580363724473784, -25.323592465547193 ], [ -57.580376828421691, -25.323605959546516 ], [ -57.580827624442684, -25.324118916458396 ], [ -57.581275298838719, -25.324627369016326 ], [ -57.582173256488232, -25.325603622698384 ], [ -57.582633938428238, -25.326102989090973 ], [ -57.583141016823092, -25.326629261553446 ], [ -57.5840557003431, -25.327655104063645 ], [ -57.585487296384308, -25.329243286976794 ], [ -57.58651556429465, -25.330377026588945 ], [ -57.586907525757688, -25.329947659413346 ] ] ] ] } },
{ "type": "Feature", "properties": { "DPTO": "00", "DISTRITO": "00", "DPTO_DESC": "ASUNCION", "DIST_DESC": "ASUNCION", "AREA": "1", "BAR_LOC": "037", "BARLO_DESC": "SAN PABLO", "CLAVE": "0000037", "nombre": "San Pablo", "fuente": "INE Cartografía Digital 2012" }, "geometry": { "type": "MultiPolygon", "coordinates": [ [ [ [ -57.577426876606573, -25.333421483522308 ], [ -57.57819347356773, -25.334006652739681 ], [ -57.578544897345083, -25.334274906217289 ], [ -57.579041560293511, -25.334669762152931 ], [ -57.579091366208047, -25.334709358807952 ], [ -57.579189864989957, -25.3347876660448 ], [ -57.579676812600191, -25.335178040044266 ], [ -57.579949214736978, -25.33538626349802 ], [ -57.579949280558772, -25.335386313809092 ], [ -57.580726201214041, -25.335980183675712 ], [ -57.580969295761058, -25.336168469625154 ], [ -57.581511788542699, -25.336588648822897 ], [ -57.581511811483132, -25.336588666793119 ], [ -57.581645561701805, -25.336692260030514 ], [ -57.581787431749746, -25.336802141442018 ], [ -57.582176581642557, -25.33710880481026 ], [ -57.582335298714519, -25.337233878639385 ], [ -57.582523982381176, -25.33738256655025 ], [ -57.582884684685482, -25.337666807848024 ], [ -57.582917202587552, -25.337692432929177 ], [ -57.583271875898973, -25.337970219605097 ], [ -57.583464541247061, -25.338121118295057 ], [ -57.583553768703425, -25.338187033417384 ], [ -57.58356561570897, -25.338195784787981 ], [ -57.583880064611968, -25.338428074384922 ], [ -57.583967879192123, -25.338492478646575 ], [ -57.584423443320837, -25.338826595833098 ], [ -57.584586202222489, -25.338973775538321 ], [ -57.584669334246726, -25.339047270769864 ], [ -57.584822757372002, -25.339221408617735 ], [ -57.584829247843814, -25.339228775118187 ], [ -57.584936211557505, -25.339358588349107 ], [ -57.584941891347, -25.339368468508376 ], [ -57.586134741181702, -25.341443457796373 ], [ -57.586138068523319, -25.341441680924291 ], [ -57.586143135351044, -25.341438973323093 ], [ -57.587153506676273, -25.340899394057434 ], [ -57.588089453473096, -25.340448656931432 ], [ -57.588354408084847, -25.340334719249494 ], [ -57.588520231910671, -25.34001347858872 ], [ -57.589019430514874, -25.340109867464161 ], [ -57.589484342931172, -25.340443081509822 ], [ -57.590463463186722, -25.338845299392496 ], [ -57.590258123493619, -25.338764848940336 ], [ -57.589514428772276, -25.338526813460597 ], [ -57.588112628642889, -25.33801710887931 ], [ -57.589150551143398, -25.336218059657977 ], [ -57.589153199906384, -25.33621346885807 ], [ -57.589778891230281, -25.335128916638421 ], [ -57.589375141708075, -25.335016262852172 ], [ -57.589077805818839, -25.334981330501275 ], [ -57.589898536799907, -25.334282707461742 ], [ -57.589648114598894, -25.333868312449692 ], [ -57.589428890509097, -25.333611823814948 ], [ -57.589428047346352, -25.333612531557783 ], [ -57.589155341895427, -25.333279259800584 ], [ -57.589155171972891, -25.333279052781293 ], [ -57.588950364161136, -25.33309449052107 ], [ -57.588567537098243, -25.332716744253343 ], [ -57.587983195157939, -25.332019222636159 ], [ -57.587839865442945, -25.33185273243658 ], [ -57.587012075732311, -25.330894296623292 ], [ -57.58689948377863, -25.330790895692843 ], [ -57.58651556429465, -25.330377026588945 ], [ -57.585487296384308, -25.329243286976794 ], [ -57.5840557003431, -25.327655104063645 ], [ -57.583141016823092, -25.326629261553446 ], [ -57.582633938428238, -25.326102989090973 ], [ -57.582173256488232, -25.325603622698384 ], [ -57.581275298838719, -25.324627369016326 ], [ -57.580827624442684, -25.324118916458396 ], [ -57.580376828421691, -25.323605959546516 ], [ -57.580363724473784, -25.323592465547193 ], [ -57.579040405654531, -25.322089593300113 ], [ -57.5782509318257, -25.321194167448365 ], [ -57.577314002133029, -25.32010516094941 ], [ -57.57693654030632, -25.319664148856333 ], [ -57.576401437430448, -25.319043144060746 ], [ -57.575451128225076, -25.317940631650497 ], [ -57.574826197185679, -25.317229667289006 ], [ -57.574088911284854, -25.316392711893961 ], [ -57.572957942195302, -25.316740268077897 ], [ -57.572159010411205, -25.31698719260741 ], [ -57.57146083098182, -25.317202115810726 ], [ -57.570749321479568, -25.317421602558429 ], [ -57.57029172360032, -25.31756334518257 ], [ -57.568390879602191, -25.318071875544149 ], [ -57.568087597510619, -25.318149803296347 ], [ -57.566664043788855, -25.318480378067662 ], [ -57.565318765321507, -25.318819669409066 ], [ -57.564985319930251, -25.318888676081663 ], [ -57.564655122360421, -25.318921547869373 ], [ -57.564139518751276, -25.319144767547069 ], [ -57.56257596460987, -25.319620325652089 ], [ -57.561760393239972, -25.31983565127565 ], [ -57.561299854638925, -25.319950286128893 ], [ -57.560400497590692, -25.32022380023 ], [ -57.560393434428676, -25.320225948331899 ], [ -57.560422091162913, -25.320256365825536 ], [ -57.560653920566239, -25.320445920485927 ], [ -57.560726881199102, -25.320505576061613 ], [ -57.561089390630926, -25.320801977459162 ], [ -57.561706161610751, -25.321265251297461 ], [ -57.562104701880521, -25.321576040023665 ], [ -57.562127172947122, -25.321593429994703 ], [ -57.562476886222534, -25.321864064996952 ], [ -57.562778715007532, -25.322097642340832 ], [ -57.563030795854282, -25.322295028243172 ], [ -57.563104240643796, -25.322352536925347 ], [ -57.56310426457658, -25.322352555797792 ], [ -57.563165972694257, -25.322400874781732 ], [ -57.563230994667173, -25.322451185828104 ], [ -57.563742140313252, -25.322846688324475 ], [ -57.563742306838002, -25.322846817725541 ], [ -57.563852085912742, -25.322931759614335 ], [ -57.563919071454997, -25.322983939354692 ], [ -57.564190440484673, -25.32319533052825 ], [ -57.564426325086529, -25.323379077713536 ], [ -57.56449335102085, -25.323431291344018 ], [ -57.565194535173831, -25.32397388763394 ], [ -57.565358287338505, -25.324105901910716 ], [ -57.565416443509797, -25.324152786870282 ], [ -57.565724573328005, -25.32440119694358 ], [ -57.565724788747083, -25.324401370403677 ], [ -57.565874788064498, -25.324522296955948 ], [ -57.565897296241303, -25.324540170218501 ], [ -57.565966296749906, -25.324594960076489 ], [ -57.566559731637355, -25.325066180611614 ], [ -57.566993609452062, -25.325398868422806 ], [ -57.567454404788634, -25.325752190508467 ], [ -57.568200754052214, -25.326323220835615 ], [ -57.568236246802329, -25.326350375688421 ], [ -57.568650743837033, -25.326668411796437 ], [ -57.569236229048627, -25.327117641103616 ], [ -57.569664918639916, -25.327441127979597 ], [ -57.569856822447711, -25.327585936301141 ], [ -57.570629837722812, -25.328193185497835 ], [ -57.570679481655127, -25.328230958880543 ], [ -57.570828542262838, -25.328344375051028 ], [ -57.570828844405462, -25.328344605058973 ], [ -57.571408562427081, -25.328785696010346 ], [ -57.571483823363273, -25.328843606006782 ], [ -57.571987500373332, -25.329231161050185 ], [ -57.572159511785308, -25.329355515565993 ], [ -57.572715338914094, -25.329757343974059 ], [ -57.572734923841971, -25.329772894961962 ], [ -57.573107118223049, -25.33006842972954 ], [ -57.573278183560731, -25.330202385889681 ], [ -57.57335030661848, -25.330258864950977 ], [ -57.573631525393573, -25.330470703660456 ], [ -57.573944850070731, -25.330706724788726 ], [ -57.574200134884741, -25.330905448301873 ], [ -57.574306011644083, -25.330987867906092 ], [ -57.574996471446767, -25.331518933028395 ], [ -57.575031190640118, -25.331546180410093 ], [ -57.575259497751105, -25.331725354446704 ], [ -57.575259523683378, -25.331725375115365 ], [ -57.575902021936628, -25.332229596003458 ], [ -57.576574331905981, -25.332755629443959 ], [ -57.577117874484991, -25.333180225446661 ], [ -57.577411432271425, -25.333409543560684 ], [ -57.577411527017873, -25.333409617238591 ], [ -57.577419926678871, -25.333416178312785 ], [ -57.577426876606573, -25.333421483522308 ] ] ] ] } },
{ "type": "Feature", "properties": { "DPTO": "00", "DISTRITO": "00", "DPTO_DESC": "ASUNCION", "DIST_DESC": "ASUNCION", "AREA": "1", "BAR_LOC": "040", "BARLO_DESC": "TEMBETARY", "CLAVE": "0000040", "nombre": "Tembetary", "fuente": "INE Cartografía Digital 2012" }, "geometry": { "type": "MultiPolygon", "coordinates": [ [ [ [ -57.596178764465954, -25.308113219544353 ], [ -57.596169850384037, -25.308082783391981 ], [ -57.595942687983161, -25.307307187140808 ], [ -57.595674929329626, -25.306387167682423 ], [ -57.595484555662836, -25.305737747309728 ], [ -57.595266402421693, -25.30499361945996 ], [ -57.595248377163678, -25.304925964158151 ], [ -57.595238288795045, -25.304894398450834 ], [ -57.595034018281865, -25.304195366141027 ], [ -57.594688030591229, -25.303018293222987 ], [ -57.59361666013794, -25.303135490103674 ], [ -57.5935441719868, -25.303167388334945 ], [ -57.592458810406228, -25.303663910524644 ], [ -57.590435871672604, -25.304665369947319 ], [ -57.589176008292917, -25.305288992682193 ], [ -57.588302024765639, -25.305721426977957 ], [ -57.587312103476194, -25.306190439657243 ], [ -57.586433159380313, -25.306627397971074 ], [ -57.585568845584405, -25.307073323421228 ], [ -57.585026849260572, -25.307341872209435 ], [ -57.584515188371412, -25.30759223793844 ], [ -57.584696985963781, -25.307889520870539 ], [ -57.585506176600994, -25.309213780708937 ], [ -57.586272879182914, -25.310479506913495 ], [ -57.587038271026728, -25.311727173094443 ], [ -57.587134030780511, -25.311884823917694 ], [ -57.588005547285697, -25.311574316585283 ], [ -57.588690494817492, -25.311332277308463 ], [ -57.59029994266799, -25.310761441473289 ], [ -57.590426388110437, -25.310715783107156 ], [ -57.592160113743439, -25.31010379256837 ], [ -57.592523987966366, -25.309980420157142 ], [ -57.593532141925969, -25.309619664033654 ], [ -57.595259648798852, -25.309012177626364 ], [ -57.5963310288695, -25.308633086457927 ], [ -57.596178764465954, -25.308113219544353 ] ] ] ] } },
{ "type": "Feature", "properties": { "DPTO": "00", "DISTRITO": "00", "DPTO_DESC": "ASUNCION", "DIST_DESC": "ASUNCION", "AREA": "1", "BAR_LOC": "039", "BARLO_DESC": "LOS LAURELES", "CLAVE": "0000039", "nombre": "Los Laureles", "fuente": "INE Cartografía Digital 2012" }, "geometry": { "type": "MultiPolygon", "coordinates": [ [ [ [ -57.583337958638246, -25.313231878945427 ], [ -57.583521759106517, -25.313167938660001 ], [ -57.583942955957205, -25.313017269094196 ], [ -57.585503773250444, -25.312460223367374 ], [ -57.586233061409445, -25.31220447367787 ], [ -57.587134030780511, -25.311884823917694 ], [ -57.587038271026728, -25.311727173094443 ], [ -57.586272879182914, -25.310479506913495 ], [ -57.585506176600994, -25.309213780708937 ], [ -57.584696985963781, -25.307889520870539 ], [ -57.584515188371412, -25.30759223793844 ], [ -57.583934128317352, -25.306641831187278 ], [ -57.58344548298416, -25.306901132486313 ], [ -57.582343527949732, -25.307384101030117 ], [ -57.581342703423225, -25.30785311709111 ], [ -57.580379660452948, -25.308303916877296 ], [ -57.579524538481131, -25.308731710237112 ], [ -57.578357901711549, -25.309133629747677 ], [ -57.576954768675563, -25.309617739569365 ], [ -57.575759595795631, -25.310028780792621 ], [ -57.574314596012201, -25.310526574838441 ], [ -57.572365613441448, -25.311202405604107 ], [ -57.571193558532734, -25.31171717028197 ], [ -57.570449162358116, -25.312067723904388 ], [ -57.571109876899691, -25.312873388858019 ], [ -57.571158294819931, -25.312936414248725 ], [ -57.571766148805295, -25.313656491819149 ], [ -57.57186824014974, -25.313778006523094 ], [ -57.57188415892719, -25.313796005614336 ], [ -57.572513633954117, -25.314556632917625 ], [ -57.572569525605005, -25.314624143996031 ], [ -57.573272372685047, -25.315470271830929 ], [ -57.574088911284854, -25.316392711893961 ], [ -57.574835138060934, -25.316164043360974 ], [ -57.576448925961444, -25.31562946209397 ], [ -57.577870178597692, -25.315154315887931 ], [ -57.579048939903672, -25.314743321710058 ], [ -57.580069946315696, -25.314391636715854 ], [ -57.580475341340808, -25.314245554350816 ], [ -57.581642886557162, -25.313830068578021 ], [ -57.583337958638246, -25.313231878945427 ] ] ] ] } },
{ "type": "Feature", "properties": { "DPTO": "00", "DISTRITO": "00", "DPTO_DESC": "ASUNCION", "DIST_DESC": "ASUNCION", "AREA": "1", "BAR_LOC": "038", "BARLO_DESC": "VILLA AURELIA", "CLAVE": "0000038", "nombre": "Villa Aurelia", "fuente": "INE Cartografía Digital 2012" }, "geometry": { "type": "MultiPolygon", "coordinates": [ [ [ [ -57.553605479065155, -25.308542335014476 ], [ -57.553751999901046, -25.309359040160135 ], [ -57.55360875713599, -25.309358573903161 ], [ -57.553542951541381, -25.309358360427655 ], [ -57.553589904335979, -25.309505494186915 ], [ -57.553598761971955, -25.309533249415313 ], [ -57.553679918484221, -25.309748961946504 ], [ -57.553740116055373, -25.309888362803218 ], [ -57.553786938497034, -25.309982464783126 ], [ -57.553833388213135, -25.310071048738383 ], [ -57.553919100406659, -25.310234511908686 ], [ -57.554027700926113, -25.310438742742644 ], [ -57.554094007739053, -25.31056343516682 ], [ -57.554147485078893, -25.310657997843229 ], [ -57.554285517446885, -25.310902082966923 ], [ -57.554296902824156, -25.310922215977765 ], [ -57.554352208101761, -25.311021937112042 ], [ -57.554521486157483, -25.311327157992405 ], [ -57.554674914813276, -25.311604812358613 ], [ -57.554743092654959, -25.311728193418954 ], [ -57.5548378428077, -25.311897513438574 ], [ -57.555007625692227, -25.312200914868132 ], [ -57.555237169401678, -25.312613722366635 ], [ -57.555443246962682, -25.312983921961937 ], [ -57.555508482400839, -25.313102450819553 ], [ -57.555607598560648, -25.313282538886405 ], [ -57.555724211298262, -25.313490045063201 ], [ -57.555834598340169, -25.313686474395745 ], [ -57.556043854896913, -25.314038851234649 ], [ -57.556267998864371, -25.314423336178098 ], [ -57.556336350621152, -25.314540582283829 ], [ -57.556559074204692, -25.314939947029199 ], [ -57.556595546504283, -25.315005345003978 ], [ -57.556882311795164, -25.315479140059924 ], [ -57.557021684191845, -25.315690991247596 ], [ -57.557241466744173, -25.316025068693531 ], [ -57.557329242418767, -25.316144243811063 ], [ -57.557584396688355, -25.316490670633684 ], [ -57.557644315466675, -25.316573095010636 ], [ -57.557767870580633, -25.316743056195381 ], [ -57.557821115064279, -25.316829364452893 ], [ -57.557937327523554, -25.317017743744668 ], [ -57.558198328907046, -25.317379694075612 ], [ -57.558493059805869, -25.317708229943907 ], [ -57.558615131494015, -25.317864878806304 ], [ -57.558698388143775, -25.317965608357962 ], [ -57.559032462909371, -25.318427954052435 ], [ -57.559082778069516, -25.318497587398724 ], [ -57.55908871244641, -25.318506030013928 ], [ -57.559570941839119, -25.319192073125215 ], [ -57.559846715410735, -25.319584400374939 ], [ -57.560050560291998, -25.319849724655338 ], [ -57.560101664084094, -25.319916240937314 ], [ -57.560348353663045, -25.320178096823295 ], [ -57.560393434428676, -25.320225948331899 ], [ -57.560400497590692, -25.32022380023 ], [ -57.561299854638925, -25.319950286128893 ], [ -57.561760393239972, -25.31983565127565 ], [ -57.56257596460987, -25.319620325652089 ], [ -57.564139518751276, -25.319144767547069 ], [ -57.564655122360421, -25.318921547869373 ], [ -57.564985319930251, -25.318888676081663 ], [ -57.565318765321507, -25.318819669409066 ], [ -57.566664043788855, -25.318480378067662 ], [ -57.568087597510619, -25.318149803296347 ], [ -57.568390879602191, -25.318071875544149 ], [ -57.57029172360032, -25.31756334518257 ], [ -57.570749321479568, -25.317421602558429 ], [ -57.57146083098182, -25.317202115810726 ], [ -57.572159010411205, -25.31698719260741 ], [ -57.572957942195302, -25.316740268077897 ], [ -57.574088911284854, -25.316392711893961 ], [ -57.573272372685047, -25.315470271830929 ], [ -57.572569525605005, -25.314624143996031 ], [ -57.572513633954117, -25.314556632917625 ], [ -57.57188415892719, -25.313796005614336 ], [ -57.57186824014974, -25.313778006523094 ], [ -57.571766148805295, -25.313656491819149 ], [ -57.571158294819931, -25.312936414248725 ], [ -57.571109876899691, -25.312873388858019 ], [ -57.570449162358116, -25.312067723904388 ], [ -57.569754138699729, -25.311226066668951 ], [ -57.569045068507414, -25.310366399289162 ], [ -57.568335388473265, -25.309506730615226 ], [ -57.567615120227174, -25.308638068620741 ], [ -57.566564375393291, -25.307332697015646 ], [ -57.565731434723411, -25.306329001554637 ], [ -57.565117297970097, -25.305577314961248 ], [ -57.564694534007245, -25.305055169104556 ], [ -57.564304374806554, -25.30460062548666 ], [ -57.56352954433919, -25.303601209551996 ], [ -57.563144669079584, -25.303146642463471 ], [ -57.562468521125446, -25.302347677127329 ], [ -57.56166440938452, -25.302791070147077 ], [ -57.560452736273284, -25.303459418017884 ], [ -57.559241590703067, -25.304109693154192 ], [ -57.557992349078617, -25.30478267873854 ], [ -57.555750692400807, -25.306035617843275 ], [ -57.555633712184516, -25.30610100026281 ], [ -57.554695436695525, -25.306623783722248 ], [ -57.553798523424646, -25.307139471450672 ], [ -57.553394649523185, -25.307373683511532 ], [ -57.553605479065155, -25.308542335014476 ] ] ] ] } },
{ "type": "Feature", "properties": { "DPTO": "00", "DISTRITO": "00", "DPTO_DESC": "ASUNCION", "DIST_DESC": "ASUNCION", "AREA": "1", "BAR_LOC": "043", "BARLO_DESC": "MARISCAL JOSE FELIX ESTIGARRIBIA", "CLAVE": "0000043", "nombre": "Mariscal Jose Felix Estigarribia", "fuente": "INE Cartografía Digital 2012" }, "geometry": { "type": "MultiPolygon", "coordinates": [ [ [ [ -57.57052950847465, -25.298110001008446 ], [ -57.569720714995427, -25.298434584221678 ], [ -57.568743610312183, -25.298925999461687 ], [ -57.567649125351217, -25.299544286360987 ], [ -57.566491472163555, -25.300198929670209 ], [ -57.566441929902794, -25.300226211298895 ], [ -57.565330780686921, -25.300803908202774 ], [ -57.5641085942354, -25.301472326064598 ], [ -57.562886310819039, -25.302122673394848 ], [ -57.562468521125446, -25.302347677127329 ], [ -57.563144669079584, -25.303146642463471 ], [ -57.56352954433919, -25.303601209551996 ], [ -57.564304374806554, -25.30460062548666 ], [ -57.564694534007245, -25.305055169104556 ], [ -57.565117297970097, -25.305577314961248 ], [ -57.565731434723411, -25.306329001554637 ], [ -57.566564375393291, -25.307332697015646 ], [ -57.567615120227174, -25.308638068620741 ], [ -57.568335388473265, -25.309506730615226 ], [ -57.569045068507414, -25.310366399289162 ], [ -57.569754138699729, -25.311226066668951 ], [ -57.570449162358116, -25.312067723904388 ], [ -57.571193558532734, -25.31171717028197 ], [ -57.572365613441448, -25.311202405604107 ], [ -57.574314596012201, -25.310526574838441 ], [ -57.575759595795631, -25.310028780792621 ], [ -57.576954768675563, -25.309617739569365 ], [ -57.578357901711549, -25.309133629747677 ], [ -57.579524538481131, -25.308731710237112 ], [ -57.580379660452948, -25.308303916877296 ], [ -57.581342703423225, -25.30785311709111 ], [ -57.582343527949732, -25.307384101030117 ], [ -57.58344548298416, -25.306901132486313 ], [ -57.583934128317352, -25.306641831187278 ], [ -57.583712915120564, -25.306281490318948 ], [ -57.583446009121083, -25.305845943943805 ], [ -57.583409020984995, -25.305785584674599 ], [ -57.58307806181935, -25.30524550378896 ], [ -57.582391297724492, -25.304128445454719 ], [ -57.582054018291721, -25.303578921296364 ], [ -57.581906617560065, -25.303331166360866 ], [ -57.581430924281719, -25.302529334854292 ], [ -57.58095492741154, -25.301727502836389 ], [ -57.58048707151864, -25.300939182708284 ], [ -57.57998904654368, -25.300137433934491 ], [ -57.579512425432313, -25.299331083982146 ], [ -57.579038358430005, -25.298538267937758 ], [ -57.579001450885059, -25.298479715019393 ], [ -57.578591766580679, -25.29777694893901 ], [ -57.5785704866109, -25.297740910679824 ], [ -57.578243902825882, -25.297213910986908 ], [ -57.578130941036378, -25.297024714664005 ], [ -57.577104402973887, -25.295326497316399 ], [ -57.576189941519893, -25.29572741183852 ], [ -57.576082752592576, -25.295772982735144 ], [ -57.574963750938338, -25.29624693200633 ], [ -57.573935500736269, -25.296679882773592 ], [ -57.57289087634507, -25.297130950931919 ], [ -57.57185646625183, -25.297577456943291 ], [ -57.57053668099303, -25.298107122351308 ], [ -57.57052950847465, -25.298110001008446 ] ] ] ] } },
{ "type": "Feature", "properties": { "DPTO": "00", "DISTRITO": "00", "DPTO_DESC": "ASUNCION", "DIST_DESC": "ASUNCION", "AREA": "1", "BAR_LOC": "044", "BARLO_DESC": "SAN CRISTOBAL", "CLAVE": "0000044", "nombre": "San Cristobal", "fuente": "INE Cartografía Digital 2012" }, "geometry": { "type": "MultiPolygon", "coordinates": [ [ [ [ -57.572575242236525, -25.290007154648766 ], [ -57.571458021370077, -25.290323037347353 ], [ -57.570366204242092, -25.290629782976154 ], [ -57.569234982937722, -25.290941187870679 ], [ -57.568148120818762, -25.291247898084787 ], [ -57.5670534954616, -25.291554630194135 ], [ -57.565947955869603, -25.291852365660969 ], [ -57.564734600676104, -25.292195657987079 ], [ -57.563664767410728, -25.292497754990649 ], [ -57.562866821991854, -25.292726563401043 ], [ -57.56276817600525, -25.292740485472699 ], [ -57.562703652967997, -25.292749762083364 ], [ -57.561697373749062, -25.29276714304806 ], [ -57.560192540400188, -25.292845109356008 ], [ -57.558577592230669, -25.292941538280473 ], [ -57.557002953964769, -25.293028766881882 ], [ -57.557509945281694, -25.293862169204292 ], [ -57.557995050293748, -25.294591802115523 ], [ -57.5585524052293, -25.295438555649827 ], [ -57.55910914615994, -25.296285309206361 ], [ -57.559650932615952, -25.297118571526195 ], [ -57.560177474936083, -25.297942859111782 ], [ -57.560738544195324, -25.298780559038338 ], [ -57.561279153000456, -25.299622849728998 ], [ -57.561812526955208, -25.30044258968346 ], [ -57.562345968677597, -25.301275872934738 ], [ -57.562886310819039, -25.302122673394848 ], [ -57.5641085942354, -25.301472326064598 ], [ -57.565330780686921, -25.300803908202774 ], [ -57.566441929902794, -25.300226211298895 ], [ -57.566491472163555, -25.300198929670209 ], [ -57.567649125351217, -25.299544286360987 ], [ -57.568743610312183, -25.298925999461687 ], [ -57.569720714995427, -25.298434584221678 ], [ -57.57052950847465, -25.298110001008446 ], [ -57.57053668099303, -25.298107122351308 ], [ -57.57185646625183, -25.297577456943291 ], [ -57.57289087634507, -25.297130950931919 ], [ -57.573935500736269, -25.296679882773592 ], [ -57.574963750938338, -25.29624693200633 ], [ -57.576082752592576, -25.295772982735144 ], [ -57.576189941519893, -25.29572741183852 ], [ -57.577104402973887, -25.295326497316399 ], [ -57.57710587007206, -25.29532585402708 ], [ -57.576911527880547, -25.295005744713539 ], [ -57.576630410316042, -25.294542702826451 ], [ -57.57613672017186, -25.293727377037786 ], [ -57.575644898161357, -25.292912042126595 ], [ -57.575187815183639, -25.292155267835366 ], [ -57.574382534960066, -25.290821899566051 ], [ -57.574142275360295, -25.290425495158964 ], [ -57.573697712193272, -25.289686727915022 ], [ -57.572575242236525, -25.290007154648766 ] ] ] ] } },
{ "type": "Feature", "properties": { "DPTO": "00", "DISTRITO": "00", "DPTO_DESC": "ASUNCION", "DIST_DESC": "ASUNCION", "AREA": "1", "BAR_LOC": "046", "BARLO_DESC": "LUIS ALBERTO DE HERRERA", "CLAVE": "0000046", "nombre": "Luis Alberto De Herrera", "fuente": "INE Cartografía Digital 2012" }, "geometry": { "type": "MultiPolygon", "coordinates": [ [ [ [ -57.550152180201856, -25.293419756098316 ], [ -57.550146746857891, -25.293420231498736 ], [ -57.550270970092527, -25.293846423430729 ], [ -57.55027687451134, -25.293866682028177 ], [ -57.550379438261189, -25.294218559839461 ], [ -57.550379967407999, -25.294220033443363 ], [ -57.551104594284652, -25.296879389671474 ], [ -57.551114862784232, -25.296906892409137 ], [ -57.551204770118339, -25.297087165692268 ], [ -57.551688743560263, -25.298737930613573 ], [ -57.552164757637932, -25.30047902778939 ], [ -57.552585890383888, -25.30284794512556 ], [ -57.552872281477413, -25.304526535988366 ], [ -57.55313107752378, -25.306074287806357 ], [ -57.553134090288907, -25.306084504392434 ], [ -57.553162819914633, -25.306226647877256 ], [ -57.553394649523185, -25.307373683511532 ], [ -57.553798523424646, -25.307139471450672 ], [ -57.554695436695525, -25.306623783722248 ], [ -57.555633712184516, -25.30610100026281 ], [ -57.555750692400807, -25.306035617843275 ], [ -57.557992349078617, -25.30478267873854 ], [ -57.559241590703067, -25.304109693154192 ], [ -57.560452736273284, -25.303459418017884 ], [ -57.56166440938452, -25.302791070147077 ], [ -57.562468521125446, -25.302347677127329 ], [ -57.562886310819039, -25.302122673394848 ], [ -57.562345968677597, -25.301275872934738 ], [ -57.561812526955208, -25.30044258968346 ], [ -57.561279153000456, -25.299622849728998 ], [ -57.560738544195324, -25.298780559038338 ], [ -57.560177474936083, -25.297942859111782 ], [ -57.559650932615952, -25.297118571526195 ], [ -57.55910914615994, -25.296285309206361 ], [ -57.5585524052293, -25.295438555649827 ], [ -57.557995050293748, -25.294591802115523 ], [ -57.557509945281694, -25.293862169204292 ], [ -57.557002953964769, -25.293028766881882 ], [ -57.556941492121062, -25.293028998957439 ], [ -57.555301684954614, -25.293120970702518 ], [ -57.555233415613117, -25.293125742926275 ], [ -57.553672678234506, -25.29319933800943 ], [ -57.552047143402554, -25.29329122005695 ], [ -57.550903240969305, -25.293354194792311 ], [ -57.550152180201856, -25.293419756098316 ] ] ] ] } },
{ "type": "Feature", "properties": { "DPTO": "00", "DISTRITO": "00", "DPTO_DESC": "ASUNCION", "DIST_DESC": "ASUNCION", "AREA": "1", "BAR_LOC": "047", "BARLO_DESC": "SANTA MARIA", "CLAVE": "0000047", "nombre": "Santa Maria", "fuente": "INE Cartografía Digital 2012" }, "geometry": { "type": "MultiPolygon", "coordinates": [ [ [ [ -57.55360875713599, -25.309358573903161 ], [ -57.553751999901046, -25.309359040160135 ], [ -57.553605479065155, -25.308542335014476 ], [ -57.553394649523185, -25.307373683511532 ], [ -57.553162819914633, -25.306226647877256 ], [ -57.553134090288907, -25.306084504392434 ], [ -57.55313107752378, -25.306074287806357 ], [ -57.552872281477413, -25.304526535988366 ], [ -57.552585890383888, -25.30284794512556 ], [ -57.552164757637932, -25.30047902778939 ], [ -57.551688743560263, -25.298737930613573 ], [ -57.551204770118339, -25.297087165692268 ], [ -57.551114862784232, -25.296906892409137 ], [ -57.551104594284652, -25.296879389671474 ], [ -57.550379967407999, -25.294220033443363 ], [ -57.550379438261189, -25.294218559839461 ], [ -57.55027687451134, -25.293866682028177 ], [ -57.550270970092527, -25.293846423430729 ], [ -57.550146746857891, -25.293420231498736 ], [ -57.550152180201856, -25.293419756098316 ], [ -57.550129198005017, -25.293335983077494 ], [ -57.54954068801603, -25.293939004579869 ], [ -57.549090921865705, -25.294399855407022 ], [ -57.549087677700882, -25.294403178956557 ], [ -57.548657884452453, -25.294843560619046 ], [ -57.547717524760834, -25.295926196497724 ], [ -57.546565481750257, -25.297226342264235 ], [ -57.545264707679834, -25.298692545793877 ], [ -57.545257530994668, -25.298700633824652 ], [ -57.545213180522069, -25.298750727236914 ], [ -57.545222627014326, -25.298759059945162 ], [ -57.54526086278738, -25.298805445357456 ], [ -57.545527955765643, -25.299183856414427 ], [ -57.545538686313861, -25.299200303643357 ], [ -57.545745156926927, -25.299516772777846 ], [ -57.545847256866494, -25.299673267645872 ], [ -57.545988251730215, -25.299889375739149 ], [ -57.546077417276386, -25.30001789227105 ], [ -57.546198172999539, -25.300191938938848 ], [ -57.546260474192536, -25.30028173468509 ], [ -57.546398000964359, -25.300463134870455 ], [ -57.546462107821284, -25.300558113641735 ], [ -57.54671615717173, -25.300934503619143 ], [ -57.546721315358468, -25.300942145940912 ], [ -57.546722668032203, -25.300944288370189 ], [ -57.546730368852252, -25.300956481648971 ], [ -57.546742960090235, -25.300976415769984 ], [ -57.546759194149914, -25.301002119492139 ], [ -57.546860332509738, -25.301162251920598 ], [ -57.546879461059092, -25.301192536884773 ], [ -57.546926579633244, -25.301267138885262 ], [ -57.546928310501215, -25.301269879532541 ], [ -57.546961559758131, -25.301320881274254 ], [ -57.54699437991777, -25.30137122356955 ], [ -57.547113445380489, -25.301553856435763 ], [ -57.547237542637355, -25.301744206017556 ], [ -57.547269152683825, -25.301792692461451 ], [ -57.547407113967616, -25.301980979353146 ], [ -57.547446400332063, -25.302034596363004 ], [ -57.547619965868407, -25.302286384000979 ], [ -57.547668994909891, -25.302357508241577 ], [ -57.547707614832873, -25.302413532462573 ], [ -57.547831439205865, -25.302593157938905 ], [ -57.547962863403527, -25.302783810150444 ], [ -57.548269356179794, -25.303262432113666 ], [ -57.5485454562413, -25.303682636432654 ], [ -57.548685165438357, -25.303895262540582 ], [ -57.548917664436779, -25.304249106365987 ], [ -57.548932526359479, -25.30427125061258 ], [ -57.549104270998669, -25.304527154691392 ], [ -57.549189974568705, -25.304654854876205 ], [ -57.549564205210849, -25.305212462035346 ], [ -57.549566489548845, -25.305215867033468 ], [ -57.54957190155595, -25.305223318660911 ], [ -57.549750979962226, -25.305469879671445 ], [ -57.549824476985378, -25.305579599273905 ], [ -57.54991156340553, -25.305709605641461 ], [ -57.549911582406686, -25.305709633565005 ], [ -57.550229126569967, -25.306183672954958 ], [ -57.550463766785747, -25.306527041639757 ], [ -57.550630459200676, -25.306764237096257 ], [ -57.550974069715373, -25.307253176072177 ], [ -57.551159225508158, -25.307511723920818 ], [ -57.551370133984918, -25.30780623199713 ], [ -57.551396251430894, -25.307846791218701 ], [ -57.55156688918489, -25.308111784556097 ], [ -57.551669589746872, -25.308271272688774 ], [ -57.551860903133878, -25.308580725561466 ], [ -57.551948445599578, -25.308724032566211 ], [ -57.551963164473626, -25.308748126688922 ], [ -57.552030435407978, -25.308858250387622 ], [ -57.552078181309824, -25.308936410748004 ], [ -57.552396922787409, -25.309311434352118 ], [ -57.552508408460447, -25.309312512956957 ], [ -57.553401658934938, -25.309321154405755 ], [ -57.553531478673328, -25.309322409950358 ], [ -57.553538609915918, -25.309344757009576 ], [ -57.553542951541381, -25.309358360427655 ], [ -57.55360875713599, -25.309358573903161 ] ] ] ] } },
{ "type": "Feature", "properties": { "DPTO": "00", "DISTRITO": "00", "DPTO_DESC": "ASUNCION", "DIST_DESC": "ASUNCION", "AREA": "1", "BAR_LOC": "048", "BARLO_DESC": "YTAY", "CLAVE": "0000048", "nombre": "Ytay", "fuente": "INE Cartografía Digital 2012" }, "geometry": { "type": "MultiPolygon", "coordinates": [ [ [ [ -57.541831227361847, -25.291712471169728 ], [ -57.54182569812091, -25.291723768740802 ], [ -57.541825838687281, -25.291726341910845 ], [ -57.541825992216687, -25.291729149825716 ], [ -57.541821796027108, -25.291785826072569 ], [ -57.541822190612407, -25.291792808795204 ], [ -57.541822485996576, -25.291798032745021 ], [ -57.541845534343985, -25.291889993943869 ], [ -57.541849276046797, -25.291893319670454 ], [ -57.541895970769176, -25.291984706352082 ], [ -57.541960432194223, -25.292036799346032 ], [ -57.54201921052757, -25.292090818623919 ], [ -57.542111577064723, -25.29213815650877 ], [ -57.542117509485365, -25.292140016658067 ], [ -57.5421817703497, -25.292201471282038 ], [ -57.5422502922614, -25.292281159001696 ], [ -57.542307391003085, -25.292355022486461 ], [ -57.542371225862532, -25.292441689875552 ], [ -57.542444608509079, -25.292520295836397 ], [ -57.542520922706174, -25.292577732569722 ], [ -57.542620904727329, -25.292605902923839 ], [ -57.542726886185889, -25.292627764118095 ], [ -57.542821415772686, -25.29263960923377 ], [ -57.542831300153814, -25.29264157943128 ], [ -57.542839397347358, -25.292645512206295 ], [ -57.542843440961711, -25.292647474999775 ], [ -57.542904136234853, -25.292682564397225 ], [ -57.542916359377884, -25.292692225365155 ], [ -57.542964418171948, -25.292756874648479 ], [ -57.542972425780157, -25.292764331437493 ], [ -57.543007900626591, -25.292828850028812 ], [ -57.543034917627089, -25.292927103289738 ], [ -57.543048933405153, -25.292959431365126 ], [ -57.5430500012707, -25.292961893656688 ], [ -57.543069243995198, -25.293006277135717 ], [ -57.54318647703834, -25.293087164908549 ], [ -57.543282813119916, -25.293135171930246 ], [ -57.54336698802264, -25.293189651578682 ], [ -57.543498669244173, -25.293335346356205 ], [ -57.54356073304497, -25.293425059384983 ], [ -57.54365103790802, -25.293523821589979 ], [ -57.543739898913017, -25.293615523615845 ], [ -57.543742006317203, -25.293619433267114 ], [ -57.543785980448256, -25.293713276589774 ], [ -57.543786116386627, -25.29371702915369 ], [ -57.543783402557352, -25.293796296017735 ], [ -57.543783806565365, -25.293807145545973 ], [ -57.543791265985526, -25.293909469438244 ], [ -57.543791392616342, -25.293912916806349 ], [ -57.543795267508671, -25.293919798190789 ], [ -57.543817948562086, -25.294007375186855 ], [ -57.543821854130293, -25.294018905345251 ], [ -57.543823726312453, -25.29402218914738 ], [ -57.54383114462339, -25.294094801121211 ], [ -57.543796249662414, -25.294093212176872 ], [ -57.543789094258209, -25.294088441568963 ], [ -57.543728568803289, -25.294064470248021 ], [ -57.543719823589221, -25.294064491648225 ], [ -57.543673267864435, -25.294074255423418 ], [ -57.543611422531356, -25.294092437752816 ], [ -57.543564931255908, -25.294138046819601 ], [ -57.543503849863718, -25.29418588778368 ], [ -57.543445317832735, -25.294228049998573 ], [ -57.543376168714147, -25.294354388227806 ], [ -57.543335230200952, -25.294459325040563 ], [ -57.543336237348043, -25.294465989432389 ], [ -57.543337578106332, -25.294474848806491 ], [ -57.543340422183633, -25.294533942779942 ], [ -57.54334173810517, -25.294542578289661 ], [ -57.543342395024389, -25.294546885211776 ], [ -57.543374764027632, -25.294614655264986 ], [ -57.543379076363998, -25.294616718193673 ], [ -57.543432230826504, -25.294698482942731 ], [ -57.543436706764169, -25.294702483206461 ], [ -57.543484561150919, -25.294754015376785 ], [ -57.543488955277518, -25.294757934666048 ], [ -57.543521897110573, -25.294837407871757 ], [ -57.543522355193687, -25.29484122968605 ], [ -57.543521123226427, -25.294925838921348 ], [ -57.543471430836838, -25.29502041575379 ], [ -57.543417789920177, -25.295107658117914 ], [ -57.543347943508962, -25.295199352582951 ], [ -57.543312707308672, -25.295319181297842 ], [ -57.543302002964872, -25.295489887629081 ], [ -57.543299292793137, -25.295620864747292 ], [ -57.543313487352769, -25.295747372723294 ], [ -57.543326018591479, -25.295852822343605 ], [ -57.54321586303454, -25.296165516251822 ], [ -57.543238908807901, -25.296287669643014 ], [ -57.543283161564531, -25.296365882108329 ], [ -57.543339409687306, -25.296441771079092 ], [ -57.543414312640813, -25.296511772060899 ], [ -57.543485716952468, -25.296583525163662 ], [ -57.543573994211449, -25.296661902206843 ], [ -57.543575924990357, -25.296663616298719 ], [ -57.543642115605728, -25.296746337079487 ], [ -57.543645859406439, -25.296749642881014 ], [ -57.543682808521311, -25.296818295389428 ], [ -57.543735393234499, -25.296927503883545 ], [ -57.543779202943959, -25.296984658763016 ], [ -57.543781832832479, -25.296990331038696 ], [ -57.5438423098106, -25.297074351502111 ], [ -57.543834763596308, -25.297079100457097 ], [ -57.543931786045889, -25.297188433987312 ], [ -57.544144100151044, -25.297423295512282 ], [ -57.544417313904674, -25.297736823908473 ], [ -57.54457490560258, -25.297955720415509 ], [ -57.544774765251319, -25.29821720182218 ], [ -57.545051714618481, -25.298613607630273 ], [ -57.545120471210367, -25.29866679039549 ], [ -57.54518091962963, -25.298722266874581 ], [ -57.545213180522069, -25.298750727236914 ], [ -57.545257530994668, -25.298700633824652 ], [ -57.545264707679834, -25.298692545793877 ], [ -57.546565481750257, -25.297226342264235 ], [ -57.547717524760834, -25.295926196497724 ], [ -57.548657884452453, -25.294843560619046 ], [ -57.549087677700882, -25.294403178956557 ], [ -57.549090921865705, -25.294399855407022 ], [ -57.54954068801603, -25.293939004579869 ], [ -57.550129198005017, -25.293335983077494 ], [ -57.55010778628796, -25.293257933124096 ], [ -57.54952489989077, -25.291133180752379 ], [ -57.549523370871562, -25.291133330935864 ], [ -57.549418917583111, -25.290754440181633 ], [ -57.549131983027117, -25.289694427973842 ], [ -57.548865899668591, -25.288783340260071 ], [ -57.548538836087118, -25.287633171016058 ], [ -57.548537182285116, -25.287629861174022 ], [ -57.547963390846959, -25.285499601256468 ], [ -57.547545791724822, -25.283952424077135 ], [ -57.547196562707512, -25.282698482464561 ], [ -57.54700907718756, -25.282006736321051 ], [ -57.547009047906329, -25.282006629869866 ], [ -57.546998640400687, -25.281968227482402 ], [ -57.546996756375876, -25.281954305846124 ], [ -57.546672794209734, -25.280727262775631 ], [ -57.546671545362635, -25.280720754615004 ], [ -57.54660799040586, -25.280479047047116 ], [ -57.546485854636103, -25.280014546696052 ], [ -57.54617701155486, -25.278832696071099 ], [ -57.546170619640449, -25.278817252305746 ], [ -57.54617060244081, -25.278817181931579 ], [ -57.54580125194299, -25.277330509581276 ], [ -57.545312853207541, -25.275693280545561 ], [ -57.545182012048123, -25.275445425343438 ], [ -57.545113731922662, -25.275445677563614 ], [ -57.545070260762031, -25.275441322877843 ], [ -57.545024535880195, -25.275418915512045 ], [ -57.544988122930839, -25.275396473744845 ], [ -57.544959116411185, -25.275364974124194 ], [ -57.544939673172472, -25.275319893442518 ], [ -57.544929829570087, -25.275270262064641 ], [ -57.544936807104435, -25.275234114318703 ], [ -57.544366894017266, -25.275078183911813 ], [ -57.544038296899828, -25.27495748389584 ], [ -57.543690940678566, -25.274798309181815 ], [ -57.543687366883766, -25.274796671572602 ], [ -57.542599690556933, -25.274298238326647 ], [ -57.542549192479619, -25.274392225572655 ], [ -57.542510061504402, -25.274465059517063 ], [ -57.542440531144898, -25.274584752465429 ], [ -57.542396895448952, -25.274726500222354 ], [ -57.542370438036144, -25.274867440722353 ], [ -57.542380630535099, -25.275051656132788 ], [ -57.542386728850289, -25.275245180772917 ], [ -57.542389552732139, -25.275422410169039 ], [ -57.542391022916568, -25.275768762272655 ], [ -57.542399172107586, -25.275829330570737 ], [ -57.542430094741455, -25.276059160462882 ], [ -57.542414992390995, -25.276257997072904 ], [ -57.542410974117445, -25.276430051831927 ], [ -57.542361192237159, -25.276540596491863 ], [ -57.542353036164229, -25.276559366552366 ], [ -57.542299406783037, -25.276619464723503 ], [ -57.542229714540312, -25.276663269472547 ], [ -57.542123011670412, -25.276681536452351 ], [ -57.542020556828341, -25.276707667764338 ], [ -57.541917083171754, -25.276795567730932 ], [ -57.541904410826895, -25.276806033652004 ], [ -57.541774157924387, -25.276893802477773 ], [ -57.541764334100854, -25.276903835302246 ], [ -57.541754664083747, -25.276911376950491 ], [ -57.541749671532905, -25.276918811122101 ], [ -57.541647727165554, -25.277003611439959 ], [ -57.541573436275939, -25.277096706762212 ], [ -57.541506007111053, -25.277177907184555 ], [ -57.541499370209635, -25.277186776006083 ], [ -57.541518699582461, -25.277279811301682 ], [ -57.541615177555016, -25.277327864315524 ], [ -57.541625831047078, -25.277331993692112 ], [ -57.541634156496947, -25.277342389746309 ], [ -57.541707999296058, -25.277375168512474 ], [ -57.541716285966103, -25.277381302310115 ], [ -57.541723222641821, -25.277418025546613 ], [ -57.541723134316072, -25.277420054120238 ], [ -57.541681002909179, -25.277472412265375 ], [ -57.541678764032298, -25.277476392095515 ], [ -57.541670112852536, -25.27748435081967 ], [ -57.541627062537344, -25.2775315288178 ], [ -57.541616597851473, -25.277537269080682 ], [ -57.54160821688685, -25.277543007113614 ], [ -57.541601874518882, -25.277550659353754 ], [ -57.541541682920325, -25.277590543994496 ], [ -57.541533413696733, -25.277599976892073 ], [ -57.541527264207751, -25.277601857934386 ], [ -57.54146810496232, -25.277642966904601 ], [ -57.541460001018585, -25.277646675663377 ], [ -57.541453949255185, -25.277652226337629 ], [ -57.541375852916012, -25.277699895872686 ], [ -57.541363954818316, -25.277707158499759 ], [ -57.541356011386284, -25.27771078177739 ], [ -57.541352132197893, -25.277716210693278 ], [ -57.541292293179993, -25.277780530462007 ], [ -57.541299046646373, -25.277860598963635 ], [ -57.541338539594761, -25.277945040942321 ], [ -57.541338586695247, -25.277946702380749 ], [ -57.541411288702896, -25.278035230722583 ], [ -57.541489932643636, -25.278123867262138 ], [ -57.541492256295527, -25.278128242138127 ], [ -57.541499104400174, -25.278136960334951 ], [ -57.541501560327113, -25.2782405003992 ], [ -57.54149969787548, -25.278253211333976 ], [ -57.541499904163423, -25.278261646865545 ], [ -57.541500212373748, -25.278274248693538 ], [ -57.541444976535658, -25.278361138704714 ], [ -57.5414410198957, -25.278369260800478 ], [ -57.541437077055654, -25.278377359366221 ], [ -57.541437296563331, -25.2783834035742 ], [ -57.541435445682779, -25.278447060906039 ], [ -57.54143573875691, -25.278454910943026 ], [ -57.541436031726896, -25.278462737501105 ], [ -57.541442666003235, -25.278530241393934 ], [ -57.541443222091267, -25.278545434064178 ], [ -57.541409251473006, -25.278612808797554 ], [ -57.541407390691845, -25.278616500066409 ], [ -57.54138502065932, -25.27869460561244 ], [ -57.541428382900023, -25.278778914155307 ], [ -57.541432436598029, -25.278782363379754 ], [ -57.541489766467258, -25.278896442958278 ], [ -57.541512101610941, -25.278985903767307 ], [ -57.541504866375135, -25.279100756663194 ], [ -57.541505020253894, -25.2791099148256 ], [ -57.541502857588576, -25.279114513864904 ], [ -57.541464606836676, -25.279198164621299 ], [ -57.541458168816959, -25.279204874422192 ], [ -57.541424470676333, -25.279317566786272 ], [ -57.541424815440649, -25.279328111332063 ], [ -57.54142502220791, -25.279334417470345 ], [ -57.541454007885235, -25.279373738252655 ], [ -57.54146269388206, -25.279379856147269 ], [ -57.541469234571771, -25.27938598191335 ], [ -57.541475857000712, -25.27939620180506 ], [ -57.541480150660711, -25.279398214298588 ], [ -57.54148764506548, -25.27945093210559 ], [ -57.541483608441531, -25.27945894251711 ], [ -57.541468012135986, -25.279508427250818 ], [ -57.541466077614885, -25.279514304170181 ], [ -57.54144078375127, -25.279570550396208 ], [ -57.541440904062554, -25.279574384302329 ], [ -57.541439152765882, -25.279583948602603 ], [ -57.541408886331894, -25.279649928073244 ], [ -57.541405133157056, -25.279657355878786 ], [ -57.541393229984863, -25.279710513301325 ], [ -57.541393683360617, -25.27972136087276 ], [ -57.541403872811223, -25.279776644290742 ], [ -57.541420975493345, -25.279895576350093 ], [ -57.541417900193792, -25.279956825213951 ], [ -57.541420971982305, -25.280084100548844 ], [ -57.54142107500293, -25.280088514275818 ], [ -57.541421381869995, -25.28010170850618 ], [ -57.541405960242962, -25.280183859494489 ], [ -57.541404021488717, -25.280192366107727 ], [ -57.541402031504731, -25.280198729069895 ], [ -57.541355134783714, -25.280274193764605 ], [ -57.541347018348077, -25.280284527333514 ], [ -57.541341059001276, -25.280294818672587 ], [ -57.541273645116817, -25.280381677429325 ], [ -57.541269691820794, -25.280385645480358 ], [ -57.541266190748338, -25.280397517165817 ], [ -57.54122865883366, -25.280492426241469 ], [ -57.54122291149146, -25.280498122083483 ], [ -57.541219339700945, -25.280505697318727 ], [ -57.541172445272167, -25.280559790382984 ], [ -57.541113913351204, -25.280587275319022 ], [ -57.540999921352764, -25.280613329058678 ], [ -57.540995495400686, -25.280613296520979 ], [ -57.540899912541505, -25.280652514167198 ], [ -57.540891090349071, -25.280654670478025 ], [ -57.540877880458829, -25.280654670134993 ], [ -57.540790389016522, -25.280704793978281 ], [ -57.540781717430207, -25.280709109824556 ], [ -57.540724813100617, -25.280790112373705 ], [ -57.540691164417737, -25.280879252854483 ], [ -57.540648940789154, -25.280981083690524 ], [ -57.540581442858823, -25.281153163200109 ], [ -57.540546331057556, -25.281259586144408 ], [ -57.54051196942703, -25.28139410380529 ], [ -57.540510317686909, -25.281402845953991 ], [ -57.540498444139388, -25.281522435102978 ], [ -57.54050126146889, -25.281532864031846 ], [ -57.540501800882211, -25.281541177333061 ], [ -57.540514187653635, -25.281665165766601 ], [ -57.54051471947664, -25.281673110651322 ], [ -57.540515117278701, -25.281679053063886 ], [ -57.540526838724766, -25.281762722785185 ], [ -57.540527090075607, -25.281766547180748 ], [ -57.54057761080572, -25.281865804070062 ], [ -57.540584220809919, -25.281876791634922 ], [ -57.540586318674315, -25.281878618944951 ], [ -57.540621381270377, -25.281943475706179 ], [ -57.540675785236168, -25.282034560183821 ], [ -57.540703901506646, -25.282133984004926 ], [ -57.540706604643468, -25.282142843847694 ], [ -57.54073181994552, -25.282244783350226 ], [ -57.540736338167186, -25.282249036408412 ], [ -57.540767936664345, -25.282326467236931 ], [ -57.540770635376035, -25.282338807445587 ], [ -57.540775234649004, -25.282347002917707 ], [ -57.540815707491866, -25.282464911990793 ], [ -57.540817994054393, -25.282470764398319 ], [ -57.540836749209355, -25.282590560967279 ], [ -57.540837156045924, -25.282601672397625 ], [ -57.540883706025483, -25.282694123891577 ], [ -57.540889921175683, -25.282706541511597 ], [ -57.540928691024853, -25.282793361198141 ], [ -57.541001549980827, -25.282902341329219 ], [ -57.541025476684034, -25.283018212312101 ], [ -57.541025626126654, -25.283020554273175 ], [ -57.541035377462457, -25.283137808323417 ], [ -57.541052631426545, -25.283268412626292 ], [ -57.541077175749592, -25.283427201438151 ], [ -57.541092802945784, -25.283595436325342 ], [ -57.541094848276678, -25.283606906576072 ], [ -57.541086512803965, -25.28370852111474 ], [ -57.541082158109262, -25.283846817347456 ], [ -57.541096344680149, -25.284004197441639 ], [ -57.541112279906386, -25.284239146624007 ], [ -57.541106603365321, -25.284417550286602 ], [ -57.541106624483952, -25.284420071521392 ], [ -57.541107761703415, -25.284550574156189 ], [ -57.541107846049385, -25.284560182285919 ], [ -57.541054755769068, -25.28464151591734 ], [ -57.541000924644599, -25.284722893786423 ], [ -57.540994420693515, -25.284727349798203 ], [ -57.540917502216793, -25.284789026491801 ], [ -57.540911225984246, -25.284795558677256 ], [ -57.540802360456816, -25.284834436665779 ], [ -57.540789631985028, -25.284838724037783 ], [ -57.540677340350982, -25.284893894656193 ], [ -57.540602577538628, -25.284962419234326 ], [ -57.540592802446959, -25.284970614999722 ], [ -57.54051063572539, -25.285045403114708 ], [ -57.540485470960903, -25.285122610250824 ], [ -57.54048794743003, -25.285195061812043 ], [ -57.540505307015977, -25.285319523222107 ], [ -57.540521626810985, -25.285431237388863 ], [ -57.540552381934937, -25.285536494242489 ], [ -57.54050598063403, -25.28563063007244 ], [ -57.54046175470112, -25.285701946908375 ], [ -57.54042451642065, -25.285796367018907 ], [ -57.540420151707508, -25.285801230572122 ], [ -57.540357476682011, -25.285868504276056 ], [ -57.540355505330801, -25.285873275981103 ], [ -57.54030947259475, -25.285990131103713 ], [ -57.540311279009764, -25.286100578178317 ], [ -57.540359160122648, -25.286187908233654 ], [ -57.540392482809551, -25.286268260460304 ], [ -57.540454551930225, -25.28635245189205 ], [ -57.540537421499351, -25.286436028871172 ], [ -57.540615133485218, -25.286497955146537 ], [ -57.540676451355523, -25.286524657546682 ], [ -57.540729172418864, -25.286602644854469 ], [ -57.540752803504766, -25.286704591892718 ], [ -57.540762152587853, -25.286797412689456 ], [ -57.540765949459541, -25.286802470293082 ], [ -57.540788178031832, -25.286872145702176 ], [ -57.540791905387692, -25.286875413717652 ], [ -57.540836577299878, -25.28689654384651 ], [ -57.540842187317146, -25.286896543147769 ], [ -57.540936604729772, -25.286919073015184 ], [ -57.541036402805233, -25.286975868228854 ], [ -57.541046817263485, -25.287028916644797 ], [ -57.541063556465595, -25.287073803591042 ], [ -57.541072920376813, -25.287100060602576 ], [ -57.541077050399274, -25.287105875536589 ], [ -57.541127157600719, -25.287161016119313 ], [ -57.541130889020707, -25.287164748277892 ], [ -57.541192431981116, -25.287221477797019 ], [ -57.541241680094274, -25.287269232747768 ], [ -57.541248612231847, -25.287276180655923 ], [ -57.54128224008155, -25.287323935102794 ], [ -57.541287035813177, -25.287387974344576 ], [ -57.541293229542994, -25.287470687109682 ], [ -57.541293795499463, -25.287478247160564 ], [ -57.541292113501456, -25.287570131282937 ], [ -57.541282092508752, -25.287670653857347 ], [ -57.541264226916695, -25.287825859504867 ], [ -57.541259575452798, -25.287922773660334 ], [ -57.541265250606649, -25.288016205700988 ], [ -57.54122602393069, -25.288063676572982 ], [ -57.541171037752221, -25.288123232043699 ], [ -57.541170195146407, -25.28812853602841 ], [ -57.541176645828919, -25.288175153006108 ], [ -57.541178895239248, -25.2881802144679 ], [ -57.541238412634087, -25.288237435417599 ], [ -57.5412951116706, -25.288286273752099 ], [ -57.541300382844433, -25.288294060360926 ], [ -57.541359334591945, -25.288357638988931 ], [ -57.541362732182755, -25.28836357941552 ], [ -57.541386954764796, -25.288415991947758 ], [ -57.541390122424403, -25.288420257159817 ], [ -57.541430452087951, -25.288499042796527 ], [ -57.541519145677569, -25.288594519840959 ], [ -57.541578407048597, -25.288636059249626 ], [ -57.541651364636074, -25.288695643627825 ], [ -57.541708423489744, -25.288733719751875 ], [ -57.541735370421044, -25.28878893250365 ], [ -57.541755973683053, -25.288835082074904 ], [ -57.541757873996893, -25.288899278211133 ], [ -57.541698333748599, -25.288913508547324 ], [ -57.541696386960311, -25.288913522920193 ], [ -57.541659379090213, -25.288937269904139 ], [ -57.541657444212838, -25.288937282426666 ], [ -57.541611224190241, -25.288981972400382 ], [ -57.541566525527394, -25.289031507949719 ], [ -57.541566905671282, -25.289035245173732 ], [ -57.541561787755278, -25.289112519734786 ], [ -57.541555700510159, -25.28917998352572 ], [ -57.541538768979187, -25.28924711506868 ], [ -57.54153409497124, -25.2893058104905 ], [ -57.541534968041098, -25.289314077400675 ], [ -57.541574237547842, -25.289367879532875 ], [ -57.541580014155535, -25.289372709500672 ], [ -57.541647711672574, -25.289414400316787 ], [ -57.541704391285592, -25.289441265581218 ], [ -57.541762503447906, -25.289473986344849 ], [ -57.54179781402776, -25.289515315603932 ], [ -57.54184000727615, -25.289570746858942 ], [ -57.541867340412651, -25.289660505166655 ], [ -57.541867772895472, -25.289728318877359 ], [ -57.54184295999714, -25.289786813749195 ], [ -57.541792757128491, -25.289819999125683 ], [ -57.541714578845585, -25.289850926650196 ], [ -57.541709143882976, -25.289854587697985 ], [ -57.541673357434, -25.289881899046904 ], [ -57.541656735050488, -25.28993052961939 ], [ -57.541655879437172, -25.289985224964749 ], [ -57.54168766724105, -25.290035352032291 ], [ -57.541725000920053, -25.290071002733313 ], [ -57.541759274208474, -25.290096135123438 ], [ -57.541795416234883, -25.290129164118447 ], [ -57.541818388180218, -25.290207142831385 ], [ -57.541861325635516, -25.290404048258385 ], [ -57.54196360625793, -25.290776811946973 ], [ -57.542054807810587, -25.291130285606158 ], [ -57.542092134901253, -25.291256844251869 ], [ -57.542124079872337, -25.291339520089959 ], [ -57.542111722311823, -25.291391176495981 ], [ -57.542081887882567, -25.291441822498957 ], [ -57.542027289747153, -25.291491486669972 ], [ -57.541930918042077, -25.291591938187754 ], [ -57.541859481858999, -25.291654285152841 ], [ -57.541856075947095, -25.29166169723792 ], [ -57.541833949158729, -25.291706909233991 ], [ -57.541831227361847, -25.291712471169728 ] ] ] ] } },
{ "type": "Feature", "properties": { "DPTO": "00", "DISTRITO": "00", "DPTO_DESC": "ASUNCION", "DIST_DESC": "ASUNCION", "AREA": "1", "BAR_LOC": "064", "BARLO_DESC": "ÑU GUASU", "CLAVE": "0000064", "nombre": "Ñu Guasu", "fuente": "INE Cartografía Digital 2012" }, "geometry": { "type": "MultiPolygon", "coordinates": [ [ [ [ -57.535839300618626, -25.259109522112389 ], [ -57.535839254974732, -25.259109530405524 ], [ -57.535840531049118, -25.259115641245128 ], [ -57.535842962388678, -25.25921075995738 ], [ -57.535856738106922, -25.259301296949815 ], [ -57.535864585144942, -25.259352874299733 ], [ -57.535871340063423, -25.259397263703722 ], [ -57.53593066142296, -25.259447126256021 ], [ -57.535974404529945, -25.259503485903753 ], [ -57.53599918696159, -25.259583971684126 ], [ -57.536004929594824, -25.25966015941972 ], [ -57.536074347343671, -25.259745942992215 ], [ -57.53611738828706, -25.259824635818738 ], [ -57.536178697072053, -25.260015381645793 ], [ -57.536199040114163, -25.260156769092035 ], [ -57.536235667040295, -25.260325660349935 ], [ -57.53626061473129, -25.260618236303316 ], [ -57.536319016229271, -25.260817517415511 ], [ -57.536348544905984, -25.260922615718705 ], [ -57.536448419297287, -25.261075376182209 ], [ -57.536609377237419, -25.261399792465337 ], [ -57.536765065649924, -25.261584807318108 ], [ -57.536951756854279, -25.261901372409994 ], [ -57.537155720310402, -25.262213808858675 ], [ -57.537255115389321, -25.262328938490999 ], [ -57.537365579228975, -25.262469277093317 ], [ -57.537487579063303, -25.262561829260676 ], [ -57.537534091899317, -25.262677543133549 ], [ -57.537650432174445, -25.262897420776596 ], [ -57.53784957135418, -25.263355604616635 ], [ -57.537953049596084, -25.263518506551872 ], [ -57.538003915639301, -25.263576689031051 ], [ -57.538072372287694, -25.263653124878608 ], [ -57.538085837623342, -25.263787195217851 ], [ -57.538120800231567, -25.263867838520536 ], [ -57.53820384676748, -25.263980579780846 ], [ -57.538254725565629, -25.264106899164268 ], [ -57.538297416798628, -25.264192538818815 ], [ -57.538541619621775, -25.264749390823919 ], [ -57.53857255286681, -25.26480663257767 ], [ -57.538576122785209, -25.264886028476905 ], [ -57.538596905978309, -25.264992639145461 ], [ -57.53862034030103, -25.265069432216212 ], [ -57.538668580104343, -25.265181743892491 ], [ -57.538744829667678, -25.265281518315515 ], [ -57.538795043727056, -25.265368129123296 ], [ -57.538851956380562, -25.265470724754753 ], [ -57.538914895997635, -25.265564036665427 ], [ -57.538972321137578, -25.265626114075641 ], [ -57.539048574645697, -25.265723963009354 ], [ -57.539110452336111, -25.265775994816625 ], [ -57.53916193591418, -25.265840091396477 ], [ -57.539179691498511, -25.265914929227545 ], [ -57.539187047872105, -25.266011927987876 ], [ -57.539187229222499, -25.266014313186808 ], [ -57.539230351668259, -25.266094299663216 ], [ -57.539311703616193, -25.266181206517484 ], [ -57.539382879386764, -25.266291729173176 ], [ -57.5394586714892, -25.266418932336986 ], [ -57.539544479927493, -25.266564483162941 ], [ -57.539546645669859, -25.266566452929077 ], [ -57.539642439562861, -25.266693248752031 ], [ -57.539662853305899, -25.266776209671637 ], [ -57.539710736521116, -25.266858261023156 ], [ -57.539758362941498, -25.26692983790419 ], [ -57.539839955522488, -25.26703366493593 ], [ -57.539877022522148, -25.267170179055384 ], [ -57.539932051184572, -25.267321527805873 ], [ -57.540010013282235, -25.267474723359484 ], [ -57.540108942608001, -25.267633374239949 ], [ -57.540219841665802, -25.267834744314509 ], [ -57.540368539838127, -25.268095001137688 ], [ -57.540628995241661, -25.268474594861605 ], [ -57.540650451038616, -25.268554925724093 ], [ -57.540734961913557, -25.268638267559176 ], [ -57.54078037595697, -25.26874637697129 ], [ -57.54078046874136, -25.268748489770079 ], [ -57.540839664383029, -25.268797180309868 ], [ -57.540869909924147, -25.268856974258988 ], [ -57.54088723217388, -25.268937220890667 ], [ -57.540959112891962, -25.269042081607605 ], [ -57.541034480315204, -25.269173981291988 ], [ -57.541036522285495, -25.269175794357515 ], [ -57.541074583152351, -25.269241676877844 ], [ -57.541174939214727, -25.269363984789191 ], [ -57.541309166505528, -25.269492383211006 ], [ -57.541401098466103, -25.269576905706348 ], [ -57.541483088985068, -25.269675241551216 ], [ -57.541534208890695, -25.269734162281271 ], [ -57.541577530053502, -25.269834554402028 ], [ -57.541608236351259, -25.269944321308301 ], [ -57.541666759297001, -25.2701088590882 ], [ -57.541729862918082, -25.270449729524653 ], [ -57.541848494808292, -25.270892419096498 ], [ -57.541874854032237, -25.27100227412754 ], [ -57.541913672981224, -25.271091475797157 ], [ -57.541978110946303, -25.271221314566304 ], [ -57.542026202194108, -25.271336927078803 ], [ -57.542114504620017, -25.271490197182111 ], [ -57.54215503976409, -25.271554293095715 ], [ -57.542214828454391, -25.27168550701229 ], [ -57.542286511952568, -25.271795419395925 ], [ -57.542371320731796, -25.27192714816173 ], [ -57.542469795938786, -25.272050932180559 ], [ -57.542528829330756, -25.272123820720299 ], [ -57.542558006370669, -25.272185054052802 ], [ -57.542567510297587, -25.272229599089325 ], [ -57.542556235990226, -25.272290356207098 ], [ -57.542545428107104, -25.272347907587267 ], [ -57.542527362803455, -25.272416759321231 ], [ -57.542520112390697, -25.272514967387053 ], [ -57.542536798861974, -25.272608657099671 ], [ -57.542524951617331, -25.272663866172831 ], [ -57.542519711317013, -25.272741069126202 ], [ -57.542519802184152, -25.272803949975302 ], [ -57.542550777285008, -25.272913939589479 ], [ -57.542588909229316, -25.273036449861493 ], [ -57.542606674743134, -25.27312753480707 ], [ -57.542645090533966, -25.273230765704291 ], [ -57.542643805550483, -25.273317902111728 ], [ -57.542668658595687, -25.27342690097732 ], [ -57.542668454049078, -25.273429591012277 ], [ -57.542702789263437, -25.273581321644912 ], [ -57.542709178791341, -25.273591479134883 ], [ -57.542710940820719, -25.273599105233821 ], [ -57.542755639260463, -25.273737976238262 ], [ -57.542759660070161, -25.273745225585341 ], [ -57.542766776202136, -25.273910242626158 ], [ -57.54276586352249, -25.273919406520989 ], [ -57.542691933425616, -25.27410194817611 ], [ -57.542643870475679, -25.27420480528728 ], [ -57.542603681857678, -25.27429080961295 ], [ -57.542599690556933, -25.274298238326647 ], [ -57.543687366883766, -25.274796671572602 ], [ -57.543690940678566, -25.274798309181815 ], [ -57.544038296899828, -25.27495748389584 ], [ -57.544366894017266, -25.275078183911813 ], [ -57.544936807104435, -25.275234114318703 ], [ -57.544953716269639, -25.275197929899488 ], [ -57.544987033857772, -25.275152654390915 ], [ -57.545037812448037, -25.275125375381371 ], [ -57.545097941265865, -25.275107092315015 ], [ -57.545128977600598, -25.275106977678139 ], [ -57.54517695186771, -25.274452089519432 ], [ -57.545224961031366, -25.274221634510248 ], [ -57.545447954238711, -25.273213910141084 ], [ -57.545688323856361, -25.272206121102968 ], [ -57.545933401581344, -25.2710718871813 ], [ -57.546196622460855, -25.269901463599908 ], [ -57.546497932338802, -25.268505135866928 ], [ -57.546815034980206, -25.267171962370721 ], [ -57.546922528289699, -25.266643279676479 ], [ -57.547663983462932, -25.263330850536775 ], [ -57.54815717448276, -25.26120233547822 ], [ -57.54840889334907, -25.260036464913981 ], [ -57.548437924848685, -25.259881379066275 ], [ -57.548438020170735, -25.259880934411061 ], [ -57.548821108973833, -25.258124980073816 ], [ -57.548884646086819, -25.257831252236148 ], [ -57.548999275784958, -25.257374785169073 ], [ -57.549045106645245, -25.25728430962695 ], [ -57.549132277026274, -25.257206117159178 ], [ -57.549132929797999, -25.257205090671334 ], [ -57.549126644763405, -25.257198216538949 ], [ -57.549141720169303, -25.257031095975954 ], [ -57.549173490732279, -25.256850367545958 ], [ -57.545875924018212, -25.257386364994943 ], [ -57.544727330904152, -25.257575732391093 ], [ -57.535839300618626, -25.259109522112389 ] ] ] ] } },
{ "type": "Feature", "properties": { "DPTO": "00", "DISTRITO": "00", "DPTO_DESC": "ASUNCION", "DIST_DESC": "ASUNCION", "AREA": "1", "BAR_LOC": "062", "BARLO_DESC": "SALVADOR DEL MUNDO", "CLAVE": "0000062", "nombre": "Salvador Del Mundo", "fuente": "INE Cartografía Digital 2012" }, "geometry": { "type": "MultiPolygon", "coordinates": [ [ [ [ -57.548104895032417, -25.268842336651922 ], [ -57.546874016582251, -25.269521921175976 ], [ -57.546849459208055, -25.269537177980951 ], [ -57.546196622460855, -25.269901463599908 ], [ -57.545933401581344, -25.2710718871813 ], [ -57.545688323856361, -25.272206121102968 ], [ -57.545447954238711, -25.273213910141084 ], [ -57.545224961031366, -25.274221634510248 ], [ -57.54517695186771, -25.274452089519432 ], [ -57.545128977600598, -25.275106977678139 ], [ -57.545097941265865, -25.275107092315015 ], [ -57.545037812448037, -25.275125375381371 ], [ -57.544987033857772, -25.275152654390915 ], [ -57.544953716269639, -25.275197929899488 ], [ -57.544936807104435, -25.275234114318703 ], [ -57.544929829570087, -25.275270262064641 ], [ -57.544939673172472, -25.275319893442518 ], [ -57.544959116411185, -25.275364974124194 ], [ -57.544988122930839, -25.275396473744845 ], [ -57.545024535880195, -25.275418915512045 ], [ -57.545070260762031, -25.275441322877843 ], [ -57.545113731922662, -25.275445677563614 ], [ -57.545182012048123, -25.275445425343438 ], [ -57.54524142037706, -25.275404568641772 ], [ -57.545274758090727, -25.275363808243291 ], [ -57.545295120044173, -25.275336641524454 ], [ -57.547282030556907, -25.275882341204575 ], [ -57.547311969801541, -25.275892232347903 ], [ -57.547312037418031, -25.275892250158119 ], [ -57.548358563644165, -25.276187702588707 ], [ -57.549450799655332, -25.276485406542669 ], [ -57.549470510440578, -25.276491567804737 ], [ -57.550574300238537, -25.276790509893935 ], [ -57.550607130948109, -25.276803217922403 ], [ -57.550607216499785, -25.276803248306862 ], [ -57.551693034761158, -25.277114445568905 ], [ -57.553256977298723, -25.27758720628448 ], [ -57.553296496035962, -25.27760327325819 ], [ -57.553296653228976, -25.277603332270022 ], [ -57.554827756958574, -25.278127653146552 ], [ -57.555735811031838, -25.278444818350653 ], [ -57.556089195488902, -25.27861958146411 ], [ -57.556106785541097, -25.278461481765362 ], [ -57.555856167013005, -25.277884475199603 ], [ -57.555794779123154, -25.277762794913656 ], [ -57.555453864522349, -25.277190642862383 ], [ -57.555199044187631, -25.27678071477175 ], [ -57.555090214715413, -25.276600514487303 ], [ -57.554390976224632, -25.275650426751596 ], [ -57.554382853874706, -25.275654775641804 ], [ -57.554296399325416, -25.275685383214906 ], [ -57.55392896787577, -25.275132908610779 ], [ -57.553782094109671, -25.274912212873534 ], [ -57.553673970118794, -25.274750069777891 ], [ -57.553649851240507, -25.27415414805137 ], [ -57.553014609023819, -25.273280572233521 ], [ -57.552864176571887, -25.273096010772669 ], [ -57.552748068958252, -25.27295195780912 ], [ -57.552677891366777, -25.272875461445132 ], [ -57.552401908993936, -25.272722976294581 ], [ -57.551544068024846, -25.272310781850049 ], [ -57.550909800424577, -25.272060296872663 ], [ -57.550859028573548, -25.272019849152809 ], [ -57.550735618472075, -25.271907428523775 ], [ -57.550563075994134, -25.27170488612612 ], [ -57.550212654194176, -25.271286274838552 ], [ -57.549971539870782, -25.27088080115751 ], [ -57.5498863555936, -25.270641810390462 ], [ -57.54983176121781, -25.270303370151161 ], [ -57.54982196673798, -25.26985188178439 ], [ -57.549808241435564, -25.26969841445414 ], [ -57.549171648458525, -25.268237843468231 ], [ -57.549170858016261, -25.268236096298118 ], [ -57.549170646027903, -25.268236216289392 ], [ -57.548104895032417, -25.268842336651922 ] ] ] ] } },
{ "type": "Feature", "properties": { "DPTO": "00", "DISTRITO": "00", "DPTO_DESC": "ASUNCION", "DIST_DESC": "ASUNCION", "AREA": "1", "BAR_LOC": "049", "BARLO_DESC": "SAN JORGE", "CLAVE": "0000049", "nombre": "San Jorge", "fuente": "INE Cartografía Digital 2012" }, "geometry": { "type": "MultiPolygon", "coordinates": [ [ [ [ -57.545182012048123, -25.275445425343438 ], [ -57.545312853207541, -25.275693280545561 ], [ -57.54580125194299, -25.277330509581276 ], [ -57.54617060244081, -25.278817181931579 ], [ -57.546170619640449, -25.278817252305746 ], [ -57.54617701155486, -25.278832696071099 ], [ -57.546485854636103, -25.280014546696052 ], [ -57.54660799040586, -25.280479047047116 ], [ -57.546671545362635, -25.280720754615004 ], [ -57.546672794209734, -25.280727262775631 ], [ -57.546996756375876, -25.281954305846124 ], [ -57.546998640400687, -25.281968227482402 ], [ -57.547009047906329, -25.282006629869866 ], [ -57.54700907718756, -25.282006736321051 ], [ -57.547196562707512, -25.282698482464561 ], [ -57.547545791724822, -25.283952424077135 ], [ -57.547963390846959, -25.285499601256468 ], [ -57.548537182285116, -25.287629861174022 ], [ -57.548538836087118, -25.287633171016058 ], [ -57.548865899668591, -25.288783340260071 ], [ -57.549131983027117, -25.289694427973842 ], [ -57.549418917583111, -25.290754440181633 ], [ -57.549523370871562, -25.291133330935864 ], [ -57.54952489989077, -25.291133180752379 ], [ -57.55010778628796, -25.293257933124096 ], [ -57.55015486560589, -25.293212504956966 ], [ -57.550158407287221, -25.293209088163763 ], [ -57.551399729220435, -25.292011315151129 ], [ -57.552087604682541, -25.291326941857537 ], [ -57.552644927247734, -25.290729981844482 ], [ -57.55266474466957, -25.290711789769812 ], [ -57.552664819778819, -25.290711705505057 ], [ -57.553403104189933, -25.289890650770083 ], [ -57.553707579929743, -25.2895520359919 ], [ -57.55372836373774, -25.289535869295317 ], [ -57.554533367170372, -25.288811813065724 ], [ -57.555588303091177, -25.288103467259038 ], [ -57.556945513320599, -25.287249485677123 ], [ -57.558283603678845, -25.286359442238233 ], [ -57.559553407548066, -25.285474161048647 ], [ -57.559557908713629, -25.285467168843262 ], [ -57.559721419678716, -25.285363330356475 ], [ -57.560890572223975, -25.284728585269388 ], [ -57.562308488076738, -25.284199421010623 ], [ -57.564195211814095, -25.283564600967235 ], [ -57.564283750137925, -25.283442744811605 ], [ -57.564278958021532, -25.283442163515762 ], [ -57.563913116680361, -25.283359793773844 ], [ -57.563913065597689, -25.283362494078759 ], [ -57.563591981062757, -25.283264385749369 ], [ -57.562791720438696, -25.28297846537594 ], [ -57.562316724733066, -25.282686786127698 ], [ -57.561378569615805, -25.281909222753509 ], [ -57.560157813830031, -25.280817192479311 ], [ -57.559986383191031, -25.28072455565767 ], [ -57.559968134124418, -25.280714694099757 ], [ -57.559898922812465, -25.280686662451625 ], [ -57.559012728861262, -25.280265627973929 ], [ -57.557449601522237, -25.279548797969412 ], [ -57.557451942119393, -25.279544579118401 ], [ -57.556664926555612, -25.279023782352695 ], [ -57.556089195488902, -25.27861958146411 ], [ -57.555735811031838, -25.278444818350653 ], [ -57.554827756958574, -25.278127653146552 ], [ -57.553296653228976, -25.277603332270022 ], [ -57.553296496035962, -25.27760327325819 ], [ -57.553256977298723, -25.27758720628448 ], [ -57.551693034761158, -25.277114445568905 ], [ -57.550607216499785, -25.276803248306862 ], [ -57.550607130948109, -25.276803217922403 ], [ -57.550574300238537, -25.276790509893935 ], [ -57.549470510440578, -25.276491567804737 ], [ -57.549450799655332, -25.276485406542669 ], [ -57.548358563644165, -25.276187702588707 ], [ -57.547312037418031, -25.275892250158119 ], [ -57.547311969801541, -25.275892232347903 ], [ -57.547282030556907, -25.275882341204575 ], [ -57.545295120044173, -25.275336641524454 ], [ -57.545274758090727, -25.275363808243291 ], [ -57.54524142037706, -25.275404568641772 ], [ -57.545182012048123, -25.275445425343438 ] ] ] ] } },
{ "type": "Feature", "properties": { "DPTO": "00", "DISTRITO": "00", "DPTO_DESC": "ASUNCION", "DIST_DESC": "ASUNCION", "AREA": "1", "BAR_LOC": "045", "BARLO_DESC": "YKUA SATI", "CLAVE": "0000045", "nombre": "Ykua Sati", "fuente": "INE Cartografía Digital 2012" }, "geometry": { "type": "MultiPolygon", "coordinates": [ [ [ [ -57.55010778628796, -25.293257933124096 ], [ -57.550129198005017, -25.293335983077494 ], [ -57.550152180201856, -25.293419756098316 ], [ -57.550903240969305, -25.293354194792311 ], [ -57.552047143402554, -25.29329122005695 ], [ -57.553672678234506, -25.29319933800943 ], [ -57.555233415613117, -25.293125742926275 ], [ -57.555301684954614, -25.293120970702518 ], [ -57.556941492121062, -25.293028998957439 ], [ -57.557002953964769, -25.293028766881882 ], [ -57.558577592230669, -25.292941538280473 ], [ -57.560192540400188, -25.292845109356008 ], [ -57.561697373749062, -25.29276714304806 ], [ -57.562703652967997, -25.292749762083364 ], [ -57.56276817600525, -25.292740485472699 ], [ -57.562866821991854, -25.292726563401043 ], [ -57.563664767410728, -25.292497754990649 ], [ -57.564734600676104, -25.292195657987079 ], [ -57.565947955869603, -25.291852365660969 ], [ -57.5670534954616, -25.291554630194135 ], [ -57.568148120818762, -25.291247898084787 ], [ -57.569234982937722, -25.290941187870679 ], [ -57.570366204242092, -25.290629782976154 ], [ -57.571458021370077, -25.290323037347353 ], [ -57.572575242236525, -25.290007154648766 ], [ -57.573697712193272, -25.289686727915022 ], [ -57.573012280549563, -25.28855155510276 ], [ -57.572623115767094, -25.287907388820891 ], [ -57.572476086712591, -25.287664137200178 ], [ -57.571952089266063, -25.286794730764189 ], [ -57.571806712432171, -25.286704989737959 ], [ -57.57171217646723, -25.286601505874028 ], [ -57.571669208882092, -25.286506852590847 ], [ -57.571614516583253, -25.286493518821665 ], [ -57.571446045489999, -25.286376775536468 ], [ -57.571324484474772, -25.286268880857733 ], [ -57.569990927233803, -25.285653738664941 ], [ -57.569765927733734, -25.285525380083126 ], [ -57.568579953211831, -25.284735274850362 ], [ -57.56795834337656, -25.284358389657161 ], [ -57.567280854213159, -25.284044929871481 ], [ -57.566591514711519, -25.283785695205491 ], [ -57.566191856443069, -25.283678863831234 ], [ -57.565522142178281, -25.283589363074604 ], [ -57.565423602351892, -25.283581244869325 ], [ -57.564283750137925, -25.283442744811605 ], [ -57.564195211814095, -25.283564600967235 ], [ -57.562308488076738, -25.284199421010623 ], [ -57.560890572223975, -25.284728585269388 ], [ -57.559721419678716, -25.285363330356475 ], [ -57.559557908713629, -25.285467168843262 ], [ -57.559553407548066, -25.285474161048647 ], [ -57.558283603678845, -25.286359442238233 ], [ -57.556945513320599, -25.287249485677123 ], [ -57.555588303091177, -25.288103467259038 ], [ -57.554533367170372, -25.288811813065724 ], [ -57.55372836373774, -25.289535869295317 ], [ -57.553707579929743, -25.2895520359919 ], [ -57.553403104189933, -25.289890650770083 ], [ -57.552664819778819, -25.290711705505057 ], [ -57.55266474466957, -25.290711789769812 ], [ -57.552644927247734, -25.290729981844482 ], [ -57.552087604682541, -25.291326941857537 ], [ -57.551399729220435, -25.292011315151129 ], [ -57.550158407287221, -25.293209088163763 ], [ -57.55015486560589, -25.293212504956966 ], [ -57.55010778628796, -25.293257933124096 ] ] ] ] } },
{ "type": "Feature", "properties": { "DPTO": "00", "DISTRITO": "00", "DPTO_DESC": "ASUNCION", "DIST_DESC": "ASUNCION", "AREA": "1", "BAR_LOC": "042", "BARLO_DESC": "VILLA MORRA", "CLAVE": "0000042", "nombre": "Villa Morra", "fuente": "INE Cartografía Digital 2012" }, "geometry": { "type": "MultiPolygon", "coordinates": [ [ [ [ -57.572140370868659, -25.286475276225588 ], [ -57.571871443268485, -25.286542190645854 ], [ -57.571775821662122, -25.286538046037911 ], [ -57.571669208882092, -25.286506852590847 ], [ -57.57171217646723, -25.286601505874028 ], [ -57.571806712432171, -25.286704989737959 ], [ -57.571952089266063, -25.286794730764189 ], [ -57.572476086712591, -25.287664137200178 ], [ -57.572623115767094, -25.287907388820891 ], [ -57.573012280549563, -25.28855155510276 ], [ -57.573697712193272, -25.289686727915022 ], [ -57.574142275360295, -25.290425495158964 ], [ -57.574382534960066, -25.290821899566051 ], [ -57.575187815183639, -25.292155267835366 ], [ -57.575644898161357, -25.292912042126595 ], [ -57.57613672017186, -25.293727377037786 ], [ -57.576630410316042, -25.294542702826451 ], [ -57.576911527880547, -25.295005744713539 ], [ -57.57710587007206, -25.29532585402708 ], [ -57.578037925304045, -25.294917801328818 ], [ -57.578909823534097, -25.294547319784744 ], [ -57.579353099469763, -25.294351424914289 ], [ -57.579825177163116, -25.29414186985213 ], [ -57.580718859521795, -25.293750045278028 ], [ -57.58162431099619, -25.293353653722257 ], [ -57.582515786695787, -25.292957311860292 ], [ -57.583420937955466, -25.292565425798205 ], [ -57.584327279654715, -25.292164499089591 ], [ -57.585229604210845, -25.291768098027728 ], [ -57.586131610915189, -25.291371692769047 ], [ -57.587020905450792, -25.290979847859457 ], [ -57.587910817961706, -25.2905879951842 ], [ -57.588844134979766, -25.290186933514299 ], [ -57.589304449050275, -25.289990941050306 ], [ -57.589389346546028, -25.289958995361811 ], [ -57.589387491390774, -25.289575209349323 ], [ -57.589636767351287, -25.289515515387269 ], [ -57.589229052212438, -25.288143929580055 ], [ -57.589226617594328, -25.288144528088466 ], [ -57.589143912746344, -25.287876782678712 ], [ -57.588719569189244, -25.286503012829805 ], [ -57.58797548284484, -25.286424706224341 ], [ -57.586759675960515, -25.286298605274052 ], [ -57.585436569498299, -25.286155222223911 ], [ -57.585314767936062, -25.286143322956171 ], [ -57.585314731159954, -25.286143317683816 ], [ -57.583798092381613, -25.285953651589438 ], [ -57.583558148081096, -25.285886872523282 ], [ -57.583263583215583, -25.285757095895185 ], [ -57.582345151036748, -25.285313039572138 ], [ -57.582327739951666, -25.285309448254246 ], [ -57.582327704156228, -25.285309440268119 ], [ -57.581996166102293, -25.285220274225981 ], [ -57.581066147394417, -25.28513815069272 ], [ -57.580228047266417, -25.285064690266871 ], [ -57.579253646897953, -25.284982729805225 ], [ -57.578989154592442, -25.284974737538672 ], [ -57.578631053086433, -25.284994203301114 ], [ -57.578452377414393, -25.285017480062141 ], [ -57.578322743785343, -25.285040564381433 ], [ -57.577619534835797, -25.285201352030793 ], [ -57.576530599517788, -25.285459164656249 ], [ -57.576429713375063, -25.285480025469489 ], [ -57.576429485168475, -25.285480076931623 ], [ -57.575496985734794, -25.285693312265828 ], [ -57.575264398122414, -25.28574649843608 ], [ -57.575264676720522, -25.285747864560349 ], [ -57.575175111643127, -25.285768373342766 ], [ -57.574795475221457, -25.285855301736785 ], [ -57.574783999520392, -25.285857929154922 ], [ -57.573800260459016, -25.286083178827344 ], [ -57.572838450385788, -25.286303647323923 ], [ -57.572292465916107, -25.286436707835058 ], [ -57.572156077973098, -25.286471370144177 ], [ -57.572140370868659, -25.286475276225588 ] ] ] ] } },
{ "type": "Feature", "properties": { "DPTO": "00", "DISTRITO": "00", "DPTO_DESC": "ASUNCION", "DIST_DESC": "ASUNCION", "AREA": "1", "BAR_LOC": "041", "BARLO_DESC": "RECOLETA", "CLAVE": "0000041", "nombre": "Recoleta", "fuente": "INE Cartografía Digital 2012" }, "geometry": { "type": "MultiPolygon", "coordinates": [ [ [ [ -57.589143912746344, -25.287876782678712 ], [ -57.589226617594328, -25.288144528088466 ], [ -57.589229052212438, -25.288143929580055 ], [ -57.589636767351287, -25.289515515387269 ], [ -57.589387491390774, -25.289575209349323 ], [ -57.589389346546028, -25.289958995361811 ], [ -57.589304449050275, -25.289990941050306 ], [ -57.588844134979766, -25.290186933514299 ], [ -57.587910817961706, -25.2905879951842 ], [ -57.587020905450792, -25.290979847859457 ], [ -57.586131610915189, -25.291371692769047 ], [ -57.585229604210845, -25.291768098027728 ], [ -57.584327279654715, -25.292164499089591 ], [ -57.583420937955466, -25.292565425798205 ], [ -57.582515786695787, -25.292957311860292 ], [ -57.58162431099619, -25.293353653722257 ], [ -57.580718859521795, -25.293750045278028 ], [ -57.579825177163116, -25.29414186985213 ], [ -57.579353099469763, -25.294351424914289 ], [ -57.578909823534097, -25.294547319784744 ], [ -57.578037925304045, -25.294917801328818 ], [ -57.57710587007206, -25.29532585402708 ], [ -57.577104402973887, -25.295326497316399 ], [ -57.578130941036378, -25.297024714664005 ], [ -57.578243902825882, -25.297213910986908 ], [ -57.5785704866109, -25.297740910679824 ], [ -57.578591766580679, -25.29777694893901 ], [ -57.579001450885059, -25.298479715019393 ], [ -57.579038358430005, -25.298538267937758 ], [ -57.579512425432313, -25.299331083982146 ], [ -57.57998904654368, -25.300137433934491 ], [ -57.58048707151864, -25.300939182708284 ], [ -57.58095492741154, -25.301727502836389 ], [ -57.581430924281719, -25.302529334854292 ], [ -57.581906617560065, -25.303331166360866 ], [ -57.582054018291721, -25.303578921296364 ], [ -57.582391297724492, -25.304128445454719 ], [ -57.58307806181935, -25.30524550378896 ], [ -57.583409020984995, -25.305785584674599 ], [ -57.583446009121083, -25.305845943943805 ], [ -57.583712915120564, -25.306281490318948 ], [ -57.583934128317352, -25.306641831187278 ], [ -57.584515188371412, -25.30759223793844 ], [ -57.585026849260572, -25.307341872209435 ], [ -57.585568845584405, -25.307073323421228 ], [ -57.586433159380313, -25.306627397971074 ], [ -57.587312103476194, -25.306190439657243 ], [ -57.588302024765639, -25.305721426977957 ], [ -57.589176008292917, -25.305288992682193 ], [ -57.590435871672604, -25.304665369947319 ], [ -57.592458810406228, -25.303663910524644 ], [ -57.5935441719868, -25.303167388334945 ], [ -57.59361666013794, -25.303135490103674 ], [ -57.594688030591229, -25.303018293222987 ], [ -57.59443020162179, -25.302156928350726 ], [ -57.594190378488584, -25.301358703230022 ], [ -57.594076953584761, -25.300952791532634 ], [ -57.593843587710779, -25.300140994016445 ], [ -57.593732448619605, -25.299757648793513 ], [ -57.593552805639938, -25.299139788318797 ], [ -57.593459360003074, -25.298815953399956 ], [ -57.593444286616929, -25.298763717998259 ], [ -57.593317253547383, -25.298323483263108 ], [ -57.592919913573269, -25.296920850846305 ], [ -57.592888366818812, -25.296817127819256 ], [ -57.592690464276693, -25.296145156793749 ], [ -57.593662692050792, -25.295888394937105 ], [ -57.59467152328908, -25.29562696393516 ], [ -57.594733111578719, -25.295606435089933 ], [ -57.59469951783062, -25.295519094662346 ], [ -57.594651328784217, -25.295343947070926 ], [ -57.594596398839201, -25.295176078060663 ], [ -57.594498113102091, -25.295034927801211 ], [ -57.59444765360147, -25.294946925624487 ], [ -57.594417718162084, -25.294894716778476 ], [ -57.594412105745967, -25.294880034257183 ], [ -57.594334178598579, -25.294721109427243 ], [ -57.59432321588362, -25.294705973460321 ], [ -57.594233616863683, -25.2945677409521 ], [ -57.594227858588269, -25.294557362909707 ], [ -57.594160070029865, -25.294373207667366 ], [ -57.594159183527289, -25.294357218359284 ], [ -57.594097916721729, -25.294221844441015 ], [ -57.594071012470785, -25.294119331072295 ], [ -57.594719399940551, -25.294050962289166 ], [ -57.5948615015729, -25.293973630678835 ], [ -57.595197307030709, -25.293642665595542 ], [ -57.595468525123394, -25.293244232337599 ], [ -57.59596712325957, -25.292433995824446 ], [ -57.596153458212392, -25.292213604911666 ], [ -57.596227603289414, -25.29212590879893 ], [ -57.597034796625152, -25.29132796670002 ], [ -57.596987881238462, -25.291319126151883 ], [ -57.596987610619401, -25.29131863057377 ], [ -57.595080722679903, -25.287818510945822 ], [ -57.594960842668151, -25.287168803463494 ], [ -57.593078580456726, -25.286966213384751 ], [ -57.59272151602385, -25.286929101053296 ], [ -57.592721351047665, -25.286929081849159 ], [ -57.591615309741933, -25.28680722709522 ], [ -57.591188336105212, -25.286765236791869 ], [ -57.588719569189244, -25.286503012829805 ], [ -57.589143912746344, -25.287876782678712 ] ] ] ] } },
{ "type": "Feature", "properties": { "DPTO": "00", "DISTRITO": "00", "DPTO_DESC": "ASUNCION", "DIST_DESC": "ASUNCION", "AREA": "1", "BAR_LOC": "058", "BARLO_DESC": "MANORA", "CLAVE": "0000058", "nombre": "Manora", "fuente": "INE Cartografía Digital 2012" }, "geometry": { "type": "MultiPolygon", "coordinates": [ [ [ [ -57.575234683440584, -25.281407386502696 ], [ -57.575204250946015, -25.281411806346313 ], [ -57.574457603473938, -25.281520240497724 ], [ -57.572926658521709, -25.281756469557543 ], [ -57.572015711667234, -25.281895460724279 ], [ -57.571136709087192, -25.282029807416563 ], [ -57.570938002250571, -25.280955951403566 ], [ -57.569166973018788, -25.281224676853881 ], [ -57.568630397556923, -25.281308019797791 ], [ -57.567622526515883, -25.281429296420995 ], [ -57.566596030612402, -25.281550637703184 ], [ -57.565947447399338, -25.281643431454864 ], [ -57.565594444597245, -25.281689937322913 ], [ -57.564930651703236, -25.28178278492334 ], [ -57.563939037537068, -25.281931065641221 ], [ -57.563930038165154, -25.282468412912724 ], [ -57.563913116680361, -25.283359793773844 ], [ -57.564278958021532, -25.283442163515762 ], [ -57.564283750137925, -25.283442744811605 ], [ -57.565423602351892, -25.283581244869325 ], [ -57.565522142178281, -25.283589363074604 ], [ -57.566191856443069, -25.283678863831234 ], [ -57.566591514711519, -25.283785695205491 ], [ -57.567280854213159, -25.284044929871481 ], [ -57.56795834337656, -25.284358389657161 ], [ -57.568579953211831, -25.284735274850362 ], [ -57.569765927733734, -25.285525380083126 ], [ -57.569990927233803, -25.285653738664941 ], [ -57.571324484474772, -25.286268880857733 ], [ -57.571446045489999, -25.286376775536468 ], [ -57.571614516583253, -25.286493518821665 ], [ -57.571669208882092, -25.286506852590847 ], [ -57.571775821662122, -25.286538046037911 ], [ -57.571871443268485, -25.286542190645854 ], [ -57.572140370868659, -25.286475276225588 ], [ -57.572156077973098, -25.286471370144177 ], [ -57.572292465916107, -25.286436707835058 ], [ -57.572838450385788, -25.286303647323923 ], [ -57.573800260459016, -25.286083178827344 ], [ -57.574783999520392, -25.285857929154922 ], [ -57.574795475221457, -25.285855301736785 ], [ -57.575175111643127, -25.285768373342766 ], [ -57.575264676720522, -25.285747864560349 ], [ -57.575264398122414, -25.28574649843608 ], [ -57.575496985734794, -25.285693312265828 ], [ -57.576429485168475, -25.285480076931623 ], [ -57.576429713375063, -25.285480025469489 ], [ -57.576530599517788, -25.285459164656249 ], [ -57.577619534835797, -25.285201352030793 ], [ -57.578322743785343, -25.285040564381433 ], [ -57.578452377414393, -25.285017480062141 ], [ -57.578631053086433, -25.284994203301114 ], [ -57.578989154592442, -25.284974737538672 ], [ -57.579253646897953, -25.284982729805225 ], [ -57.580228047266417, -25.285064690266871 ], [ -57.580468332602457, -25.28402975868746 ], [ -57.580482806840507, -25.283745242573183 ], [ -57.580094756289895, -25.282491536056121 ], [ -57.579602527272989, -25.280867988831307 ], [ -57.579363114561652, -25.280060703317591 ], [ -57.578254650633994, -25.280367571585941 ], [ -57.577997263399723, -25.280481460717347 ], [ -57.577195507695805, -25.280800665069428 ], [ -57.575869795018747, -25.281311550509365 ], [ -57.575607718287642, -25.281353210155078 ], [ -57.575234683440584, -25.281407386502696 ] ] ] ] } },
{ "type": "Feature", "properties": { "DPTO": "00", "DISTRITO": "00", "DPTO_DESC": "ASUNCION", "DIST_DESC": "ASUNCION", "AREA": "1", "BAR_LOC": "055", "BARLO_DESC": "SANTO DOMINGO", "CLAVE": "0000055", "nombre": "Santo Domingo", "fuente": "INE Cartografía Digital 2012" }, "geometry": { "type": "MultiPolygon", "coordinates": [ [ [ [ -57.584558143081338, -25.272653302747443 ], [ -57.583362817155468, -25.272951522130228 ], [ -57.582254298871582, -25.27323132853855 ], [ -57.578538853118886, -25.274161052501512 ], [ -57.578484235089533, -25.274174719277376 ], [ -57.577047920870086, -25.274534102486765 ], [ -57.577002028780058, -25.274544468280432 ], [ -57.57700175992607, -25.274544530738719 ], [ -57.576460169415746, -25.274673095363362 ], [ -57.576754464700798, -25.275682118557178 ], [ -57.576898774668855, -25.275613826031776 ], [ -57.576985407144271, -25.275622517816522 ], [ -57.577059658915388, -25.275703501667394 ], [ -57.578202756020389, -25.277473513106315 ], [ -57.578921069282863, -25.278608534685898 ], [ -57.579092001481413, -25.279113569608835 ], [ -57.579363114561652, -25.280060703317591 ], [ -57.579602527272989, -25.280867988831307 ], [ -57.580094756289895, -25.282491536056121 ], [ -57.580482806840507, -25.283745242573183 ], [ -57.580468332602457, -25.28402975868746 ], [ -57.580228047266417, -25.285064690266871 ], [ -57.581066147394417, -25.28513815069272 ], [ -57.581996166102293, -25.285220274225981 ], [ -57.582327704156228, -25.285309440268119 ], [ -57.582327739951666, -25.285309448254246 ], [ -57.582345151036748, -25.285313039572138 ], [ -57.583263583215583, -25.285757095895185 ], [ -57.583558148081096, -25.285886872523282 ], [ -57.583798092381613, -25.285953651589438 ], [ -57.585314731159954, -25.286143317683816 ], [ -57.585314767936062, -25.286143322956171 ], [ -57.585436569498299, -25.286155222223911 ], [ -57.586759675960515, -25.286298605274052 ], [ -57.58797548284484, -25.286424706224341 ], [ -57.588719569189244, -25.286503012829805 ], [ -57.588515063794866, -25.285839728478127 ], [ -57.588495801938464, -25.285777253265238 ], [ -57.588159230943319, -25.28468561412604 ], [ -57.587906334412864, -25.283928064961529 ], [ -57.587653468192052, -25.283111817240226 ], [ -57.587572194446359, -25.282863803716783 ], [ -57.587415132391058, -25.282386704143729 ], [ -57.587314407780845, -25.281962654330318 ], [ -57.587225353699665, -25.281657721923796 ], [ -57.58666974904915, -25.279852222532373 ], [ -57.586591420815715, -25.279580726455134 ], [ -57.58623709282066, -25.27838098178341 ], [ -57.585755000449453, -25.276748384371363 ], [ -57.585564130994904, -25.276103464417012 ], [ -57.585254949774217, -25.275057158103323 ], [ -57.585049260252084, -25.274362628520919 ], [ -57.585024458545298, -25.274277224666555 ], [ -57.584933431466929, -25.27396123230309 ], [ -57.584930744943797, -25.273961851603488 ], [ -57.584829754833365, -25.273599418875868 ], [ -57.584796441165402, -25.273483160920868 ], [ -57.584558889088996, -25.272653126407956 ], [ -57.584558143081338, -25.272653302747443 ] ] ] ] } },
{ "type": "Feature", "properties": { "DPTO": "00", "DISTRITO": "00", "DPTO_DESC": "ASUNCION", "DIST_DESC": "ASUNCION", "AREA": "1", "BAR_LOC": "059", "BARLO_DESC": "LAS LOMAS", "CLAVE": "0000059", "nombre": "Las Lomas", "fuente": "INE Cartografía Digital 2012" }, "geometry": { "type": "MultiPolygon", "coordinates": [ [ [ [ -57.567370750989006, -25.275424579800546 ], [ -57.567369998798199, -25.275425144387782 ], [ -57.567052541764355, -25.275647136103167 ], [ -57.565738551365961, -25.276555562421947 ], [ -57.56494283635957, -25.276985600406817 ], [ -57.56494193691541, -25.2769861131688 ], [ -57.564314560862705, -25.277344198653768 ], [ -57.564310673816998, -25.277346415147296 ], [ -57.563328027892467, -25.277928385353178 ], [ -57.562608340510003, -25.278321930125188 ], [ -57.562602889652368, -25.278324911096217 ], [ -57.562353379746035, -25.27855085822334 ], [ -57.562353214102586, -25.278550690887752 ], [ -57.561002119700966, -25.279792010714999 ], [ -57.560914293184581, -25.2798726995557 ], [ -57.560699991059778, -25.280069586380119 ], [ -57.56027709838407, -25.280441442132766 ], [ -57.559968134124418, -25.280714694099757 ], [ -57.559986383191031, -25.28072455565767 ], [ -57.560157813830031, -25.280817192479311 ], [ -57.561378569615805, -25.281909222753509 ], [ -57.562316724733066, -25.282686786127698 ], [ -57.562791720438696, -25.28297846537594 ], [ -57.563591981062757, -25.283264385749369 ], [ -57.563913065597689, -25.283362494078759 ], [ -57.563913116680361, -25.283359793773844 ], [ -57.563930038165154, -25.282468412912724 ], [ -57.563939037537068, -25.281931065641221 ], [ -57.564930651703236, -25.28178278492334 ], [ -57.565594444597245, -25.281689937322913 ], [ -57.565947447399338, -25.281643431454864 ], [ -57.566596030612402, -25.281550637703184 ], [ -57.567622526515883, -25.281429296420995 ], [ -57.568630397556923, -25.281308019797791 ], [ -57.569166973018788, -25.281224676853881 ], [ -57.570938002250571, -25.280955951403566 ], [ -57.571136709087192, -25.282029807416563 ], [ -57.572015711667234, -25.281895460724279 ], [ -57.572926658521709, -25.281756469557543 ], [ -57.574457603473938, -25.281520240497724 ], [ -57.575204250946015, -25.281411806346313 ], [ -57.575234683440584, -25.281407386502696 ], [ -57.575607718287642, -25.281353210155078 ], [ -57.575869795018747, -25.281311550509365 ], [ -57.577195507695805, -25.280800665069428 ], [ -57.577997263399723, -25.280481460717347 ], [ -57.578254650633994, -25.280367571585941 ], [ -57.579363114561652, -25.280060703317591 ], [ -57.579092001481413, -25.279113569608835 ], [ -57.578921069282863, -25.278608534685898 ], [ -57.578202756020389, -25.277473513106315 ], [ -57.577059658915388, -25.275703501667394 ], [ -57.576985407144271, -25.275622517816522 ], [ -57.576898774668855, -25.275613826031776 ], [ -57.576754464700798, -25.275682118557178 ], [ -57.576460169415746, -25.274673095363362 ], [ -57.57700175992607, -25.274544530738719 ], [ -57.577002028780058, -25.274544468280432 ], [ -57.577047920870086, -25.274534102486765 ], [ -57.576747994636499, -25.273722532995915 ], [ -57.576511347380844, -25.27336223893214 ], [ -57.575931039816467, -25.273048438231818 ], [ -57.575597977655207, -25.272842036778147 ], [ -57.575988177280145, -25.272528963357253 ], [ -57.576939542103361, -25.271829901524235 ], [ -57.576209648285925, -25.271056132471461 ], [ -57.575348208939602, -25.270135327158467 ], [ -57.575348448243673, -25.270135107688251 ], [ -57.575398028502924, -25.2700898126303 ], [ -57.575395364842642, -25.270088533462651 ], [ -57.574441070772835, -25.269175657447398 ], [ -57.574914012111755, -25.268641018197634 ], [ -57.57418099612655, -25.268120103816848 ], [ -57.572872982576762, -25.269634538774753 ], [ -57.572409341169731, -25.270199478819748 ], [ -57.572410219052799, -25.270200315249387 ], [ -57.572406636189918, -25.270204629455911 ], [ -57.571805711556856, -25.270965195225958 ], [ -57.570779174985489, -25.272350529483099 ], [ -57.570228896984148, -25.273146185914356 ], [ -57.570220954140488, -25.273156484250215 ], [ -57.569995213540899, -25.273449210297478 ], [ -57.570000054660625, -25.27345525827252 ], [ -57.56864579913929, -25.274468328345776 ], [ -57.567370750989006, -25.275424579800546 ] ] ] ] } },
{ "type": "Feature", "properties": { "DPTO": "00", "DISTRITO": "00", "DPTO_DESC": "ASUNCION", "DIST_DESC": "ASUNCION", "AREA": "1", "BAR_LOC": "056", "BARLO_DESC": "CAÑADA DEL YVYRAY", "CLAVE": "0000056", "nombre": "Cañada Del Yvyray", "fuente": "INE Cartografía Digital 2012" }, "geometry": { "type": "MultiPolygon", "coordinates": [ [ [ [ -57.579152508573429, -25.262695943350554 ], [ -57.578897974264819, -25.262945279759354 ], [ -57.57840634529969, -25.263457428666914 ], [ -57.578054760164399, -25.26385614671273 ], [ -57.577330198667831, -25.264594965884502 ], [ -57.576842795532066, -25.265084516935861 ], [ -57.576318025756464, -25.265685039705847 ], [ -57.575929847723785, -25.266153677709966 ], [ -57.575674588556645, -25.266453116154473 ], [ -57.575476945633348, -25.26666605781303 ], [ -57.57418099612655, -25.268120103816848 ], [ -57.574914012111755, -25.268641018197634 ], [ -57.574441070772835, -25.269175657447398 ], [ -57.575395364842642, -25.270088533462651 ], [ -57.575398028502924, -25.2700898126303 ], [ -57.575348448243673, -25.270135107688251 ], [ -57.575348208939602, -25.270135327158467 ], [ -57.576209648285925, -25.271056132471461 ], [ -57.576939542103361, -25.271829901524235 ], [ -57.575988177280145, -25.272528963357253 ], [ -57.575597977655207, -25.272842036778147 ], [ -57.575931039816467, -25.273048438231818 ], [ -57.576511347380844, -25.27336223893214 ], [ -57.576747994636499, -25.273722532995915 ], [ -57.577047920870086, -25.274534102486765 ], [ -57.578484235089533, -25.274174719277376 ], [ -57.578538853118886, -25.274161052501512 ], [ -57.582254298871582, -25.27323132853855 ], [ -57.583362817155468, -25.272951522130228 ], [ -57.584558143081338, -25.272653302747443 ], [ -57.584185657582047, -25.271464837415316 ], [ -57.584023749654193, -25.270912539383172 ], [ -57.58366068423976, -25.269660592409817 ], [ -57.583364462374128, -25.268708426317794 ], [ -57.583140175791726, -25.267926949106293 ], [ -57.582861765280086, -25.26701145627986 ], [ -57.582478764021872, -25.265729355536173 ], [ -57.582435129429761, -25.26558328736968 ], [ -57.58241691481156, -25.265514349284707 ], [ -57.582416886531419, -25.265514250061127 ], [ -57.582142046018262, -25.264598645621938 ], [ -57.581933953414229, -25.263913150181622 ], [ -57.581702533955813, -25.263150987241914 ], [ -57.581613621377699, -25.262857847147824 ], [ -57.581411694587949, -25.262176243858796 ], [ -57.581409231912652, -25.262167931974286 ], [ -57.581325026629656, -25.261883692510974 ], [ -57.581176260973201, -25.261337934402288 ], [ -57.581049702177246, -25.260828210599765 ], [ -57.580775710520577, -25.261095687730148 ], [ -57.580627462742378, -25.261245273693415 ], [ -57.579152508573429, -25.262695943350554 ] ] ] ] } },
{ "type": "Feature", "properties": { "DPTO": "00", "DISTRITO": "00", "DPTO_DESC": "ASUNCION", "DIST_DESC": "ASUNCION", "AREA": "1", "BAR_LOC": "063", "BARLO_DESC": "MBOCAYATY", "CLAVE": "0000063", "nombre": "Mbocayaty", "fuente": "INE Cartografía Digital 2012" }, "geometry": { "type": "MultiPolygon", "coordinates": [ [ [ [ -57.566347756840912, -25.256478457335749 ], [ -57.561979671496445, -25.256525573790718 ], [ -57.561943856805371, -25.256525959335288 ], [ -57.557921107288969, -25.256569235397507 ], [ -57.553536657497389, -25.256585736576888 ], [ -57.551546286524683, -25.256660913348323 ], [ -57.551318266819827, -25.256675310650692 ], [ -57.549141720169303, -25.257031095975954 ], [ -57.549126644763405, -25.257198216538949 ], [ -57.549132929797999, -25.257205090671334 ], [ -57.549132277026274, -25.257206117159178 ], [ -57.549045106645245, -25.25728430962695 ], [ -57.548999275784958, -25.257374785169073 ], [ -57.548884646086819, -25.257831252236148 ], [ -57.548821108973833, -25.258124980073816 ], [ -57.548438020170735, -25.259880934411061 ], [ -57.548437924848685, -25.259881379066275 ], [ -57.54840889334907, -25.260036464913981 ], [ -57.54815717448276, -25.26120233547822 ], [ -57.547663983462932, -25.263330850536775 ], [ -57.546922528289699, -25.266643279676479 ], [ -57.546815034980206, -25.267171962370721 ], [ -57.546497932338802, -25.268505135866928 ], [ -57.546196622460855, -25.269901463599908 ], [ -57.546849459208055, -25.269537177980951 ], [ -57.546874016582251, -25.269521921175976 ], [ -57.548104895032417, -25.268842336651922 ], [ -57.549170646027903, -25.268236216289392 ], [ -57.549170858016261, -25.268236096298118 ], [ -57.550906877643314, -25.267287690395381 ], [ -57.552707457706369, -25.266314696239117 ], [ -57.553687908441852, -25.265782737885345 ], [ -57.554509362116278, -25.265338783828085 ], [ -57.554521208506323, -25.265332381858823 ], [ -57.55758759882842, -25.263654923612624 ], [ -57.558877532509285, -25.262945667275762 ], [ -57.559855138263693, -25.262413679201529 ], [ -57.561307078215776, -25.261577360493582 ], [ -57.561964799865358, -25.261200092870059 ], [ -57.564380908317538, -25.259827272001786 ], [ -57.565576077772313, -25.259177018253318 ], [ -57.565852529753407, -25.259022209443476 ], [ -57.56688318992088, -25.25844505075273 ], [ -57.568171091534147, -25.257722176235607 ], [ -57.568472521495416, -25.257561367743772 ], [ -57.568589329133083, -25.257494414724476 ], [ -57.570190602058616, -25.256576549352864 ], [ -57.5696707968645, -25.256506311722354 ], [ -57.569208816972377, -25.256458425592566 ], [ -57.568670625102698, -25.256437903157323 ], [ -57.567485911609232, -25.256420540352615 ], [ -57.566554300957385, -25.256446958596822 ], [ -57.566347756840912, -25.256478457335749 ] ] ] ] } },
{ "type": "Feature", "properties": { "DPTO": "00", "DISTRITO": "00", "DPTO_DESC": "ASUNCION", "DIST_DESC": "ASUNCION", "AREA": "1", "BAR_LOC": "061", "BARLO_DESC": "MADAME ELISA ALICIA LINCH", "CLAVE": "0000061", "nombre": "Madame Elisa Alicia Linch", "fuente": "INE Cartografía Digital 2012" }, "geometry": { "type": "MultiPolygon", "coordinates": [ [ [ [ -57.549170858016261, -25.268236096298118 ], [ -57.549171648458525, -25.268237843468231 ], [ -57.549808241435564, -25.26969841445414 ], [ -57.54982196673798, -25.26985188178439 ], [ -57.54983176121781, -25.270303370151161 ], [ -57.5498863555936, -25.270641810390462 ], [ -57.549971539870782, -25.27088080115751 ], [ -57.550212654194176, -25.271286274838552 ], [ -57.550563075994134, -25.27170488612612 ], [ -57.550735618472075, -25.271907428523775 ], [ -57.550859028573548, -25.272019849152809 ], [ -57.550909800424577, -25.272060296872663 ], [ -57.551544068024846, -25.272310781850049 ], [ -57.552401908993936, -25.272722976294581 ], [ -57.552677891366777, -25.272875461445132 ], [ -57.552748068958252, -25.27295195780912 ], [ -57.552864176571887, -25.273096010772669 ], [ -57.553014609023819, -25.273280572233521 ], [ -57.553649851240507, -25.27415414805137 ], [ -57.553673970118794, -25.274750069777891 ], [ -57.553782094109671, -25.274912212873534 ], [ -57.55392896787577, -25.275132908610779 ], [ -57.554296399325416, -25.275685383214906 ], [ -57.554382853874706, -25.275654775641804 ], [ -57.554390976224632, -25.275650426751596 ], [ -57.555090214715413, -25.276600514487303 ], [ -57.555199044187631, -25.27678071477175 ], [ -57.555453864522349, -25.277190642862383 ], [ -57.555794779123154, -25.277762794913656 ], [ -57.555856167013005, -25.277884475199603 ], [ -57.556106785541097, -25.278461481765362 ], [ -57.556089195488902, -25.27861958146411 ], [ -57.556664926555612, -25.279023782352695 ], [ -57.557451942119393, -25.279544579118401 ], [ -57.557449601522237, -25.279548797969412 ], [ -57.559012728861262, -25.280265627973929 ], [ -57.559898922812465, -25.280686662451625 ], [ -57.559968134124418, -25.280714694099757 ], [ -57.56027709838407, -25.280441442132766 ], [ -57.560699991059778, -25.280069586380119 ], [ -57.560914293184581, -25.2798726995557 ], [ -57.561002119700966, -25.279792010714999 ], [ -57.562353214102586, -25.278550690887752 ], [ -57.562353379746035, -25.27855085822334 ], [ -57.562602889652368, -25.278324911096217 ], [ -57.562608340510003, -25.278321930125188 ], [ -57.563328027892467, -25.277928385353178 ], [ -57.564310673816998, -25.277346415147296 ], [ -57.564314560862705, -25.277344198653768 ], [ -57.56494193691541, -25.2769861131688 ], [ -57.56494283635957, -25.276985600406817 ], [ -57.565738551365961, -25.276555562421947 ], [ -57.567052541764355, -25.275647136103167 ], [ -57.567369998798199, -25.275425144387782 ], [ -57.567370750989006, -25.275424579800546 ], [ -57.566929660949455, -25.274731351024467 ], [ -57.566176779921321, -25.273542218402881 ], [ -57.565698872484852, -25.272817097521223 ], [ -57.565220122880781, -25.272110039128975 ], [ -57.564100947807596, -25.270395260288257 ], [ -57.563603145615694, -25.269623809385841 ], [ -57.563155481758272, -25.269056597487371 ], [ -57.562707179587115, -25.268484871322283 ], [ -57.562256130643085, -25.267922184645403 ], [ -57.561649081427824, -25.267179480353253 ], [ -57.561286509669564, -25.266620969068963 ], [ -57.560923197083696, -25.266035368149645 ], [ -57.560532597029528, -25.265454385104501 ], [ -57.560142560238504, -25.264859853053704 ], [ -57.559749424928597, -25.264265331622671 ], [ -57.559359127369632, -25.263679828789616 ], [ -57.558877532509285, -25.262945667275762 ], [ -57.55758759882842, -25.263654923612624 ], [ -57.554521208506323, -25.265332381858823 ], [ -57.554509362116278, -25.265338783828085 ], [ -57.553687908441852, -25.265782737885345 ], [ -57.552707457706369, -25.266314696239117 ], [ -57.550906877643314, -25.267287690395381 ], [ -57.549170858016261, -25.268236096298118 ] ] ] ] } },
{ "type": "Feature", "properties": { "DPTO": "00", "DISTRITO": "00", "DPTO_DESC": "ASUNCION", "DIST_DESC": "ASUNCION", "AREA": "1", "BAR_LOC": "060", "BARLO_DESC": "MBURUCUYA", "CLAVE": "0000060", "nombre": "Mburucuya", "fuente": "INE Cartografía Digital 2012" }, "geometry": { "type": "MultiPolygon", "coordinates": [ [ [ [ -57.558877532509285, -25.262945667275762 ], [ -57.559359127369632, -25.263679828789616 ], [ -57.559749424928597, -25.264265331622671 ], [ -57.560142560238504, -25.264859853053704 ], [ -57.560532597029528, -25.265454385104501 ], [ -57.560923197083696, -25.266035368149645 ], [ -57.561286509669564, -25.266620969068963 ], [ -57.561649081427824, -25.267179480353253 ], [ -57.562256130643085, -25.267922184645403 ], [ -57.562707179587115, -25.268484871322283 ], [ -57.563155481758272, -25.269056597487371 ], [ -57.563603145615694, -25.269623809385841 ], [ -57.564100947807596, -25.270395260288257 ], [ -57.565220122880781, -25.272110039128975 ], [ -57.565698872484852, -25.272817097521223 ], [ -57.566176779921321, -25.273542218402881 ], [ -57.566929660949455, -25.274731351024467 ], [ -57.567370750989006, -25.275424579800546 ], [ -57.56864579913929, -25.274468328345776 ], [ -57.570000054660625, -25.27345525827252 ], [ -57.569995213540899, -25.273449210297478 ], [ -57.570220954140488, -25.273156484250215 ], [ -57.570228896984148, -25.273146185914356 ], [ -57.570779174985489, -25.272350529483099 ], [ -57.571805711556856, -25.270965195225958 ], [ -57.572406636189918, -25.270204629455911 ], [ -57.572410219052799, -25.270200315249387 ], [ -57.572409341169731, -25.270199478819748 ], [ -57.572872982576762, -25.269634538774753 ], [ -57.57418099612655, -25.268120103816848 ], [ -57.575476945633348, -25.26666605781303 ], [ -57.575674588556645, -25.266453116154473 ], [ -57.575929847723785, -25.266153677709966 ], [ -57.576318025756464, -25.265685039705847 ], [ -57.576842795532066, -25.265084516935861 ], [ -57.577330198667831, -25.264594965884502 ], [ -57.578054760164399, -25.26385614671273 ], [ -57.57840634529969, -25.263457428666914 ], [ -57.578897974264819, -25.262945279759354 ], [ -57.579152508573429, -25.262695943350554 ], [ -57.579072926159611, -25.262601435514835 ], [ -57.578374256671374, -25.261990101777155 ], [ -57.577992838118718, -25.261659794939462 ], [ -57.577478742552927, -25.261226016494625 ], [ -57.577477677845259, -25.261227035685113 ], [ -57.577444168693937, -25.261199060281591 ], [ -57.576941444792794, -25.260808199730324 ], [ -57.576902820318189, -25.260785832250082 ], [ -57.575694544954068, -25.260086113102425 ], [ -57.575422576404186, -25.259929139839606 ], [ -57.574894167564807, -25.25968285994675 ], [ -57.574785075793862, -25.259647162739281 ], [ -57.574058576935073, -25.259379074618089 ], [ -57.573849743576446, -25.259316673015668 ], [ -57.573250928422198, -25.259142904661182 ], [ -57.572030272937575, -25.258781904056775 ], [ -57.571533907745369, -25.258616762196471 ], [ -57.571072548120874, -25.258437937523379 ], [ -57.569823120435885, -25.257959633335059 ], [ -57.569450726231949, -25.257825612614472 ], [ -57.568589329133083, -25.257494414724476 ], [ -57.568472521495416, -25.257561367743772 ], [ -57.568171091534147, -25.257722176235607 ], [ -57.56688318992088, -25.25844505075273 ], [ -57.565852529753407, -25.259022209443476 ], [ -57.565576077772313, -25.259177018253318 ], [ -57.564380908317538, -25.259827272001786 ], [ -57.561964799865358, -25.261200092870059 ], [ -57.561307078215776, -25.261577360493582 ], [ -57.559855138263693, -25.262413679201529 ], [ -57.558877532509285, -25.262945667275762 ] ] ] ] } },
{ "type": "Feature", "properties": { "DPTO": "00", "DISTRITO": "00", "DPTO_DESC": "ASUNCION", "DIST_DESC": "ASUNCION", "AREA": "1", "BAR_LOC": "065", "BARLO_DESC": "LOMA PYTA", "CLAVE": "0000065", "nombre": "Loma Pyta", "fuente": "INE Cartografía Digital 2012" }, "geometry": { "type": "MultiPolygon", "coordinates": [ [ [ [ -57.534358436489427, -25.246077113814703 ], [ -57.533136696029807, -25.246763334597823 ], [ -57.53305442976508, -25.246754600977191 ], [ -57.531985900106207, -25.247364675504883 ], [ -57.530986278976286, -25.248440297223134 ], [ -57.531030774258049, -25.248470582815361 ], [ -57.531144467901235, -25.248531621403675 ], [ -57.53132576137709, -25.248564046382949 ], [ -57.531538767124481, -25.248581149581824 ], [ -57.531767060094147, -25.24858307850192 ], [ -57.531950174729623, -25.248569859416843 ], [ -57.532074076952853, -25.248562587824658 ], [ -57.532160586203403, -25.248567647511997 ], [ -57.532261369540649, -25.248627678787305 ], [ -57.532295034557997, -25.248753360103155 ], [ -57.532357678212932, -25.248938695649088 ], [ -57.532410240359994, -25.24918894109031 ], [ -57.532453525887107, -25.249364806501351 ], [ -57.532476001616665, -25.249524907357685 ], [ -57.532566820623693, -25.249641010625709 ], [ -57.53266233495026, -25.249743989976714 ], [ -57.532798614766151, -25.249841900560543 ], [ -57.53299324318516, -25.249930058785882 ], [ -57.533149775153582, -25.250019990615321 ], [ -57.533282981214548, -25.250096476953136 ], [ -57.533409160099993, -25.250152261660237 ], [ -57.533494240019017, -25.250213564283115 ], [ -57.533576126092534, -25.2503556746044 ], [ -57.533621720664954, -25.250482269701461 ], [ -57.533660233323964, -25.250702033126053 ], [ -57.5336719860694, -25.250916081181604 ], [ -57.533605503733526, -25.251121990049477 ], [ -57.533583131923557, -25.251306142089977 ], [ -57.533553148086405, -25.251533548989968 ], [ -57.533501516744003, -25.251767727514597 ], [ -57.533492129887875, -25.251861592292922 ], [ -57.533470975321279, -25.251994845618277 ], [ -57.533470031714664, -25.252122100094354 ], [ -57.533490106223226, -25.252349019085539 ], [ -57.533509529443293, -25.252510021134096 ], [ -57.533504402823873, -25.252700800650402 ], [ -57.533528752620342, -25.252865263451223 ], [ -57.533532668974836, -25.252930267336438 ], [ -57.533490128655082, -25.253038884952449 ], [ -57.53354392521608, -25.253137934351304 ], [ -57.533580725440473, -25.253241484550593 ], [ -57.533581303569463, -25.253246985668461 ], [ -57.533662470931652, -25.253484543959154 ], [ -57.533684082461349, -25.253615386905381 ], [ -57.533735077832631, -25.25382092534975 ], [ -57.533812051853609, -25.25401132680172 ], [ -57.533868681664337, -25.254153647350471 ], [ -57.53387098823206, -25.254155647401834 ], [ -57.53391558611996, -25.254248282096402 ], [ -57.533953508593918, -25.254358526969554 ], [ -57.534039226879649, -25.254528738711066 ], [ -57.534134132804169, -25.254671711786699 ], [ -57.534255821130863, -25.254914234384621 ], [ -57.534314669216776, -25.255019086262628 ], [ -57.534369694429465, -25.255177528276217 ], [ -57.534409646588855, -25.255338883880722 ], [ -57.534440197485836, -25.255458613857307 ], [ -57.534444227618685, -25.255505460494337 ], [ -57.534444570982053, -25.255509494092124 ], [ -57.534455406177216, -25.255588760984327 ], [ -57.534455725140006, -25.255592664630736 ], [ -57.534462935553066, -25.255680946272292 ], [ -57.534463552457652, -25.25568848814347 ], [ -57.534471109159426, -25.255781014684711 ], [ -57.534541565066455, -25.255927778467886 ], [ -57.534593191725428, -25.256070987334411 ], [ -57.534695105633467, -25.256252357716225 ], [ -57.534870029744397, -25.256529963793938 ], [ -57.534915507122676, -25.256673377219148 ], [ -57.534963765836416, -25.256768904305883 ], [ -57.53496633470656, -25.256775454774029 ], [ -57.53498409176877, -25.256871941225093 ], [ -57.535002171227021, -25.256987609149895 ], [ -57.535057085322038, -25.257065430313727 ], [ -57.53513165876921, -25.257135363384766 ], [ -57.535136047785073, -25.257143023426096 ], [ -57.535149959475667, -25.25722216711409 ], [ -57.535200977995572, -25.257363178094963 ], [ -57.535332188098522, -25.257687608136067 ], [ -57.535429489963725, -25.257851569359399 ], [ -57.535467257023917, -25.257998257910703 ], [ -57.535550083305402, -25.258221211968472 ], [ -57.5356823005324, -25.258433431910269 ], [ -57.535682477149379, -25.258436115141436 ], [ -57.535749521595172, -25.258552004434851 ], [ -57.535749667995034, -25.258554590245854 ], [ -57.535783597030125, -25.258636209632311 ], [ -57.53577418296576, -25.258664275443348 ], [ -57.535762698663447, -25.258698513001619 ], [ -57.535762976507812, -25.258703444465798 ], [ -57.535757929371705, -25.258824191857546 ], [ -57.535806778649544, -25.258967049067131 ], [ -57.535807555241227, -25.258969318328777 ], [ -57.535816244715846, -25.258994731199397 ], [ -57.535839300618626, -25.259109522112389 ], [ -57.544727330904152, -25.257575732391093 ], [ -57.545875924018212, -25.257386364994943 ], [ -57.549173490732279, -25.256850367545958 ], [ -57.549141720169303, -25.257031095975954 ], [ -57.551318266819827, -25.256675310650692 ], [ -57.551546286524683, -25.256660913348323 ], [ -57.553536657497389, -25.256585736576888 ], [ -57.557921107288969, -25.256569235397507 ], [ -57.561943856805371, -25.256525959335288 ], [ -57.561979671496445, -25.256525573790718 ], [ -57.566347756840912, -25.256478457335749 ], [ -57.565679359872554, -25.25608367752459 ], [ -57.564492283139437, -25.255523814087681 ], [ -57.563963542405425, -25.255263949886494 ], [ -57.562821600682753, -25.254730991867973 ], [ -57.562787072478436, -25.254713062459004 ], [ -57.561995194236275, -25.254318736142523 ], [ -57.561486013863075, -25.254058788443039 ], [ -57.56139089683392, -25.254007168680786 ], [ -57.561383265407983, -25.254003025599076 ], [ -57.560147835397103, -25.253332543955185 ], [ -57.559919363536999, -25.253206839714693 ], [ -57.558854083465164, -25.25260131561167 ], [ -57.558601806741393, -25.25246681153903 ], [ -57.557727745337417, -25.252009559102259 ], [ -57.557018066730912, -25.251736806959453 ], [ -57.556425020642237, -25.251522310295179 ], [ -57.555449646720476, -25.251164761456888 ], [ -57.554593308717969, -25.250847396441479 ], [ -57.554250889049833, -25.250677102113162 ], [ -57.554092908059431, -25.25060093552958 ], [ -57.553253883504183, -25.250062249979422 ], [ -57.552891574142421, -25.249725991819378 ], [ -57.552864437416844, -25.249700806147757 ], [ -57.552153416292569, -25.249073011188127 ], [ -57.551334634528992, -25.248340082474616 ], [ -57.549715179627768, -25.246892204480183 ], [ -57.547888367326436, -25.245210283484376 ], [ -57.547073858731316, -25.244450222651963 ], [ -57.546118178745765, -25.243550705855363 ], [ -57.545696800621805, -25.243132343326184 ], [ -57.545658164338768, -25.243096363916361 ], [ -57.544928752136769, -25.242417251134064 ], [ -57.544481980337586, -25.242008009179941 ], [ -57.544251718159039, -25.241792124836522 ], [ -57.543188281561953, -25.240793649249373 ], [ -57.542580262170205, -25.241242895358244 ], [ -57.542175051513006, -25.241559194016965 ], [ -57.542171731808821, -25.241561785322801 ], [ -57.541754974703792, -25.241887092545458 ], [ -57.541480948767813, -25.242086769109118 ], [ -57.540961046305384, -25.242467956569516 ], [ -57.540897211689249, -25.24250380676844 ], [ -57.540410726242982, -25.24277700919167 ], [ -57.539091844596172, -25.243513302004562 ], [ -57.535823731878473, -25.245317755396062 ], [ -57.534358436489427, -25.246077113814703 ] ] ] ] } },
{ "type": "Feature", "properties": { "DPTO": "00", "DISTRITO": "00", "DPTO_DESC": "ASUNCION", "DIST_DESC": "ASUNCION", "AREA": "1", "BAR_LOC": "054", "BARLO_DESC": "BELLA VISTA", "CLAVE": "0000054", "nombre": "Bella Vista", "fuente": "INE Cartografía Digital 2012" }, "geometry": { "type": "MultiPolygon", "coordinates": [ [ [ [ -57.584023749654193, -25.270912539383172 ], [ -57.584185657582047, -25.271464837415316 ], [ -57.584558143081338, -25.272653302747443 ], [ -57.584558889088996, -25.272653126407956 ], [ -57.584796441165402, -25.273483160920868 ], [ -57.584829754833365, -25.273599418875868 ], [ -57.584930744943797, -25.273961851603488 ], [ -57.584933431466929, -25.27396123230309 ], [ -57.585024458545298, -25.274277224666555 ], [ -57.585049260252084, -25.274362628520919 ], [ -57.585254949774217, -25.275057158103323 ], [ -57.585564130994904, -25.276103464417012 ], [ -57.585755000449453, -25.276748384371363 ], [ -57.58623709282066, -25.27838098178341 ], [ -57.586591420815715, -25.279580726455134 ], [ -57.58666974904915, -25.279852222532373 ], [ -57.587225353699665, -25.281657721923796 ], [ -57.587314407780845, -25.281962654330318 ], [ -57.587415132391058, -25.282386704143729 ], [ -57.587572194446359, -25.282863803716783 ], [ -57.587653468192052, -25.283111817240226 ], [ -57.587906334412864, -25.283928064961529 ], [ -57.588159230943319, -25.28468561412604 ], [ -57.588495801938464, -25.285777253265238 ], [ -57.588515063794866, -25.285839728478127 ], [ -57.588719569189244, -25.286503012829805 ], [ -57.591188336105212, -25.286765236791869 ], [ -57.591615309741933, -25.28680722709522 ], [ -57.592721351047665, -25.286929081849159 ], [ -57.59272151602385, -25.286929101053296 ], [ -57.593078580456726, -25.286966213384751 ], [ -57.594960842668151, -25.287168803463494 ], [ -57.594818307289628, -25.28581932865519 ], [ -57.594678214113152, -25.284397600101233 ], [ -57.594674648362599, -25.284360121915107 ], [ -57.594674635783363, -25.284359986509294 ], [ -57.594664474475159, -25.284253168525463 ], [ -57.594490152444834, -25.28235664504319 ], [ -57.594483899268624, -25.282357504649912 ], [ -57.594459366015094, -25.282100236028057 ], [ -57.594241501716397, -25.279811897284858 ], [ -57.594145038241493, -25.278805391523239 ], [ -57.594002195021055, -25.277324973953522 ], [ -57.593804621711591, -25.275311979808819 ], [ -57.593690240176855, -25.274129451400281 ], [ -57.593601651640128, -25.273208701978987 ], [ -57.593537769121106, -25.272581342650998 ], [ -57.59340371946648, -25.271213026043188 ], [ -57.593384236598254, -25.271069359443782 ], [ -57.593331097927901, -25.270480731580246 ], [ -57.593212897325373, -25.268893708883105 ], [ -57.593072037219962, -25.267643862026141 ], [ -57.593067414575678, -25.267602842592236 ], [ -57.592916756365668, -25.267642701407489 ], [ -57.592915667326253, -25.267642989338171 ], [ -57.591927907109884, -25.267905517241918 ], [ -57.591632854999453, -25.26798797423589 ], [ -57.591255443492784, -25.268174610822904 ], [ -57.589967750555822, -25.268933806370839 ], [ -57.589967772879916, -25.268934315599441 ], [ -57.58997846110595, -25.269159525011503 ], [ -57.589555688343403, -25.269079940093096 ], [ -57.589497544169674, -25.269057596169219 ], [ -57.588480281722006, -25.268492736337944 ], [ -57.587517714133931, -25.267941197329037 ], [ -57.586567235293344, -25.267385088612134 ], [ -57.586300857073894, -25.267751880643875 ], [ -57.586299712020612, -25.267751262089941 ], [ -57.585924732005999, -25.268272625742895 ], [ -57.585634822110656, -25.26872452457291 ], [ -57.585138782043678, -25.269472279782374 ], [ -57.584878494810347, -25.269816468965431 ], [ -57.58462179050985, -25.270196765351411 ], [ -57.584210341947333, -25.270862133411956 ], [ -57.584023749654193, -25.270912539383172 ] ] ] ] } },
{ "type": "Feature", "properties": { "DPTO": "00", "DISTRITO": "00", "DPTO_DESC": "ASUNCION", "DIST_DESC": "ASUNCION", "AREA": "1", "BAR_LOC": "024", "BARLO_DESC": "MARISCAL FRANCISCO SOLANO LOPEZ", "CLAVE": "0000024", "nombre": "Mariscal Francisco Solano Lopez", "fuente": "INE Cartografía Digital 2012" }, "geometry": { "type": "MultiPolygon", "coordinates": [ [ [ [ -57.594490152444834, -25.28235664504319 ], [ -57.594664474475159, -25.284253168525463 ], [ -57.594674635783363, -25.284359986509294 ], [ -57.594674648362599, -25.284360121915107 ], [ -57.594678214113152, -25.284397600101233 ], [ -57.594818307289628, -25.28581932865519 ], [ -57.594960842668151, -25.287168803463494 ], [ -57.595080722679903, -25.287818510945822 ], [ -57.596987610619401, -25.29131863057377 ], [ -57.596987881238462, -25.291319126151883 ], [ -57.597034796625152, -25.29132796670002 ], [ -57.597843226249161, -25.291470208718035 ], [ -57.597964251844161, -25.291491501355139 ], [ -57.598898752352497, -25.29166329955687 ], [ -57.599627895708167, -25.29179734153389 ], [ -57.600630366902877, -25.291981621385997 ], [ -57.60329080750526, -25.292467437481228 ], [ -57.605816700827511, -25.292945863521719 ], [ -57.605816929510276, -25.292945907734566 ], [ -57.605851209685191, -25.292951661992333 ], [ -57.605880423474709, -25.292956922318918 ], [ -57.607674624430608, -25.293279984281515 ], [ -57.607965789612642, -25.293332410661481 ], [ -57.607965912898962, -25.29333243363239 ], [ -57.608031039618531, -25.293345708993748 ], [ -57.608062701380547, -25.293351417538968 ], [ -57.608970314362679, -25.293515079859208 ], [ -57.609009524309187, -25.293522149525629 ], [ -57.609504117063011, -25.293611332706636 ], [ -57.611040791509154, -25.293884917502059 ], [ -57.611199720154346, -25.293884259037238 ], [ -57.610888905288036, -25.292689017760221 ], [ -57.610477443832785, -25.291105884504802 ], [ -57.610172962649322, -25.289933190886096 ], [ -57.610078635272437, -25.289567849344088 ], [ -57.609550714270874, -25.287533673361246 ], [ -57.609530490343239, -25.285723158497312 ], [ -57.609541349770545, -25.284666554749933 ], [ -57.609535756228205, -25.284355028415966 ], [ -57.608579701928171, -25.284530553019621 ], [ -57.60714964998634, -25.284825418265193 ], [ -57.606024673618116, -25.285051288769623 ], [ -57.605668070715424, -25.28362143196814 ], [ -57.605648429233213, -25.283530598801846 ], [ -57.605421669279025, -25.283555797801107 ], [ -57.605528924852699, -25.283102752792409 ], [ -57.60490412071286, -25.28291567671474 ], [ -57.604033603334017, -25.282625754155003 ], [ -57.603097708571248, -25.28229545669943 ], [ -57.602216558686862, -25.28198750586829 ], [ -57.601314927276569, -25.281679633166558 ], [ -57.600630763200748, -25.281474719787262 ], [ -57.600528583130355, -25.281461590036422 ], [ -57.599674649797279, -25.281573428171622 ], [ -57.5989201019935, -25.281698403661171 ], [ -57.598173886979545, -25.281814311096902 ], [ -57.597221736297222, -25.281962654972965 ], [ -57.596302148341614, -25.282106345923328 ], [ -57.595330994119841, -25.28224120879932 ], [ -57.594490152444834, -25.28235664504319 ] ] ] ] } },
{ "type": "Feature", "properties": { "DPTO": "00", "DISTRITO": "00", "DPTO_DESC": "ASUNCION", "DIST_DESC": "ASUNCION", "AREA": "1", "BAR_LOC": "025", "BARLO_DESC": "VIRGEN DEL HUERTO", "CLAVE": "0000025", "nombre": "Virgen Del Huerto", "fuente": "INE Cartografía Digital 2012" }, "geometry": { "type": "MultiPolygon", "coordinates": [ [ [ [ -57.593212897325373, -25.268893708883105 ], [ -57.593331097927901, -25.270480731580246 ], [ -57.593384236598254, -25.271069359443782 ], [ -57.59340371946648, -25.271213026043188 ], [ -57.593537769121106, -25.272581342650998 ], [ -57.593601651640128, -25.273208701978987 ], [ -57.593690240176855, -25.274129451400281 ], [ -57.593804621711591, -25.275311979808819 ], [ -57.594002195021055, -25.277324973953522 ], [ -57.594145038241493, -25.278805391523239 ], [ -57.594241501716397, -25.279811897284858 ], [ -57.594459366015094, -25.282100236028057 ], [ -57.594483899268624, -25.282357504649912 ], [ -57.594490152444834, -25.28235664504319 ], [ -57.595330994119841, -25.28224120879932 ], [ -57.596302148341614, -25.282106345923328 ], [ -57.597221736297222, -25.281962654972965 ], [ -57.598173886979545, -25.281814311096902 ], [ -57.5989201019935, -25.281698403661171 ], [ -57.599674649797279, -25.281573428171622 ], [ -57.600528583130355, -25.281461590036422 ], [ -57.600630763200748, -25.281474719787262 ], [ -57.600461201418227, -25.280762005745675 ], [ -57.600452333118049, -25.280725920102185 ], [ -57.600213178741278, -25.279747091036594 ], [ -57.600040959392167, -25.278998265345905 ], [ -57.600004334629055, -25.278871988171204 ], [ -57.599801546527857, -25.278028467681963 ], [ -57.599529570421602, -25.27693688992338 ], [ -57.5993911900513, -25.276314350849759 ], [ -57.599335768927233, -25.276088814948334 ], [ -57.59909002763284, -25.275091949064052 ], [ -57.598957614062087, -25.274546144806735 ], [ -57.598803966093143, -25.273910122102187 ], [ -57.598523785419765, -25.272723755248887 ], [ -57.598512103488858, -25.272683165621125 ], [ -57.598406915837771, -25.272285661066039 ], [ -57.598392411235878, -25.272230849081669 ], [ -57.598316362962905, -25.271943462742772 ], [ -57.598203575591505, -25.271474336715297 ], [ -57.597912677041997, -25.270251889796342 ], [ -57.597825541225809, -25.269886509579219 ], [ -57.597788543501451, -25.269746687465851 ], [ -57.596663353493582, -25.268952045268396 ], [ -57.59551270691874, -25.268152981676245 ], [ -57.595267340340641, -25.268050121151511 ], [ -57.594638502764461, -25.267908168442233 ], [ -57.593072037219962, -25.267643862026141 ], [ -57.593212897325373, -25.268893708883105 ] ] ] ] } },
{ "type": "Feature", "properties": { "DPTO": "00", "DISTRITO": "00", "DPTO_DESC": "ASUNCION", "DIST_DESC": "ASUNCION", "AREA": "1", "BAR_LOC": "053", "BARLO_DESC": "VIRGEN DE LA ASUNCION", "CLAVE": "0000053", "nombre": "Virgen De La Asuncion", "fuente": "INE Cartografía Digital 2012" }, "geometry": { "type": "MultiPolygon", "coordinates": [ [ [ [ -57.581321491961873, -25.260568646014121 ], [ -57.58130927432498, -25.260580313633756 ], [ -57.581049702177246, -25.260828210599765 ], [ -57.581176260973201, -25.261337934402288 ], [ -57.581325026629656, -25.261883692510974 ], [ -57.581409231912652, -25.262167931974286 ], [ -57.581411694587949, -25.262176243858796 ], [ -57.581613621377699, -25.262857847147824 ], [ -57.581702533955813, -25.263150987241914 ], [ -57.581933953414229, -25.263913150181622 ], [ -57.582142046018262, -25.264598645621938 ], [ -57.582416886531419, -25.265514250061127 ], [ -57.58241691481156, -25.265514349284707 ], [ -57.582435129429761, -25.26558328736968 ], [ -57.582478764021872, -25.265729355536173 ], [ -57.582861765280086, -25.26701145627986 ], [ -57.583140175791726, -25.267926949106293 ], [ -57.583364462374128, -25.268708426317794 ], [ -57.58366068423976, -25.269660592409817 ], [ -57.584023749654193, -25.270912539383172 ], [ -57.584210341947333, -25.270862133411956 ], [ -57.58462179050985, -25.270196765351411 ], [ -57.584878494810347, -25.269816468965431 ], [ -57.585138782043678, -25.269472279782374 ], [ -57.585634822110656, -25.26872452457291 ], [ -57.585924732005999, -25.268272625742895 ], [ -57.586299712020612, -25.267751262089941 ], [ -57.586300857073894, -25.267751880643875 ], [ -57.586567235293344, -25.267385088612134 ], [ -57.587517714133931, -25.267941197329037 ], [ -57.588480281722006, -25.268492736337944 ], [ -57.589497544169674, -25.269057596169219 ], [ -57.589555688343403, -25.269079940093096 ], [ -57.58997846110595, -25.269159525011503 ], [ -57.589967772879916, -25.268934315599441 ], [ -57.589967750555822, -25.268933806370839 ], [ -57.591255443492784, -25.268174610822904 ], [ -57.591632854999453, -25.26798797423589 ], [ -57.591927907109884, -25.267905517241918 ], [ -57.592915667326253, -25.267642989338171 ], [ -57.592916756365668, -25.267642701407489 ], [ -57.593067414575678, -25.267602842592236 ], [ -57.593072037219962, -25.267643862026141 ], [ -57.594638502764461, -25.267908168442233 ], [ -57.595267340340641, -25.268050121151511 ], [ -57.59551270691874, -25.268152981676245 ], [ -57.596663353493582, -25.268952045268396 ], [ -57.597788543501451, -25.269746687465851 ], [ -57.597644150926122, -25.26916029296267 ], [ -57.597602013242913, -25.268984369793625 ], [ -57.597354728791252, -25.267919777525773 ], [ -57.597074510300949, -25.266783074219052 ], [ -57.597094616214008, -25.266706234040356 ], [ -57.59719793911443, -25.266638087673019 ], [ -57.597312276433726, -25.266664716425737 ], [ -57.597738633661173, -25.266970025996681 ], [ -57.597915972614238, -25.26708716783482 ], [ -57.598023879375127, -25.267164923594542 ], [ -57.59811899845446, -25.267072335493328 ], [ -57.598263794970514, -25.26691823104246 ], [ -57.597557048519846, -25.266392813092875 ], [ -57.597142212606748, -25.266084834792778 ], [ -57.596534789744219, -25.265633873323274 ], [ -57.596354752492026, -25.265499143908642 ], [ -57.595580126086801, -25.264924321940946 ], [ -57.594804267600516, -25.264349500724464 ], [ -57.593880195921344, -25.263658916814197 ], [ -57.593830030639843, -25.263630986015741 ], [ -57.592219993298407, -25.262429604703836 ], [ -57.591711450613481, -25.26205013105043 ], [ -57.590703087041362, -25.261299844255387 ], [ -57.590418622322318, -25.261087063901499 ], [ -57.590418286444802, -25.261086812391603 ], [ -57.590115708606518, -25.260859910681152 ], [ -57.589860619209773, -25.260673985805315 ], [ -57.589500360982562, -25.260406801637703 ], [ -57.589500300185037, -25.260406755825063 ], [ -57.588230963615558, -25.259454233685521 ], [ -57.587081921893358, -25.258591991779628 ], [ -57.586771663924566, -25.258360041988276 ], [ -57.586745845457166, -25.258340519562342 ], [ -57.586187222898836, -25.257918150727473 ], [ -57.585399081471671, -25.257352357530614 ], [ -57.584886377441485, -25.256952533054708 ], [ -57.583980917079565, -25.257872710431887 ], [ -57.583256822899891, -25.258629617405823 ], [ -57.582341003278884, -25.259594978170824 ], [ -57.581321491961873, -25.260568646014121 ] ] ] ] } },
{ "type": "Feature", "properties": { "DPTO": "00", "DISTRITO": "00", "DPTO_DESC": "ASUNCION", "DIST_DESC": "ASUNCION", "AREA": "1", "BAR_LOC": "057", "BARLO_DESC": "SANTISIMA TRINIDAD", "CLAVE": "0000057", "nombre": "Santisima Trinidad", "fuente": "INE Cartografía Digital 2012" }, "geometry": { "type": "MultiPolygon", "coordinates": [ [ [ [ -57.57586527078476, -25.25336403116069 ], [ -57.575237506072369, -25.253712370072208 ], [ -57.574274623359159, -25.254244401524847 ], [ -57.574068799127048, -25.254358082966181 ], [ -57.573414521942084, -25.254726359988211 ], [ -57.572712292279483, -25.255126426858599 ], [ -57.570919953935025, -25.256134847390467 ], [ -57.570190602058616, -25.256576549352864 ], [ -57.568589329133083, -25.257494414724476 ], [ -57.569450726231949, -25.257825612614472 ], [ -57.569823120435885, -25.257959633335059 ], [ -57.571072548120874, -25.258437937523379 ], [ -57.571533907745369, -25.258616762196471 ], [ -57.572030272937575, -25.258781904056775 ], [ -57.573250928422198, -25.259142904661182 ], [ -57.573849743576446, -25.259316673015668 ], [ -57.574058576935073, -25.259379074618089 ], [ -57.574785075793862, -25.259647162739281 ], [ -57.574894167564807, -25.25968285994675 ], [ -57.575422576404186, -25.259929139839606 ], [ -57.575694544954068, -25.260086113102425 ], [ -57.576902820318189, -25.260785832250082 ], [ -57.576941444792794, -25.260808199730324 ], [ -57.577444168693937, -25.261199060281591 ], [ -57.577477677845259, -25.261227035685113 ], [ -57.577478742552927, -25.261226016494625 ], [ -57.577992838118718, -25.261659794939462 ], [ -57.578374256671374, -25.261990101777155 ], [ -57.579072926159611, -25.262601435514835 ], [ -57.579152508573429, -25.262695943350554 ], [ -57.580627462742378, -25.261245273693415 ], [ -57.580775710520577, -25.261095687730148 ], [ -57.581049702177246, -25.260828210599765 ], [ -57.58130927432498, -25.260580313633756 ], [ -57.581321491961873, -25.260568646014121 ], [ -57.582341003278884, -25.259594978170824 ], [ -57.583256822899891, -25.258629617405823 ], [ -57.583980917079565, -25.257872710431887 ], [ -57.584886377441485, -25.256952533054708 ], [ -57.583779652831225, -25.256148684824478 ], [ -57.582022057112098, -25.254821323160705 ], [ -57.581954006194799, -25.254775907954169 ], [ -57.581824119684534, -25.254670889544453 ], [ -57.581822455186568, -25.254672720260459 ], [ -57.580863151731407, -25.253951123150969 ], [ -57.580153678273909, -25.253426739439281 ], [ -57.580022877848322, -25.253327917889457 ], [ -57.579219107817643, -25.252726029975562 ], [ -57.579112909071917, -25.252645172072427 ], [ -57.578277230032938, -25.252052434468666 ], [ -57.575958647362192, -25.253312217582245 ], [ -57.57586527078476, -25.25336403116069 ] ] ] ] } },
{ "type": "Feature", "properties": { "DPTO": "00", "DISTRITO": "00", "DPTO_DESC": "ASUNCION", "DIST_DESC": "ASUNCION", "AREA": "1", "BAR_LOC": "033", "BARLO_DESC": "PRESIDENTE CARLOS ANTONIO LOPEZ", "CLAVE": "0000033", "nombre": "Presidente Carlos Antonio Lopez", "fuente": "INE Cartografía Digital 2012" }, "geometry": { "type": "MultiPolygon", "coordinates": [ [ [ [ -57.662690406415592, -25.299524778520787 ], [ -57.663464626493123, -25.299026969451653 ], [ -57.663909804235551, -25.299431331349947 ], [ -57.664195599283531, -25.299696439491786 ], [ -57.664434735143452, -25.299943696600049 ], [ -57.665464464892978, -25.30074726879171 ], [ -57.665628548824955, -25.300552376043637 ], [ -57.665756672766385, -25.300366675795772 ], [ -57.665265502623839, -25.300012194011572 ], [ -57.664837956353651, -25.299711605749572 ], [ -57.665033790761086, -25.298907022646588 ], [ -57.665206494711569, -25.29801675533886 ], [ -57.665419885473398, -25.29713081937086 ], [ -57.665621671837194, -25.29624319797124 ], [ -57.665844246880383, -25.295372502779372 ], [ -57.666038333341895, -25.294477622549749 ], [ -57.666242637235634, -25.293578180680395 ], [ -57.66643583588997, -25.292692334159199 ], [ -57.666645361075872, -25.291783837675698 ], [ -57.666859775555942, -25.29086177321086 ], [ -57.665881425194179, -25.290699131341679 ], [ -57.66488848819273, -25.290536548684557 ], [ -57.663917590262585, -25.290373860108367 ], [ -57.662929887322804, -25.290202210266425 ], [ -57.661938199412411, -25.290039601997155 ], [ -57.66096112550747, -25.289881436713991 ], [ -57.659963831982679, -25.289714325018505 ], [ -57.659011906308884, -25.289556034225253 ], [ -57.657998499738085, -25.289393496310154 ], [ -57.657009929123845, -25.289230840776664 ], [ -57.656035303867277, -25.289063601376704 ], [ -57.655048239205001, -25.288891895545721 ], [ -57.654029256740685, -25.28872935493462 ], [ -57.653069252198165, -25.288566546160837 ], [ -57.652035303567907, -25.288390512386766 ], [ -57.65194677018799, -25.288377358115369 ], [ -57.650983402310722, -25.288223580903484 ], [ -57.649867468087969, -25.288038863218052 ], [ -57.648800029945342, -25.287867469318606 ], [ -57.647895694571282, -25.287722442550635 ], [ -57.648359841790167, -25.2883841357142 ], [ -57.64850998223379, -25.288600204674992 ], [ -57.649018523503145, -25.289320397818454 ], [ -57.649548682041157, -25.290076615333064 ], [ -57.649667856432508, -25.290247667513508 ], [ -57.650096849279038, -25.290832751400245 ], [ -57.650174691516291, -25.290936257534341 ], [ -57.650261919060284, -25.291053267800471 ], [ -57.65060070673367, -25.291543928862509 ], [ -57.65068798332387, -25.291669969002161 ], [ -57.651143993146192, -25.292313627758663 ], [ -57.651437917389089, -25.292714181121305 ], [ -57.651767926657932, -25.293186817294846 ], [ -57.65206159348832, -25.293596400801324 ], [ -57.652099107674921, -25.293645901939666 ], [ -57.652272351125809, -25.293884440475615 ], [ -57.652653611905308, -25.294420060351193 ], [ -57.653158668452008, -25.295117677430799 ], [ -57.653610311309436, -25.295752316845185 ], [ -57.653654417545006, -25.29581533387482 ], [ -57.654067642236981, -25.296404990234482 ], [ -57.654102984740888, -25.296454500449112 ], [ -57.65452397562791, -25.297044120969154 ], [ -57.654602159826517, -25.297152138219644 ], [ -57.655005029220781, -25.297719261786401 ], [ -57.655266813917947, -25.298083828159367 ], [ -57.655518452097652, -25.298466499825793 ], [ -57.655530761962353, -25.298476508533586 ], [ -57.655750422248929, -25.298655105946828 ], [ -57.655813392726145, -25.298704492869316 ], [ -57.656465631966896, -25.298999592575928 ], [ -57.656489665753192, -25.299008152922422 ], [ -57.657091719595712, -25.299222563075677 ], [ -57.657512093935004, -25.299405811608427 ], [ -57.658078020897044, -25.299696773651704 ], [ -57.658723643071795, -25.300086711312328 ], [ -57.659191871696549, -25.300450348071688 ], [ -57.660836941114475, -25.299156300780773 ], [ -57.660837100366109, -25.299156175448449 ], [ -57.660994608294679, -25.299032273123998 ], [ -57.661148845817905, -25.298910944494875 ], [ -57.661284114259722, -25.298896792510057 ], [ -57.661325770165867, -25.298734660961639 ], [ -57.661386708216142, -25.298774110367141 ], [ -57.661468211548481, -25.29881808743335 ], [ -57.661560729087057, -25.298859096439525 ], [ -57.661618787866267, -25.298897693555194 ], [ -57.661707638772789, -25.298960063034492 ], [ -57.661812766617061, -25.299013952167279 ], [ -57.661938805927704, -25.299068415611654 ], [ -57.662010771679292, -25.299137315577013 ], [ -57.662025350944369, -25.299147318963485 ], [ -57.662079235030667, -25.299184292915719 ], [ -57.66213896993748, -25.299244284205692 ], [ -57.662237040498326, -25.29929143195606 ], [ -57.662309759617706, -25.299336220985687 ], [ -57.662385727289021, -25.299386895812834 ], [ -57.662524098091239, -25.299419290997335 ], [ -57.662526282915735, -25.299421378027507 ], [ -57.662616940743881, -25.299464406669436 ], [ -57.662660305970626, -25.299497096712297 ], [ -57.662690406415592, -25.299524778520787 ] ] ] ] } },
{ "type": "Feature", "properties": { "DPTO": "00", "DISTRITO": "00", "DPTO_DESC": "ASUNCION", "DIST_DESC": "ASUNCION", "AREA": "1", "BAR_LOC": "011", "BARLO_DESC": "ROBERTO L. PETIT", "CLAVE": "0000011", "nombre": "Roberto L. Petit", "fuente": "INE Cartografía Digital 2012" }, "geometry": { "type": "MultiPolygon", "coordinates": [ [ [ [ -57.630898777219478, -25.312512249270526 ], [ -57.630696560920391, -25.31351096941972 ], [ -57.630686531681143, -25.313549526814555 ], [ -57.630769544540655, -25.313572054577552 ], [ -57.630921462890619, -25.313641275982469 ], [ -57.631101143128376, -25.3136916692809 ], [ -57.631295061987821, -25.313767336960073 ], [ -57.631322824984032, -25.313773676579171 ], [ -57.631530821990637, -25.313906097253259 ], [ -57.631544696017642, -25.313912420474246 ], [ -57.631736533686485, -25.314051016404211 ], [ -57.631745315240941, -25.314057361428986 ], [ -57.631752218820239, -25.314063651288784 ], [ -57.632029254291808, -25.314158555833682 ], [ -57.632264652770296, -25.314240766565291 ], [ -57.632292430017273, -25.314247142059294 ], [ -57.632466526015392, -25.314241616359933 ], [ -57.632578121515806, -25.314229558806979 ], [ -57.632628242602379, -25.31410439608354 ], [ -57.632642529242673, -25.314073086122939 ], [ -57.632642931750141, -25.314035435028469 ], [ -57.632700533412098, -25.31381575193015 ], [ -57.632707516017739, -25.313803205885279 ], [ -57.632846615146271, -25.31367803863883 ], [ -57.632867394745944, -25.313659281877214 ], [ -57.633048327560864, -25.313678709539971 ], [ -57.6332644599362, -25.313754770469554 ], [ -57.633460030134792, -25.313849686323699 ], [ -57.633555574304097, -25.313866635691245 ], [ -57.633640671303361, -25.313881731720837 ], [ -57.633668901763102, -25.313882034802063 ], [ -57.633869839373858, -25.313929626024276 ], [ -57.633901896507879, -25.313937517972665 ], [ -57.634188347226505, -25.314067845579434 ], [ -57.634359374948403, -25.314268324096769 ], [ -57.634374729712711, -25.314290337240131 ], [ -57.634464160942386, -25.314508398459761 ], [ -57.634472013621895, -25.3145084242623 ], [ -57.634659709603547, -25.314752819324472 ], [ -57.634683043155171, -25.314752895859286 ], [ -57.634895640341604, -25.314866832031644 ], [ -57.634911125186065, -25.314866882733302 ], [ -57.63510507049044, -25.314867186907261 ], [ -57.635112835672842, -25.314867194991553 ], [ -57.635159438660416, -25.314867238019293 ], [ -57.635182744132699, -25.314867260413518 ], [ -57.635405762440229, -25.314796236384634 ], [ -57.635606118314072, -25.314738799279716 ], [ -57.635645436349094, -25.314738723661247 ], [ -57.635709897317788, -25.314717262288386 ], [ -57.635864594297324, -25.314739033708239 ], [ -57.635885622704279, -25.314767607148056 ], [ -57.635908906883238, -25.314767741495981 ], [ -57.636032878227923, -25.314860472142566 ], [ -57.636083266743185, -25.315011234999034 ], [ -57.636105559387985, -25.315077930904369 ], [ -57.636199644741865, -25.315360061124284 ], [ -57.636265661467533, -25.315595648983301 ], [ -57.636435016385548, -25.31591259662757 ], [ -57.636595350206065, -25.316085669922664 ], [ -57.636752418834163, -25.316220549724513 ], [ -57.636755193581301, -25.316222239056469 ], [ -57.636907497646732, -25.316314933216354 ], [ -57.637041570360225, -25.316420776533796 ], [ -57.637200380988183, -25.31655422332064 ], [ -57.637361916972402, -25.316688963933117 ], [ -57.637396267441048, -25.316717616797128 ], [ -57.637571513329455, -25.316851037249506 ], [ -57.637723897842378, -25.316941750736344 ], [ -57.637859938877817, -25.317022133630143 ], [ -57.637960995114582, -25.317097303786465 ], [ -57.637967030430822, -25.317103132943146 ], [ -57.63805608835596, -25.317189148031996 ], [ -57.638208267921293, -25.31723264400787 ], [ -57.638357158197628, -25.317206985220707 ], [ -57.638442889375135, -25.317266692820251 ], [ -57.638496911220031, -25.317449856145441 ], [ -57.638554227097316, -25.317548016968331 ], [ -57.638590548310283, -25.317610219579823 ], [ -57.638600242479036, -25.317629439310561 ], [ -57.638666977836188, -25.317781548104517 ], [ -57.63867135726084, -25.317805038732736 ], [ -57.638677558937573, -25.317944487365725 ], [ -57.638682258960195, -25.317953710462948 ], [ -57.638723095450231, -25.318072840638898 ], [ -57.638813248207143, -25.318162778696372 ], [ -57.639693208028234, -25.317657771020979 ], [ -57.64045006566279, -25.317230058243297 ], [ -57.641222347028268, -25.316784213851644 ], [ -57.642036176106764, -25.316329154170596 ], [ -57.642418004455102, -25.316114251669056 ], [ -57.642495666406745, -25.316070541348736 ], [ -57.642788073523221, -25.315905966336825 ], [ -57.643556588370878, -25.315455611144809 ], [ -57.644337611401383, -25.315023258018989 ], [ -57.645049921321913, -25.314631838047525 ], [ -57.645069361124222, -25.314609177124243 ], [ -57.645081020929474, -25.314554821230502 ], [ -57.645083904404693, -25.314541385910445 ], [ -57.645313999049669, -25.314314620260568 ], [ -57.645449046366096, -25.314196634564219 ], [ -57.645572964836397, -25.314087727826003 ], [ -57.645610465079152, -25.314082883170741 ], [ -57.64575384202103, -25.314064359747803 ], [ -57.646018875992318, -25.313986440617281 ], [ -57.646087153904396, -25.314040323443926 ], [ -57.646164459119262, -25.314002530365538 ], [ -57.64628285945426, -25.313944646989963 ], [ -57.646906917168572, -25.313598756763451 ], [ -57.647684904466821, -25.313125762940118 ], [ -57.647784869545411, -25.313066626490478 ], [ -57.64871098295076, -25.312543309491119 ], [ -57.649011446729979, -25.31235686504116 ], [ -57.649546897509971, -25.312747326619562 ], [ -57.649664549757944, -25.312766347136382 ], [ -57.649993505867528, -25.312246380402854 ], [ -57.650258746896526, -25.311724480651563 ], [ -57.655247493429187, -25.308892671469884 ], [ -57.652483182843469, -25.30495677057695 ], [ -57.652054499930379, -25.305209466689252 ], [ -57.65185613599872, -25.304948125952411 ], [ -57.651644622906787, -25.30466945781162 ], [ -57.651265599608401, -25.304093190038294 ], [ -57.650896014409966, -25.303539455405264 ], [ -57.650713610834543, -25.303273865102142 ], [ -57.649811120403385, -25.303788059665987 ], [ -57.649199228139508, -25.304133908183193 ], [ -57.64844866719374, -25.304557122055808 ], [ -57.647716153135228, -25.304989283242374 ], [ -57.64685368269614, -25.305503284172076 ], [ -57.646126626306931, -25.305912837756971 ], [ -57.645402262745087, -25.306304315316488 ], [ -57.644853149399744, -25.30660923466894 ], [ -57.643666078136249, -25.307269122146657 ], [ -57.642869411675512, -25.307728630710901 ], [ -57.642084489344185, -25.308179053535326 ], [ -57.641197114846932, -25.308688615136905 ], [ -57.640321767509811, -25.309184573708585 ], [ -57.639549459154551, -25.309616867738235 ], [ -57.638750876130651, -25.310071847505885 ], [ -57.637931533835598, -25.310535943192452 ], [ -57.63721955744051, -25.310931842698572 ], [ -57.636418092583185, -25.31137327693116 ], [ -57.635660347925054, -25.311805488006833 ], [ -57.63533280366434, -25.312041689216713 ], [ -57.634875968495408, -25.312251355483529 ], [ -57.634363942551722, -25.312474803386461 ], [ -57.63426915637757, -25.312515847833332 ], [ -57.633340908715617, -25.312939750263791 ], [ -57.633234347018913, -25.312985359821358 ], [ -57.633094497642595, -25.313017566722433 ], [ -57.632917894204667, -25.313027355395761 ], [ -57.632832091334009, -25.313005147850362 ], [ -57.631615952515482, -25.312694300746838 ], [ -57.630898777219478, -25.312512249270526 ] ] ] ] } },
{ "type": "Feature", "properties": { "DPTO": "00", "DISTRITO": "00", "DPTO_DESC": "ASUNCION", "DIST_DESC": "ASUNCION", "AREA": "1", "BAR_LOC": "008", "BARLO_DESC": "LA CATEDRAL", "CLAVE": "0000008", "nombre": "La Catedral", "fuente": "INE Cartografía Digital 2012" }, "geometry": { "type": "MultiPolygon", "coordinates": [ [ [ [ -57.628446676594706, -25.284140234223315 ], [ -57.62867325874727, -25.28448851958073 ], [ -57.62867429696459, -25.284490114440317 ], [ -57.628777689850502, -25.284649041398563 ], [ -57.62926624353203, -25.285310692647514 ], [ -57.629652019838751, -25.285846069922034 ], [ -57.629655469298847, -25.285850855758362 ], [ -57.629625836673277, -25.285863207571531 ], [ -57.629622639312672, -25.285864541460434 ], [ -57.630092812569316, -25.286571420132429 ], [ -57.630504387711369, -25.287170182893924 ], [ -57.631035928053542, -25.287917432758224 ], [ -57.631719178871613, -25.28894848822253 ], [ -57.632540484189548, -25.290082797755108 ], [ -57.63329832126756, -25.2911857684614 ], [ -57.634054659540212, -25.290744545796809 ], [ -57.634823647539903, -25.290289719297601 ], [ -57.635463642314555, -25.289921233214013 ], [ -57.636143245959651, -25.289529997636183 ], [ -57.636972627700139, -25.289052323691429 ], [ -57.637762128059251, -25.288606423908028 ], [ -57.638457523670589, -25.288210594358603 ], [ -57.639085724158853, -25.287846659020726 ], [ -57.639946409792195, -25.287364317794104 ], [ -57.6392081637849, -25.286274841926833 ], [ -57.638423852500495, -25.285158470187813 ], [ -57.637725263108244, -25.284109451313498 ], [ -57.637188903757043, -25.283335155182215 ], [ -57.636773918537784, -25.282740940975131 ], [ -57.636168441828374, -25.282102394963371 ], [ -57.635686081600419, -25.28162134784753 ], [ -57.63519363062845, -25.281108736123883 ], [ -57.635012556208466, -25.28090633161418 ], [ -57.634629158439523, -25.280533219661304 ], [ -57.635297387815967, -25.279934338052747 ], [ -57.634542627049015, -25.279233214651565 ], [ -57.634588087348924, -25.279201412766742 ], [ -57.634440082753315, -25.278732468479777 ], [ -57.633560621319099, -25.279476739720234 ], [ -57.63333073782978, -25.279676395320678 ], [ -57.633241265427259, -25.279839326480705 ], [ -57.632766040589317, -25.280310945825754 ], [ -57.632438053202613, -25.280506505520176 ], [ -57.632344197177822, -25.280543029355552 ], [ -57.632332959158383, -25.280470834326159 ], [ -57.632264069114179, -25.280510919269087 ], [ -57.631968470389801, -25.280630427810916 ], [ -57.631762939799444, -25.280744182499046 ], [ -57.6316977669495, -25.280739951740827 ], [ -57.631571462119318, -25.280803705198441 ], [ -57.631438064821715, -25.280876519299518 ], [ -57.631484514300851, -25.280975654909387 ], [ -57.631510509552221, -25.281020695651225 ], [ -57.631529962109411, -25.281061249191126 ], [ -57.631554429401653, -25.281110811663137 ], [ -57.631296120216646, -25.281157069028662 ], [ -57.631195745978992, -25.281193620030205 ], [ -57.631051340056736, -25.281298087275637 ], [ -57.630799084996653, -25.281434621878496 ], [ -57.630733495696205, -25.28147553905783 ], [ -57.630733858288188, -25.281476128095999 ], [ -57.630855685916096, -25.281673371209923 ], [ -57.630855880222377, -25.281673684637049 ], [ -57.630805715188295, -25.281696475104418 ], [ -57.630765794012753, -25.281719221764249 ], [ -57.630660119917245, -25.281751279864547 ], [ -57.630531863333417, -25.281738282397679 ], [ -57.630467328577545, -25.281743073357951 ], [ -57.630398619418521, -25.281720790927054 ], [ -57.630239970424121, -25.281712438249638 ], [ -57.630186632510053, -25.281721696461428 ], [ -57.629968827791636, -25.281858082524806 ], [ -57.629953379952781, -25.281871694077505 ], [ -57.629862191639923, -25.281944326563004 ], [ -57.629839066277746, -25.281942191157007 ], [ -57.629675253033483, -25.281927063641454 ], [ -57.629510892584349, -25.281954856156872 ], [ -57.629364155093775, -25.281969027722308 ], [ -57.629286723135344, -25.282000964380007 ], [ -57.629241975306343, -25.282050822417709 ], [ -57.629211247553805, -25.282050953455201 ], [ -57.628899871739037, -25.282038735345441 ], [ -57.628076101057232, -25.282096426571865 ], [ -57.628392838130118, -25.282546598022261 ], [ -57.628590013269537, -25.282803124548703 ], [ -57.629188208094661, -25.283721675549977 ], [ -57.629093821985748, -25.283776260410374 ], [ -57.62891183033561, -25.28387637065191 ], [ -57.628446676594706, -25.284140234223315 ] ] ] ] } },
{ "type": "Feature", "properties": { "DPTO": "00", "DISTRITO": "00", "DPTO_DESC": "ASUNCION", "DIST_DESC": "ASUNCION", "AREA": "1", "BAR_LOC": "005", "BARLO_DESC": "LA ENCARNACION", "CLAVE": "0000005", "nombre": "La Encarnacion", "fuente": "INE Cartografía Digital 2012" }, "geometry": { "type": "MultiPolygon", "coordinates": [ [ [ [ -57.632709424469347, -25.276056403212451 ], [ -57.633167971885506, -25.276784894077228 ], [ -57.633174094689331, -25.27679462154433 ], [ -57.633695887465663, -25.277623577868439 ], [ -57.633719818225195, -25.277702897474668 ], [ -57.633743493134205, -25.27773334203582 ], [ -57.633777137635285, -25.277742361594175 ], [ -57.634030111799724, -25.277664128201092 ], [ -57.634322193715363, -25.278145999359253 ], [ -57.634347060643094, -25.278272318053421 ], [ -57.63435979934799, -25.278394173678485 ], [ -57.634364969892061, -25.278493485837938 ], [ -57.634440082753315, -25.278732468479777 ], [ -57.634588087348924, -25.279201412766742 ], [ -57.634542627049015, -25.279233214651565 ], [ -57.635297387815967, -25.279934338052747 ], [ -57.634629158439523, -25.280533219661304 ], [ -57.635012556208466, -25.28090633161418 ], [ -57.63519363062845, -25.281108736123883 ], [ -57.635686081600419, -25.28162134784753 ], [ -57.636168441828374, -25.282102394963371 ], [ -57.636773918537784, -25.282740940975131 ], [ -57.637188903757043, -25.283335155182215 ], [ -57.637725263108244, -25.284109451313498 ], [ -57.638423852500495, -25.285158470187813 ], [ -57.6392081637849, -25.286274841926833 ], [ -57.639946409792195, -25.287364317794104 ], [ -57.640705487628004, -25.288458214324358 ], [ -57.641459042606144, -25.289561160973314 ], [ -57.642353992357414, -25.2890425352665 ], [ -57.643141322865056, -25.28860113162634 ], [ -57.644131022196795, -25.288041445500493 ], [ -57.644885582642537, -25.287627266891743 ], [ -57.645570800124219, -25.287249509434446 ], [ -57.646897841929153, -25.286507720947675 ], [ -57.646986849993382, -25.286435087639365 ], [ -57.646206168093265, -25.285314227301473 ], [ -57.645454940329302, -25.284242900678866 ], [ -57.644718002302994, -25.283171507434787 ], [ -57.643908736528729, -25.282037213126749 ], [ -57.643192714405409, -25.280983781031335 ], [ -57.642662947471649, -25.280227536835874 ], [ -57.642240640643259, -25.279660461056409 ], [ -57.641742254762306, -25.278967289389932 ], [ -57.641312819035718, -25.278341544187395 ], [ -57.640769348288259, -25.277571806537029 ], [ -57.640661391588999, -25.277421427966573 ], [ -57.640618200772302, -25.277361263545863 ], [ -57.64015216315228, -25.276712082539323 ], [ -57.640127456516026, -25.27667606813332 ], [ -57.639893373537177, -25.276604840167593 ], [ -57.639694718291189, -25.27660118622326 ], [ -57.639489413395019, -25.276162045619579 ], [ -57.639488540536732, -25.276160178303915 ], [ -57.639351830818789, -25.275867758670895 ], [ -57.639313274546225, -25.275856150067401 ], [ -57.639124085817379, -25.275832464639841 ], [ -57.639084541706659, -25.275815042872594 ], [ -57.639063989069186, -25.275803307473119 ], [ -57.638932621097489, -25.275726527324778 ], [ -57.638881100417329, -25.275682371389784 ], [ -57.638763560954345, -25.275618742691464 ], [ -57.638588400623284, -25.275550725228332 ], [ -57.638545353860565, -25.275479618306999 ], [ -57.638538113219369, -25.275468910686779 ], [ -57.638527303465821, -25.275451057403242 ], [ -57.638519924398075, -25.275443883072573 ], [ -57.638490412770594, -25.275408100475794 ], [ -57.638482764998884, -25.275408032422717 ], [ -57.638351675729183, -25.275414362706691 ], [ -57.638176973907655, -25.275386056647481 ], [ -57.638157572676981, -25.2753825175473 ], [ -57.63800626403107, -25.275354202236599 ], [ -57.638002374787852, -25.27535420460168 ], [ -57.637967467548705, -25.275347123962586 ], [ -57.637855170316023, -25.275308094149153 ], [ -57.637715516816932, -25.275276195470198 ], [ -57.637692300076324, -25.275265477373875 ], [ -57.637672910474315, -25.275261876752449 ], [ -57.637576186954995, -25.275190280830468 ], [ -57.637552866313918, -25.275186662860353 ], [ -57.637432328401204, -25.275161389108661 ], [ -57.637335033986822, -25.275175533714869 ], [ -57.637280629307064, -25.275218341570717 ], [ -57.637195063813344, -25.275203893956277 ], [ -57.637120985674954, -25.275164405971964 ], [ -57.637058925234726, -25.275196497010111 ], [ -57.636985004145075, -25.275192788528955 ], [ -57.636949462253419, -25.275131845857423 ], [ -57.636902051258168, -25.275063524186272 ], [ -57.636841844724358, -25.275064156055439 ], [ -57.636789926055783, -25.275120520278278 ], [ -57.6367237049176, -25.275120401437388 ], [ -57.636697534048395, -25.275063899156105 ], [ -57.6366003939265, -25.275042518823525 ], [ -57.636518558934824, -25.275035298908783 ], [ -57.636414161315081, -25.274960704705791 ], [ -57.636285339129408, -25.274942722563651 ], [ -57.636128617380123, -25.274985022906257 ], [ -57.636030905856444, -25.274991936905757 ], [ -57.635937241175981, -25.274956300212803 ], [ -57.635792540032817, -25.274916920797789 ], [ -57.63562404363622, -25.274909367527076 ], [ -57.635490759415234, -25.274887782715073 ], [ -57.635369240994763, -25.274880445866586 ], [ -57.635301974726559, -25.274805472463918 ], [ -57.635192178577007, -25.274812412642415 ], [ -57.635099686318853, -25.27484434125379 ], [ -57.634982355874712, -25.274833326944005 ], [ -57.634860687709327, -25.2748437693763 ], [ -57.634762071120832, -25.274932519937192 ], [ -57.634648205729164, -25.27498202305442 ], [ -57.634577940291713, -25.274921527113506 ], [ -57.634456710151028, -25.274793148363607 ], [ -57.634386139698364, -25.274721703371025 ], [ -57.634303668051011, -25.274707345522149 ], [ -57.634229028376815, -25.274703658609706 ], [ -57.634177887170658, -25.274735544391515 ], [ -57.634221102521934, -25.274803319693234 ], [ -57.634303527644853, -25.274867558122388 ], [ -57.634307451327579, -25.274871126328431 ], [ -57.634334879521546, -25.274920966435037 ], [ -57.634252468185352, -25.274949186651586 ], [ -57.634170097115494, -25.274895735682545 ], [ -57.634087657561544, -25.274849350347978 ], [ -57.634079807502019, -25.274849337117676 ], [ -57.634017072635878, -25.27488479270739 ], [ -57.633993755561683, -25.274998423109029 ], [ -57.633950737770647, -25.27504091353719 ], [ -57.633840902233501, -25.275093860983073 ], [ -57.633756976608147, -25.275208033391056 ], [ -57.63365876898493, -25.27531416499707 ], [ -57.633634891899852, -25.275395772324096 ], [ -57.633657271905626, -25.27547797932813 ], [ -57.633723221445585, -25.275496132617466 ], [ -57.633824573631941, -25.275489433874789 ], [ -57.633933930263503, -25.275468492243412 ], [ -57.634035571063343, -25.275443949846746 ], [ -57.634097418080074, -25.275458517463079 ], [ -57.634100124836266, -25.275508463826654 ], [ -57.634017726483847, -25.275547296390119 ], [ -57.633893105625852, -25.275564586735662 ], [ -57.633690185300708, -25.275634717778267 ], [ -57.633545890331995, -25.275690796617919 ], [ -57.633397279309861, -25.275757668919464 ], [ -57.63328008898128, -25.275799816456903 ], [ -57.633182557533083, -25.275845419474877 ], [ -57.633045759614845, -25.275936920834166 ], [ -57.632858053149377, -25.276028403794037 ], [ -57.632709424469347, -25.276056403212451 ] ] ] ] } },
{ "type": "Feature", "properties": { "DPTO": "00", "DISTRITO": "00", "DPTO_DESC": "ASUNCION", "DIST_DESC": "ASUNCION", "AREA": "1", "BAR_LOC": "012", "BARLO_DESC": "RICARDO BRUGADA", "CLAVE": "0000012", "nombre": "Ricardo Brugada", "fuente": "INE Cartografía Digital 2012" }, "geometry": { "type": "MultiPolygon", "coordinates": [ [ [ [ -57.620691137167142, -25.272751782741949 ], [ -57.620691998820512, -25.272754046656928 ], [ -57.62070310313652, -25.272813183528644 ], [ -57.620756681328423, -25.272964606043484 ], [ -57.6207692625782, -25.272984515774038 ], [ -57.620856916397649, -25.273131319442037 ], [ -57.620904777445439, -25.27332394646259 ], [ -57.620922435302262, -25.273597483054154 ], [ -57.620931827243794, -25.273821266096355 ], [ -57.620931219933759, -25.273836587854625 ], [ -57.620921571071548, -25.273973728272772 ], [ -57.620917202513581, -25.273977506918619 ], [ -57.620809150858307, -25.274049014615013 ], [ -57.620597647529671, -25.27409362220774 ], [ -57.620580854912163, -25.274093577230776 ], [ -57.620559816824723, -25.274097301339339 ], [ -57.6205513582752, -25.274101053825913 ], [ -57.620429085923377, -25.274123289665987 ], [ -57.620399611641851, -25.27412696252437 ], [ -57.620315177684461, -25.274156805365877 ], [ -57.6201882821778, -25.274246476133513 ], [ -57.620175600753683, -25.27425766934924 ], [ -57.620025330666024, -25.274476089169603 ], [ -57.619977595508409, -25.274634479174786 ], [ -57.619977256427909, -25.274646321284983 ], [ -57.619976802294467, -25.274662102947346 ], [ -57.619996511501725, -25.274870220074469 ], [ -57.620000557707044, -25.27487804509196 ], [ -57.619994207686766, -25.27506495448084 ], [ -57.619993811853298, -25.275076572874418 ], [ -57.619988751391496, -25.275099780636687 ], [ -57.619929605371844, -25.27521144640431 ], [ -57.619920844811752, -25.275219110295502 ], [ -57.619763452154693, -25.275364032289914 ], [ -57.619754710508232, -25.275375423848786 ], [ -57.619689644487607, -25.275449869323612 ], [ -57.61965619017468, -25.275488147059527 ], [ -57.619427863002663, -25.275677807021573 ], [ -57.619419107233185, -25.275681732270051 ], [ -57.61922842972178, -25.275849680096329 ], [ -57.619211072618434, -25.275857439617312 ], [ -57.619185186043566, -25.275865186159042 ], [ -57.619032595279947, -25.275973423739369 ], [ -57.619023926061551, -25.275981103449787 ], [ -57.619011027797079, -25.27598876477683 ], [ -57.618919669662446, -25.276092203088794 ], [ -57.618915264992872, -25.276099854071301 ], [ -57.618786478388536, -25.276202640141804 ], [ -57.618769399788164, -25.276214021447821 ], [ -57.618570955666456, -25.27625146810502 ], [ -57.618562485115611, -25.276255245815086 ], [ -57.618335370381317, -25.27625833238098 ], [ -57.618322754797973, -25.27625829132279 ], [ -57.61807896783494, -25.276238501052021 ], [ -57.618053728735369, -25.27623842072996 ], [ -57.618028489635734, -25.276238340403566 ], [ -57.617872842262187, -25.276222620001828 ], [ -57.617851802396714, -25.27622255276713 ], [ -57.617839178880139, -25.276222513506831 ], [ -57.617753149034165, -25.276284771762253 ], [ -57.617720445794312, -25.276375438612114 ], [ -57.617720332617886, -25.276379370930563 ], [ -57.617574088289743, -25.276563338454785 ], [ -57.617462879002538, -25.276761024556112 ], [ -57.617458458637579, -25.27676873696867 ], [ -57.617306762055236, -25.27693370356214 ], [ -57.617306616036686, -25.276941354744267 ], [ -57.617198038687327, -25.277093644556391 ], [ -57.617082229559365, -25.277233150364975 ], [ -57.61699240576111, -25.277378897632715 ], [ -57.616926309131621, -25.277498337572858 ], [ -57.616865057008859, -25.277622068354738 ], [ -57.616787703576733, -25.277740780477576 ], [ -57.616778763013173, -25.277752205204045 ], [ -57.616699725739124, -25.277816844751879 ], [ -57.616652792074085, -25.277911291365836 ], [ -57.61657600941372, -25.278027069719741 ], [ -57.616575329661039, -25.27804192398678 ], [ -57.616538352287002, -25.278123140940352 ], [ -57.61653354999617, -25.278137842659117 ], [ -57.616524768065723, -25.27814882963532 ], [ -57.616462597662704, -25.278243502393067 ], [ -57.61645799449996, -25.278254372573866 ], [ -57.616448966322039, -25.278272451259074 ], [ -57.616408995992366, -25.278344370321104 ], [ -57.616400389498324, -25.27835509467501 ], [ -57.616340598762719, -25.278426209721921 ], [ -57.616332214092132, -25.278433268601525 ], [ -57.616268466592466, -25.278517795868549 ], [ -57.616155511119707, -25.278635592557293 ], [ -57.616065063331703, -25.278790753372096 ], [ -57.61603425350328, -25.27889012810116 ], [ -57.616034028870587, -25.278901501947882 ], [ -57.616011820925799, -25.278995920989239 ], [ -57.616011466846899, -25.279014703931352 ], [ -57.615985232401954, -25.279119347761331 ], [ -57.615981011860548, -25.279130476405911 ], [ -57.615980770900613, -25.279145305358423 ], [ -57.615959554155019, -25.279211805424044 ], [ -57.615955302142048, -25.279226537336029 ], [ -57.615918211106397, -25.279288933409745 ], [ -57.615918006977203, -25.279303583405934 ], [ -57.615917751708558, -25.27932187468009 ], [ -57.615924833045021, -25.279387532383279 ], [ -57.615932672963844, -25.279398458974512 ], [ -57.615959871482382, -25.279449318540767 ], [ -57.615963807018531, -25.279452948595573 ], [ -57.615967566944533, -25.279467433945516 ], [ -57.615958840096894, -25.279536565712142 ], [ -57.615858997735501, -25.27974131912406 ], [ -57.615761809299833, -25.27991781785936 ], [ -57.615903189297285, -25.280748026167462 ], [ -57.616041496785385, -25.281645975160885 ], [ -57.616083338433292, -25.28200250184933 ], [ -57.616098139329154, -25.282106289816301 ], [ -57.616149806842706, -25.282503412293387 ], [ -57.616242995981388, -25.283193849742272 ], [ -57.61627393317255, -25.283419480847201 ], [ -57.616440192376544, -25.284687559164642 ], [ -57.616466245881391, -25.284868058524388 ], [ -57.61655599364736, -25.285490781809777 ], [ -57.616610604015939, -25.285978195697016 ], [ -57.616670166867294, -25.286217252585267 ], [ -57.617611233437607, -25.286023677490181 ], [ -57.618590358435597, -25.285807360844519 ], [ -57.619525763764436, -25.285600251742721 ], [ -57.62207838311658, -25.285043171401121 ], [ -57.622557706202699, -25.284937299969624 ], [ -57.624327771505804, -25.284555058662455 ], [ -57.626152389471834, -25.284100321547825 ], [ -57.626850727469481, -25.283912233024431 ], [ -57.626981422654161, -25.283916192896463 ], [ -57.627081333102389, -25.283969950696896 ], [ -57.62756468983828, -25.284649690705169 ], [ -57.628446676594706, -25.284140234223315 ], [ -57.62891183033561, -25.28387637065191 ], [ -57.629093821985748, -25.283776260410374 ], [ -57.629188208094661, -25.283721675549977 ], [ -57.628590013269537, -25.282803124548703 ], [ -57.628392838130118, -25.282546598022261 ], [ -57.628076101057232, -25.282096426571865 ], [ -57.628899871739037, -25.282038735345441 ], [ -57.629211247553805, -25.282050953455201 ], [ -57.629241975306343, -25.282050822417709 ], [ -57.629286723135344, -25.282000964380007 ], [ -57.629364155093775, -25.281969027722308 ], [ -57.629510892584349, -25.281954856156872 ], [ -57.629675253033483, -25.281927063641454 ], [ -57.629839066277746, -25.281942191157007 ], [ -57.629862191639923, -25.281944326563004 ], [ -57.629953379952781, -25.281871694077505 ], [ -57.629968827791636, -25.281858082524806 ], [ -57.630186632510053, -25.281721696461428 ], [ -57.630239970424121, -25.281712438249638 ], [ -57.630398619418521, -25.281720790927054 ], [ -57.630467328577545, -25.281743073357951 ], [ -57.630531863333417, -25.281738282397679 ], [ -57.630660119917245, -25.281751279864547 ], [ -57.630765794012753, -25.281719221764249 ], [ -57.630805715188295, -25.281696475104418 ], [ -57.630855880222377, -25.281673684637049 ], [ -57.630855685916096, -25.281673371209923 ], [ -57.630733858288188, -25.281476128095999 ], [ -57.630733495696205, -25.28147553905783 ], [ -57.630799084996653, -25.281434621878496 ], [ -57.631051340056736, -25.281298087275637 ], [ -57.631195745978992, -25.281193620030205 ], [ -57.631296120216646, -25.281157069028662 ], [ -57.631554429401653, -25.281110811663137 ], [ -57.631529962109411, -25.281061249191126 ], [ -57.631510509552221, -25.281020695651225 ], [ -57.631484514300851, -25.280975654909387 ], [ -57.631438064821715, -25.280876519299518 ], [ -57.631571462119318, -25.280803705198441 ], [ -57.6316977669495, -25.280739951740827 ], [ -57.631762939799444, -25.280744182499046 ], [ -57.631968470389801, -25.280630427810916 ], [ -57.632264069114179, -25.280510919269087 ], [ -57.632332959158383, -25.280470834326159 ], [ -57.632344197177822, -25.280543029355552 ], [ -57.632438053202613, -25.280506505520176 ], [ -57.632766040589317, -25.280310945825754 ], [ -57.633241265427259, -25.279839326480705 ], [ -57.63333073782978, -25.279676395320678 ], [ -57.633560621319099, -25.279476739720234 ], [ -57.634440082753315, -25.278732468479777 ], [ -57.634364969892061, -25.278493485837938 ], [ -57.63435979934799, -25.278394173678485 ], [ -57.634347060643094, -25.278272318053421 ], [ -57.634322193715363, -25.278145999359253 ], [ -57.634030111799724, -25.277664128201092 ], [ -57.633777137635285, -25.277742361594175 ], [ -57.633743493134205, -25.27773334203582 ], [ -57.633719818225195, -25.277702897474668 ], [ -57.633695887465663, -25.277623577868439 ], [ -57.633174094689331, -25.27679462154433 ], [ -57.633167971885506, -25.276784894077228 ], [ -57.632709424469347, -25.276056403212451 ], [ -57.632633590011274, -25.276101329484177 ], [ -57.632523824282643, -25.27616842089008 ], [ -57.632414593120913, -25.276157407769347 ], [ -57.632293445206969, -25.276157005779883 ], [ -57.632172292362057, -25.276110416807615 ], [ -57.632058762567318, -25.276078269017297 ], [ -57.631949026500735, -25.276113563819724 ], [ -57.631839364721735, -25.276099162101712 ], [ -57.631647640461033, -25.276059774054509 ], [ -57.631522313253811, -25.276052446743076 ], [ -57.631357380476857, -25.276055930199082 ], [ -57.631208334463246, -25.276041736231271 ], [ -57.631020346158607, -25.276013359316085 ], [ -57.631016446461587, -25.276009808980529 ], [ -57.630883494686756, -25.275970784493232 ], [ -57.630778047669466, -25.275920935876297 ], [ -57.63067645358506, -25.275870956933673 ], [ -57.630574725547504, -25.275856536619155 ], [ -57.630484680064086, -25.275916841699573 ], [ -57.630349618658428, -25.275918495077502 ], [ -57.630236694810748, -25.27586894169303 ], [ -57.630092964279228, -25.275727373484468 ], [ -57.629975853459158, -25.275635113109558 ], [ -57.629968050195565, -25.275628016010184 ], [ -57.629819556573835, -25.275517917150729 ], [ -57.629671017047897, -25.275390019398465 ], [ -57.629663189935492, -25.275382913353585 ], [ -57.629506703886506, -25.275226623414571 ], [ -57.629498876803474, -25.275219519166484 ], [ -57.629373623506034, -25.275120054249189 ], [ -57.629361869877016, -25.275116499434443 ], [ -57.629201346620818, -25.275041922673203 ], [ -57.629197429564513, -25.27504192311855 ], [ -57.629076155611791, -25.274974489895541 ], [ -57.629072246081904, -25.27497094135477 ], [ -57.628951057088528, -25.274864474623705 ], [ -57.628769366958323, -25.274707588712602 ], [ -57.628679675085806, -25.274626052356737 ], [ -57.628671871980558, -25.274618958797269 ], [ -57.628593813058266, -25.274548001624392 ], [ -57.628586027461068, -25.274537364452708 ], [ -57.628515875356733, -25.274441561604537 ], [ -57.628508060299318, -25.274434457250312 ], [ -57.62840630866264, -25.274370438697325 ], [ -57.628374952615246, -25.274356190375556 ], [ -57.628359275592061, -25.274349067110908 ], [ -57.628222192483143, -25.274263666741358 ], [ -57.628210413486485, -25.274263650055623 ], [ -57.628104616568805, -25.274206686810096 ], [ -57.628100691565635, -25.274206681841509 ], [ -57.628030182094463, -25.274153250959156 ], [ -57.627896690889266, -25.274195649627181 ], [ -57.627798599192253, -25.274159932637808 ], [ -57.627708297444528, -25.274120649753169 ], [ -57.627645409802263, -25.274070711738322 ], [ -57.627645400969605, -25.274063588587264 ], [ -57.627680855351166, -25.273996116085268 ], [ -57.627680862897961, -25.273992563489251 ], [ -57.627684984906011, -25.273907306096667 ], [ -57.627684999999502, -25.273900200904542 ], [ -57.627665540610451, -25.273818453685205 ], [ -57.627650074574383, -25.273708292445818 ], [ -57.627650089670155, -25.273701187253469 ], [ -57.627685599759154, -25.273633752439491 ], [ -57.627823130349888, -25.273623347788266 ], [ -57.627909722437202, -25.273552453696002 ], [ -57.627976741415594, -25.273449548753749 ], [ -57.627945738821126, -25.273278518234648 ], [ -57.627934005386983, -25.273260704195238 ], [ -57.62785561136581, -25.27321431255297 ], [ -57.627851695885838, -25.273210747748227 ], [ -57.627753568492075, -25.273203454990394 ], [ -57.627745691550757, -25.273210552082642 ], [ -57.627623967843597, -25.273213885449021 ], [ -57.627549688865876, -25.27314263347688 ], [ -57.627553646813588, -25.273135533191802 ], [ -57.627581460535254, -25.273057415636597 ], [ -57.627597243513485, -25.273036134277206 ], [ -57.627668184215928, -25.272954616676444 ], [ -57.627687829465827, -25.272940465550729 ], [ -57.627750714172571, -25.272841297011627 ], [ -57.62775465590228, -25.272830662286545 ], [ -57.627754688181554, -25.272816473564458 ], [ -57.627770622010992, -25.272699433045634 ], [ -57.627778490293757, -25.272685254338963 ], [ -57.627849260243103, -25.27258952892651 ], [ -57.627857134422165, -25.272575341160195 ], [ -57.627880694441323, -25.272561162519253 ], [ -57.627884647637529, -25.272546969759045 ], [ -57.627951574681354, -25.272444054376937 ], [ -57.627951606882903, -25.272429854818242 ], [ -57.62793629356004, -25.272259443827906 ], [ -57.62792847793478, -25.272245246954025 ], [ -57.62792066430692, -25.272231051877259 ], [ -57.6278385210951, -25.272135294246194 ], [ -57.62782680014444, -25.272117565026431 ], [ -57.627803329996993, -25.272096304320495 ], [ -57.627713351700258, -25.272039670798279 ], [ -57.627693771007934, -25.272039699891003 ], [ -57.627638967721545, -25.272039783046615 ], [ -57.627611577007144, -25.272039825473342 ], [ -57.627416058477905, -25.27206491605245 ], [ -57.627392774599251, -25.272068665123353 ], [ -57.627373429234716, -25.272068879199853 ], [ -57.627215265081979, -25.272084753221819 ], [ -57.627196040847252, -25.272084961342102 ], [ -57.627180669801604, -25.272085127801059 ], [ -57.627146110515497, -25.272089027693088 ], [ -57.627019818246033, -25.272072802018691 ], [ -57.626993117501875, -25.272062550338976 ], [ -57.626955107246033, -25.272006761162174 ], [ -57.627004845475795, -25.271937479842741 ], [ -57.627008694347964, -25.271923455512486 ], [ -57.627100786629988, -25.271783544348036 ], [ -57.62710847319326, -25.271773038213897 ], [ -57.627120008859919, -25.271755513541073 ], [ -57.627201373228658, -25.271643089521209 ], [ -57.62721302794467, -25.271629022984229 ], [ -57.627216948151847, -25.271618449769957 ], [ -57.627232503450827, -25.271597335574477 ], [ -57.627240324250671, -25.271579716508214 ], [ -57.627299058567367, -25.271435195175034 ], [ -57.62729915658327, -25.27141755474555 ], [ -57.627299215403966, -25.271406972655093 ], [ -57.627303117957801, -25.271399923181448 ], [ -57.627361826634825, -25.27126242217598 ], [ -57.62737354669386, -25.271248326451371 ], [ -57.627377453468576, -25.271244804238002 ], [ -57.627424482596716, -25.27118493495588 ], [ -57.627432378894667, -25.271167330007017 ], [ -57.627436260066212, -25.271167327956849 ], [ -57.627463977939939, -25.271093428020201 ], [ -57.627464084388528, -25.271079363598798 ], [ -57.627460893649413, -25.270988043541664 ], [ -57.627449321406452, -25.270981047206408 ], [ -57.627372237229345, -25.2709391414291 ], [ -57.62734903587404, -25.270939196699707 ], [ -57.627314314041207, -25.270932277073584 ], [ -57.627298863032898, -25.270932315650676 ], [ -57.627294999781945, -25.270932324845294 ], [ -57.627163839981165, -25.270932647428246 ], [ -57.627140617065322, -25.270943194294858 ], [ -57.626982802352401, -25.271006702008425 ], [ -57.626967464845201, -25.27101375670205 ], [ -57.626867664244401, -25.271091029443141 ], [ -57.626859910376631, -25.271108536229704 ], [ -57.626775367704354, -25.271206595337247 ], [ -57.626760150924014, -25.271206611190795 ], [ -57.626578143243869, -25.271300763882685 ], [ -57.626485032342778, -25.271409065376748 ], [ -57.626450009112425, -25.271559353728129 ], [ -57.626434268546497, -25.271674798547217 ], [ -57.626390834572042, -25.271857072189221 ], [ -57.626312814524915, -25.271993549444158 ], [ -57.626185062879486, -25.272122545552012 ], [ -57.625968671376953, -25.272115388468158 ], [ -57.625799030408665, -25.272073213372511 ], [ -57.625563698430625, -25.2720797520616 ], [ -57.625351411211504, -25.272058353769154 ], [ -57.625316189668411, -25.272141953077078 ], [ -57.625350287387221, -25.272299129297881 ], [ -57.625346332778115, -25.272316591011588 ], [ -57.625330425306949, -25.272403950025257 ], [ -57.625396059571017, -25.272452994251722 ], [ -57.625422577050621, -25.272589490404844 ], [ -57.62539719754632, -25.272687819975292 ], [ -57.625285106942023, -25.272715402404927 ], [ -57.625273440099633, -25.272792288027887 ], [ -57.625242395216254, -25.272886686251038 ], [ -57.625238412807057, -25.272991764782628 ], [ -57.62520346721454, -25.273065321067357 ], [ -57.625129779291449, -25.273093253627941 ], [ -57.625028874247462, -25.273103599996681 ], [ -57.624947437942794, -25.273071859784324 ], [ -57.624877653367506, -25.273036631412129 ], [ -57.624718487497297, -25.273050374036391 ], [ -57.624617556511552, -25.273057205595794 ], [ -57.62450885509152, -25.273067532227923 ], [ -57.624419536479358, -25.273088425443657 ], [ -57.624365117924164, -25.273123422770482 ], [ -57.624407660678891, -25.27319018887755 ], [ -57.624422959748706, -25.273288492473068 ], [ -57.624341307191195, -25.273351518028065 ], [ -57.624217100205826, -25.27336531450845 ], [ -57.624073598508751, -25.273305390492705 ], [ -57.624003965616012, -25.273203475051147 ], [ -57.624027463968396, -25.273112262406642 ], [ -57.624047063281537, -25.273028063010951 ], [ -57.624078288663547, -25.272950903329306 ], [ -57.624066782624787, -25.272891215774173 ], [ -57.624020317533905, -25.272841990573081 ], [ -57.623912019012494, -25.272810273050183 ], [ -57.623865828293162, -25.272747094643947 ], [ -57.623854366436781, -25.272694470474509 ], [ -57.623763279707134, -25.272725764775856 ], [ -57.62368537461402, -25.272795646281796 ], [ -57.623603770133812, -25.272809403078718 ], [ -57.623436792980463, -25.272864885210044 ], [ -57.623335884987554, -25.272927531000377 ], [ -57.623196549776914, -25.272948555243676 ], [ -57.623068732212744, -25.272924281115028 ], [ -57.623064852996514, -25.272924288461162 ], [ -57.622983515683778, -25.27284023171865 ], [ -57.622956522909497, -25.272749013809683 ], [ -57.622785475086523, -25.272661177974495 ], [ -57.622742982433955, -25.272590786357664 ], [ -57.622653280486269, -25.272583651508477 ], [ -57.622598872615747, -25.272548391486435 ], [ -57.62248650828603, -25.272537608120683 ], [ -57.622436406929836, -25.272505882441052 ], [ -57.622351228141405, -25.27256189430787 ], [ -57.622269253174935, -25.272645950130872 ], [ -57.622167610512456, -25.272715744901635 ], [ -57.622112649622515, -25.272803031626101 ], [ -57.621926233184666, -25.272830334201963 ], [ -57.621779145724915, -25.272844040820587 ], [ -57.621635773647206, -25.272931250096104 ], [ -57.621542817045622, -25.272969565742567 ], [ -57.621538947684677, -25.272969558558444 ], [ -57.621415151279599, -25.272934480125453 ], [ -57.621380572258452, -25.272843319138531 ], [ -57.62138058421025, -25.272839815285288 ], [ -57.621326827146085, -25.27266822702375 ], [ -57.621326863043208, -25.27265772268786 ], [ -57.621326886977698, -25.272650720399284 ], [ -57.621330979828599, -25.272584224827529 ], [ -57.621156642181631, -25.27261893290089 ], [ -57.621001063217889, -25.272699337043708 ], [ -57.620887984024357, -25.272772917657957 ], [ -57.620782995659539, -25.272762311472363 ], [ -57.620775189457312, -25.272765819211848 ], [ -57.620716847584092, -25.272755240727815 ], [ -57.620691262388824, -25.272751799373118 ], [ -57.620691137167142, -25.272751782741949 ] ] ] ] } },
{ "type": "Feature", "properties": { "DPTO": "00", "DISTRITO": "00", "DPTO_DESC": "ASUNCION", "DIST_DESC": "ASUNCION", "AREA": "1", "BAR_LOC": "066", "BARLO_DESC": "SAN BLAS", "CLAVE": "0000066", "nombre": "San Blas", "fuente": "INE Cartografía Digital 2012" }, "geometry": { "type": "MultiPolygon", "coordinates": [ [ [ [ -57.528657587122154, -25.246634656510938 ], [ -57.52872751252832, -25.246708978655434 ], [ -57.528807434627616, -25.2467923804072 ], [ -57.528965375216508, -25.246799696718416 ], [ -57.529181244743278, -25.246759375098154 ], [ -57.529325949026131, -25.246716673105571 ], [ -57.529466206115345, -25.24667152699368 ], [ -57.529577670424835, -25.24665452563433 ], [ -57.529677841439991, -25.246664215633821 ], [ -57.529779535730391, -25.246675754975318 ], [ -57.529871218314554, -25.246700386524115 ], [ -57.52995397282195, -25.246744359159244 ], [ -57.530110855624358, -25.246796232938848 ], [ -57.530265426665508, -25.246858102630714 ], [ -57.53038206839426, -25.246966008810698 ], [ -57.530417969791252, -25.247049309466384 ], [ -57.53044583464051, -25.247189865526757 ], [ -57.530496584199206, -25.247262969727409 ], [ -57.530552345099956, -25.247406228644586 ], [ -57.530653375033729, -25.247631784590229 ], [ -57.530704560677691, -25.247819370941116 ], [ -57.530723171146477, -25.247942437316993 ], [ -57.530741362109268, -25.248053043047697 ], [ -57.530777664945859, -25.248154101617512 ], [ -57.530828810476741, -25.248282086477239 ], [ -57.530867559441646, -25.248351000143856 ], [ -57.530903518883115, -25.248383966016913 ], [ -57.530986278976286, -25.248440297223134 ], [ -57.531985900106207, -25.247364675504883 ], [ -57.53305442976508, -25.246754600977191 ], [ -57.533136696029807, -25.246763334597823 ], [ -57.534358436489427, -25.246077113814703 ], [ -57.535823731878473, -25.245317755396062 ], [ -57.539091844596172, -25.243513302004562 ], [ -57.540410726242982, -25.24277700919167 ], [ -57.540897211689249, -25.24250380676844 ], [ -57.540961046305384, -25.242467956569516 ], [ -57.541480948767813, -25.242086769109118 ], [ -57.541754974703792, -25.241887092545458 ], [ -57.542171731808821, -25.241561785322801 ], [ -57.542175051513006, -25.241559194016965 ], [ -57.542580262170205, -25.241242895358244 ], [ -57.543188281561953, -25.240793649249373 ], [ -57.542521484014166, -25.240163961743932 ], [ -57.542287775193948, -25.239939056312103 ], [ -57.541753584389625, -25.239403699017522 ], [ -57.541243758084988, -25.238764399185939 ], [ -57.540903964821204, -25.238264448475416 ], [ -57.539887491905354, -25.236294992159856 ], [ -57.539632975345313, -25.236477407995864 ], [ -57.538817338836154, -25.237061980097895 ], [ -57.538803107356678, -25.237071062546864 ], [ -57.538353981869022, -25.237391246933669 ], [ -57.537644460908218, -25.237897063350246 ], [ -57.536415403237989, -25.238776439367427 ], [ -57.536356834197207, -25.238818344247921 ], [ -57.532880667184109, -25.240098742459239 ], [ -57.532874798666683, -25.240100903867802 ], [ -57.531692641075736, -25.240536310646799 ], [ -57.531673052773804, -25.240543525214388 ], [ -57.531475720401936, -25.240709823963662 ], [ -57.53125903141261, -25.240832625981351 ], [ -57.530625779943378, -25.241191498507153 ], [ -57.530647733689243, -25.241245602949977 ], [ -57.528779474499437, -25.2419521698945 ], [ -57.528798233513477, -25.24196431746795 ], [ -57.529022177005558, -25.242109335569211 ], [ -57.528574679881849, -25.242587588004454 ], [ -57.528486295884065, -25.242682045919398 ], [ -57.528297288721639, -25.242884041867175 ], [ -57.528278480954441, -25.242889117472945 ], [ -57.528215684583884, -25.242906064808583 ], [ -57.527914424800777, -25.242987367360875 ], [ -57.527890354705391, -25.242993863265411 ], [ -57.527781447271224, -25.243066496826522 ], [ -57.527773086767802, -25.243086469765707 ], [ -57.527239993518577, -25.244360059185929 ], [ -57.527392309634045, -25.244435171571826 ], [ -57.527479088247695, -25.244492297810691 ], [ -57.527566246404, -25.244584874771103 ], [ -57.527676687107267, -25.244703687136969 ], [ -57.527831774705817, -25.244847867434579 ], [ -57.527968851924648, -25.244994602564006 ], [ -57.528090992694153, -25.245130534436228 ], [ -57.528237767045091, -25.245216975594591 ], [ -57.528241658461404, -25.245220442051068 ], [ -57.528416851671508, -25.245308892734034 ], [ -57.528595578763763, -25.24540256646965 ], [ -57.528797285869601, -25.245522653341251 ], [ -57.528802739362327, -25.245525467603045 ], [ -57.52891147930734, -25.245621591330099 ], [ -57.528911911567505, -25.245626943090251 ], [ -57.528985844869403, -25.245735395271954 ], [ -57.529009006843872, -25.245889638936077 ], [ -57.528957087873131, -25.24603871871285 ], [ -57.52884473124179, -25.246254568191798 ], [ -57.52873822636775, -25.246379955720879 ], [ -57.528664100610008, -25.246510228401164 ], [ -57.528657587122154, -25.246634656510938 ] ] ] ] } },
{ "type": "Feature", "properties": { "DPTO": "00", "DISTRITO": "00", "DPTO_DESC": "ASUNCION", "DIST_DESC": "ASUNCION", "AREA": "1", "BAR_LOC": "032", "BARLO_DESC": "DE LA RESIDENTA", "CLAVE": "0000032", "nombre": "De La Residenta", "fuente": "INE Cartografía Digital 2012" }, "geometry": { "type": "MultiPolygon", "coordinates": [ [ [ [ -57.551089465584361, -25.245351719749593 ], [ -57.551282924524017, -25.245269897396522 ], [ -57.551682463994027, -25.245038127277638 ], [ -57.55238139233019, -25.24467537061161 ], [ -57.552764581009704, -25.244476488315712 ], [ -57.553500523667253, -25.244092151232937 ], [ -57.554125973091757, -25.243767562834165 ], [ -57.554178853839893, -25.243740119358336 ], [ -57.554702527352582, -25.24346453700889 ], [ -57.554846770404851, -25.243387235818496 ], [ -57.555500237079336, -25.243046134283972 ], [ -57.554842653077536, -25.24186560684911 ], [ -57.554672232889239, -25.241523825528141 ], [ -57.553762093314852, -25.241968997259924 ], [ -57.553245921265237, -25.242205725038694 ], [ -57.552720769990174, -25.242446999893957 ], [ -57.552167178971317, -25.242661780693815 ], [ -57.551442384102039, -25.242031858064372 ], [ -57.550612810115368, -25.241371208515133 ], [ -57.55044309930571, -25.241236383010087 ], [ -57.550006545451467, -25.240894848804942 ], [ -57.549220607972465, -25.240274666066462 ], [ -57.54792183621614, -25.2392500078086 ], [ -57.547919792328315, -25.239252105055147 ], [ -57.547351993429999, -25.239834589770091 ], [ -57.546781394468233, -25.238933649052083 ], [ -57.546472944829887, -25.238162679292351 ], [ -57.546462585303964, -25.238135625994204 ], [ -57.546155727025855, -25.237233706716779 ], [ -57.54590903998254, -25.236534751503992 ], [ -57.54518613507549, -25.234383636209721 ], [ -57.544905750951735, -25.234474975959024 ], [ -57.54418051792517, -25.234721473513236 ], [ -57.543454640321357, -25.234963454635125 ], [ -57.542815844658691, -25.235182535953687 ], [ -57.542654439184062, -25.235237312123182 ], [ -57.542093105167787, -25.23543352945871 ], [ -57.54187502051149, -25.235511089094604 ], [ -57.541384923538146, -25.235679950841917 ], [ -57.54099798464194, -25.23581231109906 ], [ -57.540699969344978, -25.235917253310259 ], [ -57.539847710830159, -25.236209347318407 ], [ -57.539887491905354, -25.236294992159856 ], [ -57.540903964821204, -25.238264448475416 ], [ -57.541243758084988, -25.238764399185939 ], [ -57.541753584389625, -25.239403699017522 ], [ -57.542287775193948, -25.239939056312103 ], [ -57.542521484014166, -25.240163961743932 ], [ -57.543188281561953, -25.240793649249373 ], [ -57.544251718159039, -25.241792124836522 ], [ -57.544481980337586, -25.242008009179941 ], [ -57.544928752136769, -25.242417251134064 ], [ -57.545658164338768, -25.243096363916361 ], [ -57.545696800621805, -25.243132343326184 ], [ -57.546118178745765, -25.243550705855363 ], [ -57.547073858731316, -25.244450222651963 ], [ -57.547888367326436, -25.245210283484376 ], [ -57.549715179627768, -25.246892204480183 ], [ -57.549588224512497, -25.24619281117986 ], [ -57.549683546811849, -25.245930571205172 ], [ -57.549951214564373, -25.245767025367186 ], [ -57.550445092526125, -25.245556022456164 ], [ -57.550497235475738, -25.245539229120737 ], [ -57.551089465584361, -25.245351719749593 ] ] ] ] } },
{ "type": "Feature", "properties": { "DPTO": "00", "DISTRITO": "00", "DPTO_DESC": "ASUNCION", "DIST_DESC": "ASUNCION", "AREA": "1", "BAR_LOC": "017", "BARLO_DESC": "VISTA ALEGRE", "CLAVE": "0000017", "nombre": "Vista Alegre", "fuente": "INE Cartografía Digital 2012" }, "geometry": { "type": "MultiPolygon", "coordinates": [ [ [ [ -57.599899532093616, -25.320769003059922 ], [ -57.600143799831358, -25.32150850015006 ], [ -57.60044269994961, -25.322496109672215 ], [ -57.600610593282454, -25.323046278855088 ], [ -57.600892422038442, -25.323970744065321 ], [ -57.601530156241381, -25.324658966439074 ], [ -57.60157203016314, -25.324712977786646 ], [ -57.602313010489127, -25.325549225461202 ], [ -57.602318224968997, -25.325545239813493 ], [ -57.603141947278573, -25.326481030746777 ], [ -57.603856803757708, -25.325936279848861 ], [ -57.604559990801704, -25.325418665433347 ], [ -57.604971616283933, -25.325085800794739 ], [ -57.605447649406983, -25.324700846919256 ], [ -57.605082838398744, -25.324327143978621 ], [ -57.604703655891115, -25.323936686299305 ], [ -57.604701290019648, -25.323934249677905 ], [ -57.604420350423425, -25.323644953631117 ], [ -57.605835644133208, -25.322569510658525 ], [ -57.606915485541833, -25.321629062126647 ], [ -57.607849765426522, -25.32078480627132 ], [ -57.608599650314829, -25.3215372100845 ], [ -57.609456165481959, -25.322372665605542 ], [ -57.609456236366498, -25.322372733943212 ], [ -57.609460380860696, -25.322376776860438 ], [ -57.609461448185925, -25.322377818163943 ], [ -57.609461280663027, -25.322376109407116 ], [ -57.609461277501566, -25.322376073298585 ], [ -57.609459700429397, -25.322359937125668 ], [ -57.609459693099438, -25.322359862203825 ], [ -57.609454677111103, -25.322308551597416 ], [ -57.609454666646968, -25.322308445985243 ], [ -57.609431903243092, -25.32207561157378 ], [ -57.609431883330842, -25.322075404860527 ], [ -57.609393054467944, -25.321678246135718 ], [ -57.608405571930007, -25.319936140064044 ], [ -57.608175180533181, -25.319179449435467 ], [ -57.607895638395405, -25.318300751112645 ], [ -57.6092506876887, -25.31792219820943 ], [ -57.610329027352066, -25.317624249884375 ], [ -57.611443754748848, -25.317339688363006 ], [ -57.611171588032448, -25.316744812177433 ], [ -57.612681141284384, -25.315826478381155 ], [ -57.61221292078227, -25.314893778650571 ], [ -57.611974941280494, -25.314390681079772 ], [ -57.611973187019828, -25.314386973263993 ], [ -57.611790860570238, -25.314001523265858 ], [ -57.611377240152933, -25.313181474531177 ], [ -57.610996663353035, -25.31232516598584 ], [ -57.610887379747112, -25.312077283319809 ], [ -57.610667882043799, -25.311581521554842 ], [ -57.61044437342116, -25.311090291204664 ], [ -57.610244840645919, -25.310612506797952 ], [ -57.610207512080933, -25.310535903019286 ], [ -57.609997339085965, -25.310103314189462 ], [ -57.609785656596102, -25.309616548928886 ], [ -57.609760859534902, -25.309562469158266 ], [ -57.609550024786301, -25.309120851934949 ], [ -57.609320339051067, -25.30863416032031 ], [ -57.609090852265922, -25.308124891491332 ], [ -57.608872594468153, -25.307687819003263 ], [ -57.608847488274648, -25.307633740330061 ], [ -57.608630560403356, -25.307151509977075 ], [ -57.608397951468305, -25.306637737577262 ], [ -57.608317599597569, -25.306461976434207 ], [ -57.608152173863175, -25.306096927879082 ], [ -57.608034784420397, -25.305840045764228 ], [ -57.607601364044797, -25.304898156070522 ], [ -57.605621994389537, -25.305524881194231 ], [ -57.603329954495905, -25.306270254874164 ], [ -57.602242628755107, -25.306617855153377 ], [ -57.601712954149832, -25.306796110429275 ], [ -57.601312593333148, -25.306929329281729 ], [ -57.601312435639045, -25.306929382301178 ], [ -57.601201494943325, -25.306957939106383 ], [ -57.599761330529532, -25.307458765955801 ], [ -57.599048754367629, -25.30769193803485 ], [ -57.597867072613212, -25.308112132883764 ], [ -57.596331028869486, -25.30863308645786 ], [ -57.596699268785642, -25.309846185732511 ], [ -57.596941609805697, -25.3106443952002 ], [ -57.597080133547763, -25.31109986945529 ], [ -57.597383371258616, -25.312159712893276 ], [ -57.597662331078482, -25.313142895539727 ], [ -57.597689186721425, -25.313237605823929 ], [ -57.597949503502036, -25.314153135338188 ], [ -57.598180461985294, -25.314969449028524 ], [ -57.598215212586808, -25.315091218326302 ], [ -57.598765782434043, -25.316944728566227 ], [ -57.599113005889762, -25.318166935518775 ], [ -57.599216838603581, -25.31850966821645 ], [ -57.599347817956755, -25.318942594313228 ], [ -57.599829780869072, -25.320539012122367 ], [ -57.599899532093616, -25.320769003059922 ] ] ] ] } },
{ "type": "Feature", "properties": { "DPTO": "00", "DISTRITO": "00", "DPTO_DESC": "ASUNCION", "DIST_DESC": "ASUNCION", "AREA": "1", "BAR_LOC": "027", "BARLO_DESC": "SAN CAYETANO", "CLAVE": "0000027", "nombre": "San Cayetano", "fuente": "INE Cartografía Digital 2012" }, "geometry": { "type": "MultiPolygon", "coordinates": [ [ [ [ -57.638813248207143, -25.318162778696372 ], [ -57.638147351543033, -25.318544930452138 ], [ -57.637146178735584, -25.319100112731896 ], [ -57.637958806382876, -25.3194171749922 ], [ -57.638204288098585, -25.319515446069676 ], [ -57.63871963626822, -25.319743487511442 ], [ -57.63943877298788, -25.320051916228476 ], [ -57.639473640757259, -25.320069825639742 ], [ -57.640368122369928, -25.320481337806942 ], [ -57.641030760164668, -25.320790004060477 ], [ -57.641380431683942, -25.320567239497507 ], [ -57.641616943604753, -25.320435270167803 ], [ -57.642152438580155, -25.320360695352765 ], [ -57.64229943372856, -25.320563237473674 ], [ -57.64266731797602, -25.320791907453053 ], [ -57.64295020605973, -25.320975795604213 ], [ -57.643123116197501, -25.321087920429168 ], [ -57.64283572984732, -25.321698721936261 ], [ -57.642816981982762, -25.32173492505455 ], [ -57.642604226724764, -25.322309279227984 ], [ -57.642358678790075, -25.322906351853213 ], [ -57.642206463744763, -25.323480441541307 ], [ -57.642136147586136, -25.32368844565028 ], [ -57.641908815517198, -25.324384771804191 ], [ -57.643090943774787, -25.32481340999778 ], [ -57.643225846626549, -25.324838508935937 ], [ -57.643321292463774, -25.324870323377084 ], [ -57.643576974177861, -25.324955551443171 ], [ -57.643666521543686, -25.324988343213402 ], [ -57.643821385881132, -25.325045054490744 ], [ -57.643891969532405, -25.325076630406521 ], [ -57.643952199515006, -25.32510357562435 ], [ -57.644265459353619, -25.325241271749928 ], [ -57.644334307836907, -25.325308398417839 ], [ -57.644382502442326, -25.32539101749661 ], [ -57.644437581204613, -25.325580350378615 ], [ -57.644478993505778, -25.325616743920943 ], [ -57.644551181084253, -25.325680180531812 ], [ -57.644661338352769, -25.32576968411923 ], [ -57.644761168357547, -25.325897053632321 ], [ -57.644940174511433, -25.326046798696524 ], [ -57.645119181062874, -25.326129417484267 ], [ -57.645432441172012, -25.326232691047977 ], [ -57.645587350900996, -25.326287769346912 ], [ -57.645814550260944, -25.326453005918804 ], [ -57.646193217228181, -25.326728399993669 ], [ -57.646392151764971, -25.326850820377363 ], [ -57.646416975243561, -25.326866095553484 ], [ -57.646826622946485, -25.327107065699082 ], [ -57.653498382181724, -25.329084854183154 ], [ -57.654066482204669, -25.329282228657327 ], [ -57.654196801292194, -25.329190433120306 ], [ -57.654272198855416, -25.32912253354306 ], [ -57.654263876244109, -25.328975370943056 ], [ -57.654155169794272, -25.328874425070317 ], [ -57.654516830416384, -25.328690468123934 ], [ -57.656056759483093, -25.327953688917436 ], [ -57.656943626013131, -25.327658719674933 ], [ -57.658094592241824, -25.32688618261556 ], [ -57.659914666553291, -25.325841513307051 ], [ -57.661311871349739, -25.325091262427456 ], [ -57.662146688244334, -25.324728667363626 ], [ -57.662817487347866, -25.324185283512072 ], [ -57.66349292531978, -25.323546546395811 ], [ -57.664282423469636, -25.322899650728115 ], [ -57.664290623380033, -25.322892932241139 ], [ -57.663779794270681, -25.322743702522313 ], [ -57.663125304319891, -25.322575072888331 ], [ -57.662613767905334, -25.322487070493754 ], [ -57.66150520903269, -25.322577838343722 ], [ -57.661056699058896, -25.322489547622233 ], [ -57.661039623058954, -25.322146472229399 ], [ -57.658797523511033, -25.322281451374934 ], [ -57.658709082896323, -25.32223247070722 ], [ -57.658679317671641, -25.322218429750201 ], [ -57.658516937568614, -25.322119921203722 ], [ -57.6584947646571, -25.322105799327325 ], [ -57.658456347098003, -25.322098634739415 ], [ -57.658426916754202, -25.322077427579195 ], [ -57.658129083002507, -25.321991479813999 ], [ -57.65810667685367, -25.32197720721005 ], [ -57.658068012551787, -25.321969967766872 ], [ -57.65772743837605, -25.321897535151564 ], [ -57.657703847140397, -25.321897452600158 ], [ -57.657672831135848, -25.321890198787962 ], [ -57.657315726692914, -25.321774688493324 ], [ -57.656876020158876, -25.321693914896187 ], [ -57.656836442499689, -25.321693775224045 ], [ -57.656618896893875, -25.321503874297655 ], [ -57.656603579002478, -25.32147450369223 ], [ -57.656572266430608, -25.321445018314737 ], [ -57.656564572437787, -25.321430280789841 ], [ -57.65647213728343, -25.321222456928378 ], [ -57.656456168273643, -25.321214937166687 ], [ -57.656432368861829, -25.321192434853252 ], [ -57.656400580403826, -25.321162379033492 ], [ -57.656337700778245, -25.321026658796423 ], [ -57.656313743800602, -25.320996295365315 ], [ -57.656136383455689, -25.320805013693786 ], [ -57.656120103376651, -25.320797278551144 ], [ -57.656095710506669, -25.320774137668806 ], [ -57.656071301768492, -25.320743256059945 ], [ -57.655874481265435, -25.320541735405165 ], [ -57.655841482806835, -25.320518286008397 ], [ -57.655825019593237, -25.320518227421928 ], [ -57.655767249654197, -25.320494657053896 ], [ -57.655725941062279, -25.320478913155043 ], [ -57.655541890732408, -25.320274120423761 ], [ -57.655516785953004, -25.320258221314919 ], [ -57.655389168273032, -25.320082832967973 ], [ -57.65538053364368, -25.320066804609088 ], [ -57.655209960881088, -25.31992074433839 ], [ -57.655028884425562, -25.319844403113589 ], [ -57.654955700575179, -25.319918589172609 ], [ -57.654949518706971, -25.319918567878869 ], [ -57.654801575658858, -25.31993515289556 ], [ -57.654789357799217, -25.319940805976152 ], [ -57.654595719729606, -25.31987155645032 ], [ -57.654395174778159, -25.319807099925622 ], [ -57.654310480889087, -25.319794645641629 ], [ -57.654305870026256, -25.319790044389471 ], [ -57.654258126605114, -25.319752637792856 ], [ -57.654256671025372, -25.319749483639814 ], [ -57.654193681871654, -25.319709294724028 ], [ -57.654188637031396, -25.319706022852195 ], [ -57.654134750218155, -25.319654288873892 ], [ -57.654116763669123, -25.319604411125209 ], [ -57.654051848974824, -25.319575652248822 ], [ -57.654037228234515, -25.319571958705435 ], [ -57.653957797657085, -25.319544223219477 ], [ -57.653866902828291, -25.319517419908408 ], [ -57.653822209510352, -25.319475522398303 ], [ -57.653814328051681, -25.319470933832079 ], [ -57.653811658523573, -25.319464842978608 ], [ -57.653808627697373, -25.319461777081276 ], [ -57.653765424964014, -25.319400681689494 ], [ -57.653679130198199, -25.319369414934926 ], [ -57.653670575952788, -25.31936608817216 ], [ -57.653576384497377, -25.319344042026366 ], [ -57.65345553143365, -25.319313229987504 ], [ -57.653439387181706, -25.319311482852665 ], [ -57.653322259916855, -25.319299189836901 ], [ -57.653225125384417, -25.319262260080535 ], [ -57.653147392627986, -25.319235358252762 ], [ -57.653140737318587, -25.319233751448859 ], [ -57.653053903896684, -25.31917202199427 ], [ -57.653049045615916, -25.319168698685967 ], [ -57.652977603616826, -25.319141732773303 ], [ -57.652963304517399, -25.319141680531466 ], [ -57.652950793808564, -25.319141636620348 ], [ -57.652888131228117, -25.319164811501043 ], [ -57.652814683685769, -25.319177753996701 ], [ -57.652668374935431, -25.31914399096058 ], [ -57.652519506342777, -25.319085272056395 ], [ -57.652426678863428, -25.319067759579529 ], [ -57.652379025864235, -25.319067840466108 ], [ -57.652369867642228, -25.319067857521912 ], [ -57.652347895045139, -25.319067895171035 ], [ -57.652344232940777, -25.31906790054256 ], [ -57.652243819980775, -25.319060968946566 ], [ -57.6521428349822, -25.319025139146063 ], [ -57.652131686099501, -25.319021513129325 ], [ -57.652025059742414, -25.318961526789153 ], [ -57.651952418470984, -25.318922790128273 ], [ -57.651877468963889, -25.318899767383218 ], [ -57.651789516637471, -25.31889092372958 ], [ -57.651679908247843, -25.318878507652702 ], [ -57.651472413122214, -25.318833991506565 ], [ -57.651298997338749, -25.318803847061005 ], [ -57.651291644901548, -25.318803778409404 ], [ -57.651129627088437, -25.318769210912585 ], [ -57.651048346968118, -25.318736500876902 ], [ -57.650825621837214, -25.318682733585945 ], [ -57.65073093436277, -25.318675138130221 ], [ -57.650609480747498, -25.31867708662239 ], [ -57.650457162304726, -25.318666747292994 ], [ -57.650226766645829, -25.318642206198383 ], [ -57.650156893318417, -25.318640544003561 ], [ -57.650149501593987, -25.31864055854718 ], [ -57.650042739190312, -25.318638968703954 ], [ -57.649923906421499, -25.318678131715469 ], [ -57.649918457997288, -25.318678141290921 ], [ -57.649833164615586, -25.318719563826807 ], [ -57.649820228319236, -25.318724657978738 ], [ -57.649809256051775, -25.318728045768424 ], [ -57.649675351215997, -25.318793993975977 ], [ -57.649494582451474, -25.31887758795445 ], [ -57.64939451202153, -25.318941165354072 ], [ -57.649273885209091, -25.318993516425781 ], [ -57.649180996421499, -25.319005036492861 ], [ -57.649096866392902, -25.319002365592031 ], [ -57.649081222623082, -25.318997570745715 ], [ -57.649018931675833, -25.318951916767482 ], [ -57.648939929050194, -25.318853568489146 ], [ -57.64893460264431, -25.318841054224638 ], [ -57.648855378532701, -25.318746607976646 ], [ -57.648749915964714, -25.318597771881326 ], [ -57.648669632916402, -25.318507401061211 ], [ -57.648588052579015, -25.318373032889181 ], [ -57.648444306231212, -25.318183114441162 ], [ -57.648403759586188, -25.318087363562583 ], [ -57.648319352854983, -25.31795049000111 ], [ -57.648222459555122, -25.317810581117907 ], [ -57.648093447666412, -25.31760001555439 ], [ -57.648093421406493, -25.317597694873502 ], [ -57.648037049688469, -25.317517460751098 ], [ -57.647959379712212, -25.317402979668213 ], [ -57.647874740614249, -25.317258098743512 ], [ -57.64787161510008, -25.317250268730607 ], [ -57.647782764686816, -25.317102951811016 ], [ -57.647709662153829, -25.316983758346986 ], [ -57.647673715339174, -25.316929270114837 ], [ -57.647617631802241, -25.316854167393384 ], [ -57.647612751418229, -25.31684925827097 ], [ -57.647547432654996, -25.316733861189032 ], [ -57.647542177381155, -25.316731316047317 ], [ -57.647488670073969, -25.316640310366395 ], [ -57.647410676666901, -25.316502535725022 ], [ -57.647366129976817, -25.316418445804725 ], [ -57.647320847478525, -25.316345069081621 ], [ -57.647270346255674, -25.316308907610985 ], [ -57.647265041120704, -25.316303705952219 ], [ -57.64725431741288, -25.316295885809023 ], [ -57.647176701194468, -25.316184127585789 ], [ -57.647176797493891, -25.316178692705158 ], [ -57.647038948678009, -25.316045477260669 ], [ -57.646957935189747, -25.315973393269029 ], [ -57.646918624570105, -25.315907597359494 ], [ -57.646914077729662, -25.31589776160142 ], [ -57.646886291780639, -25.315840575199942 ], [ -57.646883970114878, -25.31583555187709 ], [ -57.646830671971522, -25.315741109873702 ], [ -57.646828265985214, -25.315735922567651 ], [ -57.6467795713654, -25.315624936627099 ], [ -57.646777074925524, -25.315619552855551 ], [ -57.646728177061917, -25.315529395362883 ], [ -57.646717326797067, -25.315518303138241 ], [ -57.646637403953498, -25.31535289282953 ], [ -57.646619813835663, -25.315260963463761 ], [ -57.646599907716272, -25.315208855412717 ], [ -57.646599977839784, -25.315206344670457 ], [ -57.646582782140833, -25.315140417336661 ], [ -57.646582847993571, -25.315137850625007 ], [ -57.646579496708924, -25.315051912735466 ], [ -57.646583920841366, -25.314985126602377 ], [ -57.646611214813184, -25.314911165784682 ], [ -57.64661463797119, -25.314792824405348 ], [ -57.646635364926325, -25.314684810074244 ], [ -57.646565059716714, -25.314555327165309 ], [ -57.646558174597686, -25.314551913191483 ], [ -57.646548437229178, -25.314541585455274 ], [ -57.646490302840157, -25.31447207380538 ], [ -57.646480776229232, -25.314458026445458 ], [ -57.646434846866661, -25.314365482638848 ], [ -57.646424759481953, -25.314354717554092 ], [ -57.646368084342512, -25.314241523300922 ], [ -57.646368420267478, -25.314237803133153 ], [ -57.6463131376861, -25.314178448873797 ], [ -57.646303006017085, -25.314163452355846 ], [ -57.646222064417834, -25.314076509075225 ], [ -57.646164459119262, -25.314002530365538 ], [ -57.646087153904396, -25.314040323443926 ], [ -57.646018875992318, -25.313986440617281 ], [ -57.64575384202103, -25.314064359747803 ], [ -57.645610465079152, -25.314082883170741 ], [ -57.645572964836397, -25.314087727826003 ], [ -57.645449046366096, -25.314196634564219 ], [ -57.645313999049669, -25.314314620260568 ], [ -57.645083904404693, -25.314541385910445 ], [ -57.645081020929474, -25.314554821230502 ], [ -57.645069361124222, -25.314609177124243 ], [ -57.645049921321913, -25.314631838047525 ], [ -57.644337611401383, -25.315023258018989 ], [ -57.643556588370878, -25.315455611144809 ], [ -57.642788073523221, -25.315905966336825 ], [ -57.642495666406745, -25.316070541348736 ], [ -57.642418004455102, -25.316114251669056 ], [ -57.642036176106764, -25.316329154170596 ], [ -57.641222347028268, -25.316784213851644 ], [ -57.64045006566279, -25.317230058243297 ], [ -57.639693208028234, -25.317657771020979 ], [ -57.638813248207143, -25.318162778696372 ] ] ] ] } },
{ "type": "Feature", "properties": { "DPTO": "00", "DISTRITO": "00", "DPTO_DESC": "ASUNCION", "DIST_DESC": "ASUNCION", "AREA": "1", "BAR_LOC": "029", "BARLO_DESC": "SANTA ANA", "CLAVE": "0000029", "nombre": "Santa Ana", "fuente": "INE Cartografía Digital 2012" }, "geometry": { "type": "MultiPolygon", "coordinates": [ [ [ [ -57.646164459119262, -25.314002530365538 ], [ -57.646222064417834, -25.314076509075225 ], [ -57.646303006017085, -25.314163452355846 ], [ -57.6463131376861, -25.314178448873797 ], [ -57.646368420267478, -25.314237803133153 ], [ -57.646368084342512, -25.314241523300922 ], [ -57.646424759481953, -25.314354717554092 ], [ -57.646434846866661, -25.314365482638848 ], [ -57.646480776229232, -25.314458026445458 ], [ -57.646490302840157, -25.31447207380538 ], [ -57.646548437229178, -25.314541585455274 ], [ -57.646558174597686, -25.314551913191483 ], [ -57.646565059716714, -25.314555327165309 ], [ -57.646635364926325, -25.314684810074244 ], [ -57.64661463797119, -25.314792824405348 ], [ -57.646611214813184, -25.314911165784682 ], [ -57.646583920841366, -25.314985126602377 ], [ -57.646579496708924, -25.315051912735466 ], [ -57.646582847993571, -25.315137850625007 ], [ -57.646582782140833, -25.315140417336661 ], [ -57.646599977839784, -25.315206344670457 ], [ -57.646599907716272, -25.315208855412717 ], [ -57.646619813835663, -25.315260963463761 ], [ -57.646637403953498, -25.31535289282953 ], [ -57.646717326797067, -25.315518303138241 ], [ -57.646728177061917, -25.315529395362883 ], [ -57.646777074925524, -25.315619552855551 ], [ -57.6467795713654, -25.315624936627099 ], [ -57.646828265985214, -25.315735922567651 ], [ -57.646830671971522, -25.315741109873702 ], [ -57.646883970114878, -25.31583555187709 ], [ -57.646886291780639, -25.315840575199942 ], [ -57.646914077729662, -25.31589776160142 ], [ -57.646918624570105, -25.315907597359494 ], [ -57.646957935189747, -25.315973393269029 ], [ -57.647038948678009, -25.316045477260669 ], [ -57.647176797493891, -25.316178692705158 ], [ -57.647176701194468, -25.316184127585789 ], [ -57.64725431741288, -25.316295885809023 ], [ -57.647265041120704, -25.316303705952219 ], [ -57.647270346255674, -25.316308907610985 ], [ -57.647320847478525, -25.316345069081621 ], [ -57.647366129976817, -25.316418445804725 ], [ -57.647410676666901, -25.316502535725022 ], [ -57.647488670073969, -25.316640310366395 ], [ -57.647542177381155, -25.316731316047317 ], [ -57.647547432654996, -25.316733861189032 ], [ -57.647612751418229, -25.31684925827097 ], [ -57.647617631802241, -25.316854167393384 ], [ -57.647673715339174, -25.316929270114837 ], [ -57.647709662153829, -25.316983758346986 ], [ -57.647782764686816, -25.317102951811016 ], [ -57.64787161510008, -25.317250268730607 ], [ -57.647874740614249, -25.317258098743512 ], [ -57.647959379712212, -25.317402979668213 ], [ -57.648037049688469, -25.317517460751098 ], [ -57.648093421406493, -25.317597694873502 ], [ -57.648093447666412, -25.31760001555439 ], [ -57.648222459555122, -25.317810581117907 ], [ -57.648319352854983, -25.31795049000111 ], [ -57.648403759586188, -25.318087363562583 ], [ -57.648444306231212, -25.318183114441162 ], [ -57.648588052579015, -25.318373032889181 ], [ -57.648669632916402, -25.318507401061211 ], [ -57.648749915964714, -25.318597771881326 ], [ -57.648855378532701, -25.318746607976646 ], [ -57.64893460264431, -25.318841054224638 ], [ -57.648939929050194, -25.318853568489146 ], [ -57.649018931675833, -25.318951916767482 ], [ -57.649081222623082, -25.318997570745715 ], [ -57.649096866392902, -25.319002365592031 ], [ -57.649180996421499, -25.319005036492861 ], [ -57.649273885209091, -25.318993516425781 ], [ -57.64939451202153, -25.318941165354072 ], [ -57.649494582451474, -25.31887758795445 ], [ -57.649675351215997, -25.318793993975977 ], [ -57.649809256051775, -25.318728045768424 ], [ -57.649820228319236, -25.318724657978738 ], [ -57.649833164615586, -25.318719563826807 ], [ -57.649918457997288, -25.318678141290921 ], [ -57.649923906421499, -25.318678131715469 ], [ -57.650042739190312, -25.318638968703954 ], [ -57.650149501593987, -25.31864055854718 ], [ -57.650156893318417, -25.318640544003561 ], [ -57.650226766645829, -25.318642206198383 ], [ -57.650457162304726, -25.318666747292994 ], [ -57.650609480747498, -25.31867708662239 ], [ -57.65073093436277, -25.318675138130221 ], [ -57.650825621837214, -25.318682733585945 ], [ -57.651048346968118, -25.318736500876902 ], [ -57.651129627088437, -25.318769210912585 ], [ -57.651291644901548, -25.318803778409404 ], [ -57.651298997338749, -25.318803847061005 ], [ -57.651472413122214, -25.318833991506565 ], [ -57.651679908247843, -25.318878507652702 ], [ -57.651789516637471, -25.31889092372958 ], [ -57.651877468963889, -25.318899767383218 ], [ -57.651952418470984, -25.318922790128273 ], [ -57.652025059742414, -25.318961526789153 ], [ -57.652131686099501, -25.319021513129325 ], [ -57.6521428349822, -25.319025139146063 ], [ -57.652243819980775, -25.319060968946566 ], [ -57.652344232940777, -25.31906790054256 ], [ -57.652347895045139, -25.319067895171035 ], [ -57.652369867642228, -25.319067857521912 ], [ -57.652379025864235, -25.319067840466108 ], [ -57.652426678863428, -25.319067759579529 ], [ -57.652519506342777, -25.319085272056395 ], [ -57.652668374935431, -25.31914399096058 ], [ -57.652814683685769, -25.319177753996701 ], [ -57.652888131228117, -25.319164811501043 ], [ -57.652950793808564, -25.319141636620348 ], [ -57.652963304517399, -25.319141680531466 ], [ -57.652977603616826, -25.319141732773303 ], [ -57.653049045615916, -25.319168698685967 ], [ -57.653053903896684, -25.31917202199427 ], [ -57.653140737318587, -25.319233751448859 ], [ -57.653147392627986, -25.319235358252762 ], [ -57.653225125384417, -25.319262260080535 ], [ -57.653322259916855, -25.319299189836901 ], [ -57.653439387181706, -25.319311482852665 ], [ -57.65345553143365, -25.319313229987504 ], [ -57.653576384497377, -25.319344042026366 ], [ -57.653670575952788, -25.31936608817216 ], [ -57.653679130198199, -25.319369414934926 ], [ -57.653765424964014, -25.319400681689494 ], [ -57.653808627697373, -25.319461777081276 ], [ -57.653811658523573, -25.319464842978608 ], [ -57.653814328051681, -25.319470933832079 ], [ -57.653822209510352, -25.319475522398303 ], [ -57.653866902828291, -25.319517419908408 ], [ -57.653957797657085, -25.319544223219477 ], [ -57.654037228234515, -25.319571958705435 ], [ -57.654051848974824, -25.319575652248822 ], [ -57.654116763669123, -25.319604411125209 ], [ -57.654134750218155, -25.319654288873892 ], [ -57.654188637031396, -25.319706022852195 ], [ -57.654193681871654, -25.319709294724028 ], [ -57.654256671025372, -25.319749483639814 ], [ -57.654258126605114, -25.319752637792856 ], [ -57.654305870026256, -25.319790044389471 ], [ -57.654310480889087, -25.319794645641629 ], [ -57.654395174778159, -25.319807099925622 ], [ -57.654595719729606, -25.31987155645032 ], [ -57.654789357799217, -25.319940805976152 ], [ -57.654801575658858, -25.31993515289556 ], [ -57.654949518706971, -25.319918567878869 ], [ -57.654955700575179, -25.319918589172609 ], [ -57.655028884425562, -25.319844403113589 ], [ -57.655209960881088, -25.31992074433839 ], [ -57.65538053364368, -25.320066804609088 ], [ -57.655389168273032, -25.320082832967973 ], [ -57.655516785953004, -25.320258221314919 ], [ -57.655541890732408, -25.320274120423761 ], [ -57.655725941062279, -25.320478913155043 ], [ -57.655767249654197, -25.320494657053896 ], [ -57.655825019593237, -25.320518227421928 ], [ -57.655841482806835, -25.320518286008397 ], [ -57.655874481265435, -25.320541735405165 ], [ -57.656071301768492, -25.320743256059945 ], [ -57.656095710506669, -25.320774137668806 ], [ -57.656120103376651, -25.320797278551144 ], [ -57.656136383455689, -25.320805013693786 ], [ -57.656313743800602, -25.320996295365315 ], [ -57.656337700778245, -25.321026658796423 ], [ -57.656400580403826, -25.321162379033492 ], [ -57.656432368861829, -25.321192434853252 ], [ -57.656456168273643, -25.321214937166687 ], [ -57.65647213728343, -25.321222456928378 ], [ -57.656564572437787, -25.321430280789841 ], [ -57.656572266430608, -25.321445018314737 ], [ -57.656603579002478, -25.32147450369223 ], [ -57.656618896893875, -25.321503874297655 ], [ -57.656836442499689, -25.321693775224045 ], [ -57.656876020158876, -25.321693914896187 ], [ -57.657315726692914, -25.321774688493324 ], [ -57.657672831135848, -25.321890198787962 ], [ -57.657703847140397, -25.321897452600158 ], [ -57.65772743837605, -25.321897535151564 ], [ -57.658068012551787, -25.321969967766872 ], [ -57.65810667685367, -25.32197720721005 ], [ -57.658129083002507, -25.321991479813999 ], [ -57.658426916754202, -25.322077427579195 ], [ -57.658456347098003, -25.322098634739415 ], [ -57.6584947646571, -25.322105799327325 ], [ -57.658516937568614, -25.322119921203722 ], [ -57.658679317671641, -25.322218429750201 ], [ -57.658709082896323, -25.32223247070722 ], [ -57.658797523511033, -25.322281451374934 ], [ -57.661039623058954, -25.322146472229399 ], [ -57.661056699058896, -25.322489547622233 ], [ -57.66150520903269, -25.322577838343722 ], [ -57.662613767905334, -25.322487070493754 ], [ -57.663125304319891, -25.322575072888331 ], [ -57.663779794270681, -25.322743702522313 ], [ -57.664290623380033, -25.322892932241139 ], [ -57.664610009602413, -25.32263123242296 ], [ -57.665068263670477, -25.322399123464358 ], [ -57.663694772324412, -25.320492460830042 ], [ -57.663686678346735, -25.320481224735662 ], [ -57.661233147267673, -25.317075080305461 ], [ -57.655247493429187, -25.308892671469884 ], [ -57.650258746896526, -25.311724480651563 ], [ -57.649993505867528, -25.312246380402854 ], [ -57.649664549757944, -25.312766347136382 ], [ -57.649546897509971, -25.312747326619562 ], [ -57.649011446729979, -25.31235686504116 ], [ -57.64871098295076, -25.312543309491119 ], [ -57.647784869545411, -25.313066626490478 ], [ -57.647684904466821, -25.313125762940118 ], [ -57.646906917168572, -25.313598756763451 ], [ -57.64628285945426, -25.313944646989963 ], [ -57.646164459119262, -25.314002530365538 ] ] ] ] } },
{ "type": "Feature", "properties": { "DPTO": "00", "DISTRITO": "00", "DPTO_DESC": "ASUNCION", "DIST_DESC": "ASUNCION", "AREA": "1", "BAR_LOC": "006", "BARLO_DESC": "TACUMBU", "CLAVE": "0000006", "nombre": "Tacumbu", "fuente": "INE Cartografía Digital 2012" }, "geometry": { "type": "MultiPolygon", "coordinates": [ [ [ [ -57.648725235956952, -25.300352275978668 ], [ -57.649086037415749, -25.300892509719432 ], [ -57.649475070058507, -25.301486800280781 ], [ -57.649879554614586, -25.302067476085472 ], [ -57.65026744634374, -25.302621132791124 ], [ -57.650713610834543, -25.303273865102142 ], [ -57.650896014409966, -25.303539455405264 ], [ -57.651265599608401, -25.304093190038294 ], [ -57.651644622906787, -25.30466945781162 ], [ -57.65185613599872, -25.304948125952411 ], [ -57.652054499930379, -25.305209466689252 ], [ -57.652483182843469, -25.30495677057695 ], [ -57.655247493429187, -25.308892671469884 ], [ -57.661233147267673, -25.317075080305461 ], [ -57.663686678346735, -25.320481224735662 ], [ -57.663694772324412, -25.320492460830042 ], [ -57.665068263670477, -25.322399123464358 ], [ -57.66507682425533, -25.322394786405788 ], [ -57.665455465301378, -25.322203001853811 ], [ -57.666442523945712, -25.321527358598519 ], [ -57.668103661874149, -25.320760251673342 ], [ -57.668104002790052, -25.320760094806658 ], [ -57.672441407586184, -25.321840166606734 ], [ -57.672484372866307, -25.32195122750754 ], [ -57.673133137249266, -25.319874794526346 ], [ -57.673857902182867, -25.315798814845373 ], [ -57.673832847760714, -25.311270228415292 ], [ -57.673058084086705, -25.306293547349664 ], [ -57.673034704396926, -25.302060859822397 ], [ -57.670949336723936, -25.301914199434638 ], [ -57.670694297504475, -25.301930420385158 ], [ -57.670440225683912, -25.301944098974957 ], [ -57.670222821215518, -25.301953380675833 ], [ -57.670008635723676, -25.301930223130245 ], [ -57.669848930643397, -25.301925001283394 ], [ -57.669640501237673, -25.301919978854226 ], [ -57.669568471069113, -25.301949995842495 ], [ -57.66941410603431, -25.301974726362367 ], [ -57.669265785428735, -25.301986570099 ], [ -57.669159337328708, -25.301978772355476 ], [ -57.66900819327374, -25.301968500723241 ], [ -57.668878498516314, -25.301983230548771 ], [ -57.668812413340191, -25.301990590196407 ], [ -57.668729749669573, -25.302026387459062 ], [ -57.668690602406294, -25.302085767828636 ], [ -57.668676482668197, -25.302173792695278 ], [ -57.66872438156723, -25.30223531405661 ], [ -57.668832481164337, -25.302280448649142 ], [ -57.668835337922545, -25.302280408601195 ], [ -57.668934715815951, -25.302313626517435 ], [ -57.669000777067296, -25.30235833399918 ], [ -57.669003287810021, -25.302361131041394 ], [ -57.669062031902072, -25.302457960439945 ], [ -57.669064083680112, -25.302531315337394 ], [ -57.669054983722894, -25.302626751223478 ], [ -57.66904585512831, -25.302678615897008 ], [ -57.66898532580548, -25.302760380204102 ], [ -57.668923740653625, -25.302815583852276 ], [ -57.668816699452854, -25.302836322600079 ], [ -57.668726718311213, -25.302873643058728 ], [ -57.66861293900471, -25.302903643019583 ], [ -57.668504376324194, -25.30290238694478 ], [ -57.668501783727159, -25.302902414952609 ], [ -57.668328656515598, -25.302875426017327 ], [ -57.668321095963471, -25.302873097948623 ], [ -57.668196578132012, -25.302803846937259 ], [ -57.668014153302529, -25.302723638867395 ], [ -57.667832895603311, -25.302627961742253 ], [ -57.667730750143917, -25.302568273266004 ], [ -57.667605202696556, -25.302531820956702 ], [ -57.667490397387468, -25.302483320410715 ], [ -57.667396459092558, -25.302472878487315 ], [ -57.667260082673423, -25.302437650639309 ], [ -57.667116960909382, -25.302374419415482 ], [ -57.666959923163795, -25.302319759369674 ], [ -57.666840414284025, -25.302244148850363 ], [ -57.666740690990601, -25.302196350698207 ], [ -57.66668210072956, -25.302134544695061 ], [ -57.666601277549944, -25.302051121218291 ], [ -57.666471899897338, -25.30191829726639 ], [ -57.66636274687766, -25.301799476351292 ], [ -57.666278439163179, -25.301753081965991 ], [ -57.666208141914666, -25.301700826762666 ], [ -57.6660906676994, -25.301602161006823 ], [ -57.666011809122551, -25.301506546393636 ], [ -57.66591938046782, -25.301427175373892 ], [ -57.665825145498552, -25.301330990740702 ], [ -57.665751310964339, -25.301260677967448 ], [ -57.66564928074434, -25.301166041891257 ], [ -57.665571500092661, -25.301091612747431 ], [ -57.66553934025255, -25.301022807663703 ], [ -57.665469499605521, -25.300950341944823 ], [ -57.66545406451759, -25.300893943098124 ], [ -57.665386994153252, -25.300840150408028 ], [ -57.665464464892978, -25.30074726879171 ], [ -57.664434735143452, -25.299943696600049 ], [ -57.664195599283531, -25.299696439491786 ], [ -57.663909804235551, -25.299431331349947 ], [ -57.663464626493123, -25.299026969451653 ], [ -57.662690406415592, -25.299524778520787 ], [ -57.662660305970626, -25.299497096712297 ], [ -57.662616940743881, -25.299464406669436 ], [ -57.662526282915735, -25.299421378027507 ], [ -57.662524098091239, -25.299419290997335 ], [ -57.662385727289021, -25.299386895812834 ], [ -57.662309759617706, -25.299336220985687 ], [ -57.662237040498326, -25.29929143195606 ], [ -57.66213896993748, -25.299244284205692 ], [ -57.662079235030667, -25.299184292915719 ], [ -57.662025350944369, -25.299147318963485 ], [ -57.662010771679292, -25.299137315577013 ], [ -57.661938805927704, -25.299068415611654 ], [ -57.661812766617061, -25.299013952167279 ], [ -57.661707638772789, -25.298960063034492 ], [ -57.661618787866267, -25.298897693555194 ], [ -57.661560729087057, -25.298859096439525 ], [ -57.661468211548481, -25.29881808743335 ], [ -57.661386708216142, -25.298774110367141 ], [ -57.661325770165867, -25.298734660961639 ], [ -57.661284114259722, -25.298896792510057 ], [ -57.661148845817905, -25.298910944494875 ], [ -57.660994608294679, -25.299032273123998 ], [ -57.660837100366109, -25.299156175448449 ], [ -57.660836941114475, -25.299156300780773 ], [ -57.659191871696549, -25.300450348071688 ], [ -57.658723643071795, -25.300086711312328 ], [ -57.658078020897044, -25.299696773651704 ], [ -57.657512093935004, -25.299405811608427 ], [ -57.657091719595712, -25.299222563075677 ], [ -57.656489665753192, -25.299008152922422 ], [ -57.656465631966896, -25.298999592575928 ], [ -57.655813392726145, -25.298704492869316 ], [ -57.655750422248929, -25.298655105946828 ], [ -57.655530761962353, -25.298476508533586 ], [ -57.655518452097652, -25.298466499825793 ], [ -57.655266813917947, -25.298083828159367 ], [ -57.655005029220781, -25.297719261786401 ], [ -57.654602159826517, -25.297152138219644 ], [ -57.65452397562791, -25.297044120969154 ], [ -57.654102984740888, -25.296454500449112 ], [ -57.654067642236981, -25.296404990234482 ], [ -57.653654417545006, -25.29581533387482 ], [ -57.653610311309436, -25.295752316845185 ], [ -57.653158668452008, -25.295117677430799 ], [ -57.652653611905308, -25.294420060351193 ], [ -57.652272351125809, -25.293884440475615 ], [ -57.652099107674921, -25.293645901939666 ], [ -57.65206159348832, -25.293596400801324 ], [ -57.651767926657932, -25.293186817294846 ], [ -57.651437917389089, -25.292714181121305 ], [ -57.651143993146192, -25.292313627758663 ], [ -57.65068798332387, -25.291669969002161 ], [ -57.65060070673367, -25.291543928862509 ], [ -57.650261919060284, -25.291053267800471 ], [ -57.650174691516291, -25.290936257534341 ], [ -57.650096849279038, -25.290832751400245 ], [ -57.649667856432508, -25.290247667513508 ], [ -57.649548682041157, -25.290076615333064 ], [ -57.649018523503145, -25.289320397818454 ], [ -57.64850998223379, -25.288600204674992 ], [ -57.648359841790167, -25.2883841357142 ], [ -57.647895694571282, -25.287722442550635 ], [ -57.647557596358666, -25.287240802039889 ], [ -57.646986849993382, -25.286435087639365 ], [ -57.646897841929153, -25.286507720947675 ], [ -57.645570800124219, -25.287249509434446 ], [ -57.644885582642537, -25.287627266891743 ], [ -57.644131022196795, -25.288041445500493 ], [ -57.643141322865056, -25.28860113162634 ], [ -57.642353992357414, -25.2890425352665 ], [ -57.641459042606144, -25.289561160973314 ], [ -57.641945222171778, -25.290285991412691 ], [ -57.642440291051599, -25.29104690287507 ], [ -57.642954059650684, -25.291821276557581 ], [ -57.643472803274406, -25.29259562656776 ], [ -57.643768379264358, -25.29302425476374 ], [ -57.643771598407575, -25.293028922058188 ], [ -57.64400363398569, -25.293365406615248 ], [ -57.644481655276131, -25.294067687560204 ], [ -57.644977828125029, -25.294796978534372 ], [ -57.645536283101514, -25.295620813937923 ], [ -57.646072274405498, -25.296422169513146 ], [ -57.64639019087744, -25.296899385805677 ], [ -57.64676348394395, -25.297457631771191 ], [ -57.647160515916482, -25.298042863614612 ], [ -57.647570972157133, -25.298641580880037 ], [ -57.647919036646364, -25.299181873683615 ], [ -57.648319209123017, -25.299771603481673 ], [ -57.648530972912404, -25.300073189348694 ], [ -57.648725235956952, -25.300352275978668 ] ] ] ] } },
{ "type": "Feature", "properties": { "DPTO": "00", "DISTRITO": "00", "DPTO_DESC": "ASUNCION", "DIST_DESC": "ASUNCION", "AREA": "1", "BAR_LOC": "001", "BARLO_DESC": "SAJONIA", "CLAVE": "0000001", "nombre": "Sajonia", "fuente": "INE Cartografía Digital 2012" }, "geometry": { "type": "MultiPolygon", "coordinates": [ [ [ [ -57.666413681964336, -25.288412049540369 ], [ -57.666326263414227, -25.288773658412072 ], [ -57.666145079748389, -25.289528510852996 ], [ -57.665881425194179, -25.290699131341679 ], [ -57.666859775555942, -25.29086177321086 ], [ -57.666645361075872, -25.291783837675698 ], [ -57.66643583588997, -25.292692334159199 ], [ -57.666242637235634, -25.293578180680395 ], [ -57.666038333341895, -25.294477622549749 ], [ -57.665844246880383, -25.295372502779372 ], [ -57.665621671837194, -25.29624319797124 ], [ -57.665419885473398, -25.29713081937086 ], [ -57.665206494711569, -25.29801675533886 ], [ -57.665033790761086, -25.298907022646588 ], [ -57.664837956353651, -25.299711605749572 ], [ -57.665265502623839, -25.300012194011572 ], [ -57.665756672766385, -25.300366675795772 ], [ -57.665628548824955, -25.300552376043637 ], [ -57.665464464892978, -25.30074726879171 ], [ -57.665386994153252, -25.300840150408028 ], [ -57.66545406451759, -25.300893943098124 ], [ -57.665469499605521, -25.300950341944823 ], [ -57.66553934025255, -25.301022807663703 ], [ -57.665571500092661, -25.301091612747431 ], [ -57.66564928074434, -25.301166041891257 ], [ -57.665751310964339, -25.301260677967448 ], [ -57.665825145498552, -25.301330990740702 ], [ -57.66591938046782, -25.301427175373892 ], [ -57.666011809122551, -25.301506546393636 ], [ -57.6660906676994, -25.301602161006823 ], [ -57.666208141914666, -25.301700826762666 ], [ -57.666278439163179, -25.301753081965991 ], [ -57.66636274687766, -25.301799476351292 ], [ -57.666471899897338, -25.30191829726639 ], [ -57.666601277549944, -25.302051121218291 ], [ -57.66668210072956, -25.302134544695061 ], [ -57.666740690990601, -25.302196350698207 ], [ -57.666840414284025, -25.302244148850363 ], [ -57.666959923163795, -25.302319759369674 ], [ -57.667116960909382, -25.302374419415482 ], [ -57.667260082673423, -25.302437650639309 ], [ -57.667396459092558, -25.302472878487315 ], [ -57.667490397387468, -25.302483320410715 ], [ -57.667605202696556, -25.302531820956702 ], [ -57.667730750143917, -25.302568273266004 ], [ -57.667832895603311, -25.302627961742253 ], [ -57.668014153302529, -25.302723638867395 ], [ -57.668196578132012, -25.302803846937259 ], [ -57.668321095963471, -25.302873097948623 ], [ -57.668328656515598, -25.302875426017327 ], [ -57.668501783727159, -25.302902414952609 ], [ -57.668504376324194, -25.30290238694478 ], [ -57.66861293900471, -25.302903643019583 ], [ -57.668726718311213, -25.302873643058728 ], [ -57.668816699452854, -25.302836322600079 ], [ -57.668923740653625, -25.302815583852276 ], [ -57.66898532580548, -25.302760380204102 ], [ -57.66904585512831, -25.302678615897008 ], [ -57.669054983722894, -25.302626751223478 ], [ -57.669064083680112, -25.302531315337394 ], [ -57.669062031902072, -25.302457960439945 ], [ -57.669003287810021, -25.302361131041394 ], [ -57.669000777067296, -25.30235833399918 ], [ -57.668934715815951, -25.302313626517435 ], [ -57.668835337922545, -25.302280408601195 ], [ -57.668832481164337, -25.302280448649142 ], [ -57.66872438156723, -25.30223531405661 ], [ -57.668676482668197, -25.302173792695278 ], [ -57.668690602406294, -25.302085767828636 ], [ -57.668729749669573, -25.302026387459062 ], [ -57.668812413340191, -25.301990590196407 ], [ -57.668878498516314, -25.301983230548771 ], [ -57.66900819327374, -25.301968500723241 ], [ -57.669159337328708, -25.301978772355476 ], [ -57.669265785428735, -25.301986570099 ], [ -57.66941410603431, -25.301974726362367 ], [ -57.669568471069113, -25.301949995842495 ], [ -57.669640501237673, -25.301919978854226 ], [ -57.669848930643397, -25.301925001283394 ], [ -57.670008635723676, -25.301930223130245 ], [ -57.670222821215518, -25.301953380675833 ], [ -57.670440225683912, -25.301944098974957 ], [ -57.670694297504475, -25.301930420385158 ], [ -57.670949336723936, -25.301914199434638 ], [ -57.673034704396926, -25.302060859822397 ], [ -57.67302805908799, -25.300857430274654 ], [ -57.673121916385028, -25.295312378074112 ], [ -57.673222314845198, -25.290896085357211 ], [ -57.672830484783653, -25.287615343946207 ], [ -57.672784466546673, -25.287516287764195 ], [ -57.671570320111833, -25.284902676994957 ], [ -57.671567856463234, -25.284897372946105 ], [ -57.669765605792868, -25.284901099054604 ], [ -57.669765261140753, -25.284901099716148 ], [ -57.667620038394588, -25.284905506416106 ], [ -57.667188471516674, -25.285184712169805 ], [ -57.666964706549045, -25.286097789534427 ], [ -57.666752774395505, -25.286961146091119 ], [ -57.666604799610447, -25.28754427243728 ], [ -57.666413681964336, -25.288412049540369 ] ] ] ] } },
{ "type": "Feature", "properties": { "DPTO": "00", "DISTRITO": "00", "DPTO_DESC": "ASUNCION", "DIST_DESC": "ASUNCION", "AREA": "1", "BAR_LOC": "004", "BARLO_DESC": "ITA PYTA PUNTA", "CLAVE": "0000004", "nombre": "Ita Pyta Punta", "fuente": "INE Cartografía Digital 2012" }, "geometry": { "type": "MultiPolygon", "coordinates": [ [ [ [ -57.663487805295453, -25.279998155854521 ], [ -57.663356162275541, -25.280305416157962 ], [ -57.663228547460854, -25.280281019945708 ], [ -57.663129352995192, -25.280475618579619 ], [ -57.663085754964875, -25.280620300320475 ], [ -57.663034757016462, -25.280774045661875 ], [ -57.662837783102759, -25.281537996297988 ], [ -57.662617693380874, -25.282446536231543 ], [ -57.661670330803332, -25.282261150022432 ], [ -57.66147534673749, -25.28316506055144 ], [ -57.661273744542413, -25.284050939698417 ], [ -57.662236279632268, -25.284227229739997 ], [ -57.662036763315193, -25.285153736998112 ], [ -57.661835784044911, -25.28603961386991 ], [ -57.661677225208066, -25.286735662649754 ], [ -57.661481989924326, -25.287594422101105 ], [ -57.662460024755205, -25.287761610300151 ], [ -57.663443003776479, -25.287924254556497 ], [ -57.664403327326383, -25.288086994251607 ], [ -57.6654133136851, -25.288249503652725 ], [ -57.666413681964336, -25.288412049540369 ], [ -57.666604799610447, -25.28754427243728 ], [ -57.666752774395505, -25.286961146091119 ], [ -57.666964706549045, -25.286097789534427 ], [ -57.667188471516674, -25.285184712169805 ], [ -57.667620038394588, -25.284905506416106 ], [ -57.669765261140753, -25.284901099716148 ], [ -57.669765605792868, -25.284901099054604 ], [ -57.671567856463234, -25.284897372946105 ], [ -57.67094045024114, -25.283546750498687 ], [ -57.6686799798237, -25.280048719365748 ], [ -57.665676915773702, -25.277344158390157 ], [ -57.663487805295453, -25.279998155854521 ] ] ] ] } },
{ "type": "Feature", "properties": { "DPTO": "00", "DISTRITO": "00", "DPTO_DESC": "ASUNCION", "DIST_DESC": "ASUNCION", "AREA": "1", "BAR_LOC": "002", "BARLO_DESC": "SAN ANTONIO", "CLAVE": "0000002", "nombre": "San Antonio", "fuente": "INE Cartografía Digital 2012" }, "geometry": { "type": "MultiPolygon", "coordinates": [ [ [ [ -57.654991665810485, -25.280092053042626 ], [ -57.654788157617887, -25.280977932808536 ], [ -57.654580447755222, -25.281890921989778 ], [ -57.654380658396249, -25.282776784575276 ], [ -57.654176236307897, -25.283667182555952 ], [ -57.653987900796992, -25.284548478519824 ], [ -57.653766328970931, -25.285425406278737 ], [ -57.65359778016181, -25.286293068391362 ], [ -57.653321900602684, -25.287405025492856 ], [ -57.653069252198165, -25.288566546160837 ], [ -57.654029256740685, -25.28872935493462 ], [ -57.655048239205001, -25.288891895545721 ], [ -57.656035303867277, -25.289063601376704 ], [ -57.657009929123845, -25.289230840776664 ], [ -57.657998499738085, -25.289393496310154 ], [ -57.659011906308884, -25.289556034225253 ], [ -57.659963831982679, -25.289714325018505 ], [ -57.66096112550747, -25.289881436713991 ], [ -57.661938199412411, -25.290039601997155 ], [ -57.662929887322804, -25.290202210266425 ], [ -57.663917590262585, -25.290373860108367 ], [ -57.66488848819273, -25.290536548684557 ], [ -57.665881425194179, -25.290699131341679 ], [ -57.666145079748389, -25.289528510852996 ], [ -57.666326263414227, -25.288773658412072 ], [ -57.666413681964336, -25.288412049540369 ], [ -57.6654133136851, -25.288249503652725 ], [ -57.664403327326383, -25.288086994251607 ], [ -57.663443003776479, -25.287924254556497 ], [ -57.662460024755205, -25.287761610300151 ], [ -57.661481989924326, -25.287594422101105 ], [ -57.661677225208066, -25.286735662649754 ], [ -57.661835784044911, -25.28603961386991 ], [ -57.662036763315193, -25.285153736998112 ], [ -57.662236279632268, -25.284227229739997 ], [ -57.661273744542413, -25.284050939698417 ], [ -57.66147534673749, -25.28316506055144 ], [ -57.661670330803332, -25.282261150022432 ], [ -57.662617693380874, -25.282446536231543 ], [ -57.662837783102759, -25.281537996297988 ], [ -57.663034757016462, -25.280774045661875 ], [ -57.663085754964875, -25.280620300320475 ], [ -57.663129352995192, -25.280475618579619 ], [ -57.663228547460854, -25.280281019945708 ], [ -57.663356162275541, -25.280305416157962 ], [ -57.663487805295453, -25.279998155854521 ], [ -57.665676915773702, -25.277344158390157 ], [ -57.660432908290545, -25.274649578514303 ], [ -57.656889099613373, -25.272737531537789 ], [ -57.656428504467677, -25.274252910818941 ], [ -57.656425438233441, -25.274262998747623 ], [ -57.65610501504716, -25.275317185113984 ], [ -57.65561441622993, -25.277402751075773 ], [ -57.655393323305056, -25.278306770730076 ], [ -57.655213720492277, -25.279192545025985 ], [ -57.654991665810485, -25.280092053042626 ] ] ] ] } },
{ "type": "Feature", "properties": { "DPTO": "00", "DISTRITO": "00", "DPTO_DESC": "ASUNCION", "DIST_DESC": "ASUNCION", "AREA": "1", "BAR_LOC": "003", "BARLO_DESC": "DR. GASPAR RODRIGUEZ DE FRANCIA", "CLAVE": "0000003", "nombre": "Dr. Gaspar Rodriguez De Francia", "fuente": "INE Cartografía Digital 2012" }, "geometry": { "type": "MultiPolygon", "coordinates": [ [ [ [ -57.639351830818789, -25.275867758670895 ], [ -57.639488540536732, -25.276160178303915 ], [ -57.639489413395019, -25.276162045619579 ], [ -57.639694718291189, -25.27660118622326 ], [ -57.639893373537177, -25.276604840167593 ], [ -57.640127456516026, -25.27667606813332 ], [ -57.64015216315228, -25.276712082539323 ], [ -57.640618200772302, -25.277361263545863 ], [ -57.640661391588999, -25.277421427966573 ], [ -57.640769348288259, -25.277571806537029 ], [ -57.641312819035718, -25.278341544187395 ], [ -57.641742254762306, -25.278967289389932 ], [ -57.642240640643259, -25.279660461056409 ], [ -57.642662947471649, -25.280227536835874 ], [ -57.643192714405409, -25.280983781031335 ], [ -57.643908736528729, -25.282037213126749 ], [ -57.644718002302994, -25.283171507434787 ], [ -57.645454940329302, -25.284242900678866 ], [ -57.646206168093265, -25.285314227301473 ], [ -57.646986849993382, -25.286435087639365 ], [ -57.647557596358666, -25.287240802039889 ], [ -57.647895694571282, -25.287722442550635 ], [ -57.648800029945342, -25.287867469318606 ], [ -57.649867468087969, -25.288038863218052 ], [ -57.650983402310722, -25.288223580903484 ], [ -57.65194677018799, -25.288377358115369 ], [ -57.652035303567907, -25.288390512386766 ], [ -57.653069252198165, -25.288566546160837 ], [ -57.653321900602684, -25.287405025492856 ], [ -57.65359778016181, -25.286293068391362 ], [ -57.653766328970931, -25.285425406278737 ], [ -57.653987900796992, -25.284548478519824 ], [ -57.654176236307897, -25.283667182555952 ], [ -57.654380658396249, -25.282776784575276 ], [ -57.654580447755222, -25.281890921989778 ], [ -57.654788157617887, -25.280977932808536 ], [ -57.654991665810485, -25.280092053042626 ], [ -57.655213720492277, -25.279192545025985 ], [ -57.655393323305056, -25.278306770730076 ], [ -57.65561441622993, -25.277402751075773 ], [ -57.65610501504716, -25.275317185113984 ], [ -57.656425438233441, -25.274262998747623 ], [ -57.656428504467677, -25.274252910818941 ], [ -57.656889099613373, -25.272737531537789 ], [ -57.654813961798247, -25.271617832211376 ], [ -57.650970757421, -25.269205525245397 ], [ -57.648143095125768, -25.272732062856438 ], [ -57.647735590658023, -25.272747030805625 ], [ -57.647709902251378, -25.272746724533253 ], [ -57.647246673067343, -25.272874961856171 ], [ -57.647220999130646, -25.272874767412493 ], [ -57.646478216366376, -25.273139355164783 ], [ -57.645798230410861, -25.273475438006692 ], [ -57.645056030172604, -25.273846249669436 ], [ -57.643839843615631, -25.27446288720628 ], [ -57.643328167918611, -25.274731802309148 ], [ -57.642550918878683, -25.275193793330985 ], [ -57.641829547908756, -25.275621832269916 ], [ -57.641405738775461, -25.275839333299857 ], [ -57.640319120153052, -25.275898606431792 ], [ -57.64023357188497, -25.275915606161089 ], [ -57.639618428994503, -25.275931479610133 ], [ -57.639593819840329, -25.275931429138776 ], [ -57.6395567379301, -25.275931290037068 ], [ -57.639538196974925, -25.275931220482722 ], [ -57.639377930370507, -25.275879303838355 ], [ -57.639351830818789, -25.275867758670895 ] ] ] ] } },
{ "type": "Feature", "properties": { "DPTO": "00", "DISTRITO": "00", "DPTO_DESC": "ASUNCION", "DIST_DESC": "ASUNCION", "AREA": "1", "BAR_LOC": "067", "BARLO_DESC": "BOTANICO", "CLAVE": "0000067", "nombre": "Botanico", "fuente": "INE Cartografía Digital 2012" }, "geometry": { "type": "MultiPolygon", "coordinates": [ [ [ [ -57.57586527078476, -25.25336403116069 ], [ -57.575958647362192, -25.253312217582245 ], [ -57.578277230032938, -25.252052434468666 ], [ -57.579292753285081, -25.251438896344979 ], [ -57.580196591694978, -25.250898034059457 ], [ -57.580334267480517, -25.250821821222701 ], [ -57.580964131768269, -25.250484175456755 ], [ -57.5812361712957, -25.250338346311 ], [ -57.581388754254291, -25.250253363926277 ], [ -57.581529560021949, -25.250173318673202 ], [ -57.581808928993169, -25.250014504484589 ], [ -57.582126917021789, -25.24983677581378 ], [ -57.582424805014085, -25.249677697838713 ], [ -57.58244756744822, -25.249665542434514 ], [ -57.582592125729491, -25.249584348055585 ], [ -57.58292291954924, -25.249408033727729 ], [ -57.583251504931383, -25.249230031463551 ], [ -57.583470251510896, -25.24910249316213 ], [ -57.583488922912714, -25.249097653105547 ], [ -57.584472704346062, -25.248519700454949 ], [ -57.58485720924061, -25.248288574565201 ], [ -57.585044631710232, -25.247552726111127 ], [ -57.585054466878127, -25.247537589078036 ], [ -57.585260232658172, -25.247545804352939 ], [ -57.585465603102797, -25.247535959930467 ], [ -57.585757145839608, -25.24750771251923 ], [ -57.585920950408415, -25.247371605468771 ], [ -57.585987105799219, -25.24734700584898 ], [ -57.586019139770379, -25.247335093964999 ], [ -57.586297433977315, -25.24726174561928 ], [ -57.586401682773669, -25.247222891683851 ], [ -57.586577372133391, -25.247195629063398 ], [ -57.586641385253685, -25.247187726002629 ], [ -57.586909599997881, -25.247154613052381 ], [ -57.587381281747035, -25.246945432316561 ], [ -57.587791440451873, -25.24669113480315 ], [ -57.588111614547188, -25.246425784467164 ], [ -57.588390271383197, -25.2461948433515 ], [ -57.588675793742098, -25.245937405094026 ], [ -57.588890663849142, -25.245743670010103 ], [ -57.589006644570915, -25.245629138054873 ], [ -57.589078991842335, -25.245557695619343 ], [ -57.589346117363128, -25.245293908776929 ], [ -57.589382853606566, -25.245257632119301 ], [ -57.589793423187103, -25.244906809638238 ], [ -57.589932465204022, -25.244788001057394 ], [ -57.590334419969295, -25.244308116166838 ], [ -57.590596921073633, -25.24406817342048 ], [ -57.590707663681705, -25.243916414845746 ], [ -57.593055527739409, -25.241125573724023 ], [ -57.590412193856707, -25.238833454077586 ], [ -57.587410776566678, -25.235901475896032 ], [ -57.585284501929017, -25.233760654194811 ], [ -57.58365920724178, -25.232236412159811 ], [ -57.581159835566631, -25.230097001402282 ], [ -57.579974923639774, -25.229197670438047 ], [ -57.578495867472988, -25.230821810587706 ], [ -57.57850604488069, -25.23082769747181 ], [ -57.578394253180477, -25.230952205347766 ], [ -57.577015321781396, -25.232167684654577 ], [ -57.57536949113306, -25.233637046168237 ], [ -57.574550214074826, -25.234389767028883 ], [ -57.575426393411888, -25.234783699994672 ], [ -57.574067609556565, -25.235217935070626 ], [ -57.572195975681787, -25.235857331417641 ], [ -57.569420401054359, -25.236807228506393 ], [ -57.566686273422789, -25.23773885389852 ], [ -57.564016450960565, -25.238561817391751 ], [ -57.56319743239164, -25.238921647523323 ], [ -57.561041145923021, -25.240099304764875 ], [ -57.555500237079336, -25.243046134283972 ], [ -57.554846770404851, -25.243387235818496 ], [ -57.554702527352582, -25.24346453700889 ], [ -57.554178853839893, -25.243740119358336 ], [ -57.554125973091757, -25.243767562834165 ], [ -57.553500523667253, -25.244092151232937 ], [ -57.552764581009704, -25.244476488315712 ], [ -57.55238139233019, -25.24467537061161 ], [ -57.551682463994027, -25.245038127277638 ], [ -57.551282924524017, -25.245269897396522 ], [ -57.551089465584361, -25.245351719749593 ], [ -57.550497235475738, -25.245539229120737 ], [ -57.550445092526125, -25.245556022456164 ], [ -57.549951214564373, -25.245767025367186 ], [ -57.549683546811849, -25.245930571205172 ], [ -57.549588224512497, -25.24619281117986 ], [ -57.549715179627768, -25.246892204480183 ], [ -57.551334634528992, -25.248340082474616 ], [ -57.552153416292569, -25.249073011188127 ], [ -57.552864437416844, -25.249700806147757 ], [ -57.552891574142421, -25.249725991819378 ], [ -57.553253883504183, -25.250062249979422 ], [ -57.554092908059431, -25.25060093552958 ], [ -57.554250889049833, -25.250677102113162 ], [ -57.554593308717969, -25.250847396441479 ], [ -57.555449646720476, -25.251164761456888 ], [ -57.556425020642237, -25.251522310295179 ], [ -57.557018066730912, -25.251736806959453 ], [ -57.557727745337417, -25.252009559102259 ], [ -57.558601806741393, -25.25246681153903 ], [ -57.558854083465164, -25.25260131561167 ], [ -57.559919363536999, -25.253206839714693 ], [ -57.560147835397103, -25.253332543955185 ], [ -57.561383265407983, -25.254003025599076 ], [ -57.56139089683392, -25.254007168680786 ], [ -57.561486013863075, -25.254058788443039 ], [ -57.561995194236275, -25.254318736142523 ], [ -57.562787072478436, -25.254713062459004 ], [ -57.562821600682753, -25.254730991867973 ], [ -57.563963542405425, -25.255263949886494 ], [ -57.564492283139437, -25.255523814087681 ], [ -57.565679359872554, -25.25608367752459 ], [ -57.566347756840912, -25.256478457335749 ], [ -57.566554300957385, -25.256446958596822 ], [ -57.567485911609232, -25.256420540352615 ], [ -57.568670625102698, -25.256437903157323 ], [ -57.569208816972377, -25.256458425592566 ], [ -57.5696707968645, -25.256506311722354 ], [ -57.570190602058616, -25.256576549352864 ], [ -57.570919953935025, -25.256134847390467 ], [ -57.572712292279483, -25.255126426858599 ], [ -57.573414521942084, -25.254726359988211 ], [ -57.574068799127048, -25.254358082966181 ], [ -57.574274623359159, -25.254244401524847 ], [ -57.575237506072369, -25.253712370072208 ], [ -57.57586527078476, -25.25336403116069 ] ] ] ] } },
{ "type": "Feature", "properties": { "DPTO": "00", "DISTRITO": "00", "DPTO_DESC": "ASUNCION", "DIST_DESC": "ASUNCION", "AREA": "1", "BAR_LOC": "052", "BARLO_DESC": "SANTA ROSA", "CLAVE": "0000052", "nombre": "Santa Rosa", "fuente": "INE Cartografía Digital 2012" }, "geometry": { "type": "MultiPolygon", "coordinates": [ [ [ [ -57.584472704346062, -25.248519700454949 ], [ -57.583488922912714, -25.249097653105547 ], [ -57.583470251510896, -25.24910249316213 ], [ -57.583251504931383, -25.249230031463551 ], [ -57.58292291954924, -25.249408033727729 ], [ -57.582592125729491, -25.249584348055585 ], [ -57.58244756744822, -25.249665542434514 ], [ -57.582424805014085, -25.249677697838713 ], [ -57.582126917021789, -25.24983677581378 ], [ -57.581808928993169, -25.250014504484589 ], [ -57.581529560021949, -25.250173318673202 ], [ -57.581388754254291, -25.250253363926277 ], [ -57.5812361712957, -25.250338346311 ], [ -57.580964131768269, -25.250484175456755 ], [ -57.580334267480517, -25.250821821222701 ], [ -57.580196591694978, -25.250898034059457 ], [ -57.579292753285081, -25.251438896344979 ], [ -57.578277230032938, -25.252052434468666 ], [ -57.579112909071917, -25.252645172072427 ], [ -57.579219107817643, -25.252726029975562 ], [ -57.580022877848322, -25.253327917889457 ], [ -57.580153678273909, -25.253426739439281 ], [ -57.580863151731407, -25.253951123150969 ], [ -57.581822455186568, -25.254672720260459 ], [ -57.581824119684534, -25.254670889544453 ], [ -57.581954006194799, -25.254775907954169 ], [ -57.582022057112098, -25.254821323160705 ], [ -57.583779652831225, -25.256148684824478 ], [ -57.584886377441485, -25.256952533054708 ], [ -57.585632575653243, -25.256150379045909 ], [ -57.586388362543204, -25.255343667096987 ], [ -57.586621453861682, -25.255094403138465 ], [ -57.58717051523, -25.254536846495967 ], [ -57.587807525027451, -25.253942815870623 ], [ -57.588658341786427, -25.252964135068716 ], [ -57.588818323984711, -25.252754441680331 ], [ -57.588910581729259, -25.252633516904606 ], [ -57.589239927941968, -25.252334197353434 ], [ -57.589248877548705, -25.252323864188643 ], [ -57.589557774741067, -25.251967194393412 ], [ -57.589647480168999, -25.25185922364113 ], [ -57.589877705020427, -25.251582121477544 ], [ -57.589240820775657, -25.251164701518757 ], [ -57.589155877175159, -25.251258129313793 ], [ -57.588892603470306, -25.251505915577546 ], [ -57.588834528050064, -25.251579477357339 ], [ -57.588846143094102, -25.251691755770572 ], [ -57.588764837684977, -25.251765318035321 ], [ -57.588691275585099, -25.25178080507472 ], [ -57.588668235195215, -25.251803845174464 ], [ -57.588647569576146, -25.251700699225143 ], [ -57.58862474913002, -25.251562300542417 ], [ -57.588624442827566, -25.251549841506179 ], [ -57.588618182224188, -25.251430158407995 ], [ -57.588564597158189, -25.251431229869706 ], [ -57.588473352817068, -25.251422935058901 ], [ -57.588361371826501, -25.251302659052737 ], [ -57.588301420423825, -25.25121273214252 ], [ -57.58816229398316, -25.251004041910164 ], [ -57.58810837717153, -25.250775932633921 ], [ -57.588101090598613, -25.250747448806287 ], [ -57.588062755184176, -25.250597591603494 ], [ -57.587984786605453, -25.250377247622087 ], [ -57.588060673665431, -25.250346531709351 ], [ -57.588123668227169, -25.250321033438908 ], [ -57.588345153220907, -25.250185681960943 ], [ -57.588459997333977, -25.250185681349432 ], [ -57.588603552757249, -25.250120056395094 ], [ -57.588779920718878, -25.250009313340243 ], [ -57.588943984240878, -25.249861656478359 ], [ -57.589067031848359, -25.249662729925323 ], [ -57.589169571609787, -25.249449448049816 ], [ -57.589136758474019, -25.249375619292955 ], [ -57.588980898898441, -25.249268978666269 ], [ -57.588755972020671, -25.249122776141991 ], [ -57.588734803258461, -25.249109016796623 ], [ -57.588517420149294, -25.249014680210298 ], [ -57.588394372499202, -25.248887530906813 ], [ -57.588254918869318, -25.248668096591874 ], [ -57.588199550402045, -25.248615085114558 ], [ -57.588062144940025, -25.248483525316466 ], [ -57.587894333393471, -25.24830656103282 ], [ -57.587770162351113, -25.248199483194583 ], [ -57.587769764640029, -25.248199166904232 ], [ -57.587731119870398, -25.248168429205574 ], [ -57.587520736245565, -25.248036453084502 ], [ -57.587325243048767, -25.247927535487829 ], [ -57.587233625119183, -25.247876491935145 ], [ -57.586979327061904, -25.247737038085955 ], [ -57.586713711559341, -25.247644232381813 ], [ -57.586746668066134, -25.247561840043677 ], [ -57.586724320254483, -25.247447619105291 ], [ -57.586634930385678, -25.247273804965218 ], [ -57.58661754860973, -25.247204279643878 ], [ -57.586641385253685, -25.247187726002629 ], [ -57.586577372133391, -25.247195629063398 ], [ -57.586401682773669, -25.247222891683851 ], [ -57.586297433977315, -25.24726174561928 ], [ -57.586019139770379, -25.247335093964999 ], [ -57.585987105799219, -25.24734700584898 ], [ -57.585920950408415, -25.247371605468771 ], [ -57.585757145839608, -25.24750771251923 ], [ -57.585465603102797, -25.247535959930467 ], [ -57.585260232658172, -25.247545804352939 ], [ -57.585054466878127, -25.247537589078036 ], [ -57.585044631710232, -25.247552726111127 ], [ -57.58485720924061, -25.248288574565201 ], [ -57.584472704346062, -25.248519700454949 ] ] ] ] } },
{ "type": "Feature", "properties": { "DPTO": "00", "DISTRITO": "00", "DPTO_DESC": "ASUNCION", "DIST_DESC": "ASUNCION", "AREA": "1", "BAR_LOC": "051", "BARLO_DESC": "VIRGEN DE FATIMA", "CLAVE": "0000051", "nombre": "Virgen De Fatima", "fuente": "INE Cartografía Digital 2012" }, "geometry": { "type": "MultiPolygon", "coordinates": [ [ [ [ -57.596192640596065, -25.256717911882628 ], [ -57.596353547657102, -25.25671414298747 ], [ -57.596533335137764, -25.256710185664684 ], [ -57.596672055616274, -25.256673001218804 ], [ -57.596811698454324, -25.256582365200106 ], [ -57.596998390997655, -25.256459339804376 ], [ -57.597006744197031, -25.256456882254575 ], [ -57.597119487389229, -25.256367423912135 ], [ -57.597125158949069, -25.256362432414637 ], [ -57.597208424973424, -25.256259534863947 ], [ -57.597240517482732, -25.256114583480855 ], [ -57.597243566201271, -25.256106898865813 ], [ -57.597285864174296, -25.255928509722878 ], [ -57.597286027323555, -25.255923291259553 ], [ -57.596842690481012, -25.255378912193628 ], [ -57.5965823255749, -25.255002067243804 ], [ -57.596267146269156, -25.254604667641519 ], [ -57.596095853102021, -25.254316895314982 ], [ -57.595904005316505, -25.254241526508974 ], [ -57.595698453172943, -25.254268933426292 ], [ -57.595676492864811, -25.254272999934717 ], [ -57.595677897887526, -25.254330598731372 ], [ -57.595404379538529, -25.25468617304665 ], [ -57.595282125260091, -25.254583667102647 ], [ -57.595139886377581, -25.254383031620797 ], [ -57.594862032461513, -25.253932242030036 ], [ -57.594897614748149, -25.253905959087657 ], [ -57.594797343726718, -25.253749013357165 ], [ -57.59462768802225, -25.253475374351947 ], [ -57.594518323551284, -25.253370384826013 ], [ -57.594490868976635, -25.253344027941967 ], [ -57.594458511583582, -25.253311671076059 ], [ -57.59439405728596, -25.253247217254021 ], [ -57.594386885720503, -25.253240045221013 ], [ -57.594211757651557, -25.253103226744766 ], [ -57.594102301834987, -25.252988298324517 ], [ -57.594067970188796, -25.253012820522049 ], [ -57.594025683490948, -25.253043025981484 ], [ -57.593888864382919, -25.253272882567316 ], [ -57.593790354121971, -25.253382337923789 ], [ -57.593738095103291, -25.253439822016023 ], [ -57.593681367834051, -25.25354455342697 ], [ -57.593431978951394, -25.253820985251402 ], [ -57.59323656084517, -25.253645676204574 ], [ -57.592994729967209, -25.253497644690764 ], [ -57.592843325606054, -25.253439554513626 ], [ -57.592688150848822, -25.253435662155919 ], [ -57.592589499639566, -25.253377359979734 ], [ -57.592585916755979, -25.253383264032561 ], [ -57.592449427160368, -25.253608199096249 ], [ -57.592257409580796, -25.253685728363234 ], [ -57.592193585937686, -25.253514405309694 ], [ -57.592169042741979, -25.253252619965107 ], [ -57.59212038445947, -25.253008992250631 ], [ -57.591787658401152, -25.252865838374728 ], [ -57.591673215609383, -25.252785211398162 ], [ -57.591633747410718, -25.25263644433273 ], [ -57.591593707796456, -25.252607082304948 ], [ -57.591575672585087, -25.252593856273926 ], [ -57.591444035453215, -25.252473833903426 ], [ -57.591296912193719, -25.252408015640523 ], [ -57.591161403625229, -25.252446732687496 ], [ -57.590998792891334, -25.25249706380648 ], [ -57.590805209129364, -25.252589984482508 ], [ -57.590586506979299, -25.252364940211429 ], [ -57.59058452396539, -25.252322839024906 ], [ -57.590640497019187, -25.25217361319174 ], [ -57.590445143551854, -25.251978259622494 ], [ -57.590046361010572, -25.251656910919948 ], [ -57.589899932944455, -25.251555805470527 ], [ -57.589877705020427, -25.251582121477544 ], [ -57.589647480168999, -25.25185922364113 ], [ -57.589557774741067, -25.251967194393412 ], [ -57.589248877548705, -25.252323864188643 ], [ -57.589239927941968, -25.252334197353434 ], [ -57.588910581729259, -25.252633516904606 ], [ -57.588818323984711, -25.252754441680331 ], [ -57.588658341786427, -25.252964135068716 ], [ -57.587807525027451, -25.253942815870623 ], [ -57.58717051523, -25.254536846495967 ], [ -57.586621453861682, -25.255094403138465 ], [ -57.586388362543204, -25.255343667096987 ], [ -57.585632575653243, -25.256150379045909 ], [ -57.584886377441485, -25.256952533054708 ], [ -57.585399081471671, -25.257352357530614 ], [ -57.586187222898836, -25.257918150727473 ], [ -57.586745845457166, -25.258340519562342 ], [ -57.586771663924566, -25.258360041988276 ], [ -57.587081921893358, -25.258591991779628 ], [ -57.588230963615558, -25.259454233685521 ], [ -57.589500300185037, -25.260406755825063 ], [ -57.589500360982562, -25.260406801637703 ], [ -57.589860619209773, -25.260673985805315 ], [ -57.590115708606518, -25.260859910681152 ], [ -57.590418286444802, -25.261086812391603 ], [ -57.590418622322318, -25.261087063901499 ], [ -57.590703087041362, -25.261299844255387 ], [ -57.591711450613481, -25.26205013105043 ], [ -57.592219993298407, -25.262429604703836 ], [ -57.592400379184106, -25.262322275470606 ], [ -57.592500296006122, -25.262209345904186 ], [ -57.592773495589583, -25.261922678881746 ], [ -57.592891500028827, -25.261768564340649 ], [ -57.592898278144759, -25.26175945428006 ], [ -57.592939901603565, -25.261612670313884 ], [ -57.592939932336833, -25.261609592608362 ], [ -57.592940112685334, -25.261591110136592 ], [ -57.592945080364331, -25.261448058472084 ], [ -57.592945226024902, -25.261435519990723 ], [ -57.59294533522209, -25.26142610619636 ], [ -57.593011028464069, -25.261282619184151 ], [ -57.593017892069206, -25.261273534059903 ], [ -57.593028176903566, -25.261261409987725 ], [ -57.593129034335774, -25.261096280138304 ], [ -57.593139439373999, -25.261083965935789 ], [ -57.593260940218677, -25.260938865711655 ], [ -57.593267859570801, -25.260932677324885 ], [ -57.593431167301141, -25.260786652210648 ], [ -57.593591060676488, -25.260699076780668 ], [ -57.593730203400767, -25.260618541697706 ], [ -57.593844298754817, -25.260539568361438 ], [ -57.593931980865989, -25.260456955358102 ], [ -57.59393535607969, -25.26044773251293 ], [ -57.593921489533358, -25.260336366812936 ], [ -57.59391465476935, -25.260330125358397 ], [ -57.593770639879679, -25.260217350601629 ], [ -57.593760339181046, -25.26021106889554 ], [ -57.593753487779637, -25.260207937592174 ], [ -57.593623083088318, -25.2601358353485 ], [ -57.593616120361503, -25.26012328571122 ], [ -57.593605832953656, -25.260120142930251 ], [ -57.593471449301504, -25.260044570786988 ], [ -57.59333564461253, -25.259908686137589 ], [ -57.593335599471061, -25.259905527462152 ], [ -57.593250863951489, -25.259781563599997 ], [ -57.59322367252382, -25.259649170634336 ], [ -57.59328589514908, -25.259540493620015 ], [ -57.593295972127358, -25.259534267258353 ], [ -57.59330593535104, -25.259521797688901 ], [ -57.593429839973439, -25.259390251420857 ], [ -57.59343316190094, -25.259383956477013 ], [ -57.593443276848284, -25.259374513300834 ], [ -57.593578929746769, -25.259260709707064 ], [ -57.593585768304159, -25.259257534193875 ], [ -57.59359257355095, -25.259251183702403 ], [ -57.593671076824265, -25.259181152875435 ], [ -57.593667272760015, -25.258979628032197 ], [ -57.593664976317605, -25.258767925203916 ], [ -57.593664796443448, -25.258755030420843 ], [ -57.593669616832507, -25.258593306084212 ], [ -57.593676233459007, -25.258560833012925 ], [ -57.59369009669706, -25.258541311196577 ], [ -57.593744158171525, -25.258338816770635 ], [ -57.593750938093905, -25.258312566836601 ], [ -57.593799258179402, -25.258122434705086 ], [ -57.593820530476513, -25.258089658863728 ], [ -57.593827610553333, -25.258076536211899 ], [ -57.593905852793426, -25.257964859602449 ], [ -57.593941593089816, -25.257931991232802 ], [ -57.593955830073448, -25.257905626406025 ], [ -57.594063092541163, -25.257799677492383 ], [ -57.59423447258439, -25.257710393571148 ], [ -57.594426237635382, -25.257599142955122 ], [ -57.594620578636508, -25.257441475955098 ], [ -57.594821688089169, -25.257337315852343 ], [ -57.594826285855255, -25.257337324421911 ], [ -57.595088372484703, -25.257194782641623 ], [ -57.595097603035811, -25.257190576976672 ], [ -57.595111450487884, -25.257182157148453 ], [ -57.59540803313358, -25.257038991739012 ], [ -57.595599336360543, -25.256915339038471 ], [ -57.595739452934637, -25.256832838561316 ], [ -57.59588536985396, -25.256762809099168 ], [ -57.596031956298951, -25.256725819269231 ], [ -57.596192640596065, -25.256717911882628 ] ] ] ] } },
{ "type": "Feature", "properties": { "DPTO": "00", "DISTRITO": "00", "DPTO_DESC": "ASUNCION", "DIST_DESC": "ASUNCION", "AREA": "1", "BAR_LOC": "050", "BARLO_DESC": "TABLADA NUEVA", "CLAVE": "0000050", "nombre": "Tablada Nueva", "fuente": "INE Cartografía Digital 2012" }, "geometry": { "type": "MultiPolygon", "coordinates": [ [ [ [ -57.597286027323555, -25.255923291259553 ], [ -57.597285864174296, -25.255928509722878 ], [ -57.597243566201271, -25.256106898865813 ], [ -57.597240517482732, -25.256114583480855 ], [ -57.597208424973424, -25.256259534863947 ], [ -57.597125158949069, -25.256362432414637 ], [ -57.597119487389229, -25.256367423912135 ], [ -57.597006744197031, -25.256456882254575 ], [ -57.596998390997655, -25.256459339804376 ], [ -57.596811698454324, -25.256582365200106 ], [ -57.596672055616274, -25.256673001218804 ], [ -57.596533335137764, -25.256710185664684 ], [ -57.596353547657102, -25.25671414298747 ], [ -57.596192640596065, -25.256717911882628 ], [ -57.596031956298951, -25.256725819269231 ], [ -57.59588536985396, -25.256762809099168 ], [ -57.595739452934637, -25.256832838561316 ], [ -57.595599336360543, -25.256915339038471 ], [ -57.59540803313358, -25.257038991739012 ], [ -57.595111450487884, -25.257182157148453 ], [ -57.595097603035811, -25.257190576976672 ], [ -57.595088372484703, -25.257194782641623 ], [ -57.594826285855255, -25.257337324421911 ], [ -57.594821688089169, -25.257337315852343 ], [ -57.594620578636508, -25.257441475955098 ], [ -57.594426237635382, -25.257599142955122 ], [ -57.59423447258439, -25.257710393571148 ], [ -57.594063092541163, -25.257799677492383 ], [ -57.593955830073448, -25.257905626406025 ], [ -57.593941593089816, -25.257931991232802 ], [ -57.593905852793426, -25.257964859602449 ], [ -57.593827610553333, -25.258076536211899 ], [ -57.593820530476513, -25.258089658863728 ], [ -57.593799258179402, -25.258122434705086 ], [ -57.593750938093905, -25.258312566836601 ], [ -57.593744158171525, -25.258338816770635 ], [ -57.59369009669706, -25.258541311196577 ], [ -57.593676233459007, -25.258560833012925 ], [ -57.593669616832507, -25.258593306084212 ], [ -57.593664796443448, -25.258755030420843 ], [ -57.593664976317605, -25.258767925203916 ], [ -57.593667272760015, -25.258979628032197 ], [ -57.593671076824265, -25.259181152875435 ], [ -57.59359257355095, -25.259251183702403 ], [ -57.593585768304159, -25.259257534193875 ], [ -57.593578929746769, -25.259260709707064 ], [ -57.593443276848284, -25.259374513300834 ], [ -57.59343316190094, -25.259383956477013 ], [ -57.593429839973439, -25.259390251420857 ], [ -57.59330593535104, -25.259521797688901 ], [ -57.593295972127358, -25.259534267258353 ], [ -57.59328589514908, -25.259540493620015 ], [ -57.59322367252382, -25.259649170634336 ], [ -57.593250863951489, -25.259781563599997 ], [ -57.593335599471061, -25.259905527462152 ], [ -57.59333564461253, -25.259908686137589 ], [ -57.593471449301504, -25.260044570786988 ], [ -57.593605832953656, -25.260120142930251 ], [ -57.593616120361503, -25.26012328571122 ], [ -57.593623083088318, -25.2601358353485 ], [ -57.593753487779637, -25.260207937592174 ], [ -57.593760339181046, -25.26021106889554 ], [ -57.593770639879679, -25.260217350601629 ], [ -57.59391465476935, -25.260330125358397 ], [ -57.593921489533358, -25.260336366812936 ], [ -57.59393535607969, -25.26044773251293 ], [ -57.593931980865989, -25.260456955358102 ], [ -57.593844298754817, -25.260539568361438 ], [ -57.593730203400767, -25.260618541697706 ], [ -57.593591060676488, -25.260699076780668 ], [ -57.593431167301141, -25.260786652210648 ], [ -57.593267859570801, -25.260932677324885 ], [ -57.593260940218677, -25.260938865711655 ], [ -57.593139439373999, -25.261083965935789 ], [ -57.593129034335774, -25.261096280138304 ], [ -57.593028176903566, -25.261261409987725 ], [ -57.593017892069206, -25.261273534059903 ], [ -57.593011028464069, -25.261282619184151 ], [ -57.59294533522209, -25.26142610619636 ], [ -57.592945226024902, -25.261435519990723 ], [ -57.592945080364331, -25.261448058472084 ], [ -57.592940112685334, -25.261591110136592 ], [ -57.592939932336833, -25.261609592608362 ], [ -57.592939901603565, -25.261612670313884 ], [ -57.592898278144759, -25.26175945428006 ], [ -57.592891500028827, -25.261768564340649 ], [ -57.592773495589583, -25.261922678881746 ], [ -57.592500296006122, -25.262209345904186 ], [ -57.592400379184106, -25.262322275470606 ], [ -57.592219993298407, -25.262429604703836 ], [ -57.593830030639843, -25.263630986015741 ], [ -57.593880195921344, -25.263658916814197 ], [ -57.594804267600516, -25.264349500724464 ], [ -57.595580126086801, -25.264924321940946 ], [ -57.596354752492026, -25.265499143908642 ], [ -57.596534789744219, -25.265633873323274 ], [ -57.597142212606748, -25.266084834792778 ], [ -57.597557048519846, -25.266392813092875 ], [ -57.59816837631422, -25.265812388180144 ], [ -57.598684025638242, -25.265277501095557 ], [ -57.599086088584698, -25.264806286407307 ], [ -57.599183812150443, -25.264774443047333 ], [ -57.599285876372122, -25.264648319419454 ], [ -57.599292871947377, -25.264639675064931 ], [ -57.599843809542648, -25.263958862114233 ], [ -57.600089092380202, -25.263741380917697 ], [ -57.600157166090398, -25.263841576117493 ], [ -57.600228662410856, -25.264002026613248 ], [ -57.600366208631982, -25.264242578601444 ], [ -57.600409069062707, -25.264228625626181 ], [ -57.600446947524311, -25.264228471566948 ], [ -57.600550559540196, -25.264244124312491 ], [ -57.600958509790729, -25.263680117139131 ], [ -57.60095870706018, -25.263679843616419 ], [ -57.605337539969284, -25.257625525417996 ], [ -57.605353558952324, -25.257603374862086 ], [ -57.611468744038177, -25.249147108606056 ], [ -57.611433585540659, -25.249137040715627 ], [ -57.610751248117779, -25.248941651710382 ], [ -57.60654818454023, -25.247553054930627 ], [ -57.60652242990183, -25.247544545629726 ], [ -57.606013273514279, -25.247376321904259 ], [ -57.602021163369194, -25.245582038025546 ], [ -57.601107096879396, -25.245087090706146 ], [ -57.600590081138442, -25.246316625037164 ], [ -57.600510318650585, -25.246485357759497 ], [ -57.600456677647443, -25.246614977114625 ], [ -57.600355705973065, -25.246849871048823 ], [ -57.600201362841517, -25.247193844166951 ], [ -57.600066606986303, -25.247398987928864 ], [ -57.59990473513583, -25.247626760097411 ], [ -57.599697313854641, -25.24787067930837 ], [ -57.599514356607266, -25.248052376498748 ], [ -57.599352799631482, -25.248119659024294 ], [ -57.599234607294107, -25.248142920685066 ], [ -57.599105482646799, -25.248155281663603 ], [ -57.598910590384207, -25.248130320790672 ], [ -57.598694686767303, -25.248131589860915 ], [ -57.59850447604542, -25.24815702299933 ], [ -57.598236158580463, -25.248202957201542 ], [ -57.598098647109218, -25.248232323146599 ], [ -57.598004964842154, -25.248286079819085 ], [ -57.597888299827247, -25.248369108742327 ], [ -57.597766494741258, -25.248451656284047 ], [ -57.597611214219214, -25.248605100176349 ], [ -57.597522135924201, -25.248781697526038 ], [ -57.597466026361872, -25.248956409542664 ], [ -57.597429264599825, -25.249184942561683 ], [ -57.597394281665807, -25.249577846475372 ], [ -57.597398862396126, -25.249733204470758 ], [ -57.597473126337789, -25.249940261784793 ], [ -57.597693247624171, -25.250214222587211 ], [ -57.597922080401588, -25.25046873767123 ], [ -57.59792502547262, -25.250473994125155 ], [ -57.598147064162241, -25.250644330808708 ], [ -57.598278363120926, -25.25089813858262 ], [ -57.598398518718703, -25.251052080052094 ], [ -57.598528293546089, -25.251219585932578 ], [ -57.5986320327508, -25.251368849119316 ], [ -57.598639119024512, -25.251497372750684 ], [ -57.598623015412414, -25.251655922777317 ], [ -57.59855025952546, -25.251778701552738 ], [ -57.598541609141805, -25.251786501010798 ], [ -57.598412216254992, -25.251900567285247 ], [ -57.598215397016652, -25.252099292722797 ], [ -57.598041729520006, -25.252313405984676 ], [ -57.597901366323299, -25.252484523793292 ], [ -57.59779916113596, -25.252659243685049 ], [ -57.59776775060741, -25.252922132210536 ], [ -57.597746989845774, -25.253132476273564 ], [ -57.597734704284221, -25.25337549438223 ], [ -57.597687971095525, -25.253775870560712 ], [ -57.597634110360588, -25.254007925955253 ], [ -57.597537125612988, -25.254145068615099 ], [ -57.597451412567167, -25.254289789129416 ], [ -57.597380818838218, -25.254481610952492 ], [ -57.597305693923317, -25.25464564264615 ], [ -57.5972313165054, -25.254866317594811 ], [ -57.597220806402305, -25.255057574832353 ], [ -57.597220610724328, -25.255065482700957 ], [ -57.597251015405078, -25.255326331198997 ], [ -57.597250608463959, -25.255341802034874 ], [ -57.597299920592377, -25.25575497941286 ], [ -57.597286027323555, -25.255923291259553 ] ] ] ] } },
{ "type": "Feature", "properties": { "DPTO": "00", "DISTRITO": "00", "DPTO_DESC": "ASUNCION", "DIST_DESC": "ASUNCION", "AREA": "1", "BAR_LOC": "023", "BARLO_DESC": "JARA", "CLAVE": "0000023", "nombre": "Jara", "fuente": "INE Cartografía Digital 2012" }, "geometry": { "type": "MultiPolygon", "coordinates": [ [ [ [ -57.597557048519846, -25.266392813092875 ], [ -57.598263794970514, -25.26691823104246 ], [ -57.59811899845446, -25.267072335493328 ], [ -57.598023879375127, -25.267164923594542 ], [ -57.597915972614238, -25.26708716783482 ], [ -57.597738633661173, -25.266970025996681 ], [ -57.597312276433726, -25.266664716425737 ], [ -57.59719793911443, -25.266638087673019 ], [ -57.597094616214008, -25.266706234040356 ], [ -57.597074510300949, -25.266783074219052 ], [ -57.597354728791252, -25.267919777525773 ], [ -57.597602013242913, -25.268984369793625 ], [ -57.597644150926122, -25.26916029296267 ], [ -57.597788543501451, -25.269746687465851 ], [ -57.597825541225809, -25.269886509579219 ], [ -57.597912677041997, -25.270251889796342 ], [ -57.598203575591505, -25.271474336715297 ], [ -57.598316362962905, -25.271943462742772 ], [ -57.598392411235878, -25.272230849081669 ], [ -57.598406915837771, -25.272285661066039 ], [ -57.598512103488858, -25.272683165621125 ], [ -57.598523785419765, -25.272723755248887 ], [ -57.598803966093143, -25.273910122102187 ], [ -57.598957614062087, -25.274546144806735 ], [ -57.59909002763284, -25.275091949064052 ], [ -57.599335768927233, -25.276088814948334 ], [ -57.5993911900513, -25.276314350849759 ], [ -57.599529570421602, -25.27693688992338 ], [ -57.599801546527857, -25.278028467681963 ], [ -57.600004334629055, -25.278871988171204 ], [ -57.600040959392167, -25.278998265345905 ], [ -57.600213178741278, -25.279747091036594 ], [ -57.600452333118049, -25.280725920102185 ], [ -57.600461201418227, -25.280762005745675 ], [ -57.600630763200748, -25.281474719787262 ], [ -57.601314927276569, -25.281679633166558 ], [ -57.602216558686862, -25.28198750586829 ], [ -57.603097708571248, -25.28229545669943 ], [ -57.604033603334017, -25.282625754155003 ], [ -57.60490412071286, -25.28291567671474 ], [ -57.605528924852699, -25.283102752792409 ], [ -57.605421669279025, -25.283555797801107 ], [ -57.605648429233213, -25.283530598801846 ], [ -57.605668070715424, -25.28362143196814 ], [ -57.606024673618116, -25.285051288769623 ], [ -57.60714964998634, -25.284825418265193 ], [ -57.608579701928171, -25.284530553019621 ], [ -57.609535756228205, -25.284355028415966 ], [ -57.609539391825621, -25.283591942967305 ], [ -57.609543004460804, -25.283072678889862 ], [ -57.609554279889657, -25.28271777109601 ], [ -57.609555342335888, -25.282684319834249 ], [ -57.609563260153983, -25.282219220437554 ], [ -57.609583712754258, -25.281343185019502 ], [ -57.609597120477794, -25.280770063516098 ], [ -57.609597243129173, -25.280764794660545 ], [ -57.60961286859397, -25.280096866173977 ], [ -57.609615097339102, -25.279983976666909 ], [ -57.609620837400165, -25.279704009803098 ], [ -57.609643388492607, -25.27899954350481 ], [ -57.609663940406456, -25.278516330833916 ], [ -57.609680334607859, -25.278132469997725 ], [ -57.609698941272299, -25.277446080701957 ], [ -57.609719189787207, -25.276529408647487 ], [ -57.609727383922881, -25.276181703303134 ], [ -57.609741547932408, -25.275414058321346 ], [ -57.609786397818723, -25.275445479514765 ], [ -57.609846478540064, -25.274239668849226 ], [ -57.609841434955243, -25.274099718012558 ], [ -57.609962563583508, -25.27386894145458 ], [ -57.610797100836315, -25.272808929607663 ], [ -57.611147009346759, -25.272215987852746 ], [ -57.611045367776455, -25.272126974905412 ], [ -57.611038683382752, -25.272121121058706 ], [ -57.608047256452771, -25.269501270937436 ], [ -57.608008945288411, -25.269467717223105 ], [ -57.607139272179822, -25.268706035848666 ], [ -57.605976818296412, -25.268293035530682 ], [ -57.604848131846424, -25.267625085457393 ], [ -57.604647433213835, -25.267384380328181 ], [ -57.604643993302012, -25.267316666083893 ], [ -57.604465450054718, -25.267109697076368 ], [ -57.604457090923098, -25.267096031217548 ], [ -57.604366267990486, -25.26694755516699 ], [ -57.604270501535005, -25.266848612321436 ], [ -57.604112644079372, -25.266682195183272 ], [ -57.603827547362251, -25.266516298392983 ], [ -57.603665392661938, -25.266422141906546 ], [ -57.603276487164131, -25.266225061938403 ], [ -57.603098572523542, -25.265979506033265 ], [ -57.603077873270863, -25.265920591972712 ], [ -57.603019059041152, -25.265876770875217 ], [ -57.602855126375964, -25.266066169582835 ], [ -57.602418896692484, -25.266454325392502 ], [ -57.602293052088946, -25.266296806058687 ], [ -57.602191299774702, -25.266116612208524 ], [ -57.601732700888974, -25.26563083801538 ], [ -57.601401214539656, -25.265433518942448 ], [ -57.601049622672527, -25.265249826642506 ], [ -57.600937660191804, -25.265327041292466 ], [ -57.600789006453546, -25.265201220036918 ], [ -57.600588683738316, -25.26498078910036 ], [ -57.600573195964245, -25.264944955160548 ], [ -57.6003237414441, -25.264367795981254 ], [ -57.60030237720683, -25.264274299371216 ], [ -57.600302343171741, -25.264274244423852 ], [ -57.600366208631982, -25.264242578601444 ], [ -57.600228662410856, -25.264002026613248 ], [ -57.600157166090398, -25.263841576117493 ], [ -57.600089092380202, -25.263741380917697 ], [ -57.599843809542648, -25.263958862114233 ], [ -57.599292871947377, -25.264639675064931 ], [ -57.599285876372122, -25.264648319419454 ], [ -57.599183812150443, -25.264774443047333 ], [ -57.599086088584698, -25.264806286407307 ], [ -57.598684025638242, -25.265277501095557 ], [ -57.59816837631422, -25.265812388180144 ], [ -57.597557048519846, -25.266392813092875 ] ] ] ] } },
{ "type": "Feature", "properties": { "DPTO": "00", "DISTRITO": "00", "DPTO_DESC": "ASUNCION", "DIST_DESC": "ASUNCION", "AREA": "1", "BAR_LOC": "031", "BARLO_DESC": "SANTA LIBRADA", "CLAVE": "0000031", "nombre": "Santa Librada", "fuente": "INE Cartografía Digital 2012" }, "geometry": { "type": "MultiPolygon", "coordinates": [ [ [ [ -57.627278142887008, -25.326727935537345 ], [ -57.627183107763635, -25.327085038793097 ], [ -57.62694521924665, -25.327980055491849 ], [ -57.626216162920699, -25.330574864914517 ], [ -57.625958721347615, -25.331551604441724 ], [ -57.625949164326656, -25.33158786755795 ], [ -57.625927064182747, -25.3316354285427 ], [ -57.625984946926508, -25.331656633317127 ], [ -57.626095029030722, -25.331719540541812 ], [ -57.626172104659908, -25.331752684877554 ], [ -57.626256663236568, -25.331828861267816 ], [ -57.626348881262281, -25.331954928395049 ], [ -57.626470633599382, -25.332064651391363 ], [ -57.626615043510178, -25.332224641949974 ], [ -57.626678126987684, -25.332294788647793 ], [ -57.626767595838466, -25.332438685857049 ], [ -57.626824915100215, -25.332530954253698 ], [ -57.626899227857223, -25.332654893778528 ], [ -57.626937338747169, -25.332829416346783 ], [ -57.626982826296711, -25.333023561142721 ], [ -57.627031213053954, -25.333137021933315 ], [ -57.627112501308552, -25.333263568504758 ], [ -57.627178674259461, -25.333323380137205 ], [ -57.627263101691128, -25.333376476723007 ], [ -57.627347217813416, -25.333359536169731 ], [ -57.627409283041544, -25.333302527033929 ], [ -57.627489868352797, -25.333208637652834 ], [ -57.627600653816899, -25.333108678528369 ], [ -57.627707823030335, -25.333025823744251 ], [ -57.627833233940329, -25.333019540679246 ], [ -57.627895886118054, -25.333076172056732 ], [ -57.627947481141945, -25.333152838286392 ], [ -57.628076362954779, -25.333289595245962 ], [ -57.628179455891363, -25.333372821827584 ], [ -57.628282564832979, -25.333469321058004 ], [ -57.628378306105084, -25.333532541425168 ], [ -57.628510864659042, -25.333569134945659 ], [ -57.628591876706707, -25.333625700334103 ], [ -57.628717053493588, -25.333715541846104 ], [ -57.628864572430011, -25.33380207308587 ], [ -57.628969006860274, -25.333895505777711 ], [ -57.629081551723729, -25.334019326968978 ], [ -57.629220189695673, -25.334133463572957 ], [ -57.629303090937817, -25.334145175833573 ], [ -57.629358096146689, -25.334181423438793 ], [ -57.629383875911891, -25.334191313507791 ], [ -57.629394939389663, -25.334194611082179 ], [ -57.629509175340651, -25.334227423295417 ], [ -57.629563937678313, -25.334283352575163 ], [ -57.629666595290395, -25.334372344904203 ], [ -57.629747412521979, -25.334451731933328 ], [ -57.629840023465263, -25.334525153627631 ], [ -57.629877165053152, -25.334585581171211 ], [ -57.629925468648814, -25.334679645938575 ], [ -57.630003529556106, -25.334763581443912 ], [ -57.630074198489261, -25.33480044990139 ], [ -57.630137462721251, -25.334823883958908 ], [ -57.630206209669268, -25.334841887171606 ], [ -57.630298815418747, -25.334878515390304 ], [ -57.630465696144427, -25.334958686057945 ], [ -57.630580803012876, -25.335032430007487 ], [ -57.630603104456775, -25.335106589187262 ], [ -57.630621451077971, -25.335183990926271 ], [ -57.630706036978715, -25.335287828059165 ], [ -57.630794869973052, -25.335354871823792 ], [ -57.630898535145633, -25.335432014754918 ], [ -57.630980210143314, -25.335468808541606 ], [ -57.631069658273745, -25.335481972724832 ], [ -57.631106487403258, -25.3355766226268 ], [ -57.631222195624034, -25.335647533372068 ], [ -57.631375992214522, -25.335684572370699 ], [ -57.631447423687312, -25.335721910072124 ], [ -57.631530168849956, -25.335803623058769 ], [ -57.631590541550317, -25.335899269991877 ], [ -57.631692681977206, -25.336015565370559 ], [ -57.631791107617715, -25.336042940477522 ], [ -57.63187819192968, -25.33606004791082 ], [ -57.631961566203131, -25.336138814057243 ], [ -57.632086657212412, -25.336207343191731 ], [ -57.63215825127957, -25.336234946949258 ], [ -57.632252912992243, -25.336238190787835 ], [ -57.632385394863029, -25.336254658789471 ], [ -57.632559764992422, -25.336325629086801 ], [ -57.632631903199858, -25.336407399615986 ], [ -57.632745983606107, -25.336513111790449 ], [ -57.632761334180515, -25.336625912344779 ], [ -57.632780653303058, -25.336817772643126 ], [ -57.632811293460378, -25.336886412412305 ], [ -57.632800123518969, -25.337061979299005 ], [ -57.632819683679458, -25.337272643301539 ], [ -57.632858251454252, -25.337404309595378 ], [ -57.632970053605746, -25.337612797397423 ], [ -57.633132324213904, -25.337835993535993 ], [ -57.633328976051963, -25.337909382952798 ], [ -57.633336687292484, -25.337912871628919 ], [ -57.633436782720104, -25.337912858467913 ], [ -57.633648612319433, -25.337919845402919 ], [ -57.633795128614032, -25.337940824693536 ], [ -57.633899444460454, -25.337972325157171 ], [ -57.633971576360395, -25.338016290449687 ], [ -57.633847571333298, -25.338098786915594 ], [ -57.633696145925931, -25.338139977316821 ], [ -57.633398477086921, -25.338149300795166 ], [ -57.633262316095148, -25.338103756550161 ], [ -57.633135937746466, -25.338176739242904 ], [ -57.632940040545186, -25.338181615799702 ], [ -57.632849711102708, -25.33819543919649 ], [ -57.632749422843915, -25.338309550987546 ], [ -57.632629145783426, -25.338346147330963 ], [ -57.632516959869228, -25.338387261928112 ], [ -57.632419445075307, -25.338397490238144 ], [ -57.632385576885198, -25.338401042773722 ], [ -57.632343663487958, -25.338401090850009 ], [ -57.632436170594232, -25.339020992385052 ], [ -57.632542637372005, -25.339754265594145 ], [ -57.633294588891431, -25.339665246689105 ], [ -57.63349757226802, -25.34113631684502 ], [ -57.633897836438571, -25.34119329200098 ], [ -57.633931845550869, -25.341879450186465 ], [ -57.633965362750907, -25.342610700614401 ], [ -57.634517920135643, -25.342671595011211 ], [ -57.637784707906313, -25.343014183699562 ], [ -57.638632352824985, -25.343109535591708 ], [ -57.638602274909957, -25.342226379150336 ], [ -57.638658210236308, -25.34117273023487 ], [ -57.638659413061731, -25.341100322637939 ], [ -57.638705942635553, -25.339795399642977 ], [ -57.638658015892432, -25.339506403315223 ], [ -57.638425350392687, -25.338103430786255 ], [ -57.638845963150757, -25.338015819300338 ], [ -57.639072382959604, -25.337434027706333 ], [ -57.639080873792494, -25.337413571507877 ], [ -57.639175156996515, -25.337323387519053 ], [ -57.639466640895563, -25.337144927773615 ], [ -57.639621305668037, -25.336960519989407 ], [ -57.639817610983577, -25.336704728017562 ], [ -57.639846485914909, -25.336671823443591 ], [ -57.63976407339775, -25.336597652299602 ], [ -57.639442845646641, -25.336466781596329 ], [ -57.639377410989425, -25.336407295695739 ], [ -57.63927033487596, -25.336205041348368 ], [ -57.63915731034681, -25.336139605869189 ], [ -57.63897885107864, -25.336074170570328 ], [ -57.638800391552785, -25.335919505515935 ], [ -57.638687367543071, -25.335657764854577 ], [ -57.638645726425892, -25.335407921862384 ], [ -57.638526753848495, -25.334926080905863 ], [ -57.638366139682574, -25.334179524637776 ], [ -57.638312602188812, -25.333816657076017 ], [ -57.638360190947516, -25.333296149600361 ], [ -57.638378037576054, -25.332677490269138 ], [ -57.638389215224606, -25.33248186839549 ], [ -57.638409771710457, -25.332161795033272 ], [ -57.639600794306496, -25.330748515104258 ], [ -57.639492747514673, -25.330609651504265 ], [ -57.639377035365357, -25.330470820177915 ], [ -57.639376449793801, -25.330359356836503 ], [ -57.639352282909421, -25.330136529027193 ], [ -57.639320670126281, -25.329955534011489 ], [ -57.639220399699489, -25.329837536239765 ], [ -57.639135569332737, -25.329740371223096 ], [ -57.639135422998443, -25.32971250515806 ], [ -57.639127245284804, -25.329615007630387 ], [ -57.639111549365602, -25.329545409410585 ], [ -57.638996277590927, -25.32949017684027 ], [ -57.638881006908193, -25.329434943270009 ], [ -57.638926303292735, -25.329302380260511 ], [ -57.639033068065238, -25.329197418280046 ], [ -57.639109208165756, -25.329099555052633 ], [ -57.639169396191832, -25.328883328173568 ], [ -57.639214692069039, -25.32875076507565 ], [ -57.639237285095611, -25.328674034761548 ], [ -57.639352490436288, -25.328439258317246 ], [ -57.639347317552421, -25.328401769662207 ], [ -57.639283500881987, -25.328391639980975 ], [ -57.639276283919237, -25.328323075978723 ], [ -57.639210848914708, -25.327954260321214 ], [ -57.639228694635584, -25.327680621593572 ], [ -57.639442846084279, -25.327186883670326 ], [ -57.639543973339435, -25.326865656638461 ], [ -57.639877097844455, -25.325857359808666 ], [ -57.639926911598309, -25.325693969860552 ], [ -57.640280724187242, -25.325739405228912 ], [ -57.640477912083767, -25.325200034254213 ], [ -57.640775145352237, -25.324501219174461 ], [ -57.640798688317183, -25.324452200380872 ], [ -57.64079875808428, -25.324452052883029 ], [ -57.64098520773512, -25.324050154260334 ], [ -57.640420588702128, -25.323844911172486 ], [ -57.64002086009247, -25.323702162259114 ], [ -57.639238385761608, -25.32339852678907 ], [ -57.638318733527193, -25.323045814424948 ], [ -57.637896584372854, -25.322889611249998 ], [ -57.636786064255567, -25.322966656445971 ], [ -57.635692046637175, -25.323052652456479 ], [ -57.635205900275452, -25.323126991320166 ], [ -57.634679485465824, -25.323208039978507 ], [ -57.634361121744526, -25.323257054762511 ], [ -57.633798044831821, -25.323345265636998 ], [ -57.633601914676184, -25.323364169659527 ], [ -57.633522657473762, -25.324064362116111 ], [ -57.633471890298729, -25.324511582387203 ], [ -57.633461004603646, -25.324746418120842 ], [ -57.633520535011883, -25.325148012507999 ], [ -57.633587823975233, -25.325310269401971 ], [ -57.633699585712321, -25.325485880541553 ], [ -57.633854187660141, -25.325720004554192 ], [ -57.634104341443319, -25.326057566195058 ], [ -57.634283258131788, -25.326309645771499 ], [ -57.634623514016489, -25.32683645576304 ], [ -57.63464531398489, -25.326908604597918 ], [ -57.633888786356238, -25.32699764903802 ], [ -57.632891432038186, -25.32711029996964 ], [ -57.632100816983225, -25.327213027174505 ], [ -57.631369171458637, -25.327310982339231 ], [ -57.630603562621644, -25.32738650337221 ], [ -57.630525938692664, -25.327386835530923 ], [ -57.629872918429122, -25.327258688238068 ], [ -57.629152430040882, -25.327112765404749 ], [ -57.628409229365161, -25.32695790552885 ], [ -57.627278142887008, -25.326727935537345 ] ] ] ] } },
{ "type": "Feature", "properties": { "DPTO": "00", "DISTRITO": "00", "DPTO_DESC": "ASUNCION", "DIST_DESC": "ASUNCION", "AREA": "1", "BAR_LOC": "022", "BARLO_DESC": "BAÑADO CARA CARA", "CLAVE": "0000022", "nombre": "Bañado Cara Cara", "fuente": "INE Cartografía Digital 2012" }, "geometry": { "type": "MultiPolygon", "coordinates": [ [ [ [ -57.586641385253685, -25.247187726002629 ], [ -57.58661754860973, -25.247204279643878 ], [ -57.586634930385678, -25.247273804965218 ], [ -57.586724320254483, -25.247447619105291 ], [ -57.586746668066134, -25.247561840043677 ], [ -57.586713711559341, -25.247644232381813 ], [ -57.586979327061904, -25.247737038085955 ], [ -57.587233625119183, -25.247876491935145 ], [ -57.587325243048767, -25.247927535487829 ], [ -57.587520736245565, -25.248036453084502 ], [ -57.587731119870398, -25.248168429205574 ], [ -57.587769764640029, -25.248199166904232 ], [ -57.587770162351113, -25.248199483194583 ], [ -57.587894333393471, -25.24830656103282 ], [ -57.588062144940025, -25.248483525316466 ], [ -57.588199550402045, -25.248615085114558 ], [ -57.588254918869318, -25.248668096591874 ], [ -57.588394372499202, -25.248887530906813 ], [ -57.588517420149294, -25.249014680210298 ], [ -57.588734803258461, -25.249109016796623 ], [ -57.588755972020671, -25.249122776141991 ], [ -57.588980898898441, -25.249268978666269 ], [ -57.589136758474019, -25.249375619292955 ], [ -57.589169571609787, -25.249449448049816 ], [ -57.589067031848359, -25.249662729925323 ], [ -57.588943984240878, -25.249861656478359 ], [ -57.588779920718878, -25.250009313340243 ], [ -57.588603552757249, -25.250120056395094 ], [ -57.588459997333977, -25.250185681349432 ], [ -57.588345153220907, -25.250185681960943 ], [ -57.588123668227169, -25.250321033438908 ], [ -57.588060673665431, -25.250346531709351 ], [ -57.587984786605453, -25.250377247622087 ], [ -57.588062755184176, -25.250597591603494 ], [ -57.588101090598613, -25.250747448806287 ], [ -57.58810837717153, -25.250775932633921 ], [ -57.58816229398316, -25.251004041910164 ], [ -57.588301420423825, -25.25121273214252 ], [ -57.588361371826501, -25.251302659052737 ], [ -57.588473352817068, -25.251422935058901 ], [ -57.588564597158189, -25.251431229869706 ], [ -57.588618182224188, -25.251430158407995 ], [ -57.588624442827566, -25.251549841506179 ], [ -57.58862474913002, -25.251562300542417 ], [ -57.588647569576146, -25.251700699225143 ], [ -57.588668235195215, -25.251803845174464 ], [ -57.588691275585099, -25.25178080507472 ], [ -57.588764837684977, -25.251765318035321 ], [ -57.588846143094102, -25.251691755770572 ], [ -57.588834528050064, -25.251579477357339 ], [ -57.588892603470306, -25.251505915577546 ], [ -57.589155877175159, -25.251258129313793 ], [ -57.589240820775657, -25.251164701518757 ], [ -57.589877705020427, -25.251582121477544 ], [ -57.589899932944455, -25.251555805470527 ], [ -57.590046361010572, -25.251656910919948 ], [ -57.590445143551854, -25.251978259622494 ], [ -57.590640497019187, -25.25217361319174 ], [ -57.59058452396539, -25.252322839024906 ], [ -57.590586506979299, -25.252364940211429 ], [ -57.590805209129364, -25.252589984482508 ], [ -57.590998792891334, -25.25249706380648 ], [ -57.591161403625229, -25.252446732687496 ], [ -57.591296912193719, -25.252408015640523 ], [ -57.591444035453215, -25.252473833903426 ], [ -57.591575672585087, -25.252593856273926 ], [ -57.591593707796456, -25.252607082304948 ], [ -57.591633747410718, -25.25263644433273 ], [ -57.591673215609383, -25.252785211398162 ], [ -57.591787658401152, -25.252865838374728 ], [ -57.59212038445947, -25.253008992250631 ], [ -57.592169042741979, -25.253252619965107 ], [ -57.592193585937686, -25.253514405309694 ], [ -57.592257409580796, -25.253685728363234 ], [ -57.592449427160368, -25.253608199096249 ], [ -57.592585916755979, -25.253383264032561 ], [ -57.592589499639566, -25.253377359979734 ], [ -57.592688150848822, -25.253435662155919 ], [ -57.592843325606054, -25.253439554513626 ], [ -57.592994729967209, -25.253497644690764 ], [ -57.59323656084517, -25.253645676204574 ], [ -57.593431978951394, -25.253820985251402 ], [ -57.593681367834051, -25.25354455342697 ], [ -57.593738095103291, -25.253439822016023 ], [ -57.593790354121971, -25.253382337923789 ], [ -57.593888864382919, -25.253272882567316 ], [ -57.594025683490948, -25.253043025981484 ], [ -57.594067970188796, -25.253012820522049 ], [ -57.594102301834987, -25.252988298324517 ], [ -57.594211757651557, -25.253103226744766 ], [ -57.594386885720503, -25.253240045221013 ], [ -57.59439405728596, -25.253247217254021 ], [ -57.594458511583582, -25.253311671076059 ], [ -57.594490868976635, -25.253344027941967 ], [ -57.594518323551284, -25.253370384826013 ], [ -57.59462768802225, -25.253475374351947 ], [ -57.594797343726718, -25.253749013357165 ], [ -57.594897614748149, -25.253905959087657 ], [ -57.594862032461513, -25.253932242030036 ], [ -57.595139886377581, -25.254383031620797 ], [ -57.595282125260091, -25.254583667102647 ], [ -57.595404379538529, -25.25468617304665 ], [ -57.595677897887526, -25.254330598731372 ], [ -57.595676492864811, -25.254272999934717 ], [ -57.595698453172943, -25.254268933426292 ], [ -57.595904005316505, -25.254241526508974 ], [ -57.596095853102021, -25.254316895314982 ], [ -57.596267146269156, -25.254604667641519 ], [ -57.5965823255749, -25.255002067243804 ], [ -57.596842690481012, -25.255378912193628 ], [ -57.597286027323555, -25.255923291259553 ], [ -57.597299920592377, -25.25575497941286 ], [ -57.597250608463959, -25.255341802034874 ], [ -57.597251015405078, -25.255326331198997 ], [ -57.597220610724328, -25.255065482700957 ], [ -57.597220806402305, -25.255057574832353 ], [ -57.5972313165054, -25.254866317594811 ], [ -57.597305693923317, -25.25464564264615 ], [ -57.597380818838218, -25.254481610952492 ], [ -57.597451412567167, -25.254289789129416 ], [ -57.597537125612988, -25.254145068615099 ], [ -57.597634110360588, -25.254007925955253 ], [ -57.597687971095525, -25.253775870560712 ], [ -57.597734704284221, -25.25337549438223 ], [ -57.597746989845774, -25.253132476273564 ], [ -57.59776775060741, -25.252922132210536 ], [ -57.59779916113596, -25.252659243685049 ], [ -57.597901366323299, -25.252484523793292 ], [ -57.598041729520006, -25.252313405984676 ], [ -57.598215397016652, -25.252099292722797 ], [ -57.598412216254992, -25.251900567285247 ], [ -57.598541609141805, -25.251786501010798 ], [ -57.59855025952546, -25.251778701552738 ], [ -57.598623015412414, -25.251655922777317 ], [ -57.598639119024512, -25.251497372750684 ], [ -57.5986320327508, -25.251368849119316 ], [ -57.598528293546089, -25.251219585932578 ], [ -57.598398518718703, -25.251052080052094 ], [ -57.598278363120926, -25.25089813858262 ], [ -57.598147064162241, -25.250644330808708 ], [ -57.59792502547262, -25.250473994125155 ], [ -57.597922080401588, -25.25046873767123 ], [ -57.597693247624171, -25.250214222587211 ], [ -57.597473126337789, -25.249940261784793 ], [ -57.597398862396126, -25.249733204470758 ], [ -57.597394281665807, -25.249577846475372 ], [ -57.597429264599825, -25.249184942561683 ], [ -57.597466026361872, -25.248956409542664 ], [ -57.597522135924201, -25.248781697526038 ], [ -57.597611214219214, -25.248605100176349 ], [ -57.597766494741258, -25.248451656284047 ], [ -57.597888299827247, -25.248369108742327 ], [ -57.598004964842154, -25.248286079819085 ], [ -57.598098647109218, -25.248232323146599 ], [ -57.598236158580463, -25.248202957201542 ], [ -57.59850447604542, -25.24815702299933 ], [ -57.598694686767303, -25.248131589860915 ], [ -57.598910590384207, -25.248130320790672 ], [ -57.599105482646799, -25.248155281663603 ], [ -57.599234607294107, -25.248142920685066 ], [ -57.599352799631482, -25.248119659024294 ], [ -57.599514356607266, -25.248052376498748 ], [ -57.599697313854641, -25.24787067930837 ], [ -57.59990473513583, -25.247626760097411 ], [ -57.600066606986303, -25.247398987928864 ], [ -57.600201362841517, -25.247193844166951 ], [ -57.600355705973065, -25.246849871048823 ], [ -57.600456677647443, -25.246614977114625 ], [ -57.600510318650585, -25.246485357759497 ], [ -57.600590081138442, -25.246316625037164 ], [ -57.601107096879396, -25.245087090706146 ], [ -57.601101779483059, -25.245084211756872 ], [ -57.598900967460544, -25.243892477287623 ], [ -57.596352893300654, -25.242845837117009 ], [ -57.596339412332028, -25.242840299865527 ], [ -57.595907524467414, -25.242662892429991 ], [ -57.59366204832385, -25.241651488798862 ], [ -57.593055527739409, -25.241125573724023 ], [ -57.590707663681705, -25.243916414845746 ], [ -57.590596921073633, -25.24406817342048 ], [ -57.590334419969295, -25.244308116166838 ], [ -57.589932465204022, -25.244788001057394 ], [ -57.589793423187103, -25.244906809638238 ], [ -57.589382853606566, -25.245257632119301 ], [ -57.589346117363128, -25.245293908776929 ], [ -57.589078991842335, -25.245557695619343 ], [ -57.589006644570915, -25.245629138054873 ], [ -57.588890663849142, -25.245743670010103 ], [ -57.588675793742098, -25.245937405094026 ], [ -57.588390271383197, -25.2461948433515 ], [ -57.588111614547188, -25.246425784467164 ], [ -57.587791440451873, -25.24669113480315 ], [ -57.587381281747035, -25.246945432316561 ], [ -57.586909599997881, -25.247154613052381 ], [ -57.586641385253685, -25.247187726002629 ] ] ] ] } },
{ "type": "Feature", "properties": { "DPTO": "00", "DISTRITO": "00", "DPTO_DESC": "ASUNCION", "DIST_DESC": "ASUNCION", "AREA": "1", "BAR_LOC": "068", "BARLO_DESC": "ZEBALLOS KUE", "CLAVE": "0000068", "nombre": "Zeballos Kue", "fuente": "INE Cartografía Digital 2012" }, "geometry": { "type": "MultiPolygon", "coordinates": [ [ [ [ -57.561618012867086, -25.228361940524451 ], [ -57.561087455736242, -25.228490383398935 ], [ -57.561021642512856, -25.228346144679392 ], [ -57.56048161016912, -25.228370770181016 ], [ -57.559878289796359, -25.228395633498735 ], [ -57.559825211382304, -25.228397916121367 ], [ -57.558957031437956, -25.228435243066713 ], [ -57.558059673566902, -25.22888564617574 ], [ -57.556248536212252, -25.22979552858169 ], [ -57.554788397037953, -25.230527976129736 ], [ -57.553278101026933, -25.231287688838449 ], [ -57.552819699409497, -25.231517600850736 ], [ -57.55081339595057, -25.232452806182209 ], [ -57.549882583991689, -25.232790403101717 ], [ -57.549171891124445, -25.23302332502692 ], [ -57.548397735122421, -25.233288086015079 ], [ -57.547749668960137, -25.233511738165021 ], [ -57.547042733150192, -25.23375366654966 ], [ -57.546580204599081, -25.233908897501294 ], [ -57.546331140104257, -25.233995608800626 ], [ -57.545692954240621, -25.234210184928202 ], [ -57.545632244169269, -25.234232985493122 ], [ -57.545186135075426, -25.234383636209657 ], [ -57.545909039982462, -25.236534751503996 ], [ -57.546155727025791, -25.237233706716722 ], [ -57.546462585303971, -25.238135625994119 ], [ -57.546472944829816, -25.238162679292373 ], [ -57.546781394468212, -25.238933649052058 ], [ -57.54735199342997, -25.239834589770112 ], [ -57.547919792328344, -25.23925210505513 ], [ -57.547921836216062, -25.239250007808607 ], [ -57.549220607972416, -25.240274666066455 ], [ -57.550006545451424, -25.240894848804885 ], [ -57.550443099305653, -25.241236383010062 ], [ -57.550612810115354, -25.241371208515147 ], [ -57.551442384102018, -25.242031858064252 ], [ -57.552167178971274, -25.242661780693766 ], [ -57.552720769990174, -25.242446999893957 ], [ -57.553245921265159, -25.242205725038673 ], [ -57.553762093314788, -25.241968997259846 ], [ -57.554672232889175, -25.241523825528134 ], [ -57.554842653077515, -25.241865606849046 ], [ -57.555500237079343, -25.243046134283986 ], [ -57.561041145923014, -25.240099304764897 ], [ -57.563197432391632, -25.238921647523227 ], [ -57.564016450960594, -25.238561817391769 ], [ -57.566686273422704, -25.237738853898406 ], [ -57.569420401054288, -25.236807228506393 ], [ -57.57219597568178, -25.235857331417662 ], [ -57.57406760955655, -25.23521793507058 ], [ -57.575426393411874, -25.234783699994694 ], [ -57.574550214074804, -25.234389767028858 ], [ -57.575369491133074, -25.233637046168212 ], [ -57.577015321781289, -25.232167684654598 ], [ -57.578394253180477, -25.230952205347705 ], [ -57.578506044880669, -25.230827697471796 ], [ -57.578495867473009, -25.230821810587656 ], [ -57.579974923639782, -25.229197670437998 ], [ -57.578786560703577, -25.228295697195847 ], [ -57.576662166543258, -25.226493382552917 ], [ -57.575085845692513, -25.22466316295845 ], [ -57.574910273741125, -25.224459308192024 ], [ -57.574789695809386, -25.224281507337992 ], [ -57.574556007656781, -25.223936915195566 ], [ -57.570948662958074, -25.224855527987927 ], [ -57.56997652763738, -25.225109592167144 ], [ -57.569892297908495, -25.225123833031091 ], [ -57.567903312135002, -25.225685086177634 ], [ -57.567699540277999, -25.22579268219971 ], [ -57.567699514810556, -25.225796178016935 ], [ -57.567696804512707, -25.226169977533687 ], [ -57.567736583782391, -25.226331763845849 ], [ -57.567736958056287, -25.2263343288854 ], [ -57.567748594787247, -25.226413947925607 ], [ -57.567738201872544, -25.226469866075433 ], [ -57.567737893867388, -25.226471524361273 ], [ -57.567671771055871, -25.226520794285591 ], [ -57.566944978959157, -25.226723258319851 ], [ -57.566836175280741, -25.226752045999035 ], [ -57.565777573397781, -25.227032131584792 ], [ -57.565240264015188, -25.22717416090768 ], [ -57.564850910477787, -25.227274685639998 ], [ -57.564618961953556, -25.227334570283233 ], [ -57.564473327263386, -25.227373377253741 ], [ -57.564191595517741, -25.227448450188547 ], [ -57.564189178064396, -25.227449093361088 ], [ -57.564191242074969, -25.22771094659663 ], [ -57.564191421807436, -25.227733546628428 ], [ -57.564189271872635, -25.227734074995112 ], [ -57.563687351672911, -25.227857180102092 ], [ -57.563612541718499, -25.227878927401093 ], [ -57.563580390842048, -25.227888275609587 ], [ -57.563525927080207, -25.227896614847623 ], [ -57.562925381500008, -25.228042508574788 ], [ -57.562497818947008, -25.228146376732752 ], [ -57.561618012867086, -25.228361940524451 ] ] ] ] } },
{ "type": "Feature", "properties": { "DPTO": "00", "DISTRITO": "00", "DPTO_DESC": "ASUNCION", "DIST_DESC": "ASUNCION", "AREA": "1", "BAR_LOC": "030", "BARLO_DESC": "ITA ENRAMADA", "CLAVE": "0000030", "nombre": "Ita Enramada", "fuente": "INE Cartografía Digital 2012" }, "geometry": { "type": "MultiPolygon", "coordinates": [ [ [ [ -57.654113661965994, -25.333367654075062 ], [ -57.654062937800063, -25.333395983394951 ], [ -57.653928656946448, -25.333386718349516 ], [ -57.653925379868099, -25.333386709415777 ], [ -57.653908986537317, -25.333386666586648 ], [ -57.65383028114735, -25.333389436004211 ], [ -57.653816921095085, -25.333422069427286 ], [ -57.653826442591935, -25.333460613689738 ], [ -57.653816095883542, -25.333531460849201 ], [ -57.653812786862488, -25.333537343428929 ], [ -57.653789451070566, -25.333610749622324 ], [ -57.65378941102648, -25.333616612277297 ], [ -57.653746589958644, -25.333710014955557 ], [ -57.653697602887462, -25.333788366167539 ], [ -57.65368783959849, -25.333802843533249 ], [ -57.653613292011016, -25.333877883829246 ], [ -57.653546781220825, -25.333932994665247 ], [ -57.65347719519292, -25.333989430312783 ], [ -57.653414105003321, -25.334081290116217 ], [ -57.65341677956593, -25.334155245522879 ], [ -57.653416660063215, -25.334169999773167 ], [ -57.653379814258074, -25.33429632925106 ], [ -57.653376494925794, -25.334305110596233 ], [ -57.653356403382872, -25.334383954833129 ], [ -57.653356320888861, -25.33439560971658 ], [ -57.653310438632388, -25.334462334053853 ], [ -57.653323128093803, -25.334508702605433 ], [ -57.653329275684655, -25.334560682702772 ], [ -57.653315933712406, -25.334629673830989 ], [ -57.653260862857053, -25.334683962622648 ], [ -57.653214288716185, -25.334742515761604 ], [ -57.653150065380373, -25.334806274540938 ], [ -57.653146697257057, -25.334809303790053 ], [ -57.653072675895601, -25.334881850924774 ], [ -57.653065971282047, -25.334887880382212 ], [ -57.653059227221149, -25.334896927943589 ], [ -57.652982031719773, -25.334993119617138 ], [ -57.652978634013323, -25.335002118028058 ], [ -57.65294803989525, -25.335091837903349 ], [ -57.652911478203407, -25.335133479761396 ], [ -57.652904852564347, -25.33513941675244 ], [ -57.652825765032901, -25.335177855259928 ], [ -57.652769887105194, -25.335198478842244 ], [ -57.652687885450064, -25.335207159064282 ], [ -57.652681329216648, -25.335207142957984 ], [ -57.652609216433405, -25.335230646828222 ], [ -57.65257328009335, -25.335292576939366 ], [ -57.652547236148791, -25.335339604754722 ], [ -57.652563662610362, -25.335392465864061 ], [ -57.652573563680562, -25.335468477078905 ], [ -57.652573567390164, -25.335471392046372 ], [ -57.652541167375489, -25.335514974957107 ], [ -57.652456668913658, -25.335500212593217 ], [ -57.652440426336909, -25.335500170743501 ], [ -57.652359164350173, -25.335494138942011 ], [ -57.652346143556088, -25.335491194922781 ], [ -57.65225146598334, -25.335453056501365 ], [ -57.65225143245317, -25.335450138053773 ], [ -57.652202242091789, -25.335420796008975 ], [ -57.652160585351282, -25.335467405237353 ], [ -57.652154167662104, -25.335473218462539 ], [ -57.652106322688724, -25.335525448442354 ], [ -57.652093473766513, -25.335531212470642 ], [ -57.652083917524067, -25.335539885938431 ], [ -57.652077498010613, -25.335542764317779 ], [ -57.652039342250077, -25.335577396468352 ], [ -57.651992413489381, -25.335652277597717 ], [ -57.651982928375446, -25.33566087669567 ], [ -57.651970349912744, -25.33567520928051 ], [ -57.651928635455818, -25.335686598685811 ], [ -57.651928371511019, -25.335672201927991 ], [ -57.651928267104324, -25.335666439246381 ], [ -57.651945313062015, -25.335556782811864 ], [ -57.651913488745777, -25.335576927580291 ], [ -57.651875304331725, -25.335599916134356 ], [ -57.65186294281051, -25.335628777518878 ], [ -57.65183523057874, -25.335694987553097 ], [ -57.65183212536823, -25.335700733732665 ], [ -57.651813568838861, -25.335738033352925 ], [ -57.651794547252678, -25.335752329411207 ], [ -57.651759767116062, -25.335780896248536 ], [ -57.651753529116831, -25.335789468324322 ], [ -57.651718335389546, -25.335797960797095 ], [ -57.651669713727642, -25.335783525101874 ], [ -57.651666423239931, -25.335780653569884 ], [ -57.651633784342835, -25.335763380277569 ], [ -57.651630487875309, -25.335760505159044 ], [ -57.651610472131381, -25.335734635160179 ], [ -57.651590270401243, -25.335702979358189 ], [ -57.651586965938918, -25.335700095243624 ], [ -57.651524421340127, -25.335656744617779 ], [ -57.651521191903839, -25.335656737226827 ], [ -57.651478507287266, -25.335633550125522 ], [ -57.65146235014322, -25.335633507790419 ], [ -57.651414057362672, -25.335633342057292 ], [ -57.651407634204077, -25.33563331627596 ], [ -57.65132797391982, -25.335650296891743 ], [ -57.65132486520946, -25.335653166019483 ], [ -57.651288368835822, -25.335713458397095 ], [ -57.651275895697097, -25.335727806712839 ], [ -57.651272842099218, -25.335733547234668 ], [ -57.651222605878388, -25.335776491702404 ], [ -57.651190248920045, -25.335770669304281 ], [ -57.651146484486844, -25.335710211563764 ], [ -57.6511320188431, -25.33566120479037 ], [ -57.651094944634679, -25.335649555190287 ], [ -57.651017437876874, -25.335637809733043 ], [ -57.650981709118014, -25.335600161311788 ], [ -57.651026676280992, -25.335548173776772 ], [ -57.651075020178553, -25.335504788028175 ], [ -57.65106517674343, -25.335472801015953 ], [ -57.651000513654139, -25.335495881073541 ], [ -57.650994069966089, -25.335501674497323 ], [ -57.650977900544035, -25.335504534505048 ], [ -57.650932086492617, -25.335434621985939 ], [ -57.650928574833586, -25.335396717418746 ], [ -57.650889495416891, -25.335379103976663 ], [ -57.650873264776237, -25.335379061901165 ], [ -57.650779092755386, -25.335375896493133 ], [ -57.650756365488803, -25.335375837950437 ], [ -57.650740083189135, -25.335375797894471 ], [ -57.650612913708528, -25.335369648220308 ], [ -57.650528001058376, -25.335363593600277 ], [ -57.650459384337694, -25.33536049936265 ], [ -57.650403185184871, -25.335325211393467 ], [ -57.650320306747005, -25.335272148510512 ], [ -57.650205012290428, -25.335248277354765 ], [ -57.650132419291708, -25.335233331069844 ], [ -57.650057367833313, -25.335256667866418 ], [ -57.650044376017263, -25.335265457502373 ], [ -57.650011861782502, -25.335285960702777 ], [ -57.649998875902554, -25.335294746696491 ], [ -57.649946095598523, -25.335300479012176 ], [ -57.64992640261238, -25.33530630555515 ], [ -57.649893011761833, -25.335297381002306 ], [ -57.649878047959874, -25.335241323617993 ], [ -57.649833491247819, -25.335196832751706 ], [ -57.649800956059551, -25.335202623812847 ], [ -57.649735823010928, -25.335184606630889 ], [ -57.6496869344586, -25.335166622536747 ], [ -57.649664376526289, -25.335127924175083 ], [ -57.649635023341091, -25.335109949638536 ], [ -57.649582799368432, -25.335070977514079 ], [ -57.649582888715997, -25.335059049882602 ], [ -57.649543766567206, -25.335008060228688 ], [ -57.649511090919134, -25.334962958804851 ], [ -57.64950122736235, -25.334956901409328 ], [ -57.649494660859432, -25.334950863793438 ], [ -57.649442056694568, -25.334899467581181 ], [ -57.649428848265586, -25.334893365325229 ], [ -57.649366076523165, -25.334847822201198 ], [ -57.649359454519356, -25.334844788305816 ], [ -57.649303150771914, -25.334808416729345 ], [ -57.649279965435142, -25.334769047407747 ], [ -57.649260063388851, -25.334735683220231 ], [ -57.649256740565022, -25.334735674384717 ], [ -57.649203560101967, -25.334720376593623 ], [ -57.649190260579587, -25.334717308902611 ], [ -57.649160322238288, -25.334705096380617 ], [ -57.649150242204257, -25.334644298150522 ], [ -57.649146802997961, -25.334583358683346 ], [ -57.649136713820042, -25.334540586804792 ], [ -57.649053159867378, -25.334506726417487 ], [ -57.648989322716545, -25.334442076061123 ], [ -57.648979199064343, -25.334429716615375 ], [ -57.648891335535154, -25.334336744616166 ], [ -57.648884538960942, -25.334327426368361 ], [ -57.648809986390233, -25.334262014006981 ], [ -57.648803265252525, -25.334261996647513 ], [ -57.648789788500665, -25.334258850232857 ], [ -57.648705289565783, -25.334224372518122 ], [ -57.648695149463947, -25.334221220433676 ], [ -57.64868835388819, -25.33421805001052 ], [ -57.648596553804225, -25.334179867634248 ], [ -57.648593173268637, -25.334179840976901 ], [ -57.648377598901561, -25.334203661821675 ], [ -57.648258091316052, -25.334235477748734 ], [ -57.648188117778147, -25.334329724378506 ], [ -57.648178725633159, -25.334345362860688 ], [ -57.648169221377771, -25.334357862897662 ], [ -57.64815011858127, -25.334379713610531 ], [ -57.648010295728113, -25.334558402879509 ], [ -57.647997152199309, -25.334567453077284 ], [ -57.647987277573236, -25.334573478189441 ], [ -57.647926008503589, -25.334655123437301 ], [ -57.647916414718281, -25.334670226388823 ], [ -57.647903486087955, -25.334685302466028 ], [ -57.647903573765461, -25.334688332654309 ], [ -57.647887489569086, -25.334709433185139 ], [ -57.647862312595123, -25.334787856602134 ], [ -57.647682027299822, -25.334898611430731 ], [ -57.647672035207961, -25.334901617301057 ], [ -57.647535000262508, -25.334994603400219 ], [ -57.647521639595197, -25.335006558660268 ], [ -57.647504997796659, -25.335018499442583 ], [ -57.647395389364419, -25.335110712883306 ], [ -57.647385426474216, -25.335122573733543 ], [ -57.647244016738114, -25.335211031123322 ], [ -57.647237484336927, -25.335211012863965 ], [ -57.647224375201745, -25.335219828054676 ], [ -57.647208006799644, -25.335228630471363 ], [ -57.647188372937649, -25.335240365829009 ], [ -57.647077406331448, -25.335278318224198 ], [ -57.647064366811719, -25.335284158509069 ], [ -57.647051334957666, -25.335292935417897 ], [ -57.646888399433294, -25.335283695913063 ], [ -57.646875364441428, -25.335283661037977 ], [ -57.646868830335393, -25.335280706111064 ], [ -57.646705101038606, -25.335209608610114 ], [ -57.646698535077064, -25.335206641172988 ], [ -57.646678906310342, -25.33520363896497 ], [ -57.646662566627413, -25.335200651214564 ], [ -57.646553181648926, -25.335087853201799 ], [ -57.646543187778548, -25.335075946339089 ], [ -57.646481095675995, -25.335075852184957 ], [ -57.64648120278008, -25.33508179727545 ], [ -57.646469995126893, -25.335179574347308 ], [ -57.646470248705668, -25.335191393918933 ], [ -57.646470377458286, -25.335197299181061 ], [ -57.646475835087926, -25.335300249737543 ], [ -57.646479264237882, -25.335309046472844 ], [ -57.646484977570594, -25.335425709343497 ], [ -57.646485160971906, -25.335434419181695 ], [ -57.646478956503699, -25.335446003406275 ], [ -57.646455934594485, -25.335570038291849 ], [ -57.646446630536275, -25.33558436146518 ], [ -57.646431792579278, -25.335635866864209 ], [ -57.646410125956891, -25.335845942061724 ], [ -57.646417155794325, -25.335930608354488 ], [ -57.646417205813179, -25.33593964928707 ], [ -57.646469894510119, -25.336032540514054 ], [ -57.646476458529662, -25.336044485908701 ], [ -57.646574388958072, -25.336142625646914 ], [ -57.646580897057618, -25.336151524453498 ], [ -57.646584148052227, -25.336157455744853 ], [ -57.646652262279702, -25.33624616498696 ], [ -57.646655477093304, -25.336255009615002 ], [ -57.646671293133068, -25.336346032590541 ], [ -57.646671280851422, -25.336348956660402 ], [ -57.64667713724225, -25.336471174325368 ], [ -57.646677048644221, -25.336488530979295 ], [ -57.646708613793692, -25.336598137832311 ], [ -57.646708154920475, -25.336684171652962 ], [ -57.646803928909549, -25.336724573632068 ], [ -57.646849500120823, -25.336760370185289 ], [ -57.646911877007824, -25.336814986150785 ], [ -57.646915120788719, -25.336821049308071 ], [ -57.646986845323568, -25.336908763638348 ], [ -57.646996601780131, -25.336920834053444 ], [ -57.64708074198478, -25.337038183672576 ], [ -57.647093691808209, -25.337053183936405 ], [ -57.647096941174425, -25.33705618398227 ], [ -57.64713414777566, -25.337196584600974 ], [ -57.647137231863155, -25.337208489261002 ], [ -57.64713698300659, -25.337223352443857 ], [ -57.647138422708622, -25.337332990376979 ], [ -57.647138175320833, -25.337347756025679 ], [ -57.647137975772694, -25.337359559521531 ], [ -57.647153511426268, -25.337406737873891 ], [ -57.647153359642175, -25.337415564768662 ], [ -57.647153257780701, -25.337421447562008 ], [ -57.647099875596098, -25.337494693942972 ], [ -57.647089971502396, -25.337503451699092 ], [ -57.647080069375363, -25.337512205833775 ], [ -57.646998396791332, -25.337538300944459 ], [ -57.646993066633513, -25.337538286426536 ], [ -57.646988120775575, -25.3375412141026 ], [ -57.647034851340607, -25.337606413614537 ], [ -57.647035119290535, -25.337622791619367 ], [ -57.647087871857366, -25.337840306038913 ], [ -57.647037829545582, -25.338098402671221 ], [ -57.646890475708688, -25.338366603514544 ], [ -57.646780559240426, -25.338566751765427 ], [ -57.646723148058015, -25.338788441519057 ], [ -57.646734068969522, -25.339029255466869 ], [ -57.646744170802549, -25.339363092431427 ], [ -57.646775866635096, -25.339701967398355 ], [ -57.646803162690276, -25.339965357428412 ], [ -57.646803371490364, -25.33996986624868 ], [ -57.646814614511641, -25.340316429082293 ], [ -57.646815795898988, -25.340342010375025 ], [ -57.646821408042115, -25.340363264754274 ], [ -57.646826425656627, -25.340371754691716 ], [ -57.646862506230491, -25.340563739572985 ], [ -57.646938360143338, -25.340951408139802 ], [ -57.647005286529463, -25.341231729230344 ], [ -57.647077335956965, -25.341434553143642 ], [ -57.647128257041913, -25.341618262371469 ], [ -57.647133259730765, -25.341635513566416 ], [ -57.647123070361602, -25.341830549768986 ], [ -57.647123417813873, -25.34184729585138 ], [ -57.647092029672194, -25.342077289388953 ], [ -57.647032133490484, -25.342421944949194 ], [ -57.647007250187585, -25.342793221540887 ], [ -57.647012452868978, -25.342983319150619 ], [ -57.647004668318289, -25.343225482949435 ], [ -57.646936206143948, -25.343446578260227 ], [ -57.646788397681235, -25.343657402344888 ], [ -57.646596347936622, -25.34385327307109 ], [ -57.646383134452662, -25.343987687670733 ], [ -57.646070027399958, -25.34404514864309 ], [ -57.645882055794914, -25.344099105556666 ], [ -57.64563893177143, -25.344233523827654 ], [ -57.645480307720732, -25.344377578798117 ], [ -57.645366661494165, -25.344563925927559 ], [ -57.645366841324005, -25.344572346803375 ], [ -57.64527977688175, -25.344791978687283 ], [ -57.645210915692758, -25.344962582905396 ], [ -57.643602602975818, -25.344415666185682 ], [ -57.642994171262671, -25.344224171928886 ], [ -57.642002950077654, -25.343876313671615 ], [ -57.641136854996148, -25.343582085915614 ], [ -57.640640007723846, -25.34340815666701 ], [ -57.639987726549577, -25.343261992099713 ], [ -57.63863235282497, -25.34310953559168 ], [ -57.637784707906292, -25.343014183699495 ], [ -57.634517920135636, -25.342671595011154 ], [ -57.63492070169309, -25.344042467950771 ], [ -57.63521112359831, -25.345066156825055 ], [ -57.635519158430782, -25.346071708282523 ], [ -57.635811934287403, -25.347068294444853 ], [ -57.636101774998394, -25.34809649859136 ], [ -57.636421004106808, -25.349101999175502 ], [ -57.635287371152344, -25.349377804067501 ], [ -57.635534825610307, -25.350124607793987 ], [ -57.63575204698401, -25.35087934459915 ], [ -57.635905831334185, -25.351406808300737 ], [ -57.63596898278621, -25.351623408375701 ], [ -57.636185990229819, -25.352381016870027 ], [ -57.636388054120403, -25.353012265222731 ], [ -57.636368733378674, -25.353278045613422 ], [ -57.636338875604565, -25.35368877542561 ], [ -57.636098189284269, -25.353667976463612 ], [ -57.636097572160509, -25.353671401615316 ], [ -57.635980529040125, -25.354320149470482 ], [ -57.635980452750687, -25.354320574224232 ], [ -57.635916537793264, -25.354751153331506 ], [ -57.635905544397644, -25.354829854762954 ], [ -57.63588777136755, -25.354978517955828 ], [ -57.636567953728786, -25.355071479873686 ], [ -57.6365679935044, -25.355071484216808 ], [ -57.636688369783826, -25.355087937111932 ], [ -57.636617392515006, -25.35689430449321 ], [ -57.636610813797745, -25.357061393511287 ], [ -57.636547428667029, -25.358479424717927 ], [ -57.63665855667125, -25.359535489166603 ], [ -57.636748731616422, -25.36062237407873 ], [ -57.636759207598857, -25.360661382995261 ], [ -57.636771655775192, -25.360727775881969 ], [ -57.636883989674345, -25.362252633292371 ], [ -57.637645461624402, -25.362235791558135 ], [ -57.637993558195944, -25.363760402810044 ], [ -57.638160334679753, -25.364645269689106 ], [ -57.638215447351911, -25.364733260299658 ], [ -57.638233132009077, -25.364761493584069 ], [ -57.638595406796128, -25.365339872872539 ], [ -57.638604551076753, -25.365355826746736 ], [ -57.637926552814179, -25.365722152635669 ], [ -57.637402783437437, -25.366049423527215 ], [ -57.636061137666388, -25.367258048177064 ], [ -57.635418591881489, -25.367544478178218 ], [ -57.635274166492422, -25.367608859215977 ], [ -57.635653937764062, -25.368498142526448 ], [ -57.636099975503953, -25.36903392674219 ], [ -57.640643979322704, -25.379143708463403 ], [ -57.642079564142762, -25.380386551997333 ], [ -57.645094061532177, -25.376817562126746 ], [ -57.646644960584752, -25.374055004534569 ], [ -57.648327139132562, -25.368402758500849 ], [ -57.650131311967243, -25.366113867162994 ], [ -57.651621017217963, -25.36508685903982 ], [ -57.653728871857879, -25.363154064842661 ], [ -57.656582361947869, -25.360874766986058 ], [ -57.659188830860558, -25.359052549778824 ], [ -57.661790919544273, -25.356440158012617 ], [ -57.66346677673323, -25.353841256358635 ], [ -57.663767740295498, -25.353374512147184 ], [ -57.666609649041561, -25.349058748565312 ], [ -57.66783471370826, -25.345314663380748 ], [ -57.667903022468067, -25.342767814358922 ], [ -57.667384448873804, -25.339036141844645 ], [ -57.667325510833109, -25.337677351310163 ], [ -57.667241904679656, -25.335749762037267 ], [ -57.667766433918814, -25.333220162305111 ], [ -57.667778910737411, -25.333159991989135 ], [ -57.667970045779157, -25.332238193534351 ], [ -57.669443951223684, -25.328497476793814 ], [ -57.67178677504404, -25.324183877558937 ], [ -57.672484372866222, -25.321951227507498 ], [ -57.672441407586177, -25.321840166606762 ], [ -57.668104002790074, -25.320760094806587 ], [ -57.66810366187417, -25.320760251673278 ], [ -57.666442523945705, -25.321527358598473 ], [ -57.665455465301363, -25.322203001853779 ], [ -57.665076824255266, -25.322394786405766 ], [ -57.665068263670491, -25.322399123464379 ], [ -57.664610009602313, -25.322631232422907 ], [ -57.664290623380055, -25.322892932241075 ], [ -57.664282423469615, -25.322899650728118 ], [ -57.663492925319701, -25.323546546395789 ], [ -57.662817487347866, -25.324185283512065 ], [ -57.66214668824432, -25.324728667363559 ], [ -57.661311871349767, -25.325091262427406 ], [ -57.659914666553277, -25.325841513307068 ], [ -57.65809459224181, -25.326886182615567 ], [ -57.656943626013117, -25.327658719674957 ], [ -57.656056759483022, -25.327953688917376 ], [ -57.654516830416355, -25.328690468123909 ], [ -57.654155169794194, -25.328874425070296 ], [ -57.654263876244102, -25.328975370943056 ], [ -57.654272198855381, -25.329122533543 ], [ -57.654196801292187, -25.329190433120175 ], [ -57.654066482204655, -25.329282228657291 ], [ -57.653972346353896, -25.329348537075873 ], [ -57.653675605907551, -25.329571430611168 ], [ -57.653170431885314, -25.329981981928427 ], [ -57.652839170858613, -25.330236486639535 ], [ -57.65282690727264, -25.330247530867894 ], [ -57.652497140762875, -25.330500843424147 ], [ -57.652205124277316, -25.330709616806644 ], [ -57.652192971365423, -25.330720566577952 ], [ -57.652010866090961, -25.330895547434295 ], [ -57.65191749741507, -25.331007577072455 ], [ -57.651865357328177, -25.331070140409452 ], [ -57.651838071765042, -25.331103778039562 ], [ -57.651837979420918, -25.331149240667628 ], [ -57.651847749764158, -25.331221783118053 ], [ -57.651890513013427, -25.331288125676792 ], [ -57.65189709129578, -25.331294152301609 ], [ -57.651959473526176, -25.331357303414109 ], [ -57.651962768425847, -25.331357310507656 ], [ -57.652015087909319, -25.331417240758526 ], [ -57.652024893425391, -25.331426220457729 ], [ -57.652087002917142, -25.331471082720611 ], [ -57.652093547076788, -25.331474075301571 ], [ -57.652201709075598, -25.331495177214777 ], [ -57.652211524296149, -25.331498176983928 ], [ -57.652266975571365, -25.331525051358255 ], [ -57.652302466346725, -25.331566654025835 ], [ -57.652314488036893, -25.33164058074982 ], [ -57.652333437211837, -25.331684828474522 ], [ -57.652368380661301, -25.331743686865309 ], [ -57.652409215617581, -25.331822794020809 ], [ -57.652488988408606, -25.331892897087812 ], [ -57.652569276772056, -25.331927938536921 ], [ -57.652745107195244, -25.332027168594607 ], [ -57.652835370400851, -25.332085662579175 ], [ -57.652848705973497, -25.33209178383737 ], [ -57.653015012681919, -25.332195603427465 ], [ -57.653233221384482, -25.332341311906134 ], [ -57.653246362511879, -25.332353404831906 ], [ -57.653472242753878, -25.332510238590885 ], [ -57.653482022575531, -25.332516247330148 ], [ -57.653595923486648, -25.332573335627558 ], [ -57.653605711054354, -25.33257634445448 ], [ -57.653618698285129, -25.332582342568173 ], [ -57.653739379934621, -25.33261243435561 ], [ -57.653745850658197, -25.332615425380823 ], [ -57.653804535862605, -25.332627466069425 ], [ -57.653817663956772, -25.332627499922523 ], [ -57.653827511018619, -25.332627524855752 ], [ -57.653893036295983, -25.332630665583338 ], [ -57.653906164390264, -25.332630699428705 ], [ -57.653968390743387, -25.33263382947888 ], [ -57.653984670759201, -25.33263684197226 ], [ -57.654315027448263, -25.332640667014743 ], [ -57.654318308480697, -25.332640675922676 ], [ -57.654369692521072, -25.332676370295246 ], [ -57.654387559930058, -25.332732515458872 ], [ -57.654391830170994, -25.332803025023225 ], [ -57.65439173662611, -25.33280595487139 ], [ -57.654443922425514, -25.332899443252529 ], [ -57.654446968412344, -25.33290526149699 ], [ -57.654492587362313, -25.332989331516899 ], [ -57.654492166485397, -25.333000865092515 ], [ -57.654451062895419, -25.333066871411972 ], [ -57.65439247600051, -25.333203984179306 ], [ -57.65434022987904, -25.333240844965644 ], [ -57.654333682444758, -25.333246510763274 ], [ -57.654259167959026, -25.333283215761583 ], [ -57.654255906118635, -25.333286040478583 ], [ -57.654239721468741, -25.333294499699264 ], [ -57.654175074007128, -25.3333282892022 ], [ -57.654113661965994, -25.333367654075062 ] ] ] ] } },
{ "type": "Feature", "properties": { "DPTO": "00", "DISTRITO": "00", "DPTO_DESC": "ASUNCION", "DIST_DESC": "ASUNCION", "AREA": "1", "BAR_LOC": "026", "BARLO_DESC": "BANCO SAN MIGUEL", "CLAVE": "0000026", "nombre": "Banco San Miguel", "fuente": "INE Cartografía Digital 2012" }, "geometry": { "type": "MultiPolygon", "coordinates": [ [ [ [ -57.600366208631982, -25.264242578601444 ], [ -57.600302343171741, -25.264274244423852 ], [ -57.60030237720683, -25.264274299371216 ], [ -57.6003237414441, -25.264367795981254 ], [ -57.600573195964245, -25.264944955160548 ], [ -57.600588683738316, -25.26498078910036 ], [ -57.600789006453546, -25.265201220036918 ], [ -57.600937660191804, -25.265327041292466 ], [ -57.601049622672527, -25.265249826642506 ], [ -57.601401214539656, -25.265433518942448 ], [ -57.601732700888974, -25.26563083801538 ], [ -57.602191299774702, -25.266116612208524 ], [ -57.602293052088946, -25.266296806058687 ], [ -57.602418896692484, -25.266454325392502 ], [ -57.602855126375964, -25.266066169582835 ], [ -57.603019059041152, -25.265876770875217 ], [ -57.603077873270863, -25.265920591972712 ], [ -57.603098572523542, -25.265979506033265 ], [ -57.603276487164131, -25.266225061938403 ], [ -57.603665392661938, -25.266422141906546 ], [ -57.603827547362251, -25.266516298392983 ], [ -57.604112644079372, -25.266682195183272 ], [ -57.604270501535005, -25.266848612321436 ], [ -57.604366267990486, -25.26694755516699 ], [ -57.604457090923098, -25.267096031217548 ], [ -57.604465450054718, -25.267109697076368 ], [ -57.604643993302012, -25.267316666083893 ], [ -57.604647433213835, -25.267384380328181 ], [ -57.604848131846424, -25.267625085457393 ], [ -57.605976818296412, -25.268293035530682 ], [ -57.607139272179822, -25.268706035848666 ], [ -57.608008945288411, -25.269467717223105 ], [ -57.608047256452771, -25.269501270937436 ], [ -57.611038683382752, -25.272121121058706 ], [ -57.611045367776455, -25.272126974905412 ], [ -57.611147009346759, -25.272215987852746 ], [ -57.611221112675331, -25.272205196658796 ], [ -57.611223790233524, -25.27220480629218 ], [ -57.611263199397364, -25.272199067694043 ], [ -57.61143603882104, -25.271948907769548 ], [ -57.61169403769285, -25.271667452862179 ], [ -57.612210037748248, -25.271229636665762 ], [ -57.612561853357874, -25.270846545508466 ], [ -57.612944943918862, -25.270440001658137 ], [ -57.613226397003757, -25.270174183142814 ], [ -57.613406216518086, -25.270080366516908 ], [ -57.613609488900352, -25.27007254831527 ], [ -57.613922214568348, -25.270174184004144 ], [ -57.618444977636031, -25.271153058572008 ], [ -57.618444957542899, -25.271163595356288 ], [ -57.618472055031667, -25.271244466665046 ], [ -57.618472042995634, -25.271251497804407 ], [ -57.618432937901126, -25.271328860957787 ], [ -57.618432929918669, -25.271332381050883 ], [ -57.618393669153704, -25.271473105919057 ], [ -57.618436208367093, -25.271596368170748 ], [ -57.618506151535449, -25.271656353170609 ], [ -57.618665444392775, -25.271688227595611 ], [ -57.618843920865849, -25.271713048121015 ], [ -57.618828172038491, -25.27181497191723 ], [ -57.618890049998029, -25.271885296063626 ], [ -57.618986589273746, -25.271940834699347 ], [ -57.61910321013616, -25.271983473059503 ], [ -57.619110914346685, -25.272067916741449 ], [ -57.619192388559057, -25.272110288860439 ], [ -57.619327917822801, -25.272173404566455 ], [ -57.619416980239137, -25.272278858341739 ], [ -57.619490733230222, -25.272310521910807 ], [ -57.619622973556297, -25.272314178587191 ], [ -57.619751628732544, -25.272250979921676 ], [ -57.61981003995372, -25.272272145768721 ], [ -57.620027637314735, -25.272300822702341 ], [ -57.620139912079175, -25.272389036966629 ], [ -57.620254167608934, -25.27233662470379 ], [ -57.62049400438962, -25.272263864481186 ], [ -57.620501930171166, -25.272249893607516 ], [ -57.62066224526022, -25.272156023775619 ], [ -57.620809617780225, -25.272191455215122 ], [ -57.621030614255126, -25.27219915495791 ], [ -57.621177547227042, -25.272244978279168 ], [ -57.621293739233529, -25.272178996989023 ], [ -57.621413595348052, -25.272123453796727 ], [ -57.621401876435463, -25.272168741932276 ], [ -57.621394101389612, -25.272186158226749 ], [ -57.621316676876617, -25.272245301114765 ], [ -57.621308928048656, -25.272252265485527 ], [ -57.621200529121786, -25.272304377577175 ], [ -57.62087472927616, -25.272348935560125 ], [ -57.620866984692633, -25.272345419183502 ], [ -57.620812880339464, -25.272299811965354 ], [ -57.620754906749745, -25.27225069552356 ], [ -57.620680901557975, -25.272278455629824 ], [ -57.620673105158417, -25.272281932619073 ], [ -57.620598626148031, -25.27236924308172 ], [ -57.620586833038956, -25.272386726800626 ], [ -57.620594173407589, -25.272453318772129 ], [ -57.620594125632508, -25.272460328385993 ], [ -57.620605293724381, -25.272537487914843 ], [ -57.620611739998772, -25.272741105832832 ], [ -57.620691137167142, -25.272751782741949 ], [ -57.620691262388824, -25.272751799373118 ], [ -57.620716847584092, -25.272755240727815 ], [ -57.620775189457312, -25.272765819211848 ], [ -57.620782995659539, -25.272762311472363 ], [ -57.620887984024357, -25.272772917657957 ], [ -57.621001063217889, -25.272699337043708 ], [ -57.621156642181631, -25.27261893290089 ], [ -57.621330979828599, -25.272584224827529 ], [ -57.621326886977698, -25.272650720399284 ], [ -57.621326863043208, -25.27265772268786 ], [ -57.621326827146085, -25.27266822702375 ], [ -57.62138058421025, -25.272839815285288 ], [ -57.621380572258452, -25.272843319138531 ], [ -57.621415151279599, -25.272934480125453 ], [ -57.621538947684677, -25.272969558558444 ], [ -57.621542817045622, -25.272969565742567 ], [ -57.621635773647206, -25.272931250096104 ], [ -57.621779145724915, -25.272844040820587 ], [ -57.621926233184666, -25.272830334201963 ], [ -57.622112649622515, -25.272803031626101 ], [ -57.622167610512456, -25.272715744901635 ], [ -57.622269253174935, -25.272645950130872 ], [ -57.622351228141405, -25.27256189430787 ], [ -57.622436406929836, -25.272505882441052 ], [ -57.62248650828603, -25.272537608120683 ], [ -57.622598872615747, -25.272548391486435 ], [ -57.622653280486269, -25.272583651508477 ], [ -57.622742982433955, -25.272590786357664 ], [ -57.622785475086523, -25.272661177974495 ], [ -57.622956522909497, -25.272749013809683 ], [ -57.622983515683778, -25.27284023171865 ], [ -57.623064852996514, -25.272924288461162 ], [ -57.623068732212744, -25.272924281115028 ], [ -57.623196549776914, -25.272948555243676 ], [ -57.623335884987554, -25.272927531000377 ], [ -57.623436792980463, -25.272864885210044 ], [ -57.623603770133812, -25.272809403078718 ], [ -57.62368537461402, -25.272795646281796 ], [ -57.623763279707134, -25.272725764775856 ], [ -57.623854366436781, -25.272694470474509 ], [ -57.623865828293162, -25.272747094643947 ], [ -57.623912019012494, -25.272810273050183 ], [ -57.624020317533905, -25.272841990573081 ], [ -57.624066782624787, -25.272891215774173 ], [ -57.624078288663547, -25.272950903329306 ], [ -57.624047063281537, -25.273028063010951 ], [ -57.624027463968396, -25.273112262406642 ], [ -57.624003965616012, -25.273203475051147 ], [ -57.624073598508751, -25.273305390492705 ], [ -57.624217100205826, -25.27336531450845 ], [ -57.624341307191195, -25.273351518028065 ], [ -57.624422959748706, -25.273288492473068 ], [ -57.624407660678891, -25.27319018887755 ], [ -57.624365117924164, -25.273123422770482 ], [ -57.624419536479358, -25.273088425443657 ], [ -57.62450885509152, -25.273067532227923 ], [ -57.624617556511552, -25.273057205595794 ], [ -57.624718487497297, -25.273050374036391 ], [ -57.624877653367506, -25.273036631412129 ], [ -57.624947437942794, -25.273071859784324 ], [ -57.625028874247462, -25.273103599996681 ], [ -57.625129779291449, -25.273093253627941 ], [ -57.62520346721454, -25.273065321067357 ], [ -57.625238412807057, -25.272991764782628 ], [ -57.625242395216254, -25.272886686251038 ], [ -57.625273440099633, -25.272792288027887 ], [ -57.625285106942023, -25.272715402404927 ], [ -57.62539719754632, -25.272687819975292 ], [ -57.625422577050621, -25.272589490404844 ], [ -57.625396059571017, -25.272452994251722 ], [ -57.625330425306949, -25.272403950025257 ], [ -57.625346332778115, -25.272316591011588 ], [ -57.625350287387221, -25.272299129297881 ], [ -57.625316189668411, -25.272141953077078 ], [ -57.625351411211504, -25.272058353769154 ], [ -57.625563698430625, -25.2720797520616 ], [ -57.625799030408665, -25.272073213372511 ], [ -57.625968671376953, -25.272115388468158 ], [ -57.626185062879486, -25.272122545552012 ], [ -57.626312814524915, -25.271993549444158 ], [ -57.626390834572042, -25.271857072189221 ], [ -57.626434268546497, -25.271674798547217 ], [ -57.626450009112425, -25.271559353728129 ], [ -57.626485032342778, -25.271409065376748 ], [ -57.626578143243869, -25.271300763882685 ], [ -57.626760150924014, -25.271206611190795 ], [ -57.626775367704354, -25.271206595337247 ], [ -57.626859910376631, -25.271108536229704 ], [ -57.626867664244401, -25.271091029443141 ], [ -57.626967464845201, -25.27101375670205 ], [ -57.626982802352401, -25.271006702008425 ], [ -57.627140617065322, -25.270943194294858 ], [ -57.627163839981165, -25.270932647428246 ], [ -57.627294999781945, -25.270932324845294 ], [ -57.627298863032898, -25.270932315650676 ], [ -57.627314314041207, -25.270932277073584 ], [ -57.62734903587404, -25.270939196699707 ], [ -57.627372237229345, -25.2709391414291 ], [ -57.627449321406452, -25.270981047206408 ], [ -57.627460893649413, -25.270988043541664 ], [ -57.627464084388528, -25.271079363598798 ], [ -57.627463977939939, -25.271093428020201 ], [ -57.627436260066212, -25.271167327956849 ], [ -57.627432378894667, -25.271167330007017 ], [ -57.627424482596716, -25.27118493495588 ], [ -57.627377453468576, -25.271244804238002 ], [ -57.62737354669386, -25.271248326451371 ], [ -57.627361826634825, -25.27126242217598 ], [ -57.627303117957801, -25.271399923181448 ], [ -57.627299215403966, -25.271406972655093 ], [ -57.62729915658327, -25.27141755474555 ], [ -57.627299058567367, -25.271435195175034 ], [ -57.627240324250671, -25.271579716508214 ], [ -57.627232503450827, -25.271597335574477 ], [ -57.627216948151847, -25.271618449769957 ], [ -57.62721302794467, -25.271629022984229 ], [ -57.627201373228658, -25.271643089521209 ], [ -57.627120008859919, -25.271755513541073 ], [ -57.62710847319326, -25.271773038213897 ], [ -57.627100786629988, -25.271783544348036 ], [ -57.627008694347964, -25.271923455512486 ], [ -57.627004845475795, -25.271937479842741 ], [ -57.626955107246033, -25.272006761162174 ], [ -57.626993117501875, -25.272062550338976 ], [ -57.627019818246033, -25.272072802018691 ], [ -57.627146110515497, -25.272089027693088 ], [ -57.627180669801604, -25.272085127801059 ], [ -57.627196040847252, -25.272084961342102 ], [ -57.627215265081979, -25.272084753221819 ], [ -57.627373429234716, -25.272068879199853 ], [ -57.627392774599251, -25.272068665123353 ], [ -57.627416058477905, -25.27206491605245 ], [ -57.627611577007144, -25.272039825473342 ], [ -57.627638967721545, -25.272039783046615 ], [ -57.627693771007934, -25.272039699891003 ], [ -57.627713351700258, -25.272039670798279 ], [ -57.627803329996993, -25.272096304320495 ], [ -57.62782680014444, -25.272117565026431 ], [ -57.6278385210951, -25.272135294246194 ], [ -57.62792066430692, -25.272231051877259 ], [ -57.62792847793478, -25.272245246954025 ], [ -57.62793629356004, -25.272259443827906 ], [ -57.627951606882903, -25.272429854818242 ], [ -57.627951574681354, -25.272444054376937 ], [ -57.627884647637529, -25.272546969759045 ], [ -57.627880694441323, -25.272561162519253 ], [ -57.627857134422165, -25.272575341160195 ], [ -57.627849260243103, -25.27258952892651 ], [ -57.627778490293757, -25.272685254338963 ], [ -57.627770622010992, -25.272699433045634 ], [ -57.627754688181554, -25.272816473564458 ], [ -57.62775465590228, -25.272830662286545 ], [ -57.627750714172571, -25.272841297011627 ], [ -57.627687829465827, -25.272940465550729 ], [ -57.627668184215928, -25.272954616676444 ], [ -57.627597243513485, -25.273036134277206 ], [ -57.627581460535254, -25.273057415636597 ], [ -57.627553646813588, -25.273135533191802 ], [ -57.627549688865876, -25.27314263347688 ], [ -57.627623967843597, -25.273213885449021 ], [ -57.627745691550757, -25.273210552082642 ], [ -57.627753568492075, -25.273203454990394 ], [ -57.627851695885838, -25.273210747748227 ], [ -57.62785561136581, -25.27321431255297 ], [ -57.627934005386983, -25.273260704195238 ], [ -57.627945738821126, -25.273278518234648 ], [ -57.627976741415594, -25.273449548753749 ], [ -57.627909722437202, -25.273552453696002 ], [ -57.627823130349888, -25.273623347788266 ], [ -57.627685599759154, -25.273633752439491 ], [ -57.627650089670155, -25.273701187253469 ], [ -57.627650074574383, -25.273708292445818 ], [ -57.627665540610451, -25.273818453685205 ], [ -57.627684999999502, -25.273900200904542 ], [ -57.627684984906011, -25.273907306096667 ], [ -57.627680862897961, -25.273992563489251 ], [ -57.627680855351166, -25.273996116085268 ], [ -57.627645400969605, -25.274063588587264 ], [ -57.627645409802263, -25.274070711738322 ], [ -57.627708297444528, -25.274120649753169 ], [ -57.627798599192253, -25.274159932637808 ], [ -57.627896690889266, -25.274195649627181 ], [ -57.628030182094463, -25.274153250959156 ], [ -57.628100691565635, -25.274206681841509 ], [ -57.628104616568805, -25.274206686810096 ], [ -57.628210413486485, -25.274263650055623 ], [ -57.628222192483143, -25.274263666741358 ], [ -57.628359275592061, -25.274349067110908 ], [ -57.628374952615246, -25.274356190375556 ], [ -57.62840630866264, -25.274370438697325 ], [ -57.628508060299318, -25.274434457250312 ], [ -57.628515875356733, -25.274441561604537 ], [ -57.628586027461068, -25.274537364452708 ], [ -57.628593813058266, -25.274548001624392 ], [ -57.628671871980558, -25.274618958797269 ], [ -57.628679675085806, -25.274626052356737 ], [ -57.628769366958323, -25.274707588712602 ], [ -57.628951057088528, -25.274864474623705 ], [ -57.629072246081904, -25.27497094135477 ], [ -57.629076155611791, -25.274974489895541 ], [ -57.629197429564513, -25.27504192311855 ], [ -57.629201346620818, -25.275041922673203 ], [ -57.629361869877016, -25.275116499434443 ], [ -57.629373623506034, -25.275120054249189 ], [ -57.629498876803474, -25.275219519166484 ], [ -57.629506703886506, -25.275226623414571 ], [ -57.629663189935492, -25.275382913353585 ], [ -57.629671017047897, -25.275390019398465 ], [ -57.629819556573835, -25.275517917150729 ], [ -57.629968050195565, -25.275628016010184 ], [ -57.629975853459158, -25.275635113109558 ], [ -57.630092964279228, -25.275727373484468 ], [ -57.630236694810748, -25.27586894169303 ], [ -57.630349618658428, -25.275918495077502 ], [ -57.630484680064086, -25.275916841699573 ], [ -57.630574725547504, -25.275856536619155 ], [ -57.63067645358506, -25.275870956933673 ], [ -57.630778047669466, -25.275920935876297 ], [ -57.630883494686756, -25.275970784493232 ], [ -57.631016446461587, -25.276009808980529 ], [ -57.631020346158607, -25.276013359316085 ], [ -57.631208334463246, -25.276041736231271 ], [ -57.631357380476857, -25.276055930199082 ], [ -57.631522313253811, -25.276052446743076 ], [ -57.631647640461033, -25.276059774054509 ], [ -57.631839364721735, -25.276099162101712 ], [ -57.631949026500735, -25.276113563819724 ], [ -57.632058762567318, -25.276078269017297 ], [ -57.632172292362057, -25.276110416807615 ], [ -57.632293445206969, -25.276157005779883 ], [ -57.632414593120913, -25.276157407769347 ], [ -57.632523824282643, -25.27616842089008 ], [ -57.632633590011274, -25.276101329484177 ], [ -57.632709424469347, -25.276056403212451 ], [ -57.632858053149377, -25.276028403794037 ], [ -57.633045759614845, -25.275936920834166 ], [ -57.633182557533083, -25.275845419474877 ], [ -57.63328008898128, -25.275799816456903 ], [ -57.633397279309861, -25.275757668919464 ], [ -57.633545890331995, -25.275690796617919 ], [ -57.633690185300708, -25.275634717778267 ], [ -57.633893105625852, -25.275564586735662 ], [ -57.634017726483847, -25.275547296390119 ], [ -57.634100124836266, -25.275508463826654 ], [ -57.634097418080074, -25.275458517463079 ], [ -57.634035571063343, -25.275443949846746 ], [ -57.633933930263503, -25.275468492243412 ], [ -57.633824573631941, -25.275489433874789 ], [ -57.633723221445585, -25.275496132617466 ], [ -57.633657271905626, -25.27547797932813 ], [ -57.633634891899852, -25.275395772324096 ], [ -57.63365876898493, -25.27531416499707 ], [ -57.633756976608147, -25.275208033391056 ], [ -57.633840902233501, -25.275093860983073 ], [ -57.633950737770647, -25.27504091353719 ], [ -57.633993755561683, -25.274998423109029 ], [ -57.634017072635878, -25.27488479270739 ], [ -57.634079807502019, -25.274849337117676 ], [ -57.634087657561544, -25.274849350347978 ], [ -57.634170097115494, -25.274895735682545 ], [ -57.634252468185352, -25.274949186651586 ], [ -57.634334879521546, -25.274920966435037 ], [ -57.634307451327579, -25.274871126328431 ], [ -57.634303527644853, -25.274867558122388 ], [ -57.634221102521934, -25.274803319693234 ], [ -57.634177887170658, -25.274735544391515 ], [ -57.634229028376815, -25.274703658609706 ], [ -57.634303668051011, -25.274707345522149 ], [ -57.634386139698364, -25.274721703371025 ], [ -57.634456710151028, -25.274793148363607 ], [ -57.634577940291713, -25.274921527113506 ], [ -57.634648205729164, -25.27498202305442 ], [ -57.634762071120832, -25.274932519937192 ], [ -57.634860687709327, -25.2748437693763 ], [ -57.634982355874712, -25.274833326944005 ], [ -57.635099686318853, -25.27484434125379 ], [ -57.635192178577007, -25.274812412642415 ], [ -57.635301974726559, -25.274805472463918 ], [ -57.635369240994763, -25.274880445866586 ], [ -57.635490759415234, -25.274887782715073 ], [ -57.63562404363622, -25.274909367527076 ], [ -57.635792540032817, -25.274916920797789 ], [ -57.635937241175981, -25.274956300212803 ], [ -57.636030905856444, -25.274991936905757 ], [ -57.636128617380123, -25.274985022906257 ], [ -57.636285339129408, -25.274942722563651 ], [ -57.636414161315081, -25.274960704705791 ], [ -57.636518558934824, -25.275035298908783 ], [ -57.6366003939265, -25.275042518823525 ], [ -57.636697534048395, -25.275063899156105 ], [ -57.6367237049176, -25.275120401437388 ], [ -57.636789926055783, -25.275120520278278 ], [ -57.636841844724358, -25.275064156055439 ], [ -57.636902051258168, -25.275063524186272 ], [ -57.636949462253419, -25.275131845857423 ], [ -57.636985004145075, -25.275192788528955 ], [ -57.637058925234726, -25.275196497010111 ], [ -57.637120985674954, -25.275164405971964 ], [ -57.637195063813344, -25.275203893956277 ], [ -57.637280629307064, -25.275218341570717 ], [ -57.637335033986822, -25.275175533714869 ], [ -57.637432328401204, -25.275161389108661 ], [ -57.637552866313918, -25.275186662860353 ], [ -57.637576186954995, -25.275190280830468 ], [ -57.637672910474315, -25.275261876752449 ], [ -57.637692300076324, -25.275265477373875 ], [ -57.637715516816932, -25.275276195470198 ], [ -57.637855170316023, -25.275308094149153 ], [ -57.637967467548705, -25.275347123962586 ], [ -57.638002374787852, -25.27535420460168 ], [ -57.63800626403107, -25.275354202236599 ], [ -57.638157572676981, -25.2753825175473 ], [ -57.638176973907655, -25.275386056647481 ], [ -57.638351675729183, -25.275414362706691 ], [ -57.638482764998884, -25.275408032422717 ], [ -57.638490412770594, -25.275408100475794 ], [ -57.638519924398075, -25.275443883072573 ], [ -57.638527303465821, -25.275451057403242 ], [ -57.638538113219369, -25.275468910686779 ], [ -57.638545353860565, -25.275479618306999 ], [ -57.638588400623284, -25.275550725228332 ], [ -57.638763560954345, -25.275618742691464 ], [ -57.638881100417329, -25.275682371389784 ], [ -57.638932621097489, -25.275726527324778 ], [ -57.639063989069186, -25.275803307473119 ], [ -57.639084541706659, -25.275815042872594 ], [ -57.639124085817379, -25.275832464639841 ], [ -57.639313274546225, -25.275856150067401 ], [ -57.639351830818789, -25.275867758670895 ], [ -57.639377930370507, -25.275879303838355 ], [ -57.639538196974925, -25.275931220482722 ], [ -57.6395567379301, -25.275931290037068 ], [ -57.639593819840329, -25.275931429138776 ], [ -57.639618428994503, -25.275931479610133 ], [ -57.64023357188497, -25.275915606161089 ], [ -57.640319120153052, -25.275898606431792 ], [ -57.641405738775461, -25.275839333299857 ], [ -57.641829547908756, -25.275621832269916 ], [ -57.642550918878683, -25.275193793330985 ], [ -57.643328167918611, -25.274731802309148 ], [ -57.643839843615631, -25.27446288720628 ], [ -57.645056030172604, -25.273846249669436 ], [ -57.645798230410861, -25.273475438006692 ], [ -57.646478216366376, -25.273139355164783 ], [ -57.647220999130646, -25.272874767412493 ], [ -57.647246673067343, -25.272874961856171 ], [ -57.647709902251378, -25.272746724533253 ], [ -57.647735590658023, -25.272747030805625 ], [ -57.648143095125768, -25.272732062856438 ], [ -57.650970757421, -25.269205525245397 ], [ -57.65095899128066, -25.269198139706074 ], [ -57.649442382583018, -25.268246137548811 ], [ -57.644071692319628, -25.264987118347964 ], [ -57.639574170674159, -25.261949878177155 ], [ -57.635326609577454, -25.259137181502293 ], [ -57.631830582876987, -25.257115822371727 ], [ -57.627836046856324, -25.254983618117961 ], [ -57.622844978204888, -25.252738113764572 ], [ -57.616984250708953, -25.250726349559731 ], [ -57.611468744038177, -25.249147108606056 ], [ -57.605353558952324, -25.257603374862086 ], [ -57.605337539969284, -25.257625525417996 ], [ -57.60095870706018, -25.263679843616419 ], [ -57.600958509790729, -25.263680117139131 ], [ -57.600550559540196, -25.264244124312491 ], [ -57.600446947524311, -25.264228471566948 ], [ -57.600409069062707, -25.264228625626181 ], [ -57.600366208631982, -25.264242578601444 ] ] ] ] } },
{ "type": "Feature", "properties": { "DPTO": "00", "DISTRITO": "00", "DPTO_DESC": "ASUNCION", "DIST_DESC": "ASUNCION", "AREA": "1", "BAR_LOC": "021", "BARLO_DESC": "LAS MERCEDES", "CLAVE": "0000021", "nombre": "Las Mercedes", "fuente": "INE Cartografía Digital 2012" }, "geometry": { "type": "MultiPolygon", "coordinates": [ [ [ [ -57.611147009346759, -25.272215987852746 ], [ -57.610797100836315, -25.272808929607663 ], [ -57.609962563583508, -25.27386894145458 ], [ -57.609841434955243, -25.274099718012558 ], [ -57.609846478540064, -25.274239668849226 ], [ -57.609786397818723, -25.275445479514765 ], [ -57.609741547932408, -25.275414058321346 ], [ -57.609727383922881, -25.276181703303134 ], [ -57.609719189787207, -25.276529408647487 ], [ -57.609698941272299, -25.277446080701957 ], [ -57.609680334607859, -25.278132469997725 ], [ -57.609663940406456, -25.278516330833916 ], [ -57.609643388492607, -25.27899954350481 ], [ -57.609620837400165, -25.279704009803098 ], [ -57.609615097339102, -25.279983976666909 ], [ -57.60961286859397, -25.280096866173977 ], [ -57.609597243129173, -25.280764794660545 ], [ -57.609597120477794, -25.280770063516098 ], [ -57.609583712754258, -25.281343185019502 ], [ -57.609563260153983, -25.282219220437554 ], [ -57.609555342335888, -25.282684319834249 ], [ -57.609554279889657, -25.28271777109601 ], [ -57.609543004460804, -25.283072678889862 ], [ -57.609539391825621, -25.283591942967305 ], [ -57.609535756228205, -25.284355028415966 ], [ -57.609541349770545, -25.284666554749933 ], [ -57.609530490343239, -25.285723158497312 ], [ -57.609550714270874, -25.287533673361246 ], [ -57.610078635272437, -25.289567849344088 ], [ -57.610172962649322, -25.289933190886096 ], [ -57.610477443832785, -25.291105884504802 ], [ -57.610888905288036, -25.292689017760221 ], [ -57.611199720154346, -25.293884259037238 ], [ -57.611599822466353, -25.293756174924031 ], [ -57.612150986837044, -25.293482976411266 ], [ -57.613017141737792, -25.293009798224251 ], [ -57.61390022812455, -25.29250945334044 ], [ -57.614023116848408, -25.292441213815742 ], [ -57.614764945422408, -25.292000149394024 ], [ -57.615430085338517, -25.291618098889519 ], [ -57.6156145602599, -25.291513479485907 ], [ -57.615943582006203, -25.291326982731558 ], [ -57.616473171334725, -25.291026767155099 ], [ -57.616899357866629, -25.290781164583851 ], [ -57.61736702276221, -25.29051281120563 ], [ -57.617824775726291, -25.290249013079642 ], [ -57.618246300308485, -25.290003426195359 ], [ -57.618674033094102, -25.289757812087011 ], [ -57.619112270755608, -25.289503122266659 ], [ -57.618490943845437, -25.288665901030058 ], [ -57.618246015510927, -25.288355378736572 ], [ -57.617710031385748, -25.287635191517175 ], [ -57.61721525357548, -25.286959981838287 ], [ -57.616670166867294, -25.286217252585267 ], [ -57.616610604015939, -25.285978195697016 ], [ -57.61655599364736, -25.285490781809777 ], [ -57.616466245881391, -25.284868058524388 ], [ -57.616440192376544, -25.284687559164642 ], [ -57.61627393317255, -25.283419480847201 ], [ -57.616242995981388, -25.283193849742272 ], [ -57.616149806842706, -25.282503412293387 ], [ -57.616098139329154, -25.282106289816301 ], [ -57.616083338433292, -25.28200250184933 ], [ -57.616041496785385, -25.281645975160885 ], [ -57.615903189297285, -25.280748026167462 ], [ -57.615761809299833, -25.27991781785936 ], [ -57.615858997735501, -25.27974131912406 ], [ -57.615958840096894, -25.279536565712142 ], [ -57.615967566944533, -25.279467433945516 ], [ -57.615963807018531, -25.279452948595573 ], [ -57.615959871482382, -25.279449318540767 ], [ -57.615932672963844, -25.279398458974512 ], [ -57.615924833045021, -25.279387532383279 ], [ -57.615917751708558, -25.27932187468009 ], [ -57.615918006977203, -25.279303583405934 ], [ -57.615918211106397, -25.279288933409745 ], [ -57.615955302142048, -25.279226537336029 ], [ -57.615959554155019, -25.279211805424044 ], [ -57.615980770900613, -25.279145305358423 ], [ -57.615981011860548, -25.279130476405911 ], [ -57.615985232401954, -25.279119347761331 ], [ -57.616011466846899, -25.279014703931352 ], [ -57.616011820925799, -25.278995920989239 ], [ -57.616034028870587, -25.278901501947882 ], [ -57.61603425350328, -25.27889012810116 ], [ -57.616065063331703, -25.278790753372096 ], [ -57.616155511119707, -25.278635592557293 ], [ -57.616268466592466, -25.278517795868549 ], [ -57.616332214092132, -25.278433268601525 ], [ -57.616340598762719, -25.278426209721921 ], [ -57.616400389498324, -25.27835509467501 ], [ -57.616408995992366, -25.278344370321104 ], [ -57.616448966322039, -25.278272451259074 ], [ -57.61645799449996, -25.278254372573866 ], [ -57.616462597662704, -25.278243502393067 ], [ -57.616524768065723, -25.27814882963532 ], [ -57.61653354999617, -25.278137842659117 ], [ -57.616538352287002, -25.278123140940352 ], [ -57.616575329661039, -25.27804192398678 ], [ -57.61657600941372, -25.278027069719741 ], [ -57.616652792074085, -25.277911291365836 ], [ -57.616699725739124, -25.277816844751879 ], [ -57.616778763013173, -25.277752205204045 ], [ -57.616787703576733, -25.277740780477576 ], [ -57.616865057008859, -25.277622068354738 ], [ -57.616926309131621, -25.277498337572858 ], [ -57.61699240576111, -25.277378897632715 ], [ -57.617082229559365, -25.277233150364975 ], [ -57.617198038687327, -25.277093644556391 ], [ -57.617306616036686, -25.276941354744267 ], [ -57.617306762055236, -25.27693370356214 ], [ -57.617458458637579, -25.27676873696867 ], [ -57.617462879002538, -25.276761024556112 ], [ -57.617574088289743, -25.276563338454785 ], [ -57.617720332617886, -25.276379370930563 ], [ -57.617720445794312, -25.276375438612114 ], [ -57.617753149034165, -25.276284771762253 ], [ -57.617839178880139, -25.276222513506831 ], [ -57.617851802396714, -25.27622255276713 ], [ -57.617872842262187, -25.276222620001828 ], [ -57.618028489635734, -25.276238340403566 ], [ -57.618053728735369, -25.27623842072996 ], [ -57.61807896783494, -25.276238501052021 ], [ -57.618322754797973, -25.27625829132279 ], [ -57.618335370381317, -25.27625833238098 ], [ -57.618562485115611, -25.276255245815086 ], [ -57.618570955666456, -25.27625146810502 ], [ -57.618769399788164, -25.276214021447821 ], [ -57.618786478388536, -25.276202640141804 ], [ -57.618915264992872, -25.276099854071301 ], [ -57.618919669662446, -25.276092203088794 ], [ -57.619011027797079, -25.27598876477683 ], [ -57.619023926061551, -25.275981103449787 ], [ -57.619032595279947, -25.275973423739369 ], [ -57.619185186043566, -25.275865186159042 ], [ -57.619211072618434, -25.275857439617312 ], [ -57.61922842972178, -25.275849680096329 ], [ -57.619419107233185, -25.275681732270051 ], [ -57.619427863002663, -25.275677807021573 ], [ -57.61965619017468, -25.275488147059527 ], [ -57.619689644487607, -25.275449869323612 ], [ -57.619754710508232, -25.275375423848786 ], [ -57.619763452154693, -25.275364032289914 ], [ -57.619920844811752, -25.275219110295502 ], [ -57.619929605371844, -25.27521144640431 ], [ -57.619988751391496, -25.275099780636687 ], [ -57.619993811853298, -25.275076572874418 ], [ -57.619994207686766, -25.27506495448084 ], [ -57.620000557707044, -25.27487804509196 ], [ -57.619996511501725, -25.274870220074469 ], [ -57.619976802294467, -25.274662102947346 ], [ -57.619977256427909, -25.274646321284983 ], [ -57.619977595508409, -25.274634479174786 ], [ -57.620025330666024, -25.274476089169603 ], [ -57.620175600753683, -25.27425766934924 ], [ -57.6201882821778, -25.274246476133513 ], [ -57.620315177684461, -25.274156805365877 ], [ -57.620399611641851, -25.27412696252437 ], [ -57.620429085923377, -25.274123289665987 ], [ -57.6205513582752, -25.274101053825913 ], [ -57.620559816824723, -25.274097301339339 ], [ -57.620580854912163, -25.274093577230776 ], [ -57.620597647529671, -25.27409362220774 ], [ -57.620809150858307, -25.274049014615013 ], [ -57.620917202513581, -25.273977506918619 ], [ -57.620921571071548, -25.273973728272772 ], [ -57.620931219933759, -25.273836587854625 ], [ -57.620931827243794, -25.273821266096355 ], [ -57.620922435302262, -25.273597483054154 ], [ -57.620904777445439, -25.27332394646259 ], [ -57.620856916397649, -25.273131319442037 ], [ -57.6207692625782, -25.272984515774038 ], [ -57.620756681328423, -25.272964606043484 ], [ -57.62070310313652, -25.272813183528644 ], [ -57.620691998820512, -25.272754046656928 ], [ -57.620691137167142, -25.272751782741949 ], [ -57.620611739998772, -25.272741105832832 ], [ -57.620605293724381, -25.272537487914843 ], [ -57.620594125632508, -25.272460328385993 ], [ -57.620594173407589, -25.272453318772129 ], [ -57.620586833038956, -25.272386726800626 ], [ -57.620598626148031, -25.27236924308172 ], [ -57.620673105158417, -25.272281932619073 ], [ -57.620680901557975, -25.272278455629824 ], [ -57.620754906749745, -25.27225069552356 ], [ -57.620812880339464, -25.272299811965354 ], [ -57.620866984692633, -25.272345419183502 ], [ -57.62087472927616, -25.272348935560125 ], [ -57.621200529121786, -25.272304377577175 ], [ -57.621308928048656, -25.272252265485527 ], [ -57.621316676876617, -25.272245301114765 ], [ -57.621394101389612, -25.272186158226749 ], [ -57.621401876435463, -25.272168741932276 ], [ -57.621413595348052, -25.272123453796727 ], [ -57.621293739233529, -25.272178996989023 ], [ -57.621177547227042, -25.272244978279168 ], [ -57.621030614255126, -25.27219915495791 ], [ -57.620809617780225, -25.272191455215122 ], [ -57.62066224526022, -25.272156023775619 ], [ -57.620501930171166, -25.272249893607516 ], [ -57.62049400438962, -25.272263864481186 ], [ -57.620254167608934, -25.27233662470379 ], [ -57.620139912079175, -25.272389036966629 ], [ -57.620027637314735, -25.272300822702341 ], [ -57.61981003995372, -25.272272145768721 ], [ -57.619751628732544, -25.272250979921676 ], [ -57.619622973556297, -25.272314178587191 ], [ -57.619490733230222, -25.272310521910807 ], [ -57.619416980239137, -25.272278858341739 ], [ -57.619327917822801, -25.272173404566455 ], [ -57.619192388559057, -25.272110288860439 ], [ -57.619110914346685, -25.272067916741449 ], [ -57.61910321013616, -25.271983473059503 ], [ -57.618986589273746, -25.271940834699347 ], [ -57.618890049998029, -25.271885296063626 ], [ -57.618828172038491, -25.27181497191723 ], [ -57.618843920865849, -25.271713048121015 ], [ -57.618665444392775, -25.271688227595611 ], [ -57.618506151535449, -25.271656353170609 ], [ -57.618436208367093, -25.271596368170748 ], [ -57.618393669153704, -25.271473105919057 ], [ -57.618432929918669, -25.271332381050883 ], [ -57.618432937901126, -25.271328860957787 ], [ -57.618472042995634, -25.271251497804407 ], [ -57.618472055031667, -25.271244466665046 ], [ -57.618444957542899, -25.271163595356288 ], [ -57.618444977636031, -25.271153058572008 ], [ -57.613922214568348, -25.270174184004144 ], [ -57.613609488900352, -25.27007254831527 ], [ -57.613406216518086, -25.270080366516908 ], [ -57.613226397003757, -25.270174183142814 ], [ -57.612944943918862, -25.270440001658137 ], [ -57.612561853357874, -25.270846545508466 ], [ -57.612210037748248, -25.271229636665762 ], [ -57.61169403769285, -25.271667452862179 ], [ -57.61143603882104, -25.271948907769548 ], [ -57.611263199397364, -25.272199067694043 ], [ -57.611223790233524, -25.27220480629218 ], [ -57.611221112675331, -25.272205196658796 ], [ -57.611147009346759, -25.272215987852746 ] ] ] ] } },
{ "type": "Feature", "properties": { "DPTO": "00", "DISTRITO": "00", "DPTO_DESC": "ASUNCION", "DIST_DESC": "ASUNCION", "AREA": "1", "BAR_LOC": "007", "BARLO_DESC": "JUKYTY", "CLAVE": "0000007", "nombre": "Jukyty", "fuente": "INE Cartografía Digital 2012" }, "geometry": { "type": "MultiPolygon", "coordinates": [ [ [ [ -57.640477912083767, -25.325200034254213 ], [ -57.640280724187242, -25.325739405228912 ], [ -57.639926911598309, -25.325693969860552 ], [ -57.639877097844455, -25.325857359808666 ], [ -57.639543973339435, -25.326865656638461 ], [ -57.639442846084279, -25.327186883670326 ], [ -57.639228694635584, -25.327680621593572 ], [ -57.639210848914708, -25.327954260321214 ], [ -57.639276283919237, -25.328323075978723 ], [ -57.639283500881987, -25.328391639980975 ], [ -57.639347317552421, -25.328401769662207 ], [ -57.639352490436288, -25.328439258317246 ], [ -57.639237285095611, -25.328674034761548 ], [ -57.639214692069039, -25.32875076507565 ], [ -57.639169396191832, -25.328883328173568 ], [ -57.639109208165756, -25.329099555052633 ], [ -57.639033068065238, -25.329197418280046 ], [ -57.638926303292735, -25.329302380260511 ], [ -57.638881006908193, -25.329434943270009 ], [ -57.638996277590927, -25.32949017684027 ], [ -57.639111549365602, -25.329545409410585 ], [ -57.639127245284804, -25.329615007630387 ], [ -57.639135422998443, -25.32971250515806 ], [ -57.639135569332737, -25.329740371223096 ], [ -57.639220399699489, -25.329837536239765 ], [ -57.639320670126281, -25.329955534011489 ], [ -57.639352282909421, -25.330136529027193 ], [ -57.639376449793801, -25.330359356836503 ], [ -57.639377035365357, -25.330470820177915 ], [ -57.639492747514673, -25.330609651504265 ], [ -57.639600794306496, -25.330748515104258 ], [ -57.638409771710457, -25.332161795033272 ], [ -57.638389215224606, -25.33248186839549 ], [ -57.638378037576054, -25.332677490269138 ], [ -57.638360190947516, -25.333296149600361 ], [ -57.638312602188812, -25.333816657076017 ], [ -57.638366139682574, -25.334179524637776 ], [ -57.638526753848495, -25.334926080905863 ], [ -57.638645726425892, -25.335407921862384 ], [ -57.638687367543071, -25.335657764854577 ], [ -57.638800391552785, -25.335919505515935 ], [ -57.63897885107864, -25.336074170570328 ], [ -57.63915731034681, -25.336139605869189 ], [ -57.63927033487596, -25.336205041348368 ], [ -57.639377410989425, -25.336407295695739 ], [ -57.639442845646641, -25.336466781596329 ], [ -57.63976407339775, -25.336597652299602 ], [ -57.639846485914909, -25.336671823443591 ], [ -57.639817610983577, -25.336704728017562 ], [ -57.639621305668037, -25.336960519989407 ], [ -57.639466640895563, -25.337144927773615 ], [ -57.639175156996515, -25.337323387519053 ], [ -57.639080873792494, -25.337413571507877 ], [ -57.639072382959604, -25.337434027706333 ], [ -57.638845963150757, -25.338015819300338 ], [ -57.638425350392687, -25.338103430786255 ], [ -57.638658015892432, -25.339506403315223 ], [ -57.638705942635553, -25.339795399642977 ], [ -57.638659413061731, -25.341100322637939 ], [ -57.638658210236308, -25.34117273023487 ], [ -57.638602274909957, -25.342226379150336 ], [ -57.638632352824985, -25.343109535591708 ], [ -57.639987726549656, -25.343261992099688 ], [ -57.640640007723839, -25.343408156667053 ], [ -57.641136854996176, -25.343582085915653 ], [ -57.642002950077654, -25.343876313671611 ], [ -57.642994171262664, -25.344224171928897 ], [ -57.643602602975811, -25.344415666185665 ], [ -57.6452109156928, -25.344962582905445 ], [ -57.645279776881765, -25.344791978687304 ], [ -57.645366841324076, -25.344572346803382 ], [ -57.64536666149418, -25.344563925927563 ], [ -57.64548030772086, -25.344377578798159 ], [ -57.645638931771408, -25.344233523827643 ], [ -57.645882055794921, -25.344099105556715 ], [ -57.646070027399936, -25.34404514864309 ], [ -57.646383134452641, -25.343987687670865 ], [ -57.646596347936601, -25.343853273071122 ], [ -57.646788397681313, -25.343657402344867 ], [ -57.646936206144034, -25.343446578260213 ], [ -57.647004668318338, -25.343225482949521 ], [ -57.647012452868957, -25.342983319150669 ], [ -57.647007250187649, -25.342793221540902 ], [ -57.647032133490519, -25.342421944949272 ], [ -57.647092029672187, -25.342077289388929 ], [ -57.647123417813944, -25.341847295851355 ], [ -57.64712307036158, -25.341830549769057 ], [ -57.647133259730772, -25.341635513566398 ], [ -57.647128257041977, -25.341618262371504 ], [ -57.647077335957, -25.341434553143664 ], [ -57.647005286529492, -25.341231729230348 ], [ -57.646938360143388, -25.340951408139826 ], [ -57.646862506230526, -25.34056373957301 ], [ -57.646826425656606, -25.340371754691798 ], [ -57.646821408042115, -25.340363264754302 ], [ -57.646815795898981, -25.340342010375039 ], [ -57.646814614511662, -25.340316429082328 ], [ -57.646803371490357, -25.339969866248662 ], [ -57.64680316269029, -25.339965357428472 ], [ -57.646775866635096, -25.339701967398355 ], [ -57.64674417080257, -25.339363092431466 ], [ -57.64673406896955, -25.339029255466876 ], [ -57.646723148058086, -25.338788441519061 ], [ -57.646780559240483, -25.33856675176543 ], [ -57.646890475708737, -25.338366603514565 ], [ -57.647037829545582, -25.338098402671246 ], [ -57.647087871857345, -25.337840306038935 ], [ -57.647035119290614, -25.337622791619367 ], [ -57.647034851340663, -25.337606413614598 ], [ -57.646988120775561, -25.337541214102604 ], [ -57.646993066633542, -25.337538286426511 ], [ -57.646998396791346, -25.337538300944512 ], [ -57.647080069375349, -25.337512205833796 ], [ -57.647089971502389, -25.337503451699135 ], [ -57.647099875596098, -25.337494693943047 ], [ -57.64715325778068, -25.337421447562072 ], [ -57.647153359642154, -25.33741556476868 ], [ -57.647153511426325, -25.337406737873906 ], [ -57.647137975772679, -25.337359559521605 ], [ -57.647138175320819, -25.337347756025736 ], [ -57.64713842270865, -25.337332990376961 ], [ -57.64713698300659, -25.337223352443836 ], [ -57.647137231863255, -25.337208489260981 ], [ -57.647134147775709, -25.337196584601116 ], [ -57.647096941174418, -25.337056183982348 ], [ -57.64709369180828, -25.33705318393643 ], [ -57.64708074198483, -25.337038183672604 ], [ -57.646996601780153, -25.336920834053455 ], [ -57.646986845323539, -25.336908763638402 ], [ -57.646915120788741, -25.336821049308046 ], [ -57.646911877007803, -25.336814986150813 ], [ -57.646849500120844, -25.336760370185296 ], [ -57.646803928909598, -25.336724573632136 ], [ -57.646708154920468, -25.336684171653015 ], [ -57.646708613793699, -25.336598137832315 ], [ -57.646677048644207, -25.336488530979267 ], [ -57.64667713724225, -25.336471174325439 ], [ -57.646671280851429, -25.33634895666043 ], [ -57.646671293133089, -25.336346032590551 ], [ -57.646655477093333, -25.33625500961498 ], [ -57.64665226227968, -25.336246164986953 ], [ -57.646584148052334, -25.336157455744846 ], [ -57.646580897057667, -25.33615152445352 ], [ -57.646574388958179, -25.336142625646911 ], [ -57.64647645852969, -25.336044485908705 ], [ -57.646469894510197, -25.336032540514076 ], [ -57.646417205813201, -25.335939649287109 ], [ -57.646417155794389, -25.335930608354509 ], [ -57.646410125956969, -25.335845942061791 ], [ -57.646431792579378, -25.33563586686428 ], [ -57.646446630536246, -25.335584361465273 ], [ -57.646455934594499, -25.335570038291909 ], [ -57.646478956503699, -25.335446003406354 ], [ -57.646485160971913, -25.335434419181766 ], [ -57.646484977570637, -25.335425709343518 ], [ -57.646479264237996, -25.335309046472922 ], [ -57.646475835087998, -25.335300249737518 ], [ -57.646470377458357, -25.335197299181047 ], [ -57.646470248705697, -25.335191393919004 ], [ -57.646469995127006, -25.33517957434735 ], [ -57.646481202780109, -25.335081797275532 ], [ -57.646481095676016, -25.335075852185014 ], [ -57.646543187778619, -25.335075946339067 ], [ -57.646553181648933, -25.335087853201788 ], [ -57.646662566627441, -25.335200651214564 ], [ -57.646678906310349, -25.335203638964956 ], [ -57.646698535077064, -25.335206641172991 ], [ -57.646705101038592, -25.335209608610157 ], [ -57.646868830335436, -25.335280706111106 ], [ -57.646875364441442, -25.335283661037966 ], [ -57.646888399433408, -25.33528369591308 ], [ -57.647051334957645, -25.335292935417879 ], [ -57.647064366811712, -25.335284158509094 ], [ -57.647077406331441, -25.335278318224198 ], [ -57.64718837293767, -25.335240365829023 ], [ -57.647208006799765, -25.335228630471342 ], [ -57.647224375201745, -25.335219828054715 ], [ -57.647237484337012, -25.335211012864004 ], [ -57.647244016738092, -25.335211031123297 ], [ -57.647385426474223, -25.335122573733578 ], [ -57.647395389364441, -25.335110712883317 ], [ -57.647504997796659, -25.335018499442629 ], [ -57.647521639595219, -25.335006558660261 ], [ -57.647535000262586, -25.334994603400308 ], [ -57.647672035207947, -25.334901617301057 ], [ -57.647682027299894, -25.334898611430791 ], [ -57.647862312595201, -25.334787856602183 ], [ -57.647887489569108, -25.334709433185136 ], [ -57.647903573765475, -25.33468833265432 ], [ -57.647903486087969, -25.334685302466006 ], [ -57.647916414718317, -25.334670226388901 ], [ -57.647926008503589, -25.334655123437294 ], [ -57.647987277573272, -25.334573478189458 ], [ -57.647997152199316, -25.334567453077334 ], [ -57.648010295728106, -25.334558402879537 ], [ -57.648150118581334, -25.334379713610556 ], [ -57.648169221377792, -25.334357862897669 ], [ -57.648178725633151, -25.334345362860677 ], [ -57.648188117778162, -25.334329724378588 ], [ -57.648258091316052, -25.334235477748706 ], [ -57.648377598901583, -25.334203661821736 ], [ -57.648593173268765, -25.334179840976933 ], [ -57.648596553804211, -25.334179867634266 ], [ -57.648688353888183, -25.334218050010588 ], [ -57.648695149464089, -25.334221220433658 ], [ -57.648705289565761, -25.334224372518221 ], [ -57.648789788500643, -25.334258850232867 ], [ -57.648803265252539, -25.334261996647491 ], [ -57.648809986390219, -25.334262014006974 ], [ -57.648884538960921, -25.334327426368446 ], [ -57.648891335535154, -25.334336744616191 ], [ -57.648979199064321, -25.33442971661545 ], [ -57.648989322716531, -25.334442076061183 ], [ -57.6490531598674, -25.334506726417555 ], [ -57.649136713820113, -25.33454058680482 ], [ -57.649146802998004, -25.334583358683386 ], [ -57.649150242204264, -25.334644298150636 ], [ -57.649160322238266, -25.33470509638072 ], [ -57.64919026057963, -25.334717308902682 ], [ -57.649203560101995, -25.334720376593747 ], [ -57.649256740565072, -25.334735674384717 ], [ -57.649260063388837, -25.334735683220295 ], [ -57.649279965435163, -25.334769047407729 ], [ -57.649303150772035, -25.334808416729334 ], [ -57.649359454519441, -25.334844788305865 ], [ -57.649366076523215, -25.334847822201176 ], [ -57.6494288482656, -25.334893365325261 ], [ -57.649442056694568, -25.334899467581199 ], [ -57.649494660859418, -25.334950863793416 ], [ -57.649501227362336, -25.334956901409377 ], [ -57.649511090919169, -25.334962958804827 ], [ -57.649543766567191, -25.33500806022866 ], [ -57.649582888716047, -25.335059049882588 ], [ -57.649582799368439, -25.335070977514135 ], [ -57.649635023341084, -25.335109949638568 ], [ -57.649664376526275, -25.335127924175101 ], [ -57.64968693445865, -25.335166622536736 ], [ -57.649735823010985, -25.335184606630882 ], [ -57.649800956059572, -25.335202623812911 ], [ -57.64983349124784, -25.335196832751755 ], [ -57.649878047959952, -25.335241323617993 ], [ -57.649893011761868, -25.335297381002324 ], [ -57.649926402612358, -25.335306305555182 ], [ -57.649946095598523, -25.335300479012176 ], [ -57.64999887590259, -25.335294746696519 ], [ -57.650011861782595, -25.335285960702759 ], [ -57.650044376017298, -25.33526545750243 ], [ -57.650057367833348, -25.335256667866414 ], [ -57.650132419291737, -25.335233331069858 ], [ -57.650205012290513, -25.335248277354825 ], [ -57.650320306747027, -25.335272148510541 ], [ -57.650403185184871, -25.33532521139345 ], [ -57.65045938433768, -25.335360499362629 ], [ -57.65052800105839, -25.335363593600331 ], [ -57.650612913708507, -25.335369648220379 ], [ -57.650740083189127, -25.335375797894464 ], [ -57.650756365488888, -25.335375837950416 ], [ -57.650779092755457, -25.33537589649314 ], [ -57.650873264776358, -25.335379061901179 ], [ -57.650889495416905, -25.335379103976674 ], [ -57.650928574833571, -25.335396717418799 ], [ -57.650932086492595, -25.335434621985947 ], [ -57.650977900544056, -25.335504534505048 ], [ -57.650994069966131, -25.335501674497323 ], [ -57.651000513654175, -25.335495881073626 ], [ -57.651065176743487, -25.335472801015968 ], [ -57.65107502017861, -25.335504788028153 ], [ -57.651026676281013, -25.335548173776761 ], [ -57.650981709118021, -25.335600161311795 ], [ -57.65101743787686, -25.335637809733061 ], [ -57.651094944634679, -25.335649555190283 ], [ -57.651132018843171, -25.335661204790437 ], [ -57.651146484486823, -25.335710211563743 ], [ -57.651190248920081, -25.335770669304285 ], [ -57.651222605878374, -25.335776491702408 ], [ -57.651272842099232, -25.335733547234643 ], [ -57.651275895697111, -25.335727806712818 ], [ -57.6512883688358, -25.335713458397123 ], [ -57.651324865209517, -25.335653166019554 ], [ -57.651327973919884, -25.335650296891721 ], [ -57.651407634204084, -25.335633316276041 ], [ -57.651414057362672, -25.335633342057314 ], [ -57.651462350143248, -25.335633507790412 ], [ -57.651478507287244, -25.335633550125493 ], [ -57.651521191903818, -25.335656737226802 ], [ -57.65152442134012, -25.335656744617832 ], [ -57.651586965938911, -25.335700095243695 ], [ -57.651590270401243, -25.335702979358221 ], [ -57.651610472131416, -25.335734635160154 ], [ -57.65163048787533, -25.335760505159055 ], [ -57.651633784342899, -25.335763380277577 ], [ -57.651666423239931, -25.335780653569913 ], [ -57.651669713727692, -25.335783525101952 ], [ -57.651718335389582, -25.335797960797088 ], [ -57.651753529116874, -25.335789468324393 ], [ -57.651759767116047, -25.335780896248618 ], [ -57.651794547252734, -25.335752329411246 ], [ -57.651813568838875, -25.335738033352975 ], [ -57.651832125368223, -25.335700733732686 ], [ -57.651835230578754, -25.335694987553108 ], [ -57.651862942810574, -25.335628777518878 ], [ -57.651875304331703, -25.335599916134363 ], [ -57.65191348874577, -25.335576927580291 ], [ -57.651945313062093, -25.335556782811995 ], [ -57.651928267104331, -25.335666439246388 ], [ -57.651928371511104, -25.335672201928052 ], [ -57.651928635455796, -25.335686598685889 ], [ -57.651970349912723, -25.335675209280534 ], [ -57.651982928375467, -25.335660876695727 ], [ -57.651992413489438, -25.335652277597781 ], [ -57.652039342250085, -25.335577396468349 ], [ -57.652077498010613, -25.335542764317751 ], [ -57.652083917524095, -25.335539885938424 ], [ -57.652093473766499, -25.335531212470741 ], [ -57.652106322688795, -25.335525448442382 ], [ -57.652154167662182, -25.335473218462528 ], [ -57.652160585351282, -25.335467405237335 ], [ -57.652202242091832, -25.335420796009057 ], [ -57.652251432453212, -25.335450138053798 ], [ -57.652251465983419, -25.335453056501422 ], [ -57.652346143556095, -25.335491194922774 ], [ -57.65235916435018, -25.335494138941993 ], [ -57.652440426336973, -25.335500170743501 ], [ -57.652456668913665, -25.335500212593203 ], [ -57.652541167375468, -25.335514974957118 ], [ -57.652573567390135, -25.335471392046369 ], [ -57.652573563680605, -25.335468477078965 ], [ -57.652563662610447, -25.335392465864118 ], [ -57.652547236148791, -25.335339604754761 ], [ -57.652573280093407, -25.335292576939356 ], [ -57.652609216433397, -25.335230646828354 ], [ -57.652681329216662, -25.33520714295803 ], [ -57.652687885450064, -25.335207159064264 ], [ -57.652769887105194, -25.33519847884223 ], [ -57.652825765032887, -25.335177855259904 ], [ -57.652904852564397, -25.335139416752522 ], [ -57.652911478203464, -25.335133479761389 ], [ -57.65294803989525, -25.335091837903374 ], [ -57.652978634013316, -25.3350021180281 ], [ -57.652982031719795, -25.33499311961717 ], [ -57.653059227221213, -25.334896927943671 ], [ -57.653065971282032, -25.334887880382269 ], [ -57.653072675895743, -25.334881850924805 ], [ -57.653146697257057, -25.33480930379006 ], [ -57.653150065380345, -25.334806274540938 ], [ -57.653214288716171, -25.334742515761636 ], [ -57.653260862857138, -25.334683962622631 ], [ -57.653315933712477, -25.334629673830964 ], [ -57.653329275684676, -25.334560682702747 ], [ -57.653323128093795, -25.334508702605458 ], [ -57.65331043863246, -25.334462334053878 ], [ -57.653356320888861, -25.334395609716612 ], [ -57.653356403382844, -25.334383954833157 ], [ -57.653376494925816, -25.334305110596233 ], [ -57.653379814258066, -25.334296329251046 ], [ -57.653416660063222, -25.334169999773184 ], [ -57.653416779565909, -25.334155245522943 ], [ -57.653414105003314, -25.334081290116206 ], [ -57.653477195192991, -25.333989430312851 ], [ -57.653546781220847, -25.333932994665329 ], [ -57.653613292011066, -25.333877883829285 ], [ -57.653687839598483, -25.33380284353327 ], [ -57.653697602887476, -25.333788366167564 ], [ -57.653746589958665, -25.333710014955557 ], [ -57.653789411026516, -25.333616612277318 ], [ -57.653789451070558, -25.333610749622302 ], [ -57.653812786862545, -25.333537343429004 ], [ -57.65381609588357, -25.333531460849201 ], [ -57.653826442591985, -25.333460613689724 ], [ -57.653816921095085, -25.333422069427336 ], [ -57.653830281147386, -25.333389436004264 ], [ -57.653908986537324, -25.333386666586684 ], [ -57.65392537986812, -25.333386709415777 ], [ -57.653928656946427, -25.33338671834964 ], [ -57.654062937800092, -25.333395983394961 ], [ -57.654113661965972, -25.333367654075055 ], [ -57.654175074007163, -25.333328289202274 ], [ -57.654239721468812, -25.333294499699317 ], [ -57.654255906118621, -25.333286040478615 ], [ -57.654259167959033, -25.333283215761575 ], [ -57.654333682444729, -25.333246510763271 ], [ -57.654340229879054, -25.333240844965665 ], [ -57.654392476000581, -25.333203984179363 ], [ -57.654451062895475, -25.333066871411994 ], [ -57.654492166485383, -25.33300086509249 ], [ -57.65449258736232, -25.332989331516977 ], [ -57.654446968412337, -25.332905261497071 ], [ -57.654443922425585, -25.33289944325254 ], [ -57.654391736626103, -25.332805954871432 ], [ -57.654391830171029, -25.332803025023249 ], [ -57.654387559930079, -25.332732515458858 ], [ -57.654369692521151, -25.332676370295271 ], [ -57.654318308480711, -25.33264067592269 ], [ -57.654315027448241, -25.332640667014758 ], [ -57.653984670759264, -25.332636841972239 ], [ -57.653968390743458, -25.332633829478926 ], [ -57.653906164390342, -25.332630699428687 ], [ -57.653893036295969, -25.332630665583395 ], [ -57.653827511018598, -25.332627524855781 ], [ -57.653817663956772, -25.33262749992258 ], [ -57.653804535862591, -25.3326274660694 ], [ -57.65374585065819, -25.332615425380897 ], [ -57.653739379934599, -25.332612434355628 ], [ -57.653618698285115, -25.332582342568152 ], [ -57.653605711054368, -25.332576344454534 ], [ -57.653595923486648, -25.332573335627568 ], [ -57.653482022575581, -25.33251624733013 ], [ -57.653472242753878, -25.332510238590878 ], [ -57.653246362511965, -25.332353404831881 ], [ -57.653233221384532, -25.332341311906116 ], [ -57.653015012681919, -25.332195603427486 ], [ -57.65284870597354, -25.332091783837384 ], [ -57.652835370400886, -25.3320856625792 ], [ -57.652745107195329, -25.332027168594582 ], [ -57.652569276772077, -25.331927938536939 ], [ -57.652488988408606, -25.331892897087833 ], [ -57.65240921561761, -25.331822794020837 ], [ -57.652368380661329, -25.331743686865394 ], [ -57.652333437211858, -25.331684828474543 ], [ -57.652314488036907, -25.331640580749895 ], [ -57.652302466346747, -25.331566654025831 ], [ -57.652266975571429, -25.331525051358266 ], [ -57.65221152429617, -25.331498176983924 ], [ -57.65220170907557, -25.331495177214752 ], [ -57.65209354707676, -25.331474075301607 ], [ -57.652087002917128, -25.331471082720686 ], [ -57.652024893425484, -25.331426220457725 ], [ -57.652015087909405, -25.331417240758544 ], [ -57.651962768425925, -25.331357310507656 ], [ -57.651959473526212, -25.33135730341413 ], [ -57.651897091295822, -25.331294152301687 ], [ -57.651890513013441, -25.331288125676846 ], [ -57.651847749764165, -25.331221783118053 ], [ -57.651837979420897, -25.331149240667642 ], [ -57.651838071765063, -25.331103778039608 ], [ -57.651865357328177, -25.331070140409448 ], [ -57.651917497415063, -25.331007577072452 ], [ -57.652010866091018, -25.33089554743427 ], [ -57.652192971365423, -25.330720566577931 ], [ -57.652205124277344, -25.330709616806651 ], [ -57.652497140762868, -25.330500843424222 ], [ -57.652826907272619, -25.330247530867886 ], [ -57.652839170858613, -25.330236486639592 ], [ -57.653170431885307, -25.329981981928466 ], [ -57.653675605907601, -25.329571430611178 ], [ -57.65397234635391, -25.329348537075902 ], [ -57.654066482204669, -25.329282228657327 ], [ -57.653498382181724, -25.329084854183154 ], [ -57.646826622946485, -25.327107065699082 ], [ -57.646416975243561, -25.326866095553484 ], [ -57.646392151764971, -25.326850820377363 ], [ -57.646193217228181, -25.326728399993669 ], [ -57.645814550260944, -25.326453005918804 ], [ -57.645587350900996, -25.326287769346912 ], [ -57.645432441172012, -25.326232691047977 ], [ -57.645119181062874, -25.326129417484267 ], [ -57.644940174511433, -25.326046798696524 ], [ -57.644761168357547, -25.325897053632321 ], [ -57.644661338352769, -25.32576968411923 ], [ -57.644551181084253, -25.325680180531812 ], [ -57.644478993505778, -25.325616743920943 ], [ -57.644437581204613, -25.325580350378615 ], [ -57.644382502442326, -25.32539101749661 ], [ -57.644334307836907, -25.325308398417839 ], [ -57.644265459353619, -25.325241271749928 ], [ -57.643952199515006, -25.32510357562435 ], [ -57.643891969532405, -25.325076630406521 ], [ -57.643821385881132, -25.325045054490744 ], [ -57.643666521543686, -25.324988343213402 ], [ -57.643576974177861, -25.324955551443171 ], [ -57.643321292463774, -25.324870323377084 ], [ -57.643225846626549, -25.324838508935937 ], [ -57.643090943774787, -25.32481340999778 ], [ -57.641908815517198, -25.324384771804191 ], [ -57.64098520773512, -25.324050154260334 ], [ -57.64079875808428, -25.324452052883029 ], [ -57.640798688317183, -25.324452200380872 ], [ -57.640775145352237, -25.324501219174461 ], [ -57.640477912083767, -25.325200034254213 ] ] ] ] } }
]
}
