{
"type": "FeatureCollection",
"name": "ASUNCION-BARRIOS-INE2022",
"crs": { "type": "name", "properties": { "name": "urn:ogc:def:crs:OGC:1.3:CRS84" } },
"features": [
{ "type": "Feature", "properties": { "DPTO": "00", "DPTO_DESC": "ASUNCIÓN", "DISTRITO": "00", "DIST_DESC": "ASUNCIÓN", "AREA": "1", "BAR_LOC": "066", "BARLO_DESC": "SAN BLAS", "CLAVE_BAR": "00001066", "CLV_AREA": "00001", "CLAVE": "0000", "nombre": "San Blas", "fuente": "INE Cartografía Censal 2022" }, "geometry": { "type": "MultiPolygon", "coordinates": [ [ [ [ -57.524805325021674, -25.242793134323939 ], [ -57.524918355356306, -25.243251167469452 ], [ -57.524970482412492, -25.243453004309956 ], [ -57.524968718001404, -25.243539452721141 ], [ -57.525042036373634, -25.243702363813231 ], [ -57.525273521523189, -25.2438919077834 ], [ -57.52557395491695, -25.244221067490852 ], [ -57.525861407818802, -25.244511422372899 ], [ -57.52603300916244, -25.244681753080624 ], [ -57.526663113156303, -25.245183591548788 ], [ -57.527112961328569, -25.245488904926638 ], [ -57.527584371447944, -25.245840760332342 ], [ -57.52792295891706, -25.246099848075534 ], [ -57.528460816140878, -25.246504882344873 ], [ -57.528906166445445, -25.246755815667264 ], [ -57.529210568643713, -25.247011137733821 ], [ -57.529553569231872, -25.247301286091066 ], [ -57.529836581747276, -25.247548913430663 ], [ -57.530177592769363, -25.247872090220152 ], [ -57.530524836083444, -25.248154450927764 ], [ -57.530687534214273, -25.24823933720258 ], [ -57.530952450979733, -25.248253925230056 ], [ -57.531120483120922, -25.248295890373296 ], [ -57.531985900106193, -25.247364674776332 ], [ -57.53305442976508, -25.246754600248661 ], [ -57.533136696029807, -25.246763333869286 ], [ -57.534358436489413, -25.246077113086173 ], [ -57.535823731878473, -25.24531775466756 ], [ -57.539091844596172, -25.243513301276099 ], [ -57.540410726242982, -25.242777008463218 ], [ -57.540897211689241, -25.242503806039995 ], [ -57.540961046305355, -25.242467955841075 ], [ -57.541480948767827, -25.24208676838068 ], [ -57.541754974703764, -25.241887091817031 ], [ -57.542171731808807, -25.241561784594378 ], [ -57.542580262170205, -25.241242894629821 ], [ -57.543188281561953, -25.240793648520956 ], [ -57.543204608566803, -25.240780086629506 ], [ -57.542529925281045, -25.240146498803526 ], [ -57.542517447752303, -25.240134845557652 ], [ -57.542503730065803, -25.24012152319969 ], [ -57.542302762435916, -25.239924218753359 ], [ -57.541753584389625, -25.239403698289131 ], [ -57.541243758084995, -25.238764398457562 ], [ -57.54090396482119, -25.238264447747049 ], [ -57.5398987788219, -25.236316860674965 ], [ -57.538844326722788, -25.237069649691936 ], [ -57.538362785675879, -25.236488480598975 ], [ -57.538161312910681, -25.236640761901157 ], [ -57.538025189274514, -25.236744202893611 ], [ -57.537811872976782, -25.236908024082748 ], [ -57.537482270013498, -25.237157241002279 ], [ -57.537219859319634, -25.237357722681892 ], [ -57.536543611988009, -25.237833454535071 ], [ -57.535982276759498, -25.237158816737459 ], [ -57.534769247726992, -25.237938308983235 ], [ -57.53475484570793, -25.237919828413276 ], [ -57.534132073969857, -25.238307560221845 ], [ -57.534109160352138, -25.238278758434337 ], [ -57.533107701318826, -25.238899208182278 ], [ -57.532743072973886, -25.23833898450594 ], [ -57.532352825618943, -25.238570221445585 ], [ -57.531705803321415, -25.238953603481864 ], [ -57.531019902932798, -25.239366417710169 ], [ -57.530107030427679, -25.239915827570247 ], [ -57.530606910032851, -25.241280496415776 ], [ -57.528761066586497, -25.241957445123496 ], [ -57.528026745740625, -25.241384912714942 ], [ -57.527920160929746, -25.241281846992226 ], [ -57.527852647933621, -25.241187142725469 ], [ -57.526872848446253, -25.241725986975577 ], [ -57.525254178809533, -25.242562800380313 ], [ -57.524805325021674, -25.242793134323939 ] ] ] ] } },
{ "type": "Feature", "properties": { "DPTO": "00", "DPTO_DESC": "ASUNCIÓN", "DISTRITO": "00", "DIST_DESC": "ASUNCIÓN", "AREA": "1", "BAR_LOC": "056", "BARLO_DESC": "CAÑADA DEL YVYRAY", "CLAVE_BAR": "00001056", "CLV_AREA": "00001", "CLAVE": "0000", "nombre": "Cañada Del Yvyray", "fuente": "INE Cartografía Censal 2022" }, "geometry": { "type": "MultiPolygon", "coordinates": [ [ [ [ -57.577047920870086, -25.274534101757659 ], [ -57.578484235089533, -25.27417471854827 ], [ -57.578538853118886, -25.274161051772417 ], [ -57.582254298871582, -25.273231327809469 ], [ -57.583362817155468, -25.272951521401151 ], [ -57.584558143081338, -25.272653302018369 ], [ -57.584185657582047, -25.271464836686263 ], [ -57.584023749654193, -25.270912538654134 ], [ -57.583660684239767, -25.269660591680807 ], [ -57.583364462374128, -25.268708425588809 ], [ -57.583140175791733, -25.26792694837733 ], [ -57.582861765280093, -25.267011455550904 ], [ -57.582478764021872, -25.265729354807245 ], [ -57.582435129429761, -25.265583286640751 ], [ -57.582416886531419, -25.265514249332199 ], [ -57.582142046018262, -25.264598644893034 ], [ -57.581933953414229, -25.263913149452737 ], [ -57.581702533955813, -25.263150986513043 ], [ -57.581613621377699, -25.262857846418964 ], [ -57.581409231912659, -25.262167931245436 ], [ -57.581325026629656, -25.261883691782128 ], [ -57.581176260973201, -25.261337933673452 ], [ -57.581049702177246, -25.260828209870947 ], [ -57.580775710520577, -25.261095687001308 ], [ -57.580627462742378, -25.261245272964583 ], [ -57.579181350738502, -25.26268736921558 ], [ -57.57840634529969, -25.263457427938029 ], [ -57.578054760164399, -25.263856145983844 ], [ -57.577330198667838, -25.264594965155602 ], [ -57.574165511278068, -25.268103006233723 ], [ -57.574914012111755, -25.268641017468639 ], [ -57.574441070772835, -25.269175656718403 ], [ -57.575395364842642, -25.270088532733634 ], [ -57.575348448243673, -25.270135106959234 ], [ -57.576209648285925, -25.271056131742423 ], [ -57.576939542103361, -25.271829900795176 ], [ -57.575988177280145, -25.27252896262819 ], [ -57.575597977655207, -25.272842036049074 ], [ -57.575931039816474, -25.27304843750273 ], [ -57.576511347380844, -25.273362238203049 ], [ -57.576747994636499, -25.273722532266817 ], [ -57.577047920870086, -25.274534101757659 ] ] ] ] } },
{ "type": "Feature", "properties": { "DPTO": "00", "DPTO_DESC": "ASUNCIÓN", "DISTRITO": "00", "DIST_DESC": "ASUNCIÓN", "AREA": "1", "BAR_LOC": "055", "BARLO_DESC": "SANTO DOMINGO", "CLAVE_BAR": "00001055", "CLV_AREA": "00001", "CLAVE": "0000", "nombre": "Santo Domingo", "fuente": "INE Cartografía Censal 2022" }, "geometry": { "type": "MultiPolygon", "coordinates": [ [ [ [ -57.580228047266417, -25.285064689537542 ], [ -57.581066147394417, -25.285138149963387 ], [ -57.581996166102293, -25.285220273496641 ], [ -57.582327739951666, -25.285309447524916 ], [ -57.582345151036748, -25.285313038842798 ], [ -57.583263583215583, -25.285757095165838 ], [ -57.583558148081096, -25.285886871793938 ], [ -57.583798092381613, -25.28595365086009 ], [ -57.585314767936062, -25.28614332222682 ], [ -57.585436569498299, -25.28615522149456 ], [ -57.586759675960515, -25.28629860454469 ], [ -57.58797548284484, -25.286424705494976 ], [ -57.588719569189244, -25.286503012100443 ], [ -57.588515063794866, -25.285839727748776 ], [ -57.588495801938464, -25.28577725253589 ], [ -57.588159230943326, -25.284685613396725 ], [ -57.587906334412864, -25.283928064232228 ], [ -57.587653468192052, -25.283111816510932 ], [ -57.587572194446366, -25.282863802987503 ], [ -57.587415132391058, -25.282386703414449 ], [ -57.587314407780845, -25.281962653601045 ], [ -57.587225353699665, -25.281657721194541 ], [ -57.58666974904915, -25.27985222180315 ], [ -57.586591420815715, -25.279580725725914 ], [ -57.58623709282066, -25.278380981054223 ], [ -57.585755000449453, -25.276748383642211 ], [ -57.585564130994904, -25.276103463687868 ], [ -57.585254949774217, -25.275057157374206 ], [ -57.585049260252092, -25.27436262779181 ], [ -57.585024458545298, -25.27427722393745 ], [ -57.584930744943804, -25.273961850874382 ], [ -57.584829754833365, -25.27359941814678 ], [ -57.584796441165402, -25.27348316019178 ], [ -57.584558143081338, -25.272653302018369 ], [ -57.583362817155468, -25.272951521401151 ], [ -57.582254298871582, -25.273231327809469 ], [ -57.578538853118886, -25.274161051772417 ], [ -57.578484235089533, -25.27417471854827 ], [ -57.577047920870086, -25.274534101757659 ], [ -57.577002028780058, -25.274544467551319 ], [ -57.576460169415746, -25.274673094634252 ], [ -57.576754464700805, -25.27568211782804 ], [ -57.576898774668855, -25.275613825302642 ], [ -57.576985407144271, -25.275622517087385 ], [ -57.577059658915388, -25.275703500938253 ], [ -57.578202756020389, -25.277473512377146 ], [ -57.578921069282863, -25.278608533956699 ], [ -57.579092001481413, -25.27911356887963 ], [ -57.579363114561652, -25.280060702588369 ], [ -57.579602527272989, -25.28086798810207 ], [ -57.580094756289895, -25.282491535326844 ], [ -57.580482806840507, -25.283745241843878 ], [ -57.580468332602457, -25.284029757958155 ], [ -57.580228047266417, -25.285064689537542 ] ] ] ] } },
{ "type": "Feature", "properties": { "DPTO": "00", "DPTO_DESC": "ASUNCIÓN", "DISTRITO": "00", "DIST_DESC": "ASUNCIÓN", "AREA": "1", "BAR_LOC": "054", "BARLO_DESC": "BELLA VISTA", "CLAVE_BAR": "00001054", "CLV_AREA": "00001", "CLAVE": "0000", "nombre": "Bella Vista", "fuente": "INE Cartografía Censal 2022" }, "geometry": { "type": "MultiPolygon", "coordinates": [ [ [ [ -57.588719569189244, -25.286503012100443 ], [ -57.591188336105212, -25.286765236062504 ], [ -57.591615309741933, -25.286807226365859 ], [ -57.592721516023857, -25.286929100323931 ], [ -57.593078580456726, -25.286966212655383 ], [ -57.594960842668151, -25.287168802734115 ], [ -57.594818307289628, -25.285819327925843 ], [ -57.594678214113152, -25.284397599371918 ], [ -57.594674635783363, -25.284359985779982 ], [ -57.594664474475159, -25.284253167796155 ], [ -57.594483899268624, -25.282357503920636 ], [ -57.594459366015094, -25.282100235298788 ], [ -57.594241501716404, -25.279811896555639 ], [ -57.594145019887392, -25.278805200575881 ], [ -57.594002195021055, -25.277324973224353 ], [ -57.593804621711591, -25.275311979079692 ], [ -57.593690240176855, -25.274129450671172 ], [ -57.593601651640128, -25.273208701249903 ], [ -57.593537769121106, -25.272581341921924 ], [ -57.59340371946648, -25.27121302531414 ], [ -57.593383980084667, -25.27106651727696 ], [ -57.593331097927901, -25.270480730851222 ], [ -57.593212897325373, -25.268893708154117 ], [ -57.593067414575678, -25.267602841863273 ], [ -57.592915667326253, -25.267642988609204 ], [ -57.591927907109884, -25.26790551651295 ], [ -57.591632854999453, -25.267987973506916 ], [ -57.591255443492784, -25.268174610093929 ], [ -57.589967772879916, -25.268934314870453 ], [ -57.58997846110595, -25.269159524282507 ], [ -57.58955568834341, -25.269079939364101 ], [ -57.589497544169674, -25.26905759544022 ], [ -57.588480281722006, -25.268492735608952 ], [ -57.587517714133931, -25.267941196600066 ], [ -57.586567235293344, -25.267385087883174 ], [ -57.586299712020612, -25.267751261360974 ], [ -57.585924732006006, -25.26827262501391 ], [ -57.585634822110656, -25.268724523843925 ], [ -57.585138782043686, -25.269472279053357 ], [ -57.584878494810347, -25.269816468236424 ], [ -57.58462179050985, -25.270196764622391 ], [ -57.584210341947333, -25.270862132682922 ], [ -57.584023749654193, -25.270912538654134 ], [ -57.584185657582047, -25.271464836686263 ], [ -57.584558143081338, -25.272653302018369 ], [ -57.584796441165402, -25.27348316019178 ], [ -57.584829754833365, -25.27359941814678 ], [ -57.584930744943804, -25.273961850874382 ], [ -57.585024458545298, -25.27427722393745 ], [ -57.585049260252092, -25.27436262779181 ], [ -57.585254949774217, -25.275057157374206 ], [ -57.585564130994904, -25.276103463687868 ], [ -57.585755000449453, -25.276748383642211 ], [ -57.58623709282066, -25.278380981054223 ], [ -57.586591420815715, -25.279580725725914 ], [ -57.58666974904915, -25.27985222180315 ], [ -57.587225353699665, -25.281657721194541 ], [ -57.587314407780845, -25.281962653601045 ], [ -57.587415132391058, -25.282386703414449 ], [ -57.587572194446366, -25.282863802987503 ], [ -57.587653468192052, -25.283111816510932 ], [ -57.587906334412864, -25.283928064232228 ], [ -57.588159230943326, -25.284685613396725 ], [ -57.588495801938464, -25.28577725253589 ], [ -57.588515063794866, -25.285839727748776 ], [ -57.588719569189244, -25.286503012100443 ] ] ] ] } },
{ "type": "Feature", "properties": { "DPTO": "00", "DPTO_DESC": "ASUNCIÓN", "DISTRITO": "00", "DIST_DESC": "ASUNCIÓN", "AREA": "1", "BAR_LOC": "053", "BARLO_DESC": "VIRGEN DE LA ASUNCION", "CLAVE_BAR": "00001053", "CLV_AREA": "00001", "CLAVE": "0000", "nombre": "Virgen De La Asuncion", "fuente": "INE Cartografía Censal 2022" }, "geometry": { "type": "MultiPolygon", "coordinates": [ [ [ [ -57.593067414575678, -25.267602841863273 ], [ -57.594638502764461, -25.267908167713259 ], [ -57.595267340340641, -25.268050120422533 ], [ -57.59551270691874, -25.268152980947271 ], [ -57.596663353493582, -25.268952044539397 ], [ -57.597788543501451, -25.269746686736848 ], [ -57.597644150926122, -25.269160292233664 ], [ -57.597602013242906, -25.268984369064611 ], [ -57.59735472879126, -25.267919776796806 ], [ -57.597074510300942, -25.266783073490103 ], [ -57.597094616214001, -25.26670623331141 ], [ -57.597197939114416, -25.26663808694407 ], [ -57.597312276433698, -25.266664715696781 ], [ -57.597738633661187, -25.266970025267725 ], [ -57.597915972614238, -25.26708716710586 ], [ -57.598023879375113, -25.267164922865579 ], [ -57.598038398488256, -25.267150790097521 ], [ -57.598108192060849, -25.267082853625876 ], [ -57.598118998454467, -25.267072334764368 ], [ -57.598263794970514, -25.2669182303135 ], [ -57.59759995816006, -25.26642290247954 ], [ -57.593830030639843, -25.263630985286852 ], [ -57.59224314782697, -25.262447819870392 ], [ -57.591711450613481, -25.26205013032158 ], [ -57.590746518744275, -25.261332159820313 ], [ -57.590703087041362, -25.261299843526558 ], [ -57.590418622322318, -25.261087063172663 ], [ -57.590115708606518, -25.260859909952323 ], [ -57.589860619209773, -25.260673985076494 ], [ -57.589500360982562, -25.260406800908889 ], [ -57.588230963615558, -25.259454232956724 ], [ -57.587081921893358, -25.258591991050857 ], [ -57.586771663924566, -25.2583600412595 ], [ -57.586745845457166, -25.258340518833577 ], [ -57.586187222898836, -25.257918149998712 ], [ -57.585399081471671, -25.257352356801864 ], [ -57.584904080941968, -25.256980854477284 ], [ -57.584877711548089, -25.256961339162846 ], [ -57.583980917079565, -25.257872709703122 ], [ -57.583256822899891, -25.258629616677037 ], [ -57.582341003278884, -25.259594977442024 ], [ -57.581321491961873, -25.260568645285296 ], [ -57.58130927432498, -25.260580312904931 ], [ -57.581049702177246, -25.260828209870947 ], [ -57.581176260973201, -25.261337933673452 ], [ -57.581325026629656, -25.261883691782128 ], [ -57.581409231912659, -25.262167931245436 ], [ -57.581613621377699, -25.262857846418964 ], [ -57.581702533955813, -25.263150986513043 ], [ -57.581933953414229, -25.263913149452737 ], [ -57.582142046018262, -25.264598644893034 ], [ -57.582416886531419, -25.265514249332199 ], [ -57.582435129429761, -25.265583286640751 ], [ -57.582478764021872, -25.265729354807245 ], [ -57.582861765280093, -25.267011455550904 ], [ -57.583140175791733, -25.26792694837733 ], [ -57.583364462374128, -25.268708425588809 ], [ -57.583660684239767, -25.269660591680807 ], [ -57.584023749654193, -25.270912538654134 ], [ -57.584210341947333, -25.270862132682922 ], [ -57.58462179050985, -25.270196764622391 ], [ -57.584878494810347, -25.269816468236424 ], [ -57.585138782043686, -25.269472279053357 ], [ -57.585634822110656, -25.268724523843925 ], [ -57.585924732006006, -25.26827262501391 ], [ -57.586299712020612, -25.267751261360974 ], [ -57.586567235293344, -25.267385087883174 ], [ -57.587517714133931, -25.267941196600066 ], [ -57.588480281722006, -25.268492735608952 ], [ -57.589497544169674, -25.26905759544022 ], [ -57.58955568834341, -25.269079939364101 ], [ -57.58997846110595, -25.269159524282507 ], [ -57.589967772879916, -25.268934314870453 ], [ -57.591255443492784, -25.268174610093929 ], [ -57.591632854999453, -25.267987973506916 ], [ -57.591927907109884, -25.26790551651295 ], [ -57.592915667326253, -25.267642988609204 ], [ -57.593067414575678, -25.267602841863273 ] ] ] ] } },
{ "type": "Feature", "properties": { "DPTO": "00", "DPTO_DESC": "ASUNCIÓN", "DISTRITO": "00", "DIST_DESC": "ASUNCIÓN", "AREA": "1", "BAR_LOC": "062", "BARLO_DESC": "SALVADOR DEL MUNDO", "CLAVE_BAR": "00001062", "CLV_AREA": "00001", "CLAVE": "0000", "nombre": "Salvador Del Mundo", "fuente": "INE Cartografía Censal 2022" }, "geometry": { "type": "MultiPolygon", "coordinates": [ [ [ [ -57.545144806692548, -25.275291538077976 ], [ -57.547158720264385, -25.275853511622433 ], [ -57.54726933298835, -25.275880194059251 ], [ -57.547282030556907, -25.27588234047543 ], [ -57.547312037418031, -25.275892249428985 ], [ -57.548358563644165, -25.276187701859566 ], [ -57.549176389323755, -25.276410613239808 ], [ -57.549450799655332, -25.276485405813524 ], [ -57.549470510440578, -25.276491567075585 ], [ -57.55045072178077, -25.276760149419765 ], [ -57.550574300238537, -25.276790509164766 ], [ -57.550607216499792, -25.276803247577696 ], [ -57.551693034761158, -25.277114444839746 ], [ -57.553193915622813, -25.277571740436379 ], [ -57.553256977298723, -25.277587205555296 ], [ -57.553296653228976, -25.277603331540845 ], [ -57.553382383074286, -25.277635867450432 ], [ -57.554827756958581, -25.278127652417371 ], [ -57.555735811031838, -25.278444817621462 ], [ -57.555851049178834, -25.278501808914701 ], [ -57.556089195488902, -25.278619580734915 ], [ -57.556170212936614, -25.278541926754396 ], [ -57.556084852210311, -25.278369499497266 ], [ -57.555833575755692, -25.277861921999662 ], [ -57.555453864522349, -25.277190642133217 ], [ -57.555199044187631, -25.276780714042594 ], [ -57.555084699916712, -25.276641794926729 ], [ -57.554382853874706, -25.275654774912667 ], [ -57.554296399325416, -25.275685382485776 ], [ -57.55392896787577, -25.275132907881655 ], [ -57.553782094109678, -25.274912212144407 ], [ -57.553673970118794, -25.274750069048775 ], [ -57.553681827230655, -25.274189636809862 ], [ -57.553561177200528, -25.274006376373208 ], [ -57.55298752010318, -25.273268334251728 ], [ -57.552798340039914, -25.272996677661759 ], [ -57.552752286343697, -25.272943445188165 ], [ -57.552677891366777, -25.272875460716062 ], [ -57.552401908993936, -25.272722975565511 ], [ -57.551544068024846, -25.272310781120986 ], [ -57.5509732602196, -25.272039008367098 ], [ -57.550887996968427, -25.271994078072581 ], [ -57.550563075994134, -25.271704885397074 ], [ -57.550212654194176, -25.271286274109499 ], [ -57.549971539870782, -25.270880800428472 ], [ -57.5498863555936, -25.270641809661431 ], [ -57.549831761217817, -25.270303369422152 ], [ -57.54982196673798, -25.26985188105537 ], [ -57.549789106178913, -25.269608423464671 ], [ -57.549170858016261, -25.268236095569133 ], [ -57.548104895032417, -25.26884233592293 ], [ -57.547386717329942, -25.269238853893945 ], [ -57.546886052159927, -25.269515114722413 ], [ -57.546874016582258, -25.269521920446962 ], [ -57.546849459208055, -25.269537177251948 ], [ -57.546708155105122, -25.269614806875843 ], [ -57.546197003379987, -25.269901250317897 ], [ -57.545974428567156, -25.271130407241778 ], [ -57.545741987198923, -25.272180807996651 ], [ -57.545534107743627, -25.273228500194346 ], [ -57.545193486398887, -25.274896783240283 ], [ -57.545176470074153, -25.275032207213737 ], [ -57.545144806692548, -25.275291538077976 ] ] ] ] } },
{ "type": "Feature", "properties": { "DPTO": "00", "DPTO_DESC": "ASUNCIÓN", "DISTRITO": "00", "DIST_DESC": "ASUNCIÓN", "AREA": "1", "BAR_LOC": "059", "BARLO_DESC": "LAS LOMAS", "CLAVE_BAR": "00001059", "CLV_AREA": "00001", "CLAVE": "0000", "nombre": "Las Lomas", "fuente": "INE Cartografía Censal 2022" }, "geometry": { "type": "MultiPolygon", "coordinates": [ [ [ [ -57.559986383191031, -25.280724554928426 ], [ -57.560157813830031, -25.280817191750057 ], [ -57.561378569615805, -25.28190922202424 ], [ -57.562316724733066, -25.282686785398422 ], [ -57.562791720438703, -25.282978464646654 ], [ -57.563591981062764, -25.283264385020079 ], [ -57.563913116680361, -25.28335979304455 ], [ -57.563930038165154, -25.282468412183444 ], [ -57.563939037537068, -25.281931064911959 ], [ -57.564930651703236, -25.281782784194078 ], [ -57.565594444597245, -25.281689936593658 ], [ -57.565947447399338, -25.281643430725605 ], [ -57.566596030612402, -25.281550636973929 ], [ -57.567622526515883, -25.281429295691737 ], [ -57.56863039755693, -25.281308019068543 ], [ -57.569166973018788, -25.28122467612463 ], [ -57.570938002250571, -25.280955950674318 ], [ -57.571136709087192, -25.282029806687298 ], [ -57.572015711667234, -25.28189545999501 ], [ -57.572926658521709, -25.281756468828281 ], [ -57.574457603473938, -25.281520239768465 ], [ -57.575204250946015, -25.281411805617058 ], [ -57.575234683440584, -25.281407385773445 ], [ -57.575607718287642, -25.281353209425827 ], [ -57.575869795018747, -25.281311549780114 ], [ -57.577195507695805, -25.280800664340184 ], [ -57.577997263399723, -25.280481459988106 ], [ -57.578254650633994, -25.280367570856708 ], [ -57.579363114561652, -25.280060702588369 ], [ -57.579092001481413, -25.27911356887963 ], [ -57.578921069282863, -25.278608533956699 ], [ -57.578202756020389, -25.277473512377146 ], [ -57.577059658915388, -25.275703500938253 ], [ -57.576985407144271, -25.275622517087385 ], [ -57.576898774668855, -25.275613825302642 ], [ -57.576754464700805, -25.27568211782804 ], [ -57.576460169415746, -25.274673094634252 ], [ -57.577002028780058, -25.274544467551319 ], [ -57.577047920870086, -25.274534101757659 ], [ -57.576747994636499, -25.273722532266817 ], [ -57.576511347380844, -25.273362238203049 ], [ -57.575931039816474, -25.27304843750273 ], [ -57.575597977655207, -25.272842036049074 ], [ -57.575988177280145, -25.27252896262819 ], [ -57.576939542103361, -25.271829900795176 ], [ -57.576209648285925, -25.271056131742423 ], [ -57.575348448243673, -25.270135106959234 ], [ -57.575395364842642, -25.270088532733634 ], [ -57.574441070772835, -25.269175656718403 ], [ -57.574914012111755, -25.268641017468639 ], [ -57.574165511278068, -25.268103006233723 ], [ -57.571805711556856, -25.270965194496927 ], [ -57.570779174985489, -25.272350528754028 ], [ -57.570228896984148, -25.273146185185279 ], [ -57.570220954140488, -25.273156483521127 ], [ -57.570000054660625, -25.273455257543436 ], [ -57.56864579913929, -25.27446832761666 ], [ -57.567388704375162, -25.275411199561773 ], [ -57.567052541764355, -25.275647135374033 ], [ -57.56624238800029, -25.276251472319103 ], [ -57.565738551365961, -25.276555561692799 ], [ -57.56494283635957, -25.276985599677655 ], [ -57.564314560862705, -25.277344197924592 ], [ -57.563328027892474, -25.277928384623998 ], [ -57.56260834051001, -25.27832192939599 ], [ -57.559986383191031, -25.280724554928426 ] ] ] ] } },
{ "type": "Feature", "properties": { "DPTO": "00", "DPTO_DESC": "ASUNCIÓN", "DISTRITO": "00", "DIST_DESC": "ASUNCIÓN", "AREA": "1", "BAR_LOC": "058", "BARLO_DESC": "MANORA", "CLAVE_BAR": "00001058", "CLV_AREA": "00001", "CLAVE": "0000", "nombre": "Manora", "fuente": "INE Cartografía Censal 2022" }, "geometry": { "type": "MultiPolygon", "coordinates": [ [ [ [ -57.563913116680361, -25.28335979304455 ], [ -57.564283750137925, -25.283442744082308 ], [ -57.565423602351892, -25.283581244140024 ], [ -57.565522142178288, -25.283589362345303 ], [ -57.566191856443069, -25.28367886310193 ], [ -57.566591514711519, -25.28378569447619 ], [ -57.567280854213166, -25.284044929142169 ], [ -57.56795834337656, -25.284358388927846 ], [ -57.56860946191631, -25.284775113154971 ], [ -57.569765927733734, -25.285525379353778 ], [ -57.569990927233803, -25.285653737935593 ], [ -57.571283071800032, -25.28624977760138 ], [ -57.571324484474772, -25.286268880128382 ], [ -57.571833305578586, -25.286485058780286 ], [ -57.571854945602425, -25.28654147484869 ], [ -57.571871443268485, -25.286542189916492 ], [ -57.572140370868659, -25.286475275496219 ], [ -57.572156077973098, -25.286471369414823 ], [ -57.572292465916107, -25.286436707105697 ], [ -57.572838450385788, -25.286303646594558 ], [ -57.573800260459016, -25.286083178097986 ], [ -57.574783999520392, -25.285857928425575 ], [ -57.574795475221457, -25.285855301007434 ], [ -57.575175111643127, -25.285768372613415 ], [ -57.575264398122414, -25.285746497706736 ], [ -57.575496985734794, -25.285693311536484 ], [ -57.576429713375063, -25.285480024740149 ], [ -57.576530599517788, -25.285459163926909 ], [ -57.577619534835797, -25.28520135130146 ], [ -57.578322743785343, -25.285040563652107 ], [ -57.578452377414393, -25.285017479332812 ], [ -57.578631053086433, -25.284994202571792 ], [ -57.578989154592442, -25.284974736809342 ], [ -57.579253646897953, -25.284982729075899 ], [ -57.580228047266417, -25.285064689537542 ], [ -57.580468332602457, -25.284029757958155 ], [ -57.580482806840507, -25.283745241843878 ], [ -57.580094756289895, -25.282491535326844 ], [ -57.579602527272989, -25.28086798810207 ], [ -57.579363114561652, -25.280060702588369 ], [ -57.578254650633994, -25.280367570856708 ], [ -57.577997263399723, -25.280481459988106 ], [ -57.577195507695805, -25.280800664340184 ], [ -57.575869795018747, -25.281311549780114 ], [ -57.575607718287642, -25.281353209425827 ], [ -57.575234683440584, -25.281407385773445 ], [ -57.575204250946015, -25.281411805617058 ], [ -57.574457603473938, -25.281520239768465 ], [ -57.572926658521709, -25.281756468828281 ], [ -57.572015711667234, -25.28189545999501 ], [ -57.571136709087192, -25.282029806687298 ], [ -57.570938002250571, -25.280955950674318 ], [ -57.569166973018788, -25.28122467612463 ], [ -57.56863039755693, -25.281308019068543 ], [ -57.567622526515883, -25.281429295691737 ], [ -57.566596030612402, -25.281550636973929 ], [ -57.565947447399338, -25.281643430725605 ], [ -57.565594444597245, -25.281689936593658 ], [ -57.564930651703236, -25.281782784194078 ], [ -57.563939037537068, -25.281931064911959 ], [ -57.563930038165154, -25.282468412183444 ], [ -57.563913116680361, -25.28335979304455 ] ] ] ] } },
{ "type": "Feature", "properties": { "DPTO": "00", "DPTO_DESC": "ASUNCIÓN", "DISTRITO": "00", "DIST_DESC": "ASUNCIÓN", "AREA": "1", "BAR_LOC": "057", "BARLO_DESC": "SANTISIMA TRINIDAD", "CLAVE_BAR": "00001057", "CLV_AREA": "00001", "CLAVE": "0000", "nombre": "Santisima Trinidad", "fuente": "INE Cartografía Censal 2022" }, "geometry": { "type": "MultiPolygon", "coordinates": [ [ [ [ -57.579181350738502, -25.26268736921558 ], [ -57.580627462742378, -25.261245272964583 ], [ -57.580775710520577, -25.261095687001308 ], [ -57.581049702177246, -25.260828209870947 ], [ -57.58130927432498, -25.260580312904931 ], [ -57.581321491961873, -25.260568645285296 ], [ -57.582341003278884, -25.259594977442024 ], [ -57.583256822899891, -25.258629616677037 ], [ -57.583980917079565, -25.257872709703122 ], [ -57.584877711548089, -25.256961339162846 ], [ -57.583779652831225, -25.256148684095756 ], [ -57.582022057112098, -25.254821322432004 ], [ -57.581954006194799, -25.254775907225472 ], [ -57.581822455186568, -25.254672719531758 ], [ -57.580915598986358, -25.25399057412989 ], [ -57.580863151731414, -25.25395112242229 ], [ -57.580153678273909, -25.253426738710608 ], [ -57.580022877848322, -25.253327917160789 ], [ -57.579219107817643, -25.252726029246908 ], [ -57.579133049652164, -25.252658585589828 ], [ -57.579112909071924, -25.252645171343765 ], [ -57.578281524738699, -25.252072207782675 ], [ -57.575153103995753, -25.253684689870418 ], [ -57.571069111221476, -25.256064626354942 ], [ -57.568589329133083, -25.257494413995726 ], [ -57.569450726231949, -25.257825611885707 ], [ -57.569823120435885, -25.257959632606287 ], [ -57.571072548120874, -25.258437936794607 ], [ -57.571533907745369, -25.258616761467685 ], [ -57.572030272937575, -25.258781903327993 ], [ -57.574089535091652, -25.259422300395968 ], [ -57.574503207063145, -25.259556037696136 ], [ -57.574785075793862, -25.259647162010474 ], [ -57.574894167564807, -25.259682859217953 ], [ -57.575422576404186, -25.259929139110795 ], [ -57.575694544954068, -25.260086112373617 ], [ -57.576902820318189, -25.260785831521265 ], [ -57.576941444792794, -25.260808199001499 ], [ -57.577444168693937, -25.261199059552762 ], [ -57.577477677845266, -25.261227034956274 ], [ -57.577501725181719, -25.261247111601609 ], [ -57.57752878200759, -25.261269700024332 ], [ -57.577539402290441, -25.261278566376205 ], [ -57.577553375446222, -25.261290231858975 ], [ -57.577992838118718, -25.261659794210622 ], [ -57.578035766348123, -25.261694757005742 ], [ -57.578097038040653, -25.261748575567665 ], [ -57.578118489503161, -25.261767417657381 ], [ -57.578325963798143, -25.26194965398285 ], [ -57.578374256671374, -25.261990101048298 ], [ -57.579181350738502, -25.26268736921558 ] ] ] ] } },
{ "type": "Feature", "properties": { "DPTO": "00", "DPTO_DESC": "ASUNCIÓN", "DISTRITO": "00", "DIST_DESC": "ASUNCIÓN", "AREA": "1", "BAR_LOC": "043", "BARLO_DESC": "MARISCAL JOSE FELIX ESTIGARRIBIA", "CLAVE_BAR": "00001043", "CLV_AREA": "00001", "CLAVE": "0000", "nombre": "Mariscal Jose Felix Estigarribia", "fuente": "INE Cartografía Censal 2022" }, "geometry": { "type": "MultiPolygon", "coordinates": [ [ [ [ -57.570449162358116, -25.312067723174497 ], [ -57.571193558532734, -25.311717169552075 ], [ -57.572365613441448, -25.31120240487423 ], [ -57.574314596012201, -25.310526574108579 ], [ -57.575759595795631, -25.310028780062765 ], [ -57.576954768675563, -25.309617738839531 ], [ -57.578357901711549, -25.309133629017843 ], [ -57.579524538481131, -25.308731709507281 ], [ -57.580379660452948, -25.30830391614748 ], [ -57.581342703423225, -25.307853116361301 ], [ -57.582343527949732, -25.307384100300325 ], [ -57.58344548298416, -25.306901131756526 ], [ -57.583934128317352, -25.306641830457494 ], [ -57.583712915120572, -25.306281489589178 ], [ -57.583446009121083, -25.305845943214035 ], [ -57.583409020984995, -25.305785583944836 ], [ -57.58307806181935, -25.305245503059208 ], [ -57.582391297724492, -25.304128444724991 ], [ -57.582054018291721, -25.303578920566647 ], [ -57.581906617560072, -25.30333116563115 ], [ -57.581430924281719, -25.302529334124593 ], [ -57.58095492741154, -25.301727502106708 ], [ -57.58048707151864, -25.300939181978631 ], [ -57.57998904654368, -25.300137433204846 ], [ -57.579512425432313, -25.299331083252515 ], [ -57.579038358430005, -25.298538267208137 ], [ -57.579001450885059, -25.29847971428978 ], [ -57.578591766580679, -25.29777694820941 ], [ -57.5785704866109, -25.297740909950232 ], [ -57.578243902825882, -25.297213910257323 ], [ -57.578130941036378, -25.29702471393442 ], [ -57.577105870072067, -25.295325853297534 ], [ -57.5761899415199, -25.295727411108963 ], [ -57.576082752592576, -25.295772982005595 ], [ -57.574963750938338, -25.296246931276766 ], [ -57.573935500736269, -25.296679882044021 ], [ -57.57289087634507, -25.297130950202334 ], [ -57.57185646625183, -25.297577456213698 ], [ -57.57052950847465, -25.298110000278847 ], [ -57.569720714995427, -25.298434583492071 ], [ -57.568743610312183, -25.298925998732074 ], [ -57.567649125351217, -25.299544285631352 ], [ -57.566491472163555, -25.300198928940564 ], [ -57.566441929902794, -25.300226210569242 ], [ -57.565330780686921, -25.300803907473114 ], [ -57.5641085942354, -25.30147232533492 ], [ -57.562886310819039, -25.30212267266516 ], [ -57.562468521125446, -25.302347676397638 ], [ -57.563144669079584, -25.303146641733768 ], [ -57.56352954433919, -25.303601208822283 ], [ -57.564304374806554, -25.304600624756926 ], [ -57.564694534007252, -25.305055168374807 ], [ -57.565117297970097, -25.305577314231485 ], [ -57.565731434723411, -25.306329000824856 ], [ -57.566564375393291, -25.30733269628584 ], [ -57.567615120227174, -25.308638067890914 ], [ -57.568335388473265, -25.309506729885385 ], [ -57.569045068507414, -25.310366398559307 ], [ -57.569754138699729, -25.311226065939074 ], [ -57.570449162358116, -25.312067723174497 ] ] ] ] } },
{ "type": "Feature", "properties": { "DPTO": "00", "DPTO_DESC": "ASUNCIÓN", "DISTRITO": "00", "DIST_DESC": "ASUNCIÓN", "AREA": "1", "BAR_LOC": "041", "BARLO_DESC": "RECOLETA", "CLAVE_BAR": "00001041", "CLV_AREA": "00001", "CLAVE": "0000", "nombre": "Recoleta", "fuente": "INE Cartografía Censal 2022" }, "geometry": { "type": "MultiPolygon", "coordinates": [ [ [ [ -57.583934128317352, -25.306641830457494 ], [ -57.584515188371412, -25.307592237208638 ], [ -57.585026849260572, -25.30734187147964 ], [ -57.585568845584405, -25.307073322691441 ], [ -57.586433159380313, -25.306627397241289 ], [ -57.587312103476194, -25.306190438927477 ], [ -57.588302024765639, -25.305721426248191 ], [ -57.589176008292917, -25.305288991952434 ], [ -57.590435871672611, -25.304665369217577 ], [ -57.592458810406228, -25.303663909794928 ], [ -57.5935441719868, -25.303167387605235 ], [ -57.593616660137947, -25.303135489373968 ], [ -57.594688030591229, -25.303018292493288 ], [ -57.59443020162179, -25.302156927621041 ], [ -57.594190378488584, -25.301358702500348 ], [ -57.594076953584761, -25.300952790802967 ], [ -57.593843587710779, -25.300140993286796 ], [ -57.593732448619605, -25.299757648063867 ], [ -57.593552805639938, -25.299139787589166 ], [ -57.593459360003074, -25.298815952670338 ], [ -57.593444286616929, -25.298763717268645 ], [ -57.593317253547383, -25.29832348253349 ], [ -57.592919913573262, -25.29692085011672 ], [ -57.592888366818819, -25.296817127089682 ], [ -57.592690464276693, -25.296145156064188 ], [ -57.593662692050792, -25.295888394207552 ], [ -57.59467152328908, -25.295626963205606 ], [ -57.594733111578726, -25.295606434360387 ], [ -57.59469951783062, -25.2955190939328 ], [ -57.594651328784217, -25.295343946341379 ], [ -57.594596398839201, -25.295176077331121 ], [ -57.594498113102091, -25.295034927071669 ], [ -57.594447653601478, -25.294946924894948 ], [ -57.594417718162084, -25.294894716048937 ], [ -57.594412105745974, -25.294880033527651 ], [ -57.594334178598579, -25.294721108697711 ], [ -57.59432321588362, -25.294705972730789 ], [ -57.594233616863683, -25.294567740222568 ], [ -57.594227858588269, -25.294557362180175 ], [ -57.594160070029865, -25.294373206937845 ], [ -57.594159183527296, -25.294357217629759 ], [ -57.594097916721729, -25.29422184371149 ], [ -57.594071012470785, -25.29411933034277 ], [ -57.594719399940551, -25.294050961559648 ], [ -57.5948615015729, -25.293973629949317 ], [ -57.595197307030709, -25.293642664866034 ], [ -57.595468525123394, -25.293244231608089 ], [ -57.59596712325957, -25.292433995094964 ], [ -57.596153458212399, -25.292213604182184 ], [ -57.596227603289414, -25.292125908069451 ], [ -57.597034796625152, -25.291327965970556 ], [ -57.596987610619401, -25.291318629844316 ], [ -57.595080722679903, -25.287818510216443 ], [ -57.594960842668151, -25.287168802734115 ], [ -57.593078580456726, -25.286966212655383 ], [ -57.592721516023857, -25.286929100323931 ], [ -57.591615309741933, -25.286807226365859 ], [ -57.591188336105212, -25.286765236062504 ], [ -57.588719569189244, -25.286503012100443 ], [ -57.589143912746344, -25.287876781949326 ], [ -57.589226617594328, -25.288144527359069 ], [ -57.589601665742059, -25.289403042447045 ], [ -57.589451159302172, -25.289633384340497 ], [ -57.589280171211684, -25.29000127869201 ], [ -57.588844134979766, -25.290186932784863 ], [ -57.587910817961706, -25.290587994454746 ], [ -57.587020905450792, -25.29097984713 ], [ -57.586131610915196, -25.291371692039583 ], [ -57.585229604210845, -25.291768097298263 ], [ -57.584327279654715, -25.292164498360101 ], [ -57.583420937955466, -25.292565425068716 ], [ -57.582515786695787, -25.292957311130799 ], [ -57.58162431099619, -25.293353652992753 ], [ -57.580718859521795, -25.293750044548521 ], [ -57.579825177163116, -25.294141869122608 ], [ -57.579353099469763, -25.294351424184764 ], [ -57.578909823534097, -25.294547319055216 ], [ -57.578037925304045, -25.294917800599283 ], [ -57.577105870072067, -25.295325853297534 ], [ -57.578130941036378, -25.29702471393442 ], [ -57.578243902825882, -25.297213910257323 ], [ -57.5785704866109, -25.297740909950232 ], [ -57.578591766580679, -25.29777694820941 ], [ -57.579001450885059, -25.29847971428978 ], [ -57.579038358430005, -25.298538267208137 ], [ -57.579512425432313, -25.299331083252515 ], [ -57.57998904654368, -25.300137433204846 ], [ -57.58048707151864, -25.300939181978631 ], [ -57.58095492741154, -25.301727502106708 ], [ -57.581430924281719, -25.302529334124593 ], [ -57.581906617560072, -25.30333116563115 ], [ -57.582054018291721, -25.303578920566647 ], [ -57.582391297724492, -25.304128444724991 ], [ -57.58307806181935, -25.305245503059208 ], [ -57.583409020984995, -25.305785583944836 ], [ -57.583446009121083, -25.305845943214035 ], [ -57.583712915120572, -25.306281489589178 ], [ -57.583934128317352, -25.306641830457494 ] ] ] ] } },
{ "type": "Feature", "properties": { "DPTO": "00", "DPTO_DESC": "ASUNCIÓN", "DISTRITO": "00", "DIST_DESC": "ASUNCIÓN", "AREA": "1", "BAR_LOC": "040", "BARLO_DESC": "TEMBETARY", "CLAVE_BAR": "00001040", "CLV_AREA": "00001", "CLAVE": "0000", "nombre": "Tembetary", "fuente": "INE Cartografía Censal 2022" }, "geometry": { "type": "MultiPolygon", "coordinates": [ [ [ [ -57.584515188371412, -25.307592237208638 ], [ -57.584696985963781, -25.307889520140737 ], [ -57.585506176600994, -25.309213779979107 ], [ -57.586272879182914, -25.310479506183636 ], [ -57.587038271026728, -25.311727172364552 ], [ -57.587134030780511, -25.3118848231878 ], [ -57.588005547285697, -25.311574315855395 ], [ -57.588690494817499, -25.311332276578579 ], [ -57.59029994266799, -25.310761440743423 ], [ -57.590426388110437, -25.310715782377279 ], [ -57.592160113743439, -25.310103791838518 ], [ -57.592523987966366, -25.309980419427291 ], [ -57.593532141925969, -25.309619663303813 ], [ -57.595259648798852, -25.309012176896534 ], [ -57.5963310288695, -25.308633085728108 ], [ -57.596178764465954, -25.308113218814533 ], [ -57.596169850384037, -25.308082782662172 ], [ -57.595942687983161, -25.307307186411009 ], [ -57.595674929329633, -25.306387166952653 ], [ -57.595484555662836, -25.305737746579972 ], [ -57.595266402421693, -25.304993618730212 ], [ -57.595248377163678, -25.304925963428403 ], [ -57.595238288795045, -25.304894397721085 ], [ -57.595034018281865, -25.304195365411292 ], [ -57.594688030591229, -25.303018292493288 ], [ -57.593616660137947, -25.303135489373968 ], [ -57.5935441719868, -25.303167387605235 ], [ -57.592458810406228, -25.303663909794928 ], [ -57.590435871672611, -25.304665369217577 ], [ -57.589176008292917, -25.305288991952434 ], [ -57.588302024765639, -25.305721426248191 ], [ -57.587312103476194, -25.306190438927477 ], [ -57.586433159380313, -25.306627397241289 ], [ -57.585568845584405, -25.307073322691441 ], [ -57.585026849260572, -25.30734187147964 ], [ -57.584515188371412, -25.307592237208638 ] ] ] ] } },
{ "type": "Feature", "properties": { "DPTO": "00", "DPTO_DESC": "ASUNCIÓN", "DISTRITO": "00", "DIST_DESC": "ASUNCIÓN", "AREA": "1", "BAR_LOC": "039", "BARLO_DESC": "LOS LAURELES", "CLAVE_BAR": "00001039", "CLV_AREA": "00001", "CLAVE": "0000", "nombre": "Los Laureles", "fuente": "INE Cartografía Censal 2022" }, "geometry": { "type": "MultiPolygon", "coordinates": [ [ [ [ -57.574088911284854, -25.316392711163967 ], [ -57.574835138060934, -25.316164042630994 ], [ -57.576448925961444, -25.315629461363997 ], [ -57.577870178597692, -25.315154315157965 ], [ -57.579048939903672, -25.314743320980106 ], [ -57.580069946315703, -25.31439163598591 ], [ -57.580475341340808, -25.314245553620871 ], [ -57.581642886557162, -25.313830067848091 ], [ -57.583337958638246, -25.313231878215507 ], [ -57.583521759106517, -25.313167937930086 ], [ -57.583942955957205, -25.313017268364273 ], [ -57.585503773250444, -25.312460222637469 ], [ -57.586233061409445, -25.312204472947975 ], [ -57.587134030780511, -25.3118848231878 ], [ -57.587038271026728, -25.311727172364552 ], [ -57.586272879182914, -25.310479506183636 ], [ -57.585506176600994, -25.309213779979107 ], [ -57.584696985963781, -25.307889520140737 ], [ -57.584515188371412, -25.307592237208638 ], [ -57.583934128317352, -25.306641830457494 ], [ -57.58344548298416, -25.306901131756526 ], [ -57.582343527949732, -25.307384100300325 ], [ -57.581342703423225, -25.307853116361301 ], [ -57.580379660452948, -25.30830391614748 ], [ -57.579524538481131, -25.308731709507281 ], [ -57.578357901711549, -25.309133629017843 ], [ -57.576954768675563, -25.309617738839531 ], [ -57.575759595795631, -25.310028780062765 ], [ -57.574314596012201, -25.310526574108579 ], [ -57.572365613441448, -25.31120240487423 ], [ -57.571193558532734, -25.311717169552075 ], [ -57.570449162358116, -25.312067723174497 ], [ -57.571109876899691, -25.312873388128107 ], [ -57.571158294819931, -25.312936413518816 ], [ -57.571766148805295, -25.313656491089215 ], [ -57.57186824014974, -25.313778005793161 ], [ -57.57188415892719, -25.313796004884402 ], [ -57.572513633954124, -25.314556632187678 ], [ -57.572569525605005, -25.314624143266084 ], [ -57.573272372685047, -25.31547027110096 ], [ -57.574088911284854, -25.316392711163967 ] ] ] ] } },
{ "type": "Feature", "properties": { "DPTO": "00", "DPTO_DESC": "ASUNCIÓN", "DISTRITO": "00", "DIST_DESC": "ASUNCIÓN", "AREA": "1", "BAR_LOC": "049", "BARLO_DESC": "SAN JORGE", "CLAVE_BAR": "00001049", "CLV_AREA": "00001", "CLAVE": "0000", "nombre": "San Jorge", "fuente": "INE Cartografía Censal 2022" }, "geometry": { "type": "MultiPolygon", "coordinates": [ [ [ [ -57.55029161051668, -25.293166651717105 ], [ -57.551399729220435, -25.292011314421654 ], [ -57.552087604682541, -25.291326941128077 ], [ -57.552644927247734, -25.290729981115039 ], [ -57.552664819778819, -25.290711704775603 ], [ -57.55340310418994, -25.28989065004065 ], [ -57.553707579929743, -25.289552035262467 ], [ -57.55372836373774, -25.289535868565892 ], [ -57.554533367170379, -25.28881181233632 ], [ -57.555588303091177, -25.288103466529641 ], [ -57.556945513320599, -25.28724948494774 ], [ -57.558283603678845, -25.286359441508871 ], [ -57.559557908713629, -25.285467168113929 ], [ -57.559721419678716, -25.285363329627135 ], [ -57.560890572223975, -25.284728584540069 ], [ -57.562308488076738, -25.284199420281308 ], [ -57.564195211814095, -25.283564600237927 ], [ -57.564283750137925, -25.283442744082308 ], [ -57.563913116680361, -25.28335979304455 ], [ -57.563591981062764, -25.283264385020079 ], [ -57.562791720438703, -25.282978464646654 ], [ -57.562316724733066, -25.282686785398422 ], [ -57.561378569615805, -25.28190922202424 ], [ -57.560157813830031, -25.280817191750057 ], [ -57.559986383191031, -25.280724554928426 ], [ -57.559898922812472, -25.280686661722388 ], [ -57.559012728861262, -25.280265627244702 ], [ -57.5574519421194, -25.279544578389181 ], [ -57.556664926555612, -25.27902378162349 ], [ -57.556089195488902, -25.278619580734915 ], [ -57.555851049178834, -25.278501808914701 ], [ -57.555735811031838, -25.278444817621462 ], [ -57.554827756958581, -25.278127652417371 ], [ -57.553382383074286, -25.277635867450432 ], [ -57.553296653228976, -25.277603331540845 ], [ -57.553256977298723, -25.277587205555296 ], [ -57.553193915622813, -25.277571740436379 ], [ -57.551693034761158, -25.277114444839746 ], [ -57.550607216499792, -25.276803247577696 ], [ -57.550574300238537, -25.276790509164766 ], [ -57.55045072178077, -25.276760149419765 ], [ -57.549470510440578, -25.276491567075585 ], [ -57.549450799655332, -25.276485405813524 ], [ -57.549176389323755, -25.276410613239808 ], [ -57.548358563644165, -25.276187701859566 ], [ -57.547312037418031, -25.275892249428985 ], [ -57.547282030556907, -25.27588234047543 ], [ -57.54726933298835, -25.275880194059251 ], [ -57.547158720264385, -25.275853511622433 ], [ -57.545144806692548, -25.275291538077976 ], [ -57.545182012048123, -25.275445424614315 ], [ -57.545202102380138, -25.275534038279435 ], [ -57.545231495750961, -25.275683185962656 ], [ -57.545956278994765, -25.278295870968524 ], [ -57.545998706756791, -25.278303126868668 ], [ -57.546097502949671, -25.278419311690548 ], [ -57.546279257216483, -25.278931460688945 ], [ -57.546383231846626, -25.279249646791644 ], [ -57.546556521235132, -25.279779309258217 ], [ -57.546747748195472, -25.280497328080532 ], [ -57.546851960584128, -25.280867960529253 ], [ -57.54694287586419, -25.281131804351698 ], [ -57.54703410516187, -25.281465577142519 ], [ -57.547133274396217, -25.281902273206157 ], [ -57.547367638846687, -25.282709486209122 ], [ -57.547671835276297, -25.2838418090959 ], [ -57.547741633908345, -25.284160120784854 ], [ -57.547950085153417, -25.284904297311812 ], [ -57.548097533281712, -25.285385490734594 ], [ -57.548188891384612, -25.285746457119508 ], [ -57.548470115000057, -25.286755514059408 ], [ -57.548682905361517, -25.287512299318319 ], [ -57.54877416200987, -25.287849955528447 ], [ -57.548904187917756, -25.288256426289522 ], [ -57.54893054385834, -25.28841561350654 ], [ -57.548987004396963, -25.288617423762908 ], [ -57.549091327217653, -25.289009421171276 ], [ -57.549412876917764, -25.29019217957784 ], [ -57.549675846446078, -25.291176048803553 ], [ -57.549871138897224, -25.291839656791435 ], [ -57.550152701545834, -25.292680681642828 ], [ -57.550282864637737, -25.293115316563799 ], [ -57.55029161051668, -25.293166651717105 ] ] ] ] } },
{ "type": "Feature", "properties": { "DPTO": "00", "DPTO_DESC": "ASUNCIÓN", "DISTRITO": "00", "DIST_DESC": "ASUNCIÓN", "AREA": "1", "BAR_LOC": "045", "BARLO_DESC": "YKUA SATI", "CLAVE_BAR": "00001045", "CLV_AREA": "00001", "CLAVE": "0000", "nombre": "Ykua Sati", "fuente": "INE Cartografía Censal 2022" }, "geometry": { "type": "MultiPolygon", "coordinates": [ [ [ [ -57.557002953964769, -25.293028766152393 ], [ -57.558577592230669, -25.29294153755097 ], [ -57.560192540400188, -25.292845108626519 ], [ -57.56169737374907, -25.292767142318574 ], [ -57.562703652967997, -25.292749761353878 ], [ -57.562768176005257, -25.292740484743206 ], [ -57.562866821991854, -25.29272656267155 ], [ -57.563664767410728, -25.292497754261156 ], [ -57.564734600676111, -25.292195657257597 ], [ -57.565947955869603, -25.291852364931493 ], [ -57.5670534954616, -25.29155462946467 ], [ -57.568148120818762, -25.29124789735533 ], [ -57.569234982937722, -25.290941187141225 ], [ -57.570366204242099, -25.290629782246715 ], [ -57.571458021370077, -25.290323036617902 ], [ -57.572575242236525, -25.29000715391933 ], [ -57.573697712193272, -25.28968672718559 ], [ -57.573012280549563, -25.288551554373349 ], [ -57.572623115767101, -25.287907388091501 ], [ -57.572476086712598, -25.287664136470791 ], [ -57.571952089266063, -25.286794730034824 ], [ -57.571854945602425, -25.28654147484869 ], [ -57.571833305578586, -25.286485058780286 ], [ -57.571324484474772, -25.286268880128382 ], [ -57.571283071800032, -25.28624977760138 ], [ -57.569990927233803, -25.285653737935593 ], [ -57.569765927733734, -25.285525379353778 ], [ -57.56860946191631, -25.284775113154971 ], [ -57.56795834337656, -25.284358388927846 ], [ -57.567280854213166, -25.284044929142169 ], [ -57.566591514711519, -25.28378569447619 ], [ -57.566191856443069, -25.28367886310193 ], [ -57.565522142178288, -25.283589362345303 ], [ -57.565423602351892, -25.283581244140024 ], [ -57.564283750137925, -25.283442744082308 ], [ -57.564195211814095, -25.283564600237927 ], [ -57.562308488076738, -25.284199420281308 ], [ -57.560890572223975, -25.284728584540069 ], [ -57.559721419678716, -25.285363329627135 ], [ -57.559557908713629, -25.285467168113929 ], [ -57.558283603678845, -25.286359441508871 ], [ -57.556945513320599, -25.28724948494774 ], [ -57.555588303091177, -25.288103466529641 ], [ -57.554533367170379, -25.28881181233632 ], [ -57.55372836373774, -25.289535868565892 ], [ -57.553707579929743, -25.289552035262467 ], [ -57.55340310418994, -25.28989065004065 ], [ -57.552664819778819, -25.290711704775603 ], [ -57.552644927247734, -25.290729981115039 ], [ -57.552087604682541, -25.291326941128077 ], [ -57.551399729220435, -25.292011314421654 ], [ -57.55029161051668, -25.293166651717105 ], [ -57.550332056431991, -25.293404054036642 ], [ -57.550903240969312, -25.293354194062807 ], [ -57.552047143402554, -25.29329121932745 ], [ -57.553672678234506, -25.29319933727993 ], [ -57.555233415613117, -25.293125742196779 ], [ -57.555301684954614, -25.293120969973014 ], [ -57.556941492121069, -25.293028998227939 ], [ -57.557002953964769, -25.293028766152393 ] ] ] ] } },
{ "type": "Feature", "properties": { "DPTO": "00", "DPTO_DESC": "ASUNCIÓN", "DISTRITO": "00", "DIST_DESC": "ASUNCIÓN", "AREA": "1", "BAR_LOC": "044", "BARLO_DESC": "SAN CRISTOBAL", "CLAVE_BAR": "00001044", "CLV_AREA": "00001", "CLAVE": "0000", "nombre": "San Cristobal", "fuente": "INE Cartografía Censal 2022" }, "geometry": { "type": "MultiPolygon", "coordinates": [ [ [ [ -57.577105870072067, -25.295325853297534 ], [ -57.576911527880547, -25.295005743983996 ], [ -57.576630410316042, -25.294542702096919 ], [ -57.57613672017186, -25.293727376308283 ], [ -57.575644898161364, -25.292912041397095 ], [ -57.575187815183639, -25.292155267105887 ], [ -57.574382534960066, -25.290821898836594 ], [ -57.574142275360295, -25.29042549442952 ], [ -57.573697712193272, -25.28968672718559 ], [ -57.572575242236525, -25.29000715391933 ], [ -57.571458021370077, -25.290323036617902 ], [ -57.570366204242099, -25.290629782246715 ], [ -57.569234982937722, -25.290941187141225 ], [ -57.568148120818762, -25.29124789735533 ], [ -57.5670534954616, -25.29155462946467 ], [ -57.565947955869603, -25.291852364931493 ], [ -57.564734600676111, -25.292195657257597 ], [ -57.563664767410728, -25.292497754261156 ], [ -57.562866821991854, -25.29272656267155 ], [ -57.562768176005257, -25.292740484743206 ], [ -57.562703652967997, -25.292749761353878 ], [ -57.56169737374907, -25.292767142318574 ], [ -57.560192540400188, -25.292845108626519 ], [ -57.558577592230669, -25.29294153755097 ], [ -57.557002953964769, -25.293028766152393 ], [ -57.557509945281694, -25.293862168474774 ], [ -57.557995050293748, -25.294591801385987 ], [ -57.5585524052293, -25.295438554920288 ], [ -57.55910914615994, -25.29628530847679 ], [ -57.559650932615959, -25.297118570796606 ], [ -57.560177474936083, -25.297942858382179 ], [ -57.560738544195324, -25.298780558308717 ], [ -57.561279153000456, -25.29962284899937 ], [ -57.561812526955215, -25.300442588953807 ], [ -57.562345968677604, -25.301275872205071 ], [ -57.562886310819039, -25.30212267266516 ], [ -57.5641085942354, -25.30147232533492 ], [ -57.565330780686921, -25.300803907473114 ], [ -57.566441929902794, -25.300226210569242 ], [ -57.566491472163555, -25.300198928940564 ], [ -57.567649125351217, -25.299544285631352 ], [ -57.568743610312183, -25.298925998732074 ], [ -57.569720714995427, -25.298434583492071 ], [ -57.57052950847465, -25.298110000278847 ], [ -57.57185646625183, -25.297577456213698 ], [ -57.57289087634507, -25.297130950202334 ], [ -57.573935500736269, -25.296679882044021 ], [ -57.574963750938338, -25.296246931276766 ], [ -57.576082752592576, -25.295772982005595 ], [ -57.5761899415199, -25.295727411108963 ], [ -57.577105870072067, -25.295325853297534 ] ] ] ] } },
{ "type": "Feature", "properties": { "DPTO": "00", "DPTO_DESC": "ASUNCIÓN", "DISTRITO": "00", "DIST_DESC": "ASUNCIÓN", "AREA": "1", "BAR_LOC": "042", "BARLO_DESC": "VILLA MORRA", "CLAVE_BAR": "00001042", "CLV_AREA": "00001", "CLAVE": "0000", "nombre": "Villa Morra", "fuente": "INE Cartografía Censal 2022" }, "geometry": { "type": "MultiPolygon", "coordinates": [ [ [ [ -57.577105870072067, -25.295325853297534 ], [ -57.578037925304045, -25.294917800599283 ], [ -57.578909823534097, -25.294547319055216 ], [ -57.579353099469763, -25.294351424184764 ], [ -57.579825177163116, -25.294141869122608 ], [ -57.580718859521795, -25.293750044548521 ], [ -57.58162431099619, -25.293353652992753 ], [ -57.582515786695787, -25.292957311130799 ], [ -57.583420937955466, -25.292565425068716 ], [ -57.584327279654715, -25.292164498360101 ], [ -57.585229604210845, -25.291768097298263 ], [ -57.586131610915196, -25.291371692039583 ], [ -57.587020905450792, -25.29097984713 ], [ -57.587910817961706, -25.290587994454746 ], [ -57.588844134979766, -25.290186932784863 ], [ -57.589280171211684, -25.29000127869201 ], [ -57.589451159302172, -25.289633384340497 ], [ -57.589601665742059, -25.289403042447045 ], [ -57.589226617594328, -25.288144527359069 ], [ -57.589143912746344, -25.287876781949326 ], [ -57.588719569189244, -25.286503012100443 ], [ -57.58797548284484, -25.286424705494976 ], [ -57.586759675960515, -25.28629860454469 ], [ -57.585436569498299, -25.28615522149456 ], [ -57.585314767936062, -25.28614332222682 ], [ -57.583798092381613, -25.28595365086009 ], [ -57.583558148081096, -25.285886871793938 ], [ -57.583263583215583, -25.285757095165838 ], [ -57.582345151036748, -25.285313038842798 ], [ -57.582327739951666, -25.285309447524916 ], [ -57.581996166102293, -25.285220273496641 ], [ -57.581066147394417, -25.285138149963387 ], [ -57.580228047266417, -25.285064689537542 ], [ -57.579253646897953, -25.284982729075899 ], [ -57.578989154592442, -25.284974736809342 ], [ -57.578631053086433, -25.284994202571792 ], [ -57.578452377414393, -25.285017479332812 ], [ -57.578322743785343, -25.285040563652107 ], [ -57.577619534835797, -25.28520135130146 ], [ -57.576530599517788, -25.285459163926909 ], [ -57.576429713375063, -25.285480024740149 ], [ -57.575496985734794, -25.285693311536484 ], [ -57.575264398122414, -25.285746497706736 ], [ -57.575175111643127, -25.285768372613415 ], [ -57.574795475221457, -25.285855301007434 ], [ -57.574783999520392, -25.285857928425575 ], [ -57.573800260459016, -25.286083178097986 ], [ -57.572838450385788, -25.286303646594558 ], [ -57.572292465916107, -25.286436707105697 ], [ -57.572156077973098, -25.286471369414823 ], [ -57.572140370868659, -25.286475275496219 ], [ -57.571871443268485, -25.286542189916492 ], [ -57.571854945602425, -25.28654147484869 ], [ -57.571952089266063, -25.286794730034824 ], [ -57.572476086712598, -25.287664136470791 ], [ -57.572623115767101, -25.287907388091501 ], [ -57.573012280549563, -25.288551554373349 ], [ -57.573697712193272, -25.28968672718559 ], [ -57.574142275360295, -25.29042549442952 ], [ -57.574382534960066, -25.290821898836594 ], [ -57.575187815183639, -25.292155267105887 ], [ -57.575644898161364, -25.292912041397095 ], [ -57.57613672017186, -25.293727376308283 ], [ -57.576630410316042, -25.294542702096919 ], [ -57.576911527880547, -25.295005743983996 ], [ -57.577105870072067, -25.295325853297534 ] ] ] ] } },
{ "type": "Feature", "properties": { "DPTO": "00", "DPTO_DESC": "ASUNCIÓN", "DISTRITO": "00", "DIST_DESC": "ASUNCIÓN", "AREA": "1", "BAR_LOC": "032", "BARLO_DESC": "SAN JUAN", "CLAVE_BAR": "00001032", "CLV_AREA": "00001", "CLAVE": "0000", "nombre": "San Juan", "fuente": "INE Cartografía Censal 2022" }, "geometry": { "type": "MultiPolygon", "coordinates": [ [ [ [ -57.598263794970514, -25.2669182303135 ], [ -57.598733893019727, -25.267277609200889 ], [ -57.599746209489133, -25.268017586155555 ], [ -57.600855470615556, -25.268840713668798 ], [ -57.600869091795268, -25.268850821146003 ], [ -57.601556536449593, -25.26935567849246 ], [ -57.602862575815223, -25.270326575287655 ], [ -57.603754097841254, -25.270991183934147 ], [ -57.6045162965153, -25.271562409194377 ], [ -57.606170910711874, -25.272777432136085 ], [ -57.608444490054097, -25.274461102361865 ], [ -57.609741547932408, -25.275414057592208 ], [ -57.609786397818723, -25.275445478785635 ], [ -57.609846478540042, -25.274239668120114 ], [ -57.609841434955243, -25.274099717283455 ], [ -57.609962563583508, -25.273868940725482 ], [ -57.610581796915405, -25.27305460620336 ], [ -57.610945199139543, -25.272590147651638 ], [ -57.611031449361661, -25.2724779006207 ], [ -57.611106015454354, -25.272377112554921 ], [ -57.611200163978815, -25.272249855395106 ], [ -57.611045367776455, -25.272126974176341 ], [ -57.609379083254431, -25.270667685974754 ], [ -57.60804725645275, -25.269501270208441 ], [ -57.608008945288397, -25.269467716494102 ], [ -57.607693426847888, -25.269191380259393 ], [ -57.607139272179822, -25.26870603511966 ], [ -57.606624360931661, -25.268316861569268 ], [ -57.606349627012513, -25.268474292962022 ], [ -57.606360328822788, -25.26841993108097 ], [ -57.606147158459088, -25.268209077562329 ], [ -57.605945896048368, -25.268186624780895 ], [ -57.605267784800063, -25.267430504388305 ], [ -57.604856666639229, -25.267595199411936 ], [ -57.604677516588197, -25.267369770332483 ], [ -57.604644389848296, -25.267332306337327 ], [ -57.604465450054711, -25.267109696347383 ], [ -57.604443174636309, -25.267073280366816 ], [ -57.604366267990486, -25.266947554438016 ], [ -57.604316715671175, -25.26686112846933 ], [ -57.604233906211206, -25.266810031975851 ], [ -57.60414512217006, -25.266716434378274 ], [ -57.603826690793078, -25.26650092170896 ], [ -57.603665392770544, -25.266422140977859 ], [ -57.603280474611644, -25.266240433454648 ], [ -57.603144266920403, -25.266060299692981 ], [ -57.603102383292928, -25.265984765297691 ], [ -57.603078119538324, -25.265963286820234 ], [ -57.603009403268196, -25.265905379357996 ], [ -57.602855126375964, -25.2660661688539 ], [ -57.602441676518076, -25.266461343567922 ], [ -57.602322561928212, -25.266329865551221 ], [ -57.602037276913343, -25.265984450080296 ], [ -57.60201264580239, -25.26595231592152 ], [ -57.601705492409828, -25.265649138287102 ], [ -57.60145376750787, -25.2654854044921 ], [ -57.601325193885216, -25.265401773780042 ], [ -57.601295630458239, -25.265394637229534 ], [ -57.601203651513096, -25.265353647111905 ], [ -57.601061216293751, -25.265264834515254 ], [ -57.601011440185189, -25.265306607055987 ], [ -57.600929968890284, -25.265348508606134 ], [ -57.600761009709444, -25.265200653253284 ], [ -57.600621838364638, -25.26503660281794 ], [ -57.600582976338195, -25.264942812989261 ], [ -57.600291151281631, -25.264315622050191 ], [ -57.600366208631982, -25.264242577872544 ], [ -57.600146608209187, -25.263809869360067 ], [ -57.599940846629643, -25.263919403195256 ], [ -57.599835192699324, -25.264018763858687 ], [ -57.599617774689861, -25.264258893467499 ], [ -57.599559527852058, -25.264313448031352 ], [ -57.599146830690124, -25.264770287563088 ], [ -57.598651157238614, -25.265272687732782 ], [ -57.598168376314248, -25.265812387454389 ], [ -57.59759995816006, -25.26642290247954 ], [ -57.598263794970514, -25.2669182303135 ] ] ] ] } },
{ "type": "Feature", "properties": { "DPTO": "00", "DPTO_DESC": "ASUNCIÓN", "DISTRITO": "00", "DIST_DESC": "ASUNCIÓN", "AREA": "1", "BAR_LOC": "025", "BARLO_DESC": "VIRGEN DEL HUERTO", "CLAVE_BAR": "00001025", "CLV_AREA": "00001", "CLAVE": "0000", "nombre": "Virgen Del Huerto", "fuente": "INE Cartografía Censal 2022" }, "geometry": { "type": "MultiPolygon", "coordinates": [ [ [ [ -57.594483899268624, -25.282357503920636 ], [ -57.600528583130355, -25.28146158930717 ], [ -57.600630763200748, -25.281474719058007 ], [ -57.600461201418227, -25.280762005016427 ], [ -57.600452333118042, -25.28072591937293 ], [ -57.600213178741264, -25.279747090307357 ], [ -57.600040959392139, -25.278998264616696 ], [ -57.600004334629041, -25.278871987441995 ], [ -57.59980154652785, -25.278028466952765 ], [ -57.599794278548401, -25.27799929714751 ], [ -57.599529570421595, -25.276936889194214 ], [ -57.599391190051286, -25.276314350120604 ], [ -57.599335768927233, -25.276088814219168 ], [ -57.599090027632833, -25.275091948334929 ], [ -57.598957614062073, -25.274546144077625 ], [ -57.598803966093143, -25.273910121373071 ], [ -57.598523785419765, -25.272723754519816 ], [ -57.598512103488865, -25.272683164892044 ], [ -57.598406915837771, -25.272285660336991 ], [ -57.598392411235871, -25.272230848352585 ], [ -57.598316362962876, -25.271943462013702 ], [ -57.598203575591505, -25.271474335986248 ], [ -57.597912677041968, -25.270251889067296 ], [ -57.597825541225795, -25.269886508850202 ], [ -57.597788543501451, -25.269746686736848 ], [ -57.596663353493582, -25.268952044539397 ], [ -57.59551270691874, -25.268152980947271 ], [ -57.595267340340641, -25.268050120422533 ], [ -57.594638502764461, -25.267908167713259 ], [ -57.593067414575678, -25.267602841863273 ], [ -57.593212897325373, -25.268893708154117 ], [ -57.593331097927901, -25.270480730851222 ], [ -57.593383980084667, -25.27106651727696 ], [ -57.59340371946648, -25.27121302531414 ], [ -57.593537769121106, -25.272581341921924 ], [ -57.593601651640128, -25.273208701249903 ], [ -57.593690240176855, -25.274129450671172 ], [ -57.593804621711591, -25.275311979079692 ], [ -57.594002195021055, -25.277324973224353 ], [ -57.594145019887392, -25.278805200575881 ], [ -57.594241501716404, -25.279811896555639 ], [ -57.594459366015094, -25.282100235298788 ], [ -57.594483899268624, -25.282357503920636 ] ] ] ] } },
{ "type": "Feature", "properties": { "DPTO": "00", "DPTO_DESC": "ASUNCIÓN", "DISTRITO": "00", "DIST_DESC": "ASUNCIÓN", "AREA": "1", "BAR_LOC": "023", "BARLO_DESC": "JARA", "CLAVE_BAR": "00001023", "CLV_AREA": "00001", "CLAVE": "0000", "nombre": "Jara", "fuente": "INE Cartografía Censal 2022" }, "geometry": { "type": "MultiPolygon", "coordinates": [ [ [ [ -57.600630763200748, -25.281474719058007 ], [ -57.601314927276569, -25.281679632437292 ], [ -57.602216558686848, -25.281987505139025 ], [ -57.603097708571234, -25.282295455970161 ], [ -57.60403360333401, -25.282625753425716 ], [ -57.60490412071286, -25.282915675985464 ], [ -57.60558259543452, -25.283132240751911 ], [ -57.605421669279011, -25.283555797071795 ], [ -57.605655450299416, -25.28356414938515 ], [ -57.606024673618109, -25.285051288040282 ], [ -57.60714964998634, -25.28482541753586 ], [ -57.608579701928157, -25.284530552290303 ], [ -57.609535756228198, -25.284355027686633 ], [ -57.609539391825621, -25.283591942238008 ], [ -57.609543004460811, -25.283072678160575 ], [ -57.609554279889657, -25.282717770366709 ], [ -57.609555342335888, -25.282684319104977 ], [ -57.609563260153976, -25.282219219708278 ], [ -57.609583712754258, -25.28134318429024 ], [ -57.609597120477794, -25.280770062786853 ], [ -57.60961286859397, -25.280096865444737 ], [ -57.609615097339102, -25.279983975937679 ], [ -57.609620837400151, -25.279704009073882 ], [ -57.609643388492607, -25.278999542775608 ], [ -57.609663940406456, -25.278516330104726 ], [ -57.609680334607852, -25.278132469268535 ], [ -57.609698941272299, -25.277446079972776 ], [ -57.609719189787207, -25.276529407918336 ], [ -57.609727383922866, -25.276181702573979 ], [ -57.609728019956364, -25.276147231632027 ], [ -57.609741547932408, -25.275414057592208 ], [ -57.608444490054097, -25.274461102361865 ], [ -57.606170910711874, -25.272777432136085 ], [ -57.6045162965153, -25.271562409194377 ], [ -57.603754097841254, -25.270991183934147 ], [ -57.602862575815223, -25.270326575287655 ], [ -57.601556536449593, -25.26935567849246 ], [ -57.600869091795268, -25.268850821146003 ], [ -57.600855470615556, -25.268840713668798 ], [ -57.599746209489133, -25.268017586155555 ], [ -57.598733893019727, -25.267277609200889 ], [ -57.598263794970514, -25.2669182303135 ], [ -57.598118998454467, -25.267072334764368 ], [ -57.598108192060849, -25.267082853625876 ], [ -57.598038398488256, -25.267150790097521 ], [ -57.598023879375113, -25.267164922865579 ], [ -57.597915972614238, -25.26708716710586 ], [ -57.597738633661187, -25.266970025267725 ], [ -57.597312276433698, -25.266664715696781 ], [ -57.597197939114416, -25.26663808694407 ], [ -57.597094616214001, -25.26670623331141 ], [ -57.597074510300942, -25.266783073490103 ], [ -57.59735472879126, -25.267919776796806 ], [ -57.597602013242906, -25.268984369064611 ], [ -57.597644150926122, -25.269160292233664 ], [ -57.597788543501451, -25.269746686736848 ], [ -57.597825541225795, -25.269886508850202 ], [ -57.597912677041968, -25.270251889067296 ], [ -57.598203575591505, -25.271474335986248 ], [ -57.598316362962876, -25.271943462013702 ], [ -57.598392411235871, -25.272230848352585 ], [ -57.598406915837771, -25.272285660336991 ], [ -57.598512103488865, -25.272683164892044 ], [ -57.598523785419765, -25.272723754519816 ], [ -57.598803966093143, -25.273910121373071 ], [ -57.598957614062073, -25.274546144077625 ], [ -57.599090027632833, -25.275091948334929 ], [ -57.599335768927233, -25.276088814219168 ], [ -57.599391190051286, -25.276314350120604 ], [ -57.599529570421595, -25.276936889194214 ], [ -57.599794278548401, -25.27799929714751 ], [ -57.59980154652785, -25.278028466952765 ], [ -57.600004334629041, -25.278871987441995 ], [ -57.600040959392139, -25.278998264616696 ], [ -57.600213178741264, -25.279747090307357 ], [ -57.600452333118042, -25.28072591937293 ], [ -57.600461201418227, -25.280762005016427 ], [ -57.600630763200748, -25.281474719058007 ] ] ] ] } },
{ "type": "Feature", "properties": { "DPTO": "00", "DPTO_DESC": "ASUNCIÓN", "DISTRITO": "00", "DIST_DESC": "ASUNCIÓN", "AREA": "1", "BAR_LOC": "024", "BARLO_DESC": "MARISCAL FRANCISCO SOLANO LOPEZ", "CLAVE_BAR": "00001024", "CLV_AREA": "00001", "CLAVE": "0000", "nombre": "Mariscal Francisco Solano Lopez", "fuente": "INE Cartografía Censal 2022" }, "geometry": { "type": "MultiPolygon", "coordinates": [ [ [ [ -57.597034796625152, -25.291327965970556 ], [ -57.597843226249161, -25.291470207988567 ], [ -57.597964251844161, -25.291491500625678 ], [ -57.598898752352497, -25.291663298827395 ], [ -57.599627895708174, -25.291797340804422 ], [ -57.600630366902877, -25.291981620656518 ], [ -57.60329080750526, -25.292467436751743 ], [ -57.605816929510276, -25.292945907005063 ], [ -57.605851209685191, -25.292951661262837 ], [ -57.605880423474709, -25.292956921589429 ], [ -57.607674624430608, -25.293279983552011 ], [ -57.607965912898962, -25.293332432902886 ], [ -57.608031039618531, -25.293345708264244 ], [ -57.608062701380547, -25.293351416809461 ], [ -57.608970314362679, -25.293515079129694 ], [ -57.609009524309187, -25.293522148796129 ], [ -57.609504117063004, -25.293611331977125 ], [ -57.611040791509154, -25.293884916772544 ], [ -57.611199720154346, -25.293884258307717 ], [ -57.610888905288036, -25.292689017030725 ], [ -57.610477443832785, -25.291105883775341 ], [ -57.610172962649322, -25.289933190156663 ], [ -57.610078635272437, -25.289567848614663 ], [ -57.609550714270874, -25.287533672631856 ], [ -57.609530490343246, -25.285723157767961 ], [ -57.609541349770545, -25.284666554020617 ], [ -57.609535756228198, -25.284355027686633 ], [ -57.608579701928157, -25.284530552290303 ], [ -57.60714964998634, -25.28482541753586 ], [ -57.606024673618109, -25.285051288040282 ], [ -57.605655450299416, -25.28356414938515 ], [ -57.605421669279011, -25.283555797071795 ], [ -57.60558259543452, -25.283132240751911 ], [ -57.60490412071286, -25.282915675985464 ], [ -57.60403360333401, -25.282625753425716 ], [ -57.603097708571234, -25.282295455970161 ], [ -57.602216558686848, -25.281987505139025 ], [ -57.601314927276569, -25.281679632437292 ], [ -57.600630763200748, -25.281474719058007 ], [ -57.600528583130355, -25.28146158930717 ], [ -57.594483899268624, -25.282357503920636 ], [ -57.594664474475159, -25.284253167796155 ], [ -57.594674635783363, -25.284359985779982 ], [ -57.594678214113152, -25.284397599371918 ], [ -57.594818307289628, -25.285819327925843 ], [ -57.594960842668151, -25.287168802734115 ], [ -57.595080722679903, -25.287818510216443 ], [ -57.596987610619401, -25.291318629844316 ], [ -57.597034796625152, -25.291327965970556 ] ] ] ] } },
{ "type": "Feature", "properties": { "DPTO": "00", "DPTO_DESC": "ASUNCIÓN", "DISTRITO": "00", "DIST_DESC": "ASUNCIÓN", "AREA": "1", "BAR_LOC": "037", "BARLO_DESC": "SAN PABLO", "CLAVE_BAR": "00001037", "CLV_AREA": "00001", "CLAVE": "0000", "nombre": "San Pablo", "fuente": "INE Cartografía Censal 2022" }, "geometry": { "type": "MultiPolygon", "coordinates": [ [ [ [ -57.589788491258368, -25.335134471045702 ], [ -57.589125445768474, -25.334941011865382 ], [ -57.589983265259633, -25.334236835176931 ], [ -57.58651556429465, -25.330377025858667 ], [ -57.585487296384308, -25.329243286246538 ], [ -57.5840557003431, -25.327655103333424 ], [ -57.583141016823092, -25.326629260823243 ], [ -57.582633938428245, -25.326102988360788 ], [ -57.582173256488232, -25.325603621968202 ], [ -57.581275298838719, -25.324627368286162 ], [ -57.580827624442684, -25.324118915728249 ], [ -57.580376828421691, -25.323605958816376 ], [ -57.580363724473784, -25.323592464817061 ], [ -57.579040405654538, -25.322089592570006 ], [ -57.5782509318257, -25.321194166718286 ], [ -57.577314002133029, -25.320105160219342 ], [ -57.57693654030632, -25.319664148126282 ], [ -57.576401437430448, -25.319043143330703 ], [ -57.575451128225076, -25.317940630920472 ], [ -57.574826197185679, -25.317229666559001 ], [ -57.574088911284854, -25.316392711163967 ], [ -57.570296999330886, -25.317568427618443 ], [ -57.560359891687185, -25.320215215128691 ], [ -57.5630831403545, -25.322296842647841 ], [ -57.566992303121154, -25.325375473017054 ], [ -57.577151681015309, -25.333206633479939 ], [ -57.580726201214041, -25.335980182945324 ], [ -57.580969295761058, -25.336168468894751 ], [ -57.581511788542699, -25.336588648092487 ], [ -57.581645561701805, -25.336692259300097 ], [ -57.581787431749753, -25.336802140711608 ], [ -57.582176581642564, -25.337108804079843 ], [ -57.582335298714519, -25.337233877908961 ], [ -57.582523982381176, -25.337382565819826 ], [ -57.582884684685482, -25.337666807117589 ], [ -57.582917202587559, -25.33769243219875 ], [ -57.583271875898973, -25.337970218874659 ], [ -57.583464541247068, -25.338121117564619 ], [ -57.583553768703425, -25.33818703268695 ], [ -57.58356561570897, -25.33819578405754 ], [ -57.583880064611968, -25.338428073654473 ], [ -57.583967879192123, -25.338492477916127 ], [ -57.584423443320837, -25.338826595102649 ], [ -57.584586202222489, -25.338973774807862 ], [ -57.584664038624872, -25.339054921394904 ], [ -57.584791596250845, -25.339218407202786 ], [ -57.58492112000846, -25.339387175153306 ], [ -57.585255987525215, -25.339888989361118 ], [ -57.585443857454834, -25.340219753730807 ], [ -57.58614263130638, -25.341411073037897 ], [ -57.588354408084847, -25.340334718519014 ], [ -57.588523742101842, -25.340028796911625 ], [ -57.589208493447643, -25.340275327676302 ], [ -57.589484342931172, -25.340443080779334 ], [ -57.590489517837689, -25.338846136399567 ], [ -57.588160130764159, -25.338046859727449 ], [ -57.589788491258368, -25.335134471045702 ] ] ] ] } },
{ "type": "Feature", "properties": { "DPTO": "00", "DPTO_DESC": "ASUNCIÓN", "DISTRITO": "00", "DIST_DESC": "ASUNCIÓN", "AREA": "1", "BAR_LOC": "036", "BARLO_DESC": "HIPODROMO", "CLAVE_BAR": "00001036", "CLV_AREA": "00001", "CLAVE": "0000", "nombre": "Hipodromo", "fuente": "INE Cartografía Censal 2022" }, "geometry": { "type": "MultiPolygon", "coordinates": [ [ [ [ -57.594188703149534, -25.321699690110215 ], [ -57.593316944123629, -25.320506675205159 ], [ -57.592414247284751, -25.319268627088757 ], [ -57.592234206894581, -25.319021014741477 ], [ -57.591548756668047, -25.3180800908513 ], [ -57.591062399553941, -25.317409277267004 ], [ -57.590670754899257, -25.316869023240841 ], [ -57.590268801232391, -25.316315263766654 ], [ -57.589764941155416, -25.315617424424659 ], [ -57.58892854983133, -25.314464876688735 ], [ -57.588053481448959, -25.313271841265259 ], [ -57.587630045587076, -25.312700098869342 ], [ -57.587134030780511, -25.3118848231878 ], [ -57.586233061409445, -25.312204472947975 ], [ -57.585503773250444, -25.312460222637469 ], [ -57.583942955957205, -25.313017268364273 ], [ -57.583521759106517, -25.313167937930086 ], [ -57.583337958638246, -25.313231878215507 ], [ -57.581642886557162, -25.313830067848091 ], [ -57.580475341340808, -25.314245553620871 ], [ -57.580069946315703, -25.31439163598591 ], [ -57.579048939903672, -25.314743320980106 ], [ -57.577870178597692, -25.315154315157965 ], [ -57.576448925961444, -25.315629461363997 ], [ -57.574835138060934, -25.316164042630994 ], [ -57.574088911284854, -25.316392711163967 ], [ -57.574826197185679, -25.317229666559001 ], [ -57.575451128225076, -25.317940630920472 ], [ -57.576401437430448, -25.319043143330703 ], [ -57.57693654030632, -25.319664148126282 ], [ -57.577314002133029, -25.320105160219342 ], [ -57.5782509318257, -25.321194166718286 ], [ -57.579040405654538, -25.322089592570006 ], [ -57.580363724473784, -25.323592464817061 ], [ -57.580376828421691, -25.323605958816376 ], [ -57.580827624442684, -25.324118915728249 ], [ -57.581275298838719, -25.324627368286162 ], [ -57.582173256488232, -25.325603621968202 ], [ -57.582633938428245, -25.326102988360788 ], [ -57.583141016823092, -25.326629260823243 ], [ -57.5840557003431, -25.327655103333424 ], [ -57.585487296384308, -25.329243286246538 ], [ -57.58651556429465, -25.330377025858667 ], [ -57.586907525757688, -25.329947658683071 ], [ -57.586956416965684, -25.329894101572179 ], [ -57.587751052375012, -25.329022060024148 ], [ -57.587083836180419, -25.328623489536326 ], [ -57.589591285993421, -25.325095435899524 ], [ -57.589354387417394, -25.3249613626298 ], [ -57.589682912898638, -25.324417152111966 ], [ -57.589891670745679, -25.324279420520124 ], [ -57.592740949663771, -25.322555849104184 ], [ -57.594188703149534, -25.321699690110215 ] ] ] ] } },
{ "type": "Feature", "properties": { "DPTO": "00", "DPTO_DESC": "ASUNCIÓN", "DISTRITO": "00", "DIST_DESC": "ASUNCIÓN", "AREA": "1", "BAR_LOC": "035", "BARLO_DESC": "TERMINAL", "CLAVE_BAR": "00001035", "CLV_AREA": "00001", "CLAVE": "0000", "nombre": "Terminal", "fuente": "INE Cartografía Censal 2022" }, "geometry": { "type": "MultiPolygon", "coordinates": [ [ [ [ -57.598957115860017, -25.32800617077632 ], [ -57.59730127626338, -25.326247452575128 ], [ -57.597424741550711, -25.326161163474744 ], [ -57.596584456072506, -25.325004163451926 ], [ -57.595279604172035, -25.323194332421696 ], [ -57.594938261961822, -25.32272613059973 ], [ -57.594188703149534, -25.321699690110215 ], [ -57.592740949663771, -25.322555849104184 ], [ -57.589891670745679, -25.324279420520124 ], [ -57.589682912898638, -25.324417152111966 ], [ -57.589354387417394, -25.3249613626298 ], [ -57.589591285993421, -25.325095435899524 ], [ -57.587083836180419, -25.328623489536326 ], [ -57.587751052375012, -25.329022060024148 ], [ -57.586956416965684, -25.329894101572179 ], [ -57.586907525757688, -25.329947658683071 ], [ -57.58651556429465, -25.330377025858667 ], [ -57.589983265259633, -25.334236835176931 ], [ -57.589125445768474, -25.334941011865382 ], [ -57.589788491258368, -25.335134471045702 ], [ -57.591892557725856, -25.335735501047576 ], [ -57.592403923269963, -25.333976739049596 ], [ -57.592449663410214, -25.33382233274709 ], [ -57.593467958632438, -25.332313295443079 ], [ -57.59437982458644, -25.332827701305352 ], [ -57.595221816118006, -25.33158380017138 ], [ -57.596193731814836, -25.330329054546741 ], [ -57.595613114558567, -25.329866438519666 ], [ -57.596359292649566, -25.329152244485226 ], [ -57.595714765290239, -25.328480895697162 ], [ -57.596358076701641, -25.32795260263627 ], [ -57.597471139845418, -25.329101193527539 ], [ -57.598957115860017, -25.32800617077632 ] ] ] ] } },
{ "type": "Feature", "properties": { "DPTO": "00", "DPTO_DESC": "ASUNCIÓN", "DISTRITO": "00", "DIST_DESC": "ASUNCIÓN", "AREA": "1", "BAR_LOC": "034", "BARLO_DESC": "NAZARETH", "CLAVE_BAR": "00001034", "CLV_AREA": "00001", "CLAVE": "0000", "nombre": "Nazareth", "fuente": "INE Cartografía Censal 2022" }, "geometry": { "type": "MultiPolygon", "coordinates": [ [ [ [ -57.594188703149534, -25.321699690110215 ], [ -57.594938261961822, -25.32272613059973 ], [ -57.595279604172035, -25.323194332421696 ], [ -57.596584456072506, -25.325004163451926 ], [ -57.597424741550711, -25.326161163474744 ], [ -57.59730127626338, -25.326247452575128 ], [ -57.598957115860017, -25.32800617077632 ], [ -57.602346597852282, -25.32559893801248 ], [ -57.601572030163119, -25.324712977056503 ], [ -57.601530156241417, -25.324658965708984 ], [ -57.600892422038534, -25.32397074333516 ], [ -57.600621857714508, -25.323083228428104 ], [ -57.600610593282475, -25.323046278124988 ], [ -57.600442699949639, -25.322496108942165 ], [ -57.600143799831415, -25.321508499420009 ], [ -57.599899532093616, -25.320769002329889 ], [ -57.599829780869115, -25.320539011392274 ], [ -57.599347817956726, -25.318942593583181 ], [ -57.599210901570117, -25.318556292124111 ], [ -57.599075623177221, -25.318145038869918 ], [ -57.59876578243405, -25.316944727836219 ], [ -57.598215212586823, -25.315091217596343 ], [ -57.598180461985372, -25.314969448298552 ], [ -57.597949503502058, -25.314153134608219 ], [ -57.597689186721439, -25.313237605094077 ], [ -57.597662331078539, -25.313142894809808 ], [ -57.59738337125868, -25.312159712163435 ], [ -57.597092441525319, -25.311142886617816 ], [ -57.597080133547749, -25.311099868725396 ], [ -57.596941609805683, -25.310644394470359 ], [ -57.596699268785663, -25.309846185002684 ], [ -57.5963310288695, -25.308633085728108 ], [ -57.595259648798852, -25.309012176896534 ], [ -57.593532141925969, -25.309619663303813 ], [ -57.592523987966366, -25.309980419427291 ], [ -57.592160113743439, -25.310103791838518 ], [ -57.590426388110437, -25.310715782377279 ], [ -57.59029994266799, -25.310761440743423 ], [ -57.588690494817499, -25.311332276578579 ], [ -57.588005547285697, -25.311574315855395 ], [ -57.587134030780511, -25.3118848231878 ], [ -57.587630045587076, -25.312700098869342 ], [ -57.588053481448959, -25.313271841265259 ], [ -57.58892854983133, -25.314464876688735 ], [ -57.589764941155416, -25.315617424424659 ], [ -57.590268801232391, -25.316315263766654 ], [ -57.590670754899257, -25.316869023240841 ], [ -57.591062399553941, -25.317409277267004 ], [ -57.591548756668047, -25.3180800908513 ], [ -57.592234206894581, -25.319021014741477 ], [ -57.592414247284751, -25.319268627088757 ], [ -57.593316944123629, -25.320506675205159 ], [ -57.594188703149534, -25.321699690110215 ] ] ] ] } },
{ "type": "Feature", "properties": { "DPTO": "00", "DPTO_DESC": "ASUNCIÓN", "DISTRITO": "00", "DIST_DESC": "ASUNCIÓN", "AREA": "1", "BAR_LOC": "013", "BARLO_DESC": "SAN ROQUE", "CLAVE_BAR": "00001013", "CLV_AREA": "00001", "CLAVE": "0000", "nombre": "San Roque", "fuente": "INE Cartografía Censal 2022" }, "geometry": { "type": "MultiPolygon", "coordinates": [ [ [ [ -57.631698751431031, -25.29516177083541 ], [ -57.6321081335931, -25.29494415923579 ], [ -57.632853745090998, -25.2945478171237 ], [ -57.63287177396716, -25.294536907826167 ], [ -57.633021171554475, -25.294452580383641 ], [ -57.633958203225184, -25.293923654253906 ], [ -57.634817661555594, -25.293432317287557 ], [ -57.634114476214059, -25.292338150589213 ], [ -57.633719241066693, -25.291784480563372 ], [ -57.633707660871814, -25.291766469545941 ], [ -57.633298321267567, -25.291185767731939 ], [ -57.632536054375699, -25.290095128808534 ], [ -57.631719178871613, -25.288948487493109 ], [ -57.631029755743839, -25.287941065725708 ], [ -57.630490148611145, -25.287181058256344 ], [ -57.630088822007153, -25.286587284610693 ], [ -57.629591574037171, -25.285901341645037 ], [ -57.629625836673277, -25.285863206842173 ], [ -57.629256189600234, -25.2853282309203 ], [ -57.628763605259245, -25.284667139373671 ], [ -57.628423692223961, -25.284171848378755 ], [ -57.627549794175742, -25.284672599094975 ], [ -57.627081333102396, -25.283969949967599 ], [ -57.626981422654168, -25.283916192167155 ], [ -57.626850727469481, -25.28391223229513 ], [ -57.626152389471841, -25.284100320818514 ], [ -57.624327771505804, -25.284555057933133 ], [ -57.622557706202706, -25.284937299240294 ], [ -57.62207838311658, -25.285043170671798 ], [ -57.619525763764443, -25.285600251013385 ], [ -57.618590358435597, -25.285807360115172 ], [ -57.617611233437607, -25.286023676760827 ], [ -57.616670166867294, -25.286217251855913 ], [ -57.617215253575466, -25.286959981108897 ], [ -57.617710031385748, -25.287635190787793 ], [ -57.619112270755615, -25.289503121537237 ], [ -57.619468817623385, -25.289971205629048 ], [ -57.61994691518197, -25.290596810014787 ], [ -57.620384367984101, -25.291163886076625 ], [ -57.620872501805884, -25.291807506715379 ], [ -57.621308744716991, -25.292379099200545 ], [ -57.621867832392233, -25.293117235653551 ], [ -57.622284989111215, -25.293657300006906 ], [ -57.622636214887478, -25.294111852682079 ], [ -57.623358919756761, -25.295034415315683 ], [ -57.623924506128304, -25.295763485490379 ], [ -57.624488717580441, -25.294587147055086 ], [ -57.624554449446023, -25.294442405395362 ], [ -57.624991355493961, -25.293451704105497 ], [ -57.625215827737946, -25.292854746998106 ], [ -57.625566899591462, -25.291957371631799 ], [ -57.626172125774318, -25.290805225223519 ], [ -57.626878365929315, -25.291764043966079 ], [ -57.62768919633951, -25.292857788242667 ], [ -57.628523607064054, -25.293946912013674 ], [ -57.630164551757822, -25.293005266144924 ], [ -57.630567582214226, -25.293567942397321 ], [ -57.630985632017783, -25.294153129611395 ], [ -57.631698751431031, -25.29516177083541 ] ] ] ] } },
{ "type": "Feature", "properties": { "DPTO": "00", "DPTO_DESC": "ASUNCIÓN", "DISTRITO": "00", "DIST_DESC": "ASUNCIÓN", "AREA": "1", "BAR_LOC": "010", "BARLO_DESC": "OBRERO INTENDENTE B. GUGGIARI", "CLAVE_BAR": "00001010", "CLV_AREA": "00001", "CLAVE": "0000", "nombre": "Obrero Intendente B. Guggiari", "fuente": "INE Cartografía Censal 2022" }, "geometry": { "type": "MultiPolygon", "coordinates": [ [ [ [ -57.650713610834529, -25.303273864372436 ], [ -57.650267446343726, -25.302621132061429 ], [ -57.649879554614586, -25.302067475355781 ], [ -57.649475070058507, -25.301486799551089 ], [ -57.649086037415756, -25.300892508989779 ], [ -57.648725235956952, -25.300352275249018 ], [ -57.648530972912404, -25.300073188619045 ], [ -57.648319209123002, -25.299771602752024 ], [ -57.647919036646371, -25.299181872953977 ], [ -57.647570972157133, -25.298641580150427 ], [ -57.647160515916482, -25.298042862884998 ], [ -57.64676348394395, -25.297457631041603 ], [ -57.64639019087744, -25.296899385076102 ], [ -57.646072274405491, -25.296422168783568 ], [ -57.645536283101514, -25.295620813208366 ], [ -57.644977828125029, -25.294796977804836 ], [ -57.644481655276117, -25.294067686830672 ], [ -57.64400363398569, -25.293365405885748 ], [ -57.643129074509197, -25.293870407220592 ], [ -57.642499256755208, -25.294225336449706 ], [ -57.6417748041886, -25.294648402603823 ], [ -57.641052569376427, -25.295080485984066 ], [ -57.640158811823319, -25.295599098959265 ], [ -57.639380784255096, -25.296049477160306 ], [ -57.63926824442742, -25.296135753514161 ], [ -57.638576867444591, -25.296536084898687 ], [ -57.637444062784652, -25.297173111296068 ], [ -57.636901821163875, -25.29748248657183 ], [ -57.636582106052614, -25.297664474345027 ], [ -57.635556067662499, -25.298242328154178 ], [ -57.634347676817526, -25.298915778308668 ], [ -57.633159183306489, -25.29911955378498 ], [ -57.632118732089793, -25.299318170085542 ], [ -57.632194569237598, -25.299745985926599 ], [ -57.632267356246487, -25.300156592114739 ], [ -57.632426448005049, -25.301068743520069 ], [ -57.632484912675565, -25.301447768462168 ], [ -57.632483345791059, -25.301572692332112 ], [ -57.632483210915211, -25.301585569048378 ], [ -57.632478600397562, -25.302025739389684 ], [ -57.632274819373457, -25.302956741577667 ], [ -57.632065404822285, -25.30405934460136 ], [ -57.632046742925183, -25.304316781114238 ], [ -57.631984866554866, -25.305170425284057 ], [ -57.631950008620336, -25.305759773736238 ], [ -57.631948571041157, -25.305784078812838 ], [ -57.631922360384067, -25.306227246292927 ], [ -57.631910948767384, -25.306389831886801 ], [ -57.631846909502272, -25.307302183348099 ], [ -57.631762601200947, -25.30834555190377 ], [ -57.631752563926945, -25.308391615460639 ], [ -57.631663140321777, -25.308802011498699 ], [ -57.631319330261398, -25.310632132852067 ], [ -57.631017941048299, -25.312082796352882 ], [ -57.630898777219478, -25.312512248540614 ], [ -57.631615952515482, -25.312694300016926 ], [ -57.632832091334009, -25.313005147120453 ], [ -57.632917894204667, -25.313027354665852 ], [ -57.633094497642595, -25.313017565992521 ], [ -57.633234347018913, -25.312985359091446 ], [ -57.633340908715617, -25.312939749533871 ], [ -57.63426915637757, -25.31251584710343 ], [ -57.634363942551722, -25.31247480265656 ], [ -57.634875968495408, -25.312251354753631 ], [ -57.63533280366434, -25.312041688486818 ], [ -57.635660347925054, -25.311805487276946 ], [ -57.636418092583185, -25.311373276201284 ], [ -57.63721955744051, -25.310931841968699 ], [ -57.637931533835584, -25.31053594246259 ], [ -57.638750876130651, -25.310071846776033 ], [ -57.639549459154559, -25.309616867008387 ], [ -57.640321767509818, -25.309184572978751 ], [ -57.641197114846932, -25.308688614407078 ], [ -57.642084489344185, -25.308179052805514 ], [ -57.642869411675512, -25.307728629981099 ], [ -57.643666078136249, -25.307269121416866 ], [ -57.644853149399744, -25.30660923393916 ], [ -57.645402262745087, -25.306304314586711 ], [ -57.646126626306931, -25.305912837027208 ], [ -57.64685368269614, -25.305503283442317 ], [ -57.647716153135228, -25.304989282512626 ], [ -57.64844866719374, -25.304557121326063 ], [ -57.649199228139508, -25.304133907453465 ], [ -57.649811120403392, -25.30378805893627 ], [ -57.650713610834529, -25.303273864372436 ] ] ] ] } },
{ "type": "Feature", "properties": { "DPTO": "00", "DPTO_DESC": "ASUNCIÓN", "DISTRITO": "00", "DIST_DESC": "ASUNCIÓN", "AREA": "1", "BAR_LOC": "009", "BARLO_DESC": "GENERAL JOSE EDUVIGIS DIAZ", "CLAVE_BAR": "00001009", "CLV_AREA": "00001", "CLAVE": "0000", "nombre": "General Jose Eduvigis Diaz", "fuente": "INE Cartografía Censal 2022" }, "geometry": { "type": "MultiPolygon", "coordinates": [ [ [ [ -57.64400363398569, -25.293365405885748 ], [ -57.643768379264358, -25.293024254034226 ], [ -57.643472803274406, -25.292595625838274 ], [ -57.64295405965067, -25.291821275828095 ], [ -57.642440291051585, -25.291046902145624 ], [ -57.641945222171763, -25.290285990683241 ], [ -57.641459042606144, -25.289561160243878 ], [ -57.640705487628004, -25.288458213594961 ], [ -57.639946409792188, -25.287364317064725 ], [ -57.639085724158853, -25.287846658291322 ], [ -57.63845752367056, -25.288210593629206 ], [ -57.637762128059244, -25.288606423178614 ], [ -57.636972627700125, -25.289052322962018 ], [ -57.636143245959651, -25.289529996906754 ], [ -57.635463642314548, -25.289921232484556 ], [ -57.634823647539896, -25.290289718568157 ], [ -57.634054659540212, -25.290744545067358 ], [ -57.633298321267567, -25.291185767731939 ], [ -57.633707660871814, -25.291766469545941 ], [ -57.633719241066693, -25.291784480563372 ], [ -57.634114476214059, -25.292338150589213 ], [ -57.634817661555594, -25.293432317287557 ], [ -57.633958203225184, -25.293923654253906 ], [ -57.633021171554475, -25.294452580383641 ], [ -57.63287177396716, -25.294536907826167 ], [ -57.632853745090998, -25.2945478171237 ], [ -57.6321081335931, -25.29494415923579 ], [ -57.631698751431031, -25.29516177083541 ], [ -57.631608805954379, -25.295212151833883 ], [ -57.631739464145824, -25.296217860247214 ], [ -57.631789365215695, -25.296599261853803 ], [ -57.631821961397577, -25.296848398095911 ], [ -57.631853548382615, -25.297626110716386 ], [ -57.631881982428254, -25.298143629305159 ], [ -57.631902051772578, -25.298284199735082 ], [ -57.631940028496373, -25.298384922854154 ], [ -57.631962910355291, -25.298542225488159 ], [ -57.632118732089793, -25.299318170085542 ], [ -57.633159183306489, -25.29911955378498 ], [ -57.634347676817526, -25.298915778308668 ], [ -57.635556067662499, -25.298242328154178 ], [ -57.636582106052614, -25.297664474345027 ], [ -57.636901821163875, -25.29748248657183 ], [ -57.637444062784652, -25.297173111296068 ], [ -57.638576867444591, -25.296536084898687 ], [ -57.63926824442742, -25.296135753514161 ], [ -57.639380784255096, -25.296049477160306 ], [ -57.640158811823319, -25.295599098959265 ], [ -57.641052569376427, -25.295080485984066 ], [ -57.6417748041886, -25.294648402603823 ], [ -57.642499256755208, -25.294225336449706 ], [ -57.643129074509197, -25.293870407220592 ], [ -57.64400363398569, -25.293365405885748 ] ] ] ] } },
{ "type": "Feature", "properties": { "DPTO": "00", "DPTO_DESC": "ASUNCIÓN", "DISTRITO": "00", "DIST_DESC": "ASUNCIÓN", "AREA": "1", "BAR_LOC": "006", "BARLO_DESC": "TACUMBU", "CLAVE_BAR": "00001006", "CLV_AREA": "00001", "CLAVE": "0000", "nombre": "Tacumbu", "fuente": "INE Cartografía Censal 2022" }, "geometry": { "type": "MultiPolygon", "coordinates": [ [ [ [ -57.641459042606144, -25.289561160243878 ], [ -57.641945222171763, -25.290285990683241 ], [ -57.642440291051585, -25.291046902145624 ], [ -57.64295405965067, -25.291821275828095 ], [ -57.643472803274406, -25.292595625838274 ], [ -57.643768379264358, -25.293024254034226 ], [ -57.64400363398569, -25.293365405885748 ], [ -57.644481655276117, -25.294067686830672 ], [ -57.644977828125029, -25.294796977804836 ], [ -57.645536283101514, -25.295620813208366 ], [ -57.646072274405491, -25.296422168783568 ], [ -57.64639019087744, -25.296899385076102 ], [ -57.64676348394395, -25.297457631041603 ], [ -57.647160515916482, -25.298042862884998 ], [ -57.647570972157133, -25.298641580150427 ], [ -57.647919036646371, -25.299181872953977 ], [ -57.648319209123002, -25.299771602752024 ], [ -57.648530972912404, -25.300073188619045 ], [ -57.648725235956952, -25.300352275249018 ], [ -57.649086037415756, -25.300892508989779 ], [ -57.649475070058507, -25.301486799551089 ], [ -57.649879554614586, -25.302067475355781 ], [ -57.650267446343726, -25.302621132061429 ], [ -57.650713610834529, -25.303273864372436 ], [ -57.650896014409959, -25.303539454675548 ], [ -57.651265599608386, -25.30409318930856 ], [ -57.651644622906765, -25.304669457081868 ], [ -57.652032909151529, -25.305218245361406 ], [ -57.652054499930365, -25.3052094659595 ], [ -57.652483182843461, -25.304956769847209 ], [ -57.655247493429179, -25.30889267074004 ], [ -57.657396962184251, -25.311831160274629 ], [ -57.661233147267673, -25.317075079575456 ], [ -57.663686678346743, -25.320481224005583 ], [ -57.663694772324412, -25.320492460099956 ], [ -57.665076824255323, -25.322394785675666 ], [ -57.665455465301378, -25.3222030011237 ], [ -57.666442523945705, -25.321527357868423 ], [ -57.668103661874135, -25.320760250943255 ], [ -57.672484372866322, -25.321951226777433 ], [ -57.673096650777048, -25.319991573981238 ], [ -57.673857902182846, -25.315798814115382 ], [ -57.673832847760693, -25.311270227685398 ], [ -57.673058084086684, -25.30629354661988 ], [ -57.673034704396926, -25.302060859092709 ], [ -57.670949336723936, -25.301914198704957 ], [ -57.670694297504475, -25.301930419655481 ], [ -57.670440225683912, -25.301944098245261 ], [ -57.670222821215518, -25.301953379946148 ], [ -57.670008635723676, -25.301930222400571 ], [ -57.669848930643404, -25.301925000553705 ], [ -57.669640501237673, -25.301919978124541 ], [ -57.669568471069113, -25.301949995112807 ], [ -57.66941410603431, -25.301974725632679 ], [ -57.669265785428735, -25.301986569369316 ], [ -57.669159337328708, -25.301978771625802 ], [ -57.66900819327374, -25.30196849999356 ], [ -57.668878498516314, -25.30198322981909 ], [ -57.668812413340191, -25.301990589466723 ], [ -57.668729749669573, -25.302026386729366 ], [ -57.668690602406294, -25.302085767098948 ], [ -57.668676482668197, -25.302173791965583 ], [ -57.66872438156723, -25.302235313326921 ], [ -57.668835337922545, -25.302280407871503 ], [ -57.668934715815951, -25.302313625787736 ], [ -57.669003287810021, -25.302361130311699 ], [ -57.669062031902079, -25.302457959710242 ], [ -57.669064083680112, -25.302531314607695 ], [ -57.669054983722894, -25.302626750493776 ], [ -57.66904585512831, -25.302678615167306 ], [ -57.66898532580548, -25.3027603794744 ], [ -57.668923740653625, -25.30281558312257 ], [ -57.668816699452854, -25.30283632187037 ], [ -57.668726718311213, -25.302873642329033 ], [ -57.66861293900471, -25.302903642289884 ], [ -57.668501783727159, -25.302902414222903 ], [ -57.668321095963471, -25.302873097218924 ], [ -57.668196578132012, -25.302803846207553 ], [ -57.668014153302529, -25.302723638137692 ], [ -57.667832895603311, -25.302627961012554 ], [ -57.667730750143917, -25.302568272536302 ], [ -57.667605202696556, -25.302531820227003 ], [ -57.667490397387468, -25.30248331968102 ], [ -57.667396459092558, -25.302472877757619 ], [ -57.667260082673423, -25.302437649909617 ], [ -57.667116960909382, -25.302374418685794 ], [ -57.666959923163795, -25.302319758639985 ], [ -57.666840414284039, -25.302244148120675 ], [ -57.666740690990601, -25.302196349968515 ], [ -57.666682100729567, -25.302134543965369 ], [ -57.666601277549944, -25.302051120488606 ], [ -57.666471899897353, -25.301918296536709 ], [ -57.666362746877667, -25.301799475621614 ], [ -57.666278439163179, -25.301753081236292 ], [ -57.666208141916329, -25.301700825805462 ], [ -57.6660906676994, -25.301602160277145 ], [ -57.666011809122558, -25.301506545663951 ], [ -57.665919380467805, -25.301427174644221 ], [ -57.66582514570436, -25.301330990221086 ], [ -57.66575131074363, -25.301260676970688 ], [ -57.665649280583736, -25.301166041239917 ], [ -57.665571499917213, -25.301091612043241 ], [ -57.665539340227681, -25.30102280717578 ], [ -57.6654694997411, -25.300950341173113 ], [ -57.66545406451759, -25.300893942368447 ], [ -57.665397336179396, -25.300848444336662 ], [ -57.665469249923682, -25.300763113405385 ], [ -57.665342288302945, -25.300633363631476 ], [ -57.665035653932932, -25.300414870236509 ], [ -57.664608586114944, -25.300146178240333 ], [ -57.664518960309522, -25.30005919529555 ], [ -57.664321667967322, -25.299856842693821 ], [ -57.663939809174501, -25.299471269704174 ], [ -57.663880657001926, -25.29940646355 ], [ -57.663473435942734, -25.299018881157405 ], [ -57.663362229472746, -25.29909086493732 ], [ -57.662748427643074, -25.29947043029636 ], [ -57.662707360704843, -25.299495825268227 ], [ -57.662718804195819, -25.299506518690702 ], [ -57.662688776433264, -25.299525825825441 ], [ -57.662615430791526, -25.299572985040399 ], [ -57.662586377317339, -25.299607876591534 ], [ -57.662278378029093, -25.299422153518886 ], [ -57.66188648709241, -25.299205445706953 ], [ -57.661217760600742, -25.29883070863761 ], [ -57.660298322799029, -25.299565781648763 ], [ -57.659191872633862, -25.300450346604709 ], [ -57.658723643071788, -25.300086710582672 ], [ -57.658078020897044, -25.299696772922069 ], [ -57.657512093934997, -25.299405810878788 ], [ -57.657091719595712, -25.299222562346056 ], [ -57.656489665753199, -25.299008152192791 ], [ -57.656465631966896, -25.298999591846297 ], [ -57.656348326716362, -25.298946518868849 ], [ -57.655813392726124, -25.298704492139684 ], [ -57.655762857315167, -25.298665102443056 ], [ -57.655750422248914, -25.298655105217218 ], [ -57.655530761962353, -25.298476507803969 ], [ -57.655518452097645, -25.298466499096172 ], [ -57.655246434835341, -25.298076618803876 ], [ -57.655005029220767, -25.297719261056802 ], [ -57.654602159826517, -25.297152137490052 ], [ -57.654523975627896, -25.297044120239587 ], [ -57.654102984740888, -25.296454499719527 ], [ -57.654067642236981, -25.296404989504914 ], [ -57.653654417545006, -25.295815333145267 ], [ -57.653610311309436, -25.295752316115632 ], [ -57.653158668452008, -25.295117676701263 ], [ -57.652653611905308, -25.294420059621658 ], [ -57.652272351125788, -25.29388443974609 ], [ -57.652099107674921, -25.293645901210134 ], [ -57.652061593488305, -25.293596400071806 ], [ -57.651767926657946, -25.293186816565328 ], [ -57.651437917389089, -25.292714180391801 ], [ -57.651143993146178, -25.292313627029191 ], [ -57.65068798332387, -25.291669968272672 ], [ -57.650600706733663, -25.291543928133038 ], [ -57.65026191906027, -25.291053267071021 ], [ -57.650174691516291, -25.290936256804883 ], [ -57.650096849279024, -25.290832750670795 ], [ -57.649667856432508, -25.290247666784058 ], [ -57.649548682041157, -25.290076614603631 ], [ -57.649018523503145, -25.289320397089032 ], [ -57.64850998223379, -25.288600203945585 ], [ -57.648359841790167, -25.288384134984792 ], [ -57.647895694571261, -25.287722441821241 ], [ -57.647557596358659, -25.287240801310517 ], [ -57.646986849993382, -25.286435086909993 ], [ -57.646897841929146, -25.28650772021831 ], [ -57.645570800124219, -25.287249508705067 ], [ -57.644885582642523, -25.287627266162339 ], [ -57.644131022196802, -25.288041444771096 ], [ -57.643141322865056, -25.288601130896922 ], [ -57.642353992357407, -25.289042534537092 ], [ -57.641459042606144, -25.289561160243878 ] ] ] ] } },
{ "type": "Feature", "properties": { "DPTO": "00", "DPTO_DESC": "ASUNCIÓN", "DISTRITO": "00", "DIST_DESC": "ASUNCIÓN", "AREA": "1", "BAR_LOC": "020", "BARLO_DESC": "CIUDAD NUEVA", "CLAVE_BAR": "00001020", "CLV_AREA": "00001", "CLAVE": "0000", "nombre": "Ciudad Nueva", "fuente": "INE Cartografía Censal 2022" }, "geometry": { "type": "MultiPolygon", "coordinates": [ [ [ [ -57.611199720154346, -25.293884258307717 ], [ -57.611610460795553, -25.295381602844973 ], [ -57.611826733294841, -25.296044440472414 ], [ -57.61207455796626, -25.296869693971779 ], [ -57.612283453839098, -25.297546106935233 ], [ -57.612535374046466, -25.298363475638279 ], [ -57.612544744847717, -25.298393879478525 ], [ -57.612550608215869, -25.298413358980689 ], [ -57.612571895721082, -25.2984840706943 ], [ -57.612608003595078, -25.298603671020906 ], [ -57.612750497505964, -25.299061274223785 ], [ -57.612933606893122, -25.299670065121859 ], [ -57.613296007176828, -25.300806388333783 ], [ -57.613344214350285, -25.301009371726192 ], [ -57.613699854085112, -25.302096054585622 ], [ -57.613717224602915, -25.302144199174627 ], [ -57.613720312662906, -25.302153588767865 ], [ -57.613914192347146, -25.302862745771424 ], [ -57.614749389967251, -25.30257932422527 ], [ -57.61577313972932, -25.302258989216007 ], [ -57.616411861026037, -25.302044106566008 ], [ -57.616779766229023, -25.301929688392399 ], [ -57.617803151190863, -25.301600310554846 ], [ -57.618301217819415, -25.301381493795361 ], [ -57.618563702932875, -25.30123139162038 ], [ -57.618714445245651, -25.301144970564241 ], [ -57.619566877076089, -25.300653750766433 ], [ -57.619732162454412, -25.300558237196601 ], [ -57.620435088062642, -25.300153429338387 ], [ -57.620501335656833, -25.300117029064641 ], [ -57.621002264394825, -25.299853039317743 ], [ -57.621132233149964, -25.299778177307903 ], [ -57.621284250270953, -25.299695085836372 ], [ -57.621308900273121, -25.299681612170215 ], [ -57.621736418643152, -25.299432871863807 ], [ -57.621848228383236, -25.299253469100936 ], [ -57.621953297900134, -25.299099509448141 ], [ -57.622022926580968, -25.299004368766891 ], [ -57.622305767363649, -25.298578775304779 ], [ -57.622885085898361, -25.297741018844324 ], [ -57.623067190741459, -25.297415155660477 ], [ -57.623228137564404, -25.297105084602009 ], [ -57.623924506128304, -25.295763485490379 ], [ -57.623358919756761, -25.295034415315683 ], [ -57.622636214887478, -25.294111852682079 ], [ -57.622284989111215, -25.293657300006906 ], [ -57.621867832392233, -25.293117235653551 ], [ -57.621308744716991, -25.292379099200545 ], [ -57.620872501805884, -25.291807506715379 ], [ -57.620384367984101, -25.291163886076625 ], [ -57.61994691518197, -25.290596810014787 ], [ -57.619468817623385, -25.289971205629048 ], [ -57.619112270755615, -25.289503121537237 ], [ -57.618674033094109, -25.289757811357578 ], [ -57.618246300308485, -25.290003425465926 ], [ -57.617824775726298, -25.290249012350198 ], [ -57.61736702276221, -25.290512810476184 ], [ -57.616899357866629, -25.290781163854398 ], [ -57.616473171334725, -25.291026766425642 ], [ -57.61594358200621, -25.291326982002097 ], [ -57.6156145602599, -25.291513478756443 ], [ -57.615430085338517, -25.29161809816005 ], [ -57.614764945422408, -25.292000148664549 ], [ -57.614023116848408, -25.292441213086253 ], [ -57.61390022812455, -25.292509452610947 ], [ -57.613017141737792, -25.293009797494751 ], [ -57.612150986837044, -25.293482975681759 ], [ -57.611599822466353, -25.29375617419452 ], [ -57.611199720154346, -25.293884258307717 ] ] ] ] } },
{ "type": "Feature", "properties": { "DPTO": "00", "DPTO_DESC": "ASUNCIÓN", "DISTRITO": "00", "DIST_DESC": "ASUNCIÓN", "AREA": "1", "BAR_LOC": "018", "BARLO_DESC": "MBURICAO", "CLAVE_BAR": "00001018", "CLV_AREA": "00001", "CLAVE": "0000", "nombre": "Mburicao", "fuente": "INE Cartografía Censal 2022" }, "geometry": { "type": "MultiPolygon", "coordinates": [ [ [ [ -57.607601364044832, -25.304898155340911 ], [ -57.607485428024098, -25.304602553415354 ], [ -57.60730011733699, -25.304130064332576 ], [ -57.606891273769882, -25.30313112164076 ], [ -57.60648152951584, -25.302129380815501 ], [ -57.606461677992769, -25.302080847441552 ], [ -57.606127362031913, -25.30127400101167 ], [ -57.605804515356169, -25.300462591357181 ], [ -57.605470163530491, -25.299646712878438 ], [ -57.605120826436746, -25.298812834162028 ], [ -57.604785750077191, -25.297974380774427 ], [ -57.604614732384192, -25.297541622386984 ], [ -57.60443493472485, -25.297090838923296 ], [ -57.60329080750526, -25.292467436751743 ], [ -57.600630366902877, -25.291981620656518 ], [ -57.599627895708174, -25.291797340804422 ], [ -57.598898752352497, -25.291663298827395 ], [ -57.597964251844161, -25.291491500625678 ], [ -57.597843226249161, -25.291470207988567 ], [ -57.597034796625152, -25.291327965970556 ], [ -57.596227603289414, -25.292125908069451 ], [ -57.596153458212399, -25.292213604182184 ], [ -57.59596712325957, -25.292433995094964 ], [ -57.595468525123394, -25.293244231608089 ], [ -57.595197307030709, -25.293642664866034 ], [ -57.5948615015729, -25.293973629949317 ], [ -57.594719399940551, -25.294050961559648 ], [ -57.594071012470785, -25.29411933034277 ], [ -57.594097916721729, -25.29422184371149 ], [ -57.594159183527296, -25.294357217629759 ], [ -57.594160070029865, -25.294373206937845 ], [ -57.594227858588269, -25.294557362180175 ], [ -57.594233616863683, -25.294567740222568 ], [ -57.59432321588362, -25.294705972730789 ], [ -57.594334178598579, -25.294721108697711 ], [ -57.594412105745974, -25.294880033527651 ], [ -57.594417718162084, -25.294894716048937 ], [ -57.594447653601478, -25.294946924894948 ], [ -57.594498113102091, -25.295034927071669 ], [ -57.594596398839201, -25.295176077331121 ], [ -57.594651328784217, -25.295343946341379 ], [ -57.59469951783062, -25.2955190939328 ], [ -57.594733111578726, -25.295606434360387 ], [ -57.59467152328908, -25.295626963205606 ], [ -57.593662692050792, -25.295888394207552 ], [ -57.592690464276693, -25.296145156064188 ], [ -57.592888366818819, -25.296817127089682 ], [ -57.592919913573262, -25.29692085011672 ], [ -57.593317253547383, -25.29832348253349 ], [ -57.593444286616929, -25.298763717268645 ], [ -57.593459360003074, -25.298815952670338 ], [ -57.593552805639938, -25.299139787589166 ], [ -57.593732448619605, -25.299757648063867 ], [ -57.593843587710779, -25.300140993286796 ], [ -57.594076953584761, -25.300952790802967 ], [ -57.594190378488584, -25.301358702500348 ], [ -57.59443020162179, -25.302156927621041 ], [ -57.594688030591229, -25.303018292493288 ], [ -57.595034018281865, -25.304195365411292 ], [ -57.595238288795045, -25.304894397721085 ], [ -57.595248377163678, -25.304925963428403 ], [ -57.595266402421693, -25.304993618730212 ], [ -57.595484555662836, -25.305737746579972 ], [ -57.595674929329633, -25.306387166952653 ], [ -57.595942687983161, -25.307307186411009 ], [ -57.596169850384037, -25.308082782662172 ], [ -57.596178764465954, -25.308113218814533 ], [ -57.5963310288695, -25.308633085728108 ], [ -57.597867072613212, -25.308112132153944 ], [ -57.599048754367708, -25.307691937305041 ], [ -57.599761330529503, -25.307458765226087 ], [ -57.601201494943332, -25.306957938376641 ], [ -57.601312593333162, -25.306929328552012 ], [ -57.60171295414986, -25.306796109699512 ], [ -57.602243078122072, -25.306617710770418 ], [ -57.603329954495898, -25.30627025414439 ], [ -57.605621994389558, -25.305524880464613 ], [ -57.607601364044832, -25.304898155340911 ] ] ] ] } },
{ "type": "Feature", "properties": { "DPTO": "00", "DPTO_DESC": "ASUNCIÓN", "DISTRITO": "00", "DIST_DESC": "ASUNCIÓN", "AREA": "1", "BAR_LOC": "019", "BARLO_DESC": "GENERAL BERNARDINO CABALLERO", "CLAVE_BAR": "00001019", "CLV_AREA": "00001", "CLAVE": "0000", "nombre": "General Bernardino Caballero", "fuente": "INE Cartografía Censal 2022" }, "geometry": { "type": "MultiPolygon", "coordinates": [ [ [ [ -57.607601364044832, -25.304898155340911 ], [ -57.607920341991026, -25.30479469510442 ], [ -57.608546061305923, -25.304591741369112 ], [ -57.609429399663625, -25.304308150990799 ], [ -57.610285130331206, -25.304029184827971 ], [ -57.610758536989913, -25.303880211483744 ], [ -57.610956091930859, -25.303818043615603 ], [ -57.611161654479254, -25.303750127565603 ], [ -57.612349681551834, -25.303374952791959 ], [ -57.613076393720604, -25.303123597465348 ], [ -57.613125661862263, -25.303105331839891 ], [ -57.613914192347146, -25.302862745771424 ], [ -57.613720312662906, -25.302153588767865 ], [ -57.613717224602915, -25.302144199174627 ], [ -57.613699854085112, -25.302096054585622 ], [ -57.613344214350285, -25.301009371726192 ], [ -57.613296007176828, -25.300806388333783 ], [ -57.612933606893122, -25.299670065121859 ], [ -57.612750497505964, -25.299061274223785 ], [ -57.612608003595078, -25.298603671020906 ], [ -57.612571895721082, -25.2984840706943 ], [ -57.612550608215869, -25.298413358980689 ], [ -57.612544744847717, -25.298393879478525 ], [ -57.612535374046466, -25.298363475638279 ], [ -57.612283453839098, -25.297546106935233 ], [ -57.61207455796626, -25.296869693971779 ], [ -57.611826733294841, -25.296044440472414 ], [ -57.611610460795553, -25.295381602844973 ], [ -57.611199720154346, -25.293884258307717 ], [ -57.611040791509154, -25.293884916772544 ], [ -57.609504117063004, -25.293611331977125 ], [ -57.609009524309187, -25.293522148796129 ], [ -57.608970314362679, -25.293515079129694 ], [ -57.608062701380547, -25.293351416809461 ], [ -57.608031039618531, -25.293345708264244 ], [ -57.607965912898962, -25.293332432902886 ], [ -57.607674624430608, -25.293279983552011 ], [ -57.605880423474709, -25.292956921589429 ], [ -57.605851209685191, -25.292951661262837 ], [ -57.605816929510276, -25.292945907005063 ], [ -57.60329080750526, -25.292467436751743 ], [ -57.60443493472485, -25.297090838923296 ], [ -57.604614732384192, -25.297541622386984 ], [ -57.604785750077191, -25.297974380774427 ], [ -57.605120826436746, -25.298812834162028 ], [ -57.605470163530491, -25.299646712878438 ], [ -57.605804515356169, -25.300462591357181 ], [ -57.606127362031913, -25.30127400101167 ], [ -57.606461677992769, -25.302080847441552 ], [ -57.60648152951584, -25.302129380815501 ], [ -57.606891273769882, -25.30313112164076 ], [ -57.60730011733699, -25.304130064332576 ], [ -57.607485428024098, -25.304602553415354 ], [ -57.607601364044832, -25.304898155340911 ] ] ] ] } },
{ "type": "Feature", "properties": { "DPTO": "00", "DPTO_DESC": "ASUNCIÓN", "DISTRITO": "00", "DIST_DESC": "ASUNCIÓN", "AREA": "1", "BAR_LOC": "016", "BARLO_DESC": "PINOZA", "CLAVE_BAR": "00001016", "CLV_AREA": "00001", "CLAVE": "0000", "nombre": "Pinoza", "fuente": "INE Cartografía Censal 2022" }, "geometry": { "type": "MultiPolygon", "coordinates": [ [ [ [ -57.613914192347146, -25.302862745771424 ], [ -57.613125661862263, -25.303105331839891 ], [ -57.613076393720604, -25.303123597465348 ], [ -57.612349681551834, -25.303374952791959 ], [ -57.611161654479254, -25.303750127565603 ], [ -57.610956091930859, -25.303818043615603 ], [ -57.610758536989913, -25.303880211483744 ], [ -57.610285130331206, -25.304029184827971 ], [ -57.609429399663625, -25.304308150990799 ], [ -57.608546061305923, -25.304591741369112 ], [ -57.607920341991026, -25.30479469510442 ], [ -57.607601364044832, -25.304898155340911 ], [ -57.608034784420397, -25.305840045034511 ], [ -57.608152173863154, -25.30609692714933 ], [ -57.608317599597562, -25.306461975704419 ], [ -57.608397951468326, -25.306637736847449 ], [ -57.60863056040337, -25.307151509247273 ], [ -57.608847488274634, -25.307633739600256 ], [ -57.608872594468131, -25.307687818273518 ], [ -57.609090852265943, -25.308124890761558 ], [ -57.609320339051123, -25.308634159590518 ], [ -57.609326762631134, -25.308647770867804 ], [ -57.609550024786358, -25.309120851205183 ], [ -57.609558992308529, -25.309139634768151 ], [ -57.609760859534923, -25.309562468428407 ], [ -57.609785656596223, -25.309616548199074 ], [ -57.609792858617929, -25.309633109366153 ], [ -57.609997339085965, -25.310103313459614 ], [ -57.610010947862222, -25.310131323845809 ], [ -57.610207512080976, -25.310535902289402 ], [ -57.610244840645898, -25.310612506068161 ], [ -57.610248655695095, -25.310621641303257 ], [ -57.61044437342121, -25.311090290474866 ], [ -57.61066788204382, -25.31158152082504 ], [ -57.610887379747112, -25.312077282589957 ], [ -57.610996663353006, -25.312325165255992 ], [ -57.611376695338272, -25.313180247962332 ], [ -57.611790860570274, -25.314001522535971 ], [ -57.611973187019863, -25.31438697253413 ], [ -57.612225771317284, -25.314904273183515 ], [ -57.614625083002281, -25.312522296559735 ], [ -57.614872092001697, -25.312282394951403 ], [ -57.615016060692632, -25.31214257125751 ], [ -57.615577560596336, -25.311597223843876 ], [ -57.615797265569704, -25.311393122773573 ], [ -57.616649445017188, -25.310590372268027 ], [ -57.61619057455372, -25.309666676844238 ], [ -57.615754558171211, -25.30877900676694 ], [ -57.616556476579824, -25.308292529155793 ], [ -57.616606297583438, -25.308260714471661 ], [ -57.617368056963116, -25.307815038075535 ], [ -57.617637961777334, -25.307655876008607 ], [ -57.617976289799167, -25.307460305163815 ], [ -57.618245722689245, -25.30726953764189 ], [ -57.618623408575964, -25.306938345125847 ], [ -57.618773812492385, -25.306784196977315 ], [ -57.618945398649331, -25.306521595732907 ], [ -57.619291890798443, -25.305734497621433 ], [ -57.619430624577511, -25.305422366683597 ], [ -57.619459460280957, -25.305354517675706 ], [ -57.619936044231494, -25.304205657028383 ], [ -57.619982519718128, -25.304099552566434 ], [ -57.619986931905359, -25.304079016803456 ], [ -57.620157984073927, -25.303468746608427 ], [ -57.620304359107749, -25.302890186343237 ], [ -57.620675607010924, -25.301499917281962 ], [ -57.620746226367864, -25.301383470055594 ], [ -57.620755120201252, -25.301357619366577 ], [ -57.621135274060741, -25.300632852999851 ], [ -57.621464365142934, -25.300012079315771 ], [ -57.621521368567471, -25.299964390149999 ], [ -57.621736418643152, -25.299432871863807 ], [ -57.621308900273121, -25.299681612170215 ], [ -57.621284250270953, -25.299695085836372 ], [ -57.621132233149964, -25.299778177307903 ], [ -57.621002264394825, -25.299853039317743 ], [ -57.620501335656833, -25.300117029064641 ], [ -57.620435088062642, -25.300153429338387 ], [ -57.619732162454412, -25.300558237196601 ], [ -57.619566877076089, -25.300653750766433 ], [ -57.618714445245651, -25.301144970564241 ], [ -57.618563702932875, -25.30123139162038 ], [ -57.618301217819415, -25.301381493795361 ], [ -57.617803151190863, -25.301600310554846 ], [ -57.616779766229023, -25.301929688392399 ], [ -57.616411861026037, -25.302044106566008 ], [ -57.61577313972932, -25.302258989216007 ], [ -57.614749389967251, -25.30257932422527 ], [ -57.613914192347146, -25.302862745771424 ] ] ] ] } },
{ "type": "Feature", "properties": { "DPTO": "00", "DPTO_DESC": "ASUNCIÓN", "DISTRITO": "00", "DIST_DESC": "ASUNCIÓN", "AREA": "1", "BAR_LOC": "002", "BARLO_DESC": "SAN ANTONIO", "CLAVE_BAR": "00001002", "CLV_AREA": "00001", "CLAVE": "0000", "nombre": "San Antonio", "fuente": "INE Cartografía Censal 2022" }, "geometry": { "type": "MultiPolygon", "coordinates": [ [ [ [ -57.666413681964336, -25.288412048810962 ], [ -57.6654133136851, -25.288249502923328 ], [ -57.664403327326383, -25.288086993522217 ], [ -57.663443003776479, -25.2879242538271 ], [ -57.662460024755205, -25.287761609570769 ], [ -57.661481989924333, -25.287594421371718 ], [ -57.661677225208074, -25.286735661920389 ], [ -57.661835784044911, -25.286039613140556 ], [ -57.662036763315193, -25.285153736268779 ], [ -57.662236279632268, -25.284227229010682 ], [ -57.661273744542413, -25.284050938969109 ], [ -57.66147534673749, -25.283165059822135 ], [ -57.661670330803339, -25.282261149293163 ], [ -57.662617693380874, -25.28244653550227 ], [ -57.662837783102759, -25.281537995568733 ], [ -57.663015988426679, -25.280775062648374 ], [ -57.663111913114044, -25.280477637867563 ], [ -57.663185382000876, -25.280305711304329 ], [ -57.663189960869694, -25.280294131706572 ], [ -57.663354495836025, -25.280335185756964 ], [ -57.663364957361573, -25.280332909027386 ], [ -57.663360805018129, -25.28032298734793 ], [ -57.663487805295453, -25.279998155125291 ], [ -57.665676915773702, -25.277344157660988 ], [ -57.656889099613373, -25.272737530808712 ], [ -57.656428504467677, -25.274252910089839 ], [ -57.656425438233441, -25.274262998018514 ], [ -57.65610501504716, -25.275317184384864 ], [ -57.65561441622993, -25.277402750346603 ], [ -57.655393323305056, -25.278306770000885 ], [ -57.655213720492277, -25.279192544296766 ], [ -57.654991665810492, -25.2800920523134 ], [ -57.654788157617887, -25.280977932079288 ], [ -57.654580447755222, -25.281890921260512 ], [ -57.654380658396249, -25.282776783845989 ], [ -57.654176236307897, -25.283667181826655 ], [ -57.653987900796992, -25.284548477790498 ], [ -57.653766328970939, -25.285425405549397 ], [ -57.65359778016181, -25.286293067662005 ], [ -57.653321900602684, -25.287405024763476 ], [ -57.653069252198165, -25.288566545431436 ], [ -57.665881425194179, -25.290699130612232 ], [ -57.666145079748389, -25.289528510123574 ], [ -57.666326263414227, -25.288773657682668 ], [ -57.666413681964336, -25.288412048810962 ] ] ] ] } },
{ "type": "Feature", "properties": { "DPTO": "00", "DPTO_DESC": "ASUNCIÓN", "DISTRITO": "00", "DIST_DESC": "ASUNCIÓN", "AREA": "1", "BAR_LOC": "012", "BARLO_DESC": "RICARDO BRUGADA", "CLAVE_BAR": "00001012", "CLV_AREA": "00001", "CLAVE": "0000", "nombre": "Ricardo Brugada", "fuente": "INE Cartografía Censal 2022" }, "geometry": { "type": "MultiPolygon", "coordinates": [ [ [ [ -57.628423692223961, -25.284171848378755 ], [ -57.629093821985734, -25.283776259681069 ], [ -57.629188208094646, -25.283721674820669 ], [ -57.628543213612396, -25.28281332093999 ], [ -57.628356867436118, -25.282541395497773 ], [ -57.628108510681045, -25.282142489118289 ], [ -57.628871487335047, -25.282075188137512 ], [ -57.629211247553805, -25.282050952725928 ], [ -57.629241975306336, -25.282050821688433 ], [ -57.62928672313533, -25.282000963650734 ], [ -57.629364155093775, -25.281969026993021 ], [ -57.629510892584349, -25.281954855427589 ], [ -57.629560166607789, -25.281945836477064 ], [ -57.629675253033469, -25.281927062912182 ], [ -57.629683987051237, -25.281935252120025 ], [ -57.629769287132532, -25.281944447337874 ], [ -57.62983068436877, -25.281959017891328 ], [ -57.629855917242125, -25.281965013835492 ], [ -57.629917930243892, -25.281994467592696 ], [ -57.629938809021588, -25.281883299263313 ], [ -57.629968827791636, -25.281858081795541 ], [ -57.630001837833042, -25.281826669858631 ], [ -57.630020682689036, -25.28181688348506 ], [ -57.630029863204058, -25.281811646755767 ], [ -57.630186632510053, -25.281721695732159 ], [ -57.630239970424093, -25.28171243752039 ], [ -57.630361454149551, -25.281745981894417 ], [ -57.630428747283879, -25.281730560691702 ], [ -57.630511336348924, -25.281711634156402 ], [ -57.630633109487043, -25.281703890750464 ], [ -57.630692373844958, -25.28172771412104 ], [ -57.630765794012753, -25.281719221034987 ], [ -57.630805715188295, -25.281696474375146 ], [ -57.630777320178296, -25.28160443013892 ], [ -57.630768276893328, -25.281575115722053 ], [ -57.630781615032838, -25.281514289678913 ], [ -57.631554429401639, -25.281110810933889 ], [ -57.631529962109411, -25.281061248461878 ], [ -57.631510509552207, -25.281020694921981 ], [ -57.631429612019815, -25.28089130292804 ], [ -57.631571462119325, -25.280803704469182 ], [ -57.631654842318667, -25.280766950508838 ], [ -57.6316977669495, -25.280739951011594 ], [ -57.631750184897975, -25.280743354320371 ], [ -57.631815271407319, -25.280724129479502 ], [ -57.631886997580445, -25.280682891992864 ], [ -57.631961867125, -25.280652074235416 ], [ -57.631974245514897, -25.280645803095226 ], [ -57.632034564245913, -25.280627886831361 ], [ -57.63221226884469, -25.280554694893979 ], [ -57.632272538181397, -25.280550396086131 ], [ -57.632382895693375, -25.280699597987113 ], [ -57.632438788522649, -25.280672386737152 ], [ -57.632465388590646, -25.280659436565209 ], [ -57.632429035564378, -25.280583053594839 ], [ -57.632440632683796, -25.280535311380305 ], [ -57.63244393650853, -25.280525712993288 ], [ -57.632464114058088, -25.280495210566848 ], [ -57.632466236682973, -25.280485489620311 ], [ -57.632501175722126, -25.280463513113059 ], [ -57.632563907767022, -25.28042608309477 ], [ -57.632676548841424, -25.280359790595906 ], [ -57.63277696362568, -25.280295983846834 ], [ -57.632744615142293, -25.280257660863061 ], [ -57.632934293759469, -25.280104275064176 ], [ -57.633107422181993, -25.279957467196422 ], [ -57.633241265427245, -25.279839325751475 ], [ -57.633271394457985, -25.279742960476231 ], [ -57.63340901924289, -25.279562920538286 ], [ -57.633475896490609, -25.279500673942604 ], [ -57.633660428597103, -25.279362807306168 ], [ -57.634440082753315, -25.278732467750572 ], [ -57.634430655404223, -25.278699796945272 ], [ -57.634406872540744, -25.278624458946396 ], [ -57.63436471345959, -25.278495027421155 ], [ -57.634360704982861, -25.27840315200817 ], [ -57.634349052022948, -25.278284022556143 ], [ -57.634347060643094, -25.278272317324223 ], [ -57.634322728816443, -25.278144490987088 ], [ -57.634223015786745, -25.277980395612126 ], [ -57.634038542339702, -25.277628296106343 ], [ -57.633879087647472, -25.277710832431143 ], [ -57.633842325497426, -25.277722201277548 ], [ -57.633777137635263, -25.277742360864998 ], [ -57.633743493134212, -25.277733341306636 ], [ -57.633719818225195, -25.277702896745478 ], [ -57.633695887465663, -25.277623577139249 ], [ -57.633599590192148, -25.277421284469707 ], [ -57.633262552604265, -25.276608705083412 ], [ -57.63270942446934, -25.276056402483295 ], [ -57.632631354497995, -25.275729861186576 ], [ -57.632482517168874, -25.275747080083853 ], [ -57.632290380347548, -25.275769308043607 ], [ -57.631719030102481, -25.275738463008462 ], [ -57.631251001382296, -25.275680352258053 ], [ -57.630903443361305, -25.275637198228662 ], [ -57.630850702544869, -25.275630649668479 ], [ -57.630601693384378, -25.275625055522632 ], [ -57.630381287357743, -25.27548617132317 ], [ -57.630317098037644, -25.275431967896022 ], [ -57.630145926795727, -25.275287425279785 ], [ -57.630136465612168, -25.275283021478298 ], [ -57.630115237286809, -25.275273140540843 ], [ -57.630068305999224, -25.275251295884502 ], [ -57.62973485523451, -25.275096087092276 ], [ -57.629657271890309, -25.275024148053053 ], [ -57.629646425596299, -25.275014090833036 ], [ -57.629484679223815, -25.274864111303089 ], [ -57.629435033117268, -25.274760132352068 ], [ -57.629395844618472, -25.274678055703752 ], [ -57.629270362348755, -25.274485497931884 ], [ -57.62916940594652, -25.274224711979937 ], [ -57.62909156591089, -25.274023638326607 ], [ -57.629014313207946, -25.273824081127191 ], [ -57.628867447801845, -25.273744806489916 ], [ -57.628640444837053, -25.273745773579424 ], [ -57.628435752814177, -25.273813229079721 ], [ -57.628333852445678, -25.273933513715402 ], [ -57.628099834886399, -25.273994435227817 ], [ -57.627682804765826, -25.273952398223184 ], [ -57.627542454152156, -25.273830346887141 ], [ -57.627446916886903, -25.273764169317321 ], [ -57.62730001830581, -25.273678234867102 ], [ -57.627277536849299, -25.273578454763644 ], [ -57.627195892321595, -25.273365733674499 ], [ -57.627012449571616, -25.273293270973799 ], [ -57.626814019710928, -25.273154287913901 ], [ -57.626791025735713, -25.272954634227638 ], [ -57.62687790534234, -25.272761172271466 ], [ -57.627031304002145, -25.272687278484124 ], [ -57.627309221080417, -25.272619513726415 ], [ -57.627484929496525, -25.272612108426323 ], [ -57.627624367302147, -25.272671440938161 ], [ -57.627754688181554, -25.27281647283538 ], [ -57.628137635701044, -25.272802424933715 ], [ -57.628284808045869, -25.272941624417143 ], [ -57.628475607907369, -25.273020712584415 ], [ -57.628717048957327, -25.272979734005272 ], [ -57.628745790551903, -25.272873077541263 ], [ -57.62862099723403, -25.272813683728661 ], [ -57.628364568359054, -25.272788142189135 ], [ -57.628283745285316, -25.272735219254333 ], [ -57.628268722955639, -25.272662041054243 ], [ -57.628268311578786, -25.272582142278964 ], [ -57.628215956421435, -25.272369297059988 ], [ -57.62803911756307, -25.272156981570831 ], [ -57.62792066430692, -25.272231051148182 ], [ -57.627798568516873, -25.272371073055247 ], [ -57.62760106391076, -25.272411863298238 ], [ -57.627242461950317, -25.272453338006329 ], [ -57.626971525709351, -25.272454489196338 ], [ -57.626722146896377, -25.272375647806928 ], [ -57.626531109834744, -25.272249949688046 ], [ -57.626318549682544, -25.272210901579321 ], [ -57.62608446600354, -25.272258503397403 ], [ -57.625982222979957, -25.272312204109856 ], [ -57.62598276948038, -25.272418735860665 ], [ -57.626158580222629, -25.272431306846073 ], [ -57.626414426914501, -25.272343662267694 ], [ -57.626538945222244, -25.272349792110056 ], [ -57.62648111649473, -25.272496521920214 ], [ -57.626210863498819, -25.272630836393606 ], [ -57.626087096488504, -25.272771187427697 ], [ -57.625954981899859, -25.272711822395888 ], [ -57.62580117276805, -25.272705816265521 ], [ -57.625661872326361, -25.272673114953427 ], [ -57.625422577050621, -25.272589489675752 ], [ -57.625214680988215, -25.272575134299753 ], [ -57.625097894402273, -25.272648871153908 ], [ -57.625061895242062, -25.272768874453554 ], [ -57.625120714994033, -25.272815233990773 ], [ -57.62524239521624, -25.27288668552195 ], [ -57.625129779291449, -25.27309325289886 ], [ -57.624877653367491, -25.273036630683045 ], [ -57.624617556511538, -25.273057204866703 ], [ -57.624419536479344, -25.273088424714569 ], [ -57.62436511792415, -25.273123422041394 ], [ -57.624422959748692, -25.273288491743966 ], [ -57.62434130719118, -25.273351517298966 ], [ -57.624142996482547, -25.273334369273634 ], [ -57.624003965616012, -25.273203474322059 ], [ -57.623892624405308, -25.273233250065914 ], [ -57.623783941903334, -25.273460094380539 ], [ -57.623653631278145, -25.273753613809138 ], [ -57.623594852653341, -25.2738716667007 ], [ -57.623573898404295, -25.273913751832559 ], [ -57.623361744377156, -25.273954598346947 ], [ -57.62307602320756, -25.273929171360464 ], [ -57.622717381026973, -25.273963976942113 ], [ -57.622257171572173, -25.274185644585295 ], [ -57.62209603796228, -25.27417966550092 ], [ -57.621890255445393, -25.274034048386117 ], [ -57.621669794104243, -25.273881834424621 ], [ -57.621515440967585, -25.273769292032583 ], [ -57.621390039763185, -25.273590043759643 ], [ -57.621301760802403, -25.273510514832687 ], [ -57.621169614219149, -25.273500771388932 ], [ -57.621037099370113, -25.273855310807484 ], [ -57.621032396213977, -25.273867320892457 ], [ -57.620967518748813, -25.273924528437647 ], [ -57.620923126968023, -25.273961537016838 ], [ -57.620921571071541, -25.273973727543662 ], [ -57.620871080097388, -25.274009937690423 ], [ -57.620820138920777, -25.274052941797201 ], [ -57.620701306645074, -25.274157177005918 ], [ -57.620635051237727, -25.274211518952796 ], [ -57.620599299821151, -25.274240841834125 ], [ -57.62039874224746, -25.274418677270383 ], [ -57.620196804011989, -25.274592805117077 ], [ -57.620001576784389, -25.274681347946391 ], [ -57.619979538423159, -25.27469099410537 ], [ -57.6199107293805, -25.274721210310776 ], [ -57.619870848538874, -25.274738522218257 ], [ -57.619854934549046, -25.27475436983374 ], [ -57.619813454336743, -25.274795233692572 ], [ -57.619799438373626, -25.274808481500177 ], [ -57.619789328102101, -25.274819006177989 ], [ -57.619756050651155, -25.274850088622983 ], [ -57.619722017720015, -25.274883185508209 ], [ -57.619711689595846, -25.274893285253629 ], [ -57.619698823351072, -25.274906180498625 ], [ -57.6196799907448, -25.274923768893174 ], [ -57.619650733863473, -25.274952332323043 ], [ -57.619609073936687, -25.274991340318152 ], [ -57.619562508670619, -25.275036093293657 ], [ -57.619509512977551, -25.275087835354782 ], [ -57.619450422429878, -25.27514563680533 ], [ -57.619186579526456, -25.275280180118067 ], [ -57.618980803439236, -25.275385114850899 ], [ -57.618972007818897, -25.275392400847426 ], [ -57.618828490262693, -25.2754443675903 ], [ -57.618789613173369, -25.275457373771609 ], [ -57.618729647716577, -25.275508338588089 ], [ -57.618662306465993, -25.275563059252963 ], [ -57.618520530295072, -25.27567826455185 ], [ -57.618352905424224, -25.275814473683589 ], [ -57.618315426422647, -25.275838252629139 ], [ -57.618221958991704, -25.275892345443417 ], [ -57.6181146813948, -25.275956141563753 ], [ -57.618031549574397, -25.276005578512066 ], [ -57.61801819119971, -25.27601153907516 ], [ -57.617987699531866, -25.27603165528253 ], [ -57.617891537517082, -25.276108247059689 ], [ -57.617850638463914, -25.276141254272485 ], [ -57.617778088831578, -25.276177159526767 ], [ -57.617679754796896, -25.276221399538432 ], [ -57.617640364705345, -25.276239627213034 ], [ -57.617630902433824, -25.276244147687493 ], [ -57.617621906656616, -25.276248594670584 ], [ -57.617598870231802, -25.276269306651333 ], [ -57.617584109315594, -25.276294548044813 ], [ -57.617571162559742, -25.276316822949468 ], [ -57.617566915675901, -25.276360865399305 ], [ -57.617564691619343, -25.276383067401547 ], [ -57.617579550109994, -25.276461135532195 ], [ -57.617568645004603, -25.276525387264233 ], [ -57.617518355078296, -25.276578116408462 ], [ -57.617476589846866, -25.276626181518523 ], [ -57.617425876924152, -25.276739790088634 ], [ -57.617396486256773, -25.276802271181463 ], [ -57.617347532151854, -25.276861542711213 ], [ -57.617296350262706, -25.276920272328422 ], [ -57.617228084038899, -25.277014623666226 ], [ -57.617222900412678, -25.27702434881564 ], [ -57.617179429429711, -25.277092251350883 ], [ -57.617172724370796, -25.277103970164521 ], [ -57.617142341606915, -25.277152522546515 ], [ -57.617120232200136, -25.277188353819511 ], [ -57.617106401642495, -25.277212546958566 ], [ -57.617095852213637, -25.277229592862916 ], [ -57.617091047517199, -25.277238293602124 ], [ -57.61707028992388, -25.277272262653138 ], [ -57.617035359860878, -25.277330116836367 ], [ -57.616944657176823, -25.277476826827503 ], [ -57.616889234302661, -25.277575929575896 ], [ -57.616873217925821, -25.277604568745932 ], [ -57.616850646508418, -25.277634106554103 ], [ -57.616817268019965, -25.277677786870903 ], [ -57.616773426023229, -25.277735160060882 ], [ -57.616737510734083, -25.277791539037619 ], [ -57.616706888830755, -25.277839227481373 ], [ -57.616585280147049, -25.278014500881341 ], [ -57.616561515336009, -25.278062623540009 ], [ -57.616536769410622, -25.278112732866848 ], [ -57.616508836161159, -25.278169816538504 ], [ -57.616490601584225, -25.278207299240165 ], [ -57.616469570175099, -25.278250531034089 ], [ -57.616423755104769, -25.278344707570813 ], [ -57.616388123900144, -25.278426177347072 ], [ -57.61632577972432, -25.278502300106936 ], [ -57.616284390358651, -25.278550905786126 ], [ -57.616242928866747, -25.278598645564788 ], [ -57.616209085073464, -25.278631307921867 ], [ -57.616170421409777, -25.278668621864259 ], [ -57.616076024185979, -25.278810417331186 ], [ -57.616061665175621, -25.278874805782102 ], [ -57.616045791823467, -25.278900945164892 ], [ -57.61602989117781, -25.278927129480401 ], [ -57.616007940092061, -25.278985631804566 ], [ -57.615993800773978, -25.279023314783267 ], [ -57.615986989955246, -25.279041466423543 ], [ -57.615976444934979, -25.279069570143161 ], [ -57.615965348334313, -25.279099143874951 ], [ -57.615962911416752, -25.279145276369277 ], [ -57.615971797566658, -25.279184028745668 ], [ -57.615977926274468, -25.279210755939751 ], [ -57.615976744589652, -25.279241104504983 ], [ -57.61596214033942, -25.279256944156025 ], [ -57.615930212996929, -25.279278924839989 ], [ -57.615903747812617, -25.279325157624996 ], [ -57.615912213770791, -25.279415546312933 ], [ -57.615941967493193, -25.279466723037828 ], [ -57.615946082769675, -25.279513718309374 ], [ -57.615938441042921, -25.279586574922018 ], [ -57.61591227607699, -25.279692279971098 ], [ -57.615826995322834, -25.279817772643995 ], [ -57.615761809299833, -25.279917817130144 ], [ -57.615903189297278, -25.280748025438221 ], [ -57.616041496785385, -25.281645974431616 ], [ -57.616083338433306, -25.282002501120051 ], [ -57.616098139329139, -25.282106289087022 ], [ -57.616149806842685, -25.282503411564104 ], [ -57.616242995981388, -25.283193849012978 ], [ -57.616273933172543, -25.283419480117882 ], [ -57.616440192376551, -25.284687558435323 ], [ -57.616466245881377, -25.284868057795066 ], [ -57.61655599364736, -25.285490781080441 ], [ -57.616610604015939, -25.285978194967669 ], [ -57.616670166867294, -25.286217251855913 ], [ -57.617611233437607, -25.286023676760827 ], [ -57.618590358435597, -25.285807360115172 ], [ -57.619525763764443, -25.285600251013385 ], [ -57.62207838311658, -25.285043170671798 ], [ -57.622557706202706, -25.284937299240294 ], [ -57.624327771505804, -25.284555057933133 ], [ -57.626152389471841, -25.284100320818514 ], [ -57.626850727469481, -25.28391223229513 ], [ -57.626981422654168, -25.283916192167155 ], [ -57.627081333102396, -25.283969949967599 ], [ -57.627549794175742, -25.284672599094975 ], [ -57.628423692223961, -25.284171848378755 ] ] ] ] } },
{ "type": "Feature", "properties": { "DPTO": "00", "DPTO_DESC": "ASUNCIÓN", "DISTRITO": "00", "DIST_DESC": "ASUNCIÓN", "AREA": "1", "BAR_LOC": "008", "BARLO_DESC": "LA CATEDRAL", "CLAVE_BAR": "00001008", "CLV_AREA": "00001", "CLAVE": "0000", "nombre": "La Catedral", "fuente": "INE Cartografía Censal 2022" }, "geometry": { "type": "MultiPolygon", "coordinates": [ [ [ [ -57.634440082753315, -25.278732467750572 ], [ -57.633660428597103, -25.279362807306168 ], [ -57.633475896490609, -25.279500673942604 ], [ -57.63340901924289, -25.279562920538286 ], [ -57.633271394457985, -25.279742960476231 ], [ -57.633241265427245, -25.279839325751475 ], [ -57.633107422181993, -25.279957467196422 ], [ -57.632934293759469, -25.280104275064176 ], [ -57.632744615142293, -25.280257660863061 ], [ -57.63277696362568, -25.280295983846834 ], [ -57.632676548841424, -25.280359790595906 ], [ -57.632563907767022, -25.28042608309477 ], [ -57.632501175722126, -25.280463513113059 ], [ -57.632466236682973, -25.280485489620311 ], [ -57.632464114058088, -25.280495210566848 ], [ -57.63244393650853, -25.280525712993288 ], [ -57.632440632683796, -25.280535311380305 ], [ -57.632429035564378, -25.280583053594839 ], [ -57.632465388590646, -25.280659436565209 ], [ -57.632438788522649, -25.280672386737152 ], [ -57.632382895693375, -25.280699597987113 ], [ -57.632272538181397, -25.280550396086131 ], [ -57.63221226884469, -25.280554694893979 ], [ -57.632034564245913, -25.280627886831361 ], [ -57.631974245514897, -25.280645803095226 ], [ -57.631961867125, -25.280652074235416 ], [ -57.631886997580445, -25.280682891992864 ], [ -57.631815271407319, -25.280724129479502 ], [ -57.631750184897975, -25.280743354320371 ], [ -57.6316977669495, -25.280739951011594 ], [ -57.631654842318667, -25.280766950508838 ], [ -57.631571462119325, -25.280803704469182 ], [ -57.631429612019815, -25.28089130292804 ], [ -57.631510509552207, -25.281020694921981 ], [ -57.631529962109411, -25.281061248461878 ], [ -57.631554429401639, -25.281110810933889 ], [ -57.630781615032838, -25.281514289678913 ], [ -57.630768276893328, -25.281575115722053 ], [ -57.630777320178296, -25.28160443013892 ], [ -57.630805715188295, -25.281696474375146 ], [ -57.630765794012753, -25.281719221034987 ], [ -57.630692373844958, -25.28172771412104 ], [ -57.630633109487043, -25.281703890750464 ], [ -57.630511336348924, -25.281711634156402 ], [ -57.630428747283879, -25.281730560691702 ], [ -57.630361454149551, -25.281745981894417 ], [ -57.630239970424093, -25.28171243752039 ], [ -57.630186632510053, -25.281721695732159 ], [ -57.630029863204058, -25.281811646755767 ], [ -57.630020682689036, -25.28181688348506 ], [ -57.630001837833042, -25.281826669858631 ], [ -57.629968827791636, -25.281858081795541 ], [ -57.629938809021588, -25.281883299263313 ], [ -57.629917930243892, -25.281994467592696 ], [ -57.629855917242125, -25.281965013835492 ], [ -57.62983068436877, -25.281959017891328 ], [ -57.629769287132532, -25.281944447337874 ], [ -57.629683987051237, -25.281935252120025 ], [ -57.629675253033469, -25.281927062912182 ], [ -57.629560166607789, -25.281945836477064 ], [ -57.629510892584349, -25.281954855427589 ], [ -57.629364155093775, -25.281969026993021 ], [ -57.62928672313533, -25.282000963650734 ], [ -57.629241975306336, -25.282050821688433 ], [ -57.629211247553805, -25.282050952725928 ], [ -57.628871487335047, -25.282075188137512 ], [ -57.628108510681045, -25.282142489118289 ], [ -57.628356867436118, -25.282541395497773 ], [ -57.628543213612396, -25.28281332093999 ], [ -57.629188208094646, -25.283721674820669 ], [ -57.629093821985734, -25.283776259681069 ], [ -57.628423692223961, -25.284171848378755 ], [ -57.628763605259245, -25.284667139373671 ], [ -57.629256189600234, -25.2853282309203 ], [ -57.629625836673277, -25.285863206842173 ], [ -57.629591574037171, -25.285901341645037 ], [ -57.630088822007153, -25.286587284610693 ], [ -57.630490148611145, -25.287181058256344 ], [ -57.631029755743839, -25.287941065725708 ], [ -57.631719178871613, -25.288948487493109 ], [ -57.632536054375699, -25.290095128808534 ], [ -57.633298321267567, -25.291185767731939 ], [ -57.634054659540212, -25.290744545067358 ], [ -57.634823647539896, -25.290289718568157 ], [ -57.635463642314548, -25.289921232484556 ], [ -57.636143245959651, -25.289529996906754 ], [ -57.636972627700125, -25.289052322962018 ], [ -57.637762128059244, -25.288606423178614 ], [ -57.63845752367056, -25.288210593629206 ], [ -57.639085724158853, -25.287846658291322 ], [ -57.639946409792188, -25.287364317064725 ], [ -57.6392081637849, -25.286274841197475 ], [ -57.63842385250048, -25.285158469458473 ], [ -57.637725263108244, -25.284109450584189 ], [ -57.637188903757036, -25.283335154452914 ], [ -57.63677391853777, -25.282740940245841 ], [ -57.636192529812469, -25.282142060666157 ], [ -57.635686081600404, -25.281621347118261 ], [ -57.63519363062845, -25.281108735394625 ], [ -57.635012556208459, -25.280906330884946 ], [ -57.634629158439523, -25.280533218932064 ], [ -57.635321300073478, -25.27993810214307 ], [ -57.634542627049015, -25.279233213922335 ], [ -57.634610978976298, -25.279185778515227 ], [ -57.634440082753315, -25.278732467750572 ] ] ] ] } },
{ "type": "Feature", "properties": { "DPTO": "00", "DPTO_DESC": "ASUNCIÓN", "DISTRITO": "00", "DIST_DESC": "ASUNCIÓN", "AREA": "1", "BAR_LOC": "033", "BARLO_DESC": "PRESIDENTE CARLOS ANTONIO LOPEZ", "CLAVE_BAR": "00001033", "CLV_AREA": "00001", "CLAVE": "0000", "nombre": "Presidente Carlos Antonio Lopez", "fuente": "INE Cartografía Censal 2022" }, "geometry": { "type": "MultiPolygon", "coordinates": [ [ [ [ -57.665881425194179, -25.290699130612232 ], [ -57.653069252198165, -25.288566545431436 ], [ -57.652035303567907, -25.288390511657365 ], [ -57.650983402310722, -25.288223580174066 ], [ -57.649867468087955, -25.288038862488655 ], [ -57.648800029945335, -25.287867468589205 ], [ -57.647895694571261, -25.287722441821241 ], [ -57.648359841790167, -25.288384134984792 ], [ -57.64850998223379, -25.288600203945585 ], [ -57.649018523503145, -25.289320397089032 ], [ -57.649548682041157, -25.290076614603631 ], [ -57.649667856432508, -25.290247666784058 ], [ -57.650096849279024, -25.290832750670795 ], [ -57.650174691516291, -25.290936256804883 ], [ -57.65026191906027, -25.291053267071021 ], [ -57.650600706733663, -25.291543928133038 ], [ -57.65068798332387, -25.291669968272672 ], [ -57.651143993146178, -25.292313627029191 ], [ -57.651437917389089, -25.292714180391801 ], [ -57.651767926657946, -25.293186816565328 ], [ -57.652061593488305, -25.293596400071806 ], [ -57.652099107674921, -25.293645901210134 ], [ -57.652272351125788, -25.29388443974609 ], [ -57.652653611905308, -25.294420059621658 ], [ -57.653158668452008, -25.295117676701263 ], [ -57.653610311309436, -25.295752316115632 ], [ -57.653654417545006, -25.295815333145267 ], [ -57.654067642236981, -25.296404989504914 ], [ -57.654102984740888, -25.296454499719527 ], [ -57.654523975627896, -25.297044120239587 ], [ -57.654602159826517, -25.297152137490052 ], [ -57.655005029220767, -25.297719261056802 ], [ -57.655246434835341, -25.298076618803876 ], [ -57.655518452097645, -25.298466499096172 ], [ -57.655530761962353, -25.298476507803969 ], [ -57.655750422248914, -25.298655105217218 ], [ -57.655762857315167, -25.298665102443056 ], [ -57.655813392726124, -25.298704492139684 ], [ -57.656348326716362, -25.298946518868849 ], [ -57.656465631966896, -25.298999591846297 ], [ -57.656489665753199, -25.299008152192791 ], [ -57.657091719595712, -25.299222562346056 ], [ -57.657512093934997, -25.299405810878788 ], [ -57.658078020897044, -25.299696772922069 ], [ -57.658723643071788, -25.300086710582672 ], [ -57.659191872633862, -25.300450346604709 ], [ -57.660298322799029, -25.299565781648763 ], [ -57.661217760600742, -25.29883070863761 ], [ -57.66188648709241, -25.299205445706953 ], [ -57.662278378029093, -25.299422153518886 ], [ -57.662586377317339, -25.299607876591534 ], [ -57.662615430791526, -25.299572985040399 ], [ -57.662688776433264, -25.299525825825441 ], [ -57.662718804195819, -25.299506518690702 ], [ -57.662707360704843, -25.299495825268227 ], [ -57.662748427643074, -25.29947043029636 ], [ -57.663362229472746, -25.29909086493732 ], [ -57.663473435942734, -25.299018881157405 ], [ -57.663880657001926, -25.29940646355 ], [ -57.663939809174501, -25.299471269704174 ], [ -57.664321667967322, -25.299856842693821 ], [ -57.664518960309522, -25.30005919529555 ], [ -57.664608586114944, -25.300146178240333 ], [ -57.665035653932932, -25.300414870236509 ], [ -57.665342288302945, -25.300633363631476 ], [ -57.665469249923682, -25.300763113405385 ], [ -57.665744014947634, -25.300362142686751 ], [ -57.665422296564678, -25.300123446447831 ], [ -57.665114878665413, -25.299928453940918 ], [ -57.664870303405699, -25.299771523725802 ], [ -57.664841043192908, -25.299718977953091 ], [ -57.664835617628249, -25.299661676695855 ], [ -57.665021768771915, -25.298911342362189 ], [ -57.665206494711569, -25.298016754609264 ], [ -57.665419885473398, -25.297130818641278 ], [ -57.665844246880383, -25.295372502049823 ], [ -57.666038333341895, -25.294477621820224 ], [ -57.666242637235634, -25.293578179950888 ], [ -57.66643583588997, -25.292692333429706 ], [ -57.666645361075872, -25.291783836946227 ], [ -57.666859775555942, -25.290861772481406 ], [ -57.665881425194179, -25.290699130612232 ] ] ] ] } },
{ "type": "Feature", "properties": { "DPTO": "00", "DPTO_DESC": "ASUNCIÓN", "DISTRITO": "00", "DIST_DESC": "ASUNCIÓN", "AREA": "1", "BAR_LOC": "004", "BARLO_DESC": "ITA PYTA PUNTA", "CLAVE_BAR": "00001004", "CLV_AREA": "00001", "CLAVE": "0000", "nombre": "Ita Pyta Punta", "fuente": "INE Cartografía Censal 2022" }, "geometry": { "type": "MultiPolygon", "coordinates": [ [ [ [ -57.665676915773702, -25.277344157660988 ], [ -57.663487805295453, -25.279998155125291 ], [ -57.663360805018129, -25.28032298734793 ], [ -57.663364957361573, -25.280332909027386 ], [ -57.663354495836025, -25.280335185756964 ], [ -57.663189960869694, -25.280294131706572 ], [ -57.663185382000876, -25.280305711304329 ], [ -57.663111913114044, -25.280477637867563 ], [ -57.663015988426679, -25.280775062648374 ], [ -57.662837783102759, -25.281537995568733 ], [ -57.662617693380874, -25.28244653550227 ], [ -57.661670330803339, -25.282261149293163 ], [ -57.66147534673749, -25.283165059822135 ], [ -57.661273744542413, -25.284050938969109 ], [ -57.662236279632268, -25.284227229010682 ], [ -57.662036763315193, -25.285153736268779 ], [ -57.661835784044911, -25.286039613140556 ], [ -57.661677225208074, -25.286735661920389 ], [ -57.661481989924333, -25.287594421371718 ], [ -57.662460024755205, -25.287761609570769 ], [ -57.663443003776479, -25.2879242538271 ], [ -57.664403327326383, -25.288086993522217 ], [ -57.6654133136851, -25.288249502923328 ], [ -57.666413681964336, -25.288412048810962 ], [ -57.666604799610447, -25.287544271707901 ], [ -57.666752774395505, -25.286961145361751 ], [ -57.666964706549045, -25.286097788805069 ], [ -57.667067186209088, -25.285679620194284 ], [ -57.667044121827296, -25.285253584167187 ], [ -57.667277311103064, -25.285228216775351 ], [ -57.667231533107341, -25.284948403541925 ], [ -57.667620038394595, -25.284905505686773 ], [ -57.671567856463241, -25.284897372216768 ], [ -57.6686799798237, -25.280048718636518 ], [ -57.665676915773702, -25.277344157660988 ] ] ] ] } },
{ "type": "Feature", "properties": { "DPTO": "00", "DPTO_DESC": "ASUNCIÓN", "DISTRITO": "00", "DIST_DESC": "ASUNCIÓN", "AREA": "1", "BAR_LOC": "005", "BARLO_DESC": "LA ENCARNACION", "CLAVE_BAR": "00001005", "CLV_AREA": "00001", "CLAVE": "0000", "nombre": "La Encarnacion", "fuente": "INE Cartografía Censal 2022" }, "geometry": { "type": "MultiPolygon", "coordinates": [ [ [ [ -57.639946409792188, -25.287364317064725 ], [ -57.640705487628004, -25.288458213594961 ], [ -57.641459042606144, -25.289561160243878 ], [ -57.642353992357407, -25.289042534537092 ], [ -57.643141322865056, -25.288601130896922 ], [ -57.644131022196802, -25.288041444771096 ], [ -57.644885582642523, -25.287627266162339 ], [ -57.645570800124219, -25.287249508705067 ], [ -57.646897841929146, -25.28650772021831 ], [ -57.646986849993382, -25.286435086909993 ], [ -57.646206168093258, -25.285314226572126 ], [ -57.645454940329287, -25.284242899949536 ], [ -57.644718002302994, -25.2831715067055 ], [ -57.643908736528729, -25.28203721239748 ], [ -57.643192715124201, -25.280983781359627 ], [ -57.642662947471663, -25.280227536106633 ], [ -57.642240640643244, -25.279660460327161 ], [ -57.641742254762299, -25.27896728866072 ], [ -57.641312819035718, -25.278341543458207 ], [ -57.64076934874462, -25.277571806454215 ], [ -57.640661391588985, -25.277421427237403 ], [ -57.640618200772302, -25.277361262816687 ], [ -57.64015216315228, -25.276712081810167 ], [ -57.640127456516012, -25.27667606740415 ], [ -57.639957514101653, -25.276594371427311 ], [ -57.639733507883392, -25.276560180828568 ], [ -57.639553087770132, -25.27654658885217 ], [ -57.638890135098222, -25.276171448014345 ], [ -57.639351218514811, -25.275866127154597 ], [ -57.639276702795605, -25.27581245205759 ], [ -57.638894871955316, -25.275614354611754 ], [ -57.638718463106542, -25.275488609261476 ], [ -57.638314874900964, -25.275330554639808 ], [ -57.637647425170215, -25.275127030624539 ], [ -57.637332407936036, -25.275101757908764 ], [ -57.636841540687179, -25.275057268350498 ], [ -57.636496711778776, -25.274932246960624 ], [ -57.636167153905987, -25.274927009562344 ], [ -57.635844710590881, -25.274881790561338 ], [ -57.635624542944591, -25.274789521807378 ], [ -57.635309180212268, -25.274697662544092 ], [ -57.635081933162901, -25.274652032030982 ], [ -57.634877485918757, -25.274766103964151 ], [ -57.634643297118849, -25.274793744708575 ], [ -57.634613521362098, -25.274700655568349 ], [ -57.634466443643589, -25.274581437274318 ], [ -57.63418123829593, -25.274655905190833 ], [ -57.634020934148012, -25.274809736477064 ], [ -57.633539811842795, -25.275231279986055 ], [ -57.633387658462134, -25.275544876497015 ], [ -57.633329732921702, -25.275671634132156 ], [ -57.633271185197067, -25.275678543748143 ], [ -57.633153675094015, -25.27561246424364 ], [ -57.632956305391225, -25.275679894592344 ], [ -57.632648990026155, -25.275727820933145 ], [ -57.632631354497995, -25.275729861186576 ], [ -57.63270942446934, -25.276056402483295 ], [ -57.633262552604265, -25.276608705083412 ], [ -57.633599590192148, -25.277421284469707 ], [ -57.633695887465663, -25.277623577139249 ], [ -57.633719818225195, -25.277702896745478 ], [ -57.633743493134212, -25.277733341306636 ], [ -57.633777137635263, -25.277742360864998 ], [ -57.633842325497426, -25.277722201277548 ], [ -57.633879087647472, -25.277710832431143 ], [ -57.634038542339702, -25.277628296106343 ], [ -57.634223015786745, -25.277980395612126 ], [ -57.634322728816443, -25.278144490987088 ], [ -57.634347060643094, -25.278272317324223 ], [ -57.634349052022948, -25.278284022556143 ], [ -57.634360704982861, -25.27840315200817 ], [ -57.63436471345959, -25.278495027421155 ], [ -57.634406872540744, -25.278624458946396 ], [ -57.634430655404223, -25.278699796945272 ], [ -57.634440082753315, -25.278732467750572 ], [ -57.634610978976298, -25.279185778515227 ], [ -57.634542627049015, -25.279233213922335 ], [ -57.635321300073478, -25.27993810214307 ], [ -57.634629158439523, -25.280533218932064 ], [ -57.635012556208459, -25.280906330884946 ], [ -57.63519363062845, -25.281108735394625 ], [ -57.635686081600404, -25.281621347118261 ], [ -57.636192529812469, -25.282142060666157 ], [ -57.63677391853777, -25.282740940245841 ], [ -57.637188903757036, -25.283335154452914 ], [ -57.637725263108244, -25.284109450584189 ], [ -57.63842385250048, -25.285158469458473 ], [ -57.6392081637849, -25.286274841197475 ], [ -57.639946409792188, -25.287364317064725 ] ] ] ] } },
{ "type": "Feature", "properties": { "DPTO": "00", "DPTO_DESC": "ASUNCIÓN", "DISTRITO": "00", "DIST_DESC": "ASUNCIÓN", "AREA": "1", "BAR_LOC": "068", "BARLO_DESC": "ZEBALLOS KUE", "CLAVE_BAR": "00001068", "CLV_AREA": "00001", "CLAVE": "0000", "nombre": "Zeballos Kue", "fuente": "INE Cartografía Censal 2022" }, "geometry": { "type": "MultiPolygon", "coordinates": [ [ [ [ -57.575426393411888, -25.234783699266377 ], [ -57.574512168785368, -25.234407401760176 ], [ -57.578394253180477, -25.230952204619562 ], [ -57.579974923639774, -25.229197669709887 ], [ -57.576662166543294, -25.226493381824799 ], [ -57.575085845692584, -25.224663162230488 ], [ -57.575011582938956, -25.224637846019391 ], [ -57.572133483369448, -25.225361999311332 ], [ -57.571797034183177, -25.22559876883145 ], [ -57.571217410903515, -25.225793812037967 ], [ -57.570177130637219, -25.226017893207786 ], [ -57.569202298333899, -25.22621530164303 ], [ -57.569003865131023, -25.226012292730825 ], [ -57.567701338786193, -25.226359539380638 ], [ -57.567753578021694, -25.226510000837045 ], [ -57.56643137201339, -25.226881532354419 ], [ -57.565736079005411, -25.227063272558606 ], [ -57.565283509745136, -25.227180974949139 ], [ -57.564634136846657, -25.22735129758334 ], [ -57.564121385019632, -25.227485317117772 ], [ -57.56412422058267, -25.227494350519322 ], [ -57.564184379298077, -25.227686000945745 ], [ -57.563548722597282, -25.227854354890265 ], [ -57.562494842039825, -25.228133468580705 ], [ -57.561613136075295, -25.228367421276253 ], [ -57.561029266125999, -25.228522342506697 ], [ -57.560924353313872, -25.228550179280216 ], [ -57.560886526287455, -25.228432035471883 ], [ -57.560749655702701, -25.22837138805555 ], [ -57.560467445523585, -25.228363112501118 ], [ -57.560245872524234, -25.228406014014418 ], [ -57.559932979958518, -25.228362631375607 ], [ -57.559686158121991, -25.228391557806646 ], [ -57.559614756698103, -25.228401935989883 ], [ -57.559554532757097, -25.228363323669591 ], [ -57.559521140444552, -25.228356167534294 ], [ -57.559448309944777, -25.22825994923107 ], [ -57.559417107221996, -25.228245628385761 ], [ -57.559380113294552, -25.228228649588026 ], [ -57.559338687118618, -25.228215455013061 ], [ -57.559302620590564, -25.228207095187749 ], [ -57.559275488954015, -25.228167848310953 ], [ -57.559233148365564, -25.228144957711166 ], [ -57.559208906473728, -25.228125368793208 ], [ -57.558942051656544, -25.228265397210041 ], [ -57.557974574833885, -25.228783957818152 ], [ -57.55783138635114, -25.228880052143516 ], [ -57.55652764599899, -25.229547985141508 ], [ -57.553073836490533, -25.23131735239782 ], [ -57.550818912118032, -25.232466048165822 ], [ -57.547042733150214, -25.23375366582146 ], [ -57.546580204599088, -25.233908896773123 ], [ -57.546331140104229, -25.233995608072377 ], [ -57.546148667260503, -25.234056960690438 ], [ -57.545692954240621, -25.234210184199945 ], [ -57.54518613507549, -25.234383635481453 ], [ -57.545909039982526, -25.236534750775675 ], [ -57.545917908562892, -25.236549606113034 ], [ -57.546155727025841, -25.237233705988427 ], [ -57.546462585303971, -25.238135625265866 ], [ -57.546472944829873, -25.238162678564002 ], [ -57.546781394468233, -25.238933648323712 ], [ -57.547351993429984, -25.239834589041706 ], [ -57.547919792328329, -25.23925210432677 ], [ -57.549220607972472, -25.240274665338063 ], [ -57.55000654545146, -25.240894848076532 ], [ -57.55044309930571, -25.241236382281659 ], [ -57.550612810115354, -25.24137120778671 ], [ -57.551442384102039, -25.242031857335942 ], [ -57.552167178971324, -25.242661779965378 ], [ -57.552720769990174, -25.242446999165509 ], [ -57.553245921265223, -25.242205724310239 ], [ -57.553762093314838, -25.241968996531483 ], [ -57.554672232889246, -25.241523824799724 ], [ -57.554842653077536, -25.241865606120676 ], [ -57.555500237079336, -25.243046133555517 ], [ -57.561041145923014, -25.240099304036466 ], [ -57.56319743239164, -25.238921646794946 ], [ -57.563781531955016, -25.238665028223945 ], [ -57.563803124927567, -25.238705685525364 ], [ -57.564740397264835, -25.240257672694657 ], [ -57.57173955485743, -25.236761009743464 ], [ -57.572876693135129, -25.236258674475817 ], [ -57.572500629510529, -25.235801487759556 ], [ -57.572469658833668, -25.235763836000302 ], [ -57.574067609556572, -25.235217934342327 ], [ -57.575426393411888, -25.234783699266377 ] ] ] ] } },
{ "type": "Feature", "properties": { "DPTO": "00", "DPTO_DESC": "ASUNCIÓN", "DISTRITO": "00", "DIST_DESC": "ASUNCIÓN", "AREA": "1", "BAR_LOC": "060", "BARLO_DESC": "MBURUCUYA", "CLAVE_BAR": "00001060", "CLV_AREA": "00001", "CLAVE": "0000", "nombre": "Mburucuya", "fuente": "INE Cartografía Censal 2022" }, "geometry": { "type": "MultiPolygon", "coordinates": [ [ [ [ -57.567388704375162, -25.275411199561773 ], [ -57.56864579913929, -25.27446832761666 ], [ -57.570000054660625, -25.273455257543436 ], [ -57.570220954140488, -25.273156483521127 ], [ -57.570228896984148, -25.273146185185279 ], [ -57.570779174985489, -25.272350528754028 ], [ -57.571805711556856, -25.270965194496927 ], [ -57.574165511278068, -25.268103006233723 ], [ -57.577330198667838, -25.264594965155602 ], [ -57.578054760164399, -25.263856145983844 ], [ -57.57840634529969, -25.263457427938029 ], [ -57.579181350738502, -25.26268736921558 ], [ -57.578374256671374, -25.261990101048298 ], [ -57.578325963798143, -25.26194965398285 ], [ -57.578118489503161, -25.261767417657381 ], [ -57.578097038040653, -25.261748575567665 ], [ -57.578035766348123, -25.261694757005742 ], [ -57.577992838118718, -25.261659794210622 ], [ -57.577553375446222, -25.261290231858975 ], [ -57.577539402290441, -25.261278566376205 ], [ -57.57752878200759, -25.261269700024332 ], [ -57.577501725181719, -25.261247111601609 ], [ -57.577477677845266, -25.261227034956274 ], [ -57.577444168693937, -25.261199059552762 ], [ -57.576941444792794, -25.260808199001499 ], [ -57.576902820318189, -25.260785831521265 ], [ -57.575694544954068, -25.260086112373617 ], [ -57.575422576404186, -25.259929139110795 ], [ -57.574894167564807, -25.259682859217953 ], [ -57.574785075793862, -25.259647162010474 ], [ -57.574503207063145, -25.259556037696136 ], [ -57.574089535091652, -25.259422300395968 ], [ -57.572030272937575, -25.258781903327993 ], [ -57.571533907745369, -25.258616761467685 ], [ -57.571072548120874, -25.258437936794607 ], [ -57.569823120435885, -25.257959632606287 ], [ -57.569450726231949, -25.257825611885707 ], [ -57.568589329133083, -25.257494413995726 ], [ -57.568472521495409, -25.257561367015018 ], [ -57.568171091534154, -25.257722175506846 ], [ -57.567694802740306, -25.257991381211816 ], [ -57.567479950402422, -25.258112817866152 ], [ -57.567334494829005, -25.258195030473882 ], [ -57.567160500824095, -25.258293372890684 ], [ -57.56702879316456, -25.25836781458041 ], [ -57.566905050445236, -25.25843775426582 ], [ -57.566885684770185, -25.258448699775819 ], [ -57.566481985344311, -25.258672797171371 ], [ -57.565852529753393, -25.259022208714669 ], [ -57.56557607777232, -25.259177017524529 ], [ -57.564380908317538, -25.259827271272982 ], [ -57.561964799865358, -25.26120009214123 ], [ -57.561307078215776, -25.261577359764743 ], [ -57.559855138263693, -25.262413678472669 ], [ -57.558877532509285, -25.262945666546887 ], [ -57.559359127369618, -25.263679828060727 ], [ -57.559744731443978, -25.264279467787009 ], [ -57.559983328358982, -25.264647434613302 ], [ -57.560134856851278, -25.264881122159611 ], [ -57.5604337855643, -25.265330049421685 ], [ -57.56089792306387, -25.266053477656794 ], [ -57.561286510666832, -25.266620969242457 ], [ -57.561649081427824, -25.2671794796243 ], [ -57.562257563426499, -25.267950692169581 ], [ -57.562699999792983, -25.268507312115844 ], [ -57.563155481758272, -25.269056596758375 ], [ -57.563603145615694, -25.269623808656828 ], [ -57.564100947807596, -25.27039525955923 ], [ -57.565220122880781, -25.272110038399919 ], [ -57.565698872484859, -25.272817096792146 ], [ -57.566176779921321, -25.273542217673789 ], [ -57.566929660949455, -25.274731350295347 ], [ -57.567388704375162, -25.275411199561773 ] ] ] ] } },
{ "type": "Feature", "properties": { "DPTO": "00", "DPTO_DESC": "ASUNCIÓN", "DISTRITO": "00", "DIST_DESC": "ASUNCIÓN", "AREA": "1", "BAR_LOC": "051", "BARLO_DESC": "VIRGEN DE FATIMA", "CLAVE_BAR": "00001051", "CLV_AREA": "00001", "CLAVE": "0000", "nombre": "Virgen De Fatima", "fuente": "INE Cartografía Censal 2022" }, "geometry": { "type": "MultiPolygon", "coordinates": [ [ [ [ -57.584904080941968, -25.256980854477284 ], [ -57.585399081471671, -25.257352356801864 ], [ -57.586187222898836, -25.257918149998712 ], [ -57.586745845457166, -25.258340518833577 ], [ -57.586771663924566, -25.2583600412595 ], [ -57.587081921893358, -25.258591991050857 ], [ -57.588230963615558, -25.259454232956724 ], [ -57.589500360982562, -25.260406800908889 ], [ -57.589860619209773, -25.260673985076494 ], [ -57.590115708606518, -25.260859909952323 ], [ -57.590418622322318, -25.261087063172663 ], [ -57.590703087041362, -25.261299843526558 ], [ -57.590746518744275, -25.261332159820313 ], [ -57.591711450613481, -25.26205013032158 ], [ -57.59224314782697, -25.262447819870392 ], [ -57.592332872311623, -25.262388007606365 ], [ -57.592522391222921, -25.262302304391433 ], [ -57.592626448201486, -25.262186364637163 ], [ -57.59274799622974, -25.262081680281828 ], [ -57.592857232584805, -25.262006492076036 ], [ -57.592924101654347, -25.26192694366971 ], [ -57.592961024957262, -25.261836189813362 ], [ -57.592997761169961, -25.261706929333556 ], [ -57.592980048291096, -25.261521825349842 ], [ -57.592981901073593, -25.2613904398332 ], [ -57.593003911916853, -25.261306541274244 ], [ -57.593045871749311, -25.261227092859414 ], [ -57.593142344660528, -25.261088531815545 ], [ -57.593218901393207, -25.260952315872697 ], [ -57.593303161716868, -25.260863636858989 ], [ -57.593395114701522, -25.260820229666354 ], [ -57.59348710065214, -25.260783617702497 ], [ -57.593649957847241, -25.260722370486963 ], [ -57.5937542107052, -25.260647201666654 ], [ -57.59386343414242, -25.260569747641398 ], [ -57.593900257189127, -25.260458607698993 ], [ -57.593889952186892, -25.260388429832645 ], [ -57.593862277298044, -25.260331912668168 ], [ -57.593817199486843, -25.260282260910664 ], [ -57.59364982746731, -25.260183267844877 ], [ -57.593440122222454, -25.260086709883222 ], [ -57.593262002311704, -25.259954348757269 ], [ -57.593231561825121, -25.25984121408732 ], [ -57.593240732808852, -25.259678087182166 ], [ -57.593275098350681, -25.259573752671542 ], [ -57.593344533739618, -25.259510049737568 ], [ -57.593441269214779, -25.259425850788769 ], [ -57.593525583398751, -25.259348497129267 ], [ -57.593599801984723, -25.259244002333947 ], [ -57.593639324975854, -25.259175889239664 ], [ -57.593654093774369, -25.259139587623135 ], [ -57.593662083484531, -25.258605548783425 ], [ -57.593696261152942, -25.258462707545519 ], [ -57.59372053054598, -25.258331231840305 ], [ -57.593745042203714, -25.25824958823544 ], [ -57.593786956482241, -25.258161079222216 ], [ -57.593836486343726, -25.258101986388784 ], [ -57.593903462853952, -25.258045088504574 ], [ -57.594193548548034, -25.257768706903718 ], [ -57.594295109341111, -25.257652776024994 ], [ -57.594364499015121, -25.257580012241725 ], [ -57.594448899569436, -25.257520778834699 ], [ -57.594520879130357, -25.25746839081264 ], [ -57.594792567970309, -25.257250975764887 ], [ -57.594919157079929, -25.257159860181979 ], [ -57.595120370374431, -25.257048057484457 ], [ -57.595257143014422, -25.25700220337135 ], [ -57.595461023246926, -25.256926631703216 ], [ -57.595558020357863, -25.256896793691393 ], [ -57.595767413316516, -25.256802511965159 ], [ -57.595914236994268, -25.256774737814286 ], [ -57.596095909462534, -25.256742292558606 ], [ -57.596198042656347, -25.256744145352869 ], [ -57.59649820422301, -25.25674746337166 ], [ -57.596657381960199, -25.256699252320242 ], [ -57.596781544718127, -25.256621735804075 ], [ -57.596848452603766, -25.256551246042701 ], [ -57.597027221171288, -25.256434434933201 ], [ -57.597116479337785, -25.256350263844521 ], [ -57.597170822243619, -25.256257173352669 ], [ -57.597220083825469, -25.256143717135018 ], [ -57.597251987484086, -25.256046187087918 ], [ -57.597269246832347, -25.255902685662988 ], [ -57.596854398255935, -25.255393287675112 ], [ -57.596842690831615, -25.255378911616258 ], [ -57.596732635396158, -25.255145434672688 ], [ -57.596672785379788, -25.254999011515977 ], [ -57.596637712491578, -25.254422270846192 ], [ -57.595918485208678, -25.254241843759893 ], [ -57.595754543376643, -25.254246171881167 ], [ -57.59574151538331, -25.254243557132263 ], [ -57.595659028813486, -25.254227001854243 ], [ -57.5953869699972, -25.254659538674929 ], [ -57.595244042086314, -25.25456356039917 ], [ -57.595108155656916, -25.254430123461646 ], [ -57.595077662393479, -25.254368439013668 ], [ -57.595008887299258, -25.254192192778653 ], [ -57.594857131686744, -25.253939195847963 ], [ -57.594672473749874, -25.253611110095871 ], [ -57.594095410514818, -25.2529580517635 ], [ -57.593895245520358, -25.253154895411882 ], [ -57.593869416441905, -25.253232609562332 ], [ -57.593689608970038, -25.25356699562607 ], [ -57.593461065716838, -25.253828855900501 ], [ -57.593417497914928, -25.253851641851789 ], [ -57.593208169878899, -25.25367724866317 ], [ -57.593007319512381, -25.253553390025584 ], [ -57.592871393206259, -25.253514825108866 ], [ -57.592760758341122, -25.253426047970308 ], [ -57.592644304314419, -25.253384349154501 ], [ -57.592451938497227, -25.25366018875631 ], [ -57.592268167995933, -25.253715654219615 ], [ -57.592193585937714, -25.253514404584198 ], [ -57.592114907068733, -25.253166322341016 ], [ -57.592110249309513, -25.253002564963907 ], [ -57.591840985699022, -25.252904645385232 ], [ -57.591623990240279, -25.252776571786416 ], [ -57.591606443192468, -25.252669027052942 ], [ -57.591256695069497, -25.25238189413216 ], [ -57.591025332728094, -25.252513138357557 ], [ -57.590929985773947, -25.252528186435626 ], [ -57.590809447319153, -25.252614223395906 ], [ -57.590721677070839, -25.252493881311835 ], [ -57.590553858003865, -25.252349863768533 ], [ -57.590640497019187, -25.252173612463096 ], [ -57.590408611601163, -25.251987610683532 ], [ -57.590005962651233, -25.251680306353581 ], [ -57.5899668879686, -25.251652469373685 ], [ -57.589912990529371, -25.251614072556841 ], [ -57.589850443161936, -25.251569513430255 ], [ -57.589487612714166, -25.252008400831251 ], [ -57.589113519953059, -25.252466389019769 ], [ -57.588969987762347, -25.252626765471014 ], [ -57.588691840450196, -25.252950537938716 ], [ -57.588675570522931, -25.252969670345298 ], [ -57.588192035382683, -25.253538273600906 ], [ -57.588115575810605, -25.253603189871129 ], [ -57.587840662866448, -25.253904542975587 ], [ -57.58779562147209, -25.253953916103953 ], [ -57.587173317651214, -25.254586094969255 ], [ -57.586590002360893, -25.255138407683692 ], [ -57.586388362543211, -25.255343666368272 ], [ -57.586357282766819, -25.25537399624238 ], [ -57.585636652359867, -25.256160292508401 ], [ -57.584911721321504, -25.256972296472185 ], [ -57.584904080941968, -25.256980854477284 ] ] ] ] } },
{ "type": "Feature", "properties": { "DPTO": "00", "DPTO_DESC": "ASUNCIÓN", "DISTRITO": "00", "DIST_DESC": "ASUNCIÓN", "AREA": "1", "BAR_LOC": "001", "BARLO_DESC": "SAJONIA", "CLAVE_BAR": "00001001", "CLV_AREA": "00001", "CLAVE": "0000", "nombre": "Sajonia", "fuente": "INE Cartografía Censal 2022" }, "geometry": { "type": "MultiPolygon", "coordinates": [ [ [ [ -57.671567856463241, -25.284897372216768 ], [ -57.667620038394595, -25.284905505686773 ], [ -57.667231533107341, -25.284948403541925 ], [ -57.667277311103064, -25.285228216775351 ], [ -57.667044121827296, -25.285253584167187 ], [ -57.667067186209088, -25.285679620194284 ], [ -57.666964706549045, -25.286097788805069 ], [ -57.666752774395505, -25.286961145361751 ], [ -57.666604799610447, -25.287544271707901 ], [ -57.666413681964336, -25.288412048810962 ], [ -57.666326263414227, -25.288773657682668 ], [ -57.666145079748389, -25.289528510123574 ], [ -57.665881425194179, -25.290699130612232 ], [ -57.666859775555942, -25.290861772481406 ], [ -57.666645361075872, -25.291783836946227 ], [ -57.66643583588997, -25.292692333429706 ], [ -57.666242637235634, -25.293578179950888 ], [ -57.666038333341895, -25.294477621820224 ], [ -57.665844246880383, -25.295372502049823 ], [ -57.665419885473398, -25.297130818641278 ], [ -57.665206494711569, -25.298016754609264 ], [ -57.665021768771915, -25.298911342362189 ], [ -57.664835617628249, -25.299661676695855 ], [ -57.664841043192908, -25.299718977953091 ], [ -57.664870303405699, -25.299771523725802 ], [ -57.665114878665413, -25.299928453940918 ], [ -57.665422296564678, -25.300123446447831 ], [ -57.665744014947634, -25.300362142686751 ], [ -57.665469249923682, -25.300763113405385 ], [ -57.665397336179396, -25.300848444336662 ], [ -57.66545406451759, -25.300893942368447 ], [ -57.6654694997411, -25.300950341173113 ], [ -57.665539340227681, -25.30102280717578 ], [ -57.665571499917213, -25.301091612043241 ], [ -57.665649280583736, -25.301166041239917 ], [ -57.66575131074363, -25.301260676970688 ], [ -57.66582514570436, -25.301330990221086 ], [ -57.665919380467805, -25.301427174644221 ], [ -57.666011809122558, -25.301506545663951 ], [ -57.6660906676994, -25.301602160277145 ], [ -57.666208141916329, -25.301700825805462 ], [ -57.666278439163179, -25.301753081236292 ], [ -57.666362746877667, -25.301799475621614 ], [ -57.666471899897353, -25.301918296536709 ], [ -57.666601277549944, -25.302051120488606 ], [ -57.666682100729567, -25.302134543965369 ], [ -57.666740690990601, -25.302196349968515 ], [ -57.666840414284039, -25.302244148120675 ], [ -57.666959923163795, -25.302319758639985 ], [ -57.667116960909382, -25.302374418685794 ], [ -57.667260082673423, -25.302437649909617 ], [ -57.667396459092558, -25.302472877757619 ], [ -57.667490397387468, -25.30248331968102 ], [ -57.667605202696556, -25.302531820227003 ], [ -57.667730750143917, -25.302568272536302 ], [ -57.667832895603311, -25.302627961012554 ], [ -57.668014153302529, -25.302723638137692 ], [ -57.668196578132012, -25.302803846207553 ], [ -57.668321095963471, -25.302873097218924 ], [ -57.668501783727159, -25.302902414222903 ], [ -57.66861293900471, -25.302903642289884 ], [ -57.668726718311213, -25.302873642329033 ], [ -57.668816699452854, -25.30283632187037 ], [ -57.668923740653625, -25.30281558312257 ], [ -57.66898532580548, -25.3027603794744 ], [ -57.66904585512831, -25.302678615167306 ], [ -57.669054983722894, -25.302626750493776 ], [ -57.669064083680112, -25.302531314607695 ], [ -57.669062031902079, -25.302457959710242 ], [ -57.669003287810021, -25.302361130311699 ], [ -57.668934715815951, -25.302313625787736 ], [ -57.668835337922545, -25.302280407871503 ], [ -57.66872438156723, -25.302235313326921 ], [ -57.668676482668197, -25.302173791965583 ], [ -57.668690602406294, -25.302085767098948 ], [ -57.668729749669573, -25.302026386729366 ], [ -57.668812413340191, -25.301990589466723 ], [ -57.668878498516314, -25.30198322981909 ], [ -57.66900819327374, -25.30196849999356 ], [ -57.669159337328708, -25.301978771625802 ], [ -57.669265785428735, -25.301986569369316 ], [ -57.66941410603431, -25.301974725632679 ], [ -57.669568471069113, -25.301949995112807 ], [ -57.669640501237673, -25.301919978124541 ], [ -57.669848930643404, -25.301925000553705 ], [ -57.670008635723676, -25.301930222400571 ], [ -57.670222821215518, -25.301953379946148 ], [ -57.670440225683912, -25.301944098245261 ], [ -57.670694297504475, -25.301930419655481 ], [ -57.670949336723936, -25.301914198704957 ], [ -57.673034704396926, -25.302060859092709 ], [ -57.67302805908799, -25.30085742954499 ], [ -57.673121916385028, -25.295312377344565 ], [ -57.673222314845198, -25.290896084627754 ], [ -57.672830484783638, -25.287615343216817 ], [ -57.671567856463241, -25.284897372216768 ] ] ] ] } },
{ "type": "Feature", "properties": { "DPTO": "00", "DPTO_DESC": "ASUNCIÓN", "DISTRITO": "00", "DIST_DESC": "ASUNCIÓN", "AREA": "1", "BAR_LOC": "061", "BARLO_DESC": "MADAME ELISA ALICIA LINCH", "CLAVE_BAR": "00001061", "CLV_AREA": "00001", "CLAVE": "0000", "nombre": "Madame Elisa Alicia Linch", "fuente": "INE Cartografía Censal 2022" }, "geometry": { "type": "MultiPolygon", "coordinates": [ [ [ [ -57.558877532509285, -25.262945666546887 ], [ -57.55758759882842, -25.263654922883738 ], [ -57.554521208506323, -25.265332381129909 ], [ -57.554509362116278, -25.26533878309916 ], [ -57.553687908441852, -25.265782737156421 ], [ -57.552707457706369, -25.266314695510175 ], [ -57.550906877643314, -25.267287689666425 ], [ -57.549170858016261, -25.268236095569133 ], [ -57.549789106178913, -25.269608423464671 ], [ -57.54982196673798, -25.26985188105537 ], [ -57.549831761217817, -25.270303369422152 ], [ -57.5498863555936, -25.270641809661431 ], [ -57.549971539870782, -25.270880800428472 ], [ -57.550212654194176, -25.271286274109499 ], [ -57.550563075994134, -25.271704885397074 ], [ -57.550887996968427, -25.271994078072581 ], [ -57.5509732602196, -25.272039008367098 ], [ -57.551544068024846, -25.272310781120986 ], [ -57.552401908993936, -25.272722975565511 ], [ -57.552677891366777, -25.272875460716062 ], [ -57.552752286343697, -25.272943445188165 ], [ -57.552798340039914, -25.272996677661759 ], [ -57.55298752010318, -25.273268334251728 ], [ -57.553561177200528, -25.274006376373208 ], [ -57.553681827230655, -25.274189636809862 ], [ -57.553673970118794, -25.274750069048775 ], [ -57.553782094109678, -25.274912212144407 ], [ -57.55392896787577, -25.275132907881655 ], [ -57.554296399325416, -25.275685382485776 ], [ -57.554382853874706, -25.275654774912667 ], [ -57.555084699916712, -25.276641794926729 ], [ -57.555199044187631, -25.276780714042594 ], [ -57.555453864522349, -25.277190642133217 ], [ -57.555833575755692, -25.277861921999662 ], [ -57.556084852210311, -25.278369499497266 ], [ -57.556170212936614, -25.278541926754396 ], [ -57.556089195488902, -25.278619580734915 ], [ -57.556664926555612, -25.27902378162349 ], [ -57.5574519421194, -25.279544578389181 ], [ -57.559012728861262, -25.280265627244702 ], [ -57.559898922812472, -25.280686661722388 ], [ -57.559986383191031, -25.280724554928426 ], [ -57.56260834051001, -25.27832192939599 ], [ -57.563328027892474, -25.277928384623998 ], [ -57.564314560862705, -25.277344197924592 ], [ -57.56494283635957, -25.276985599677655 ], [ -57.565738551365961, -25.276555561692799 ], [ -57.56624238800029, -25.276251472319103 ], [ -57.567052541764355, -25.275647135374033 ], [ -57.567388704375162, -25.275411199561773 ], [ -57.566929660949455, -25.274731350295347 ], [ -57.566176779921321, -25.273542217673789 ], [ -57.565698872484859, -25.272817096792146 ], [ -57.565220122880781, -25.272110038399919 ], [ -57.564100947807596, -25.27039525955923 ], [ -57.563603145615694, -25.269623808656828 ], [ -57.563155481758272, -25.269056596758375 ], [ -57.562699999792983, -25.268507312115844 ], [ -57.562257563426499, -25.267950692169581 ], [ -57.561649081427824, -25.2671794796243 ], [ -57.561286510666832, -25.266620969242457 ], [ -57.56089792306387, -25.266053477656794 ], [ -57.5604337855643, -25.265330049421685 ], [ -57.560134856851278, -25.264881122159611 ], [ -57.559983328358982, -25.264647434613302 ], [ -57.559744731443978, -25.264279467787009 ], [ -57.559359127369618, -25.263679828060727 ], [ -57.558877532509285, -25.262945666546887 ] ] ] ] } },
{ "type": "Feature", "properties": { "DPTO": "00", "DPTO_DESC": "ASUNCIÓN", "DISTRITO": "00", "DIST_DESC": "ASUNCIÓN", "AREA": "1", "BAR_LOC": "014", "BARLO_DESC": "TTE. SILVIO PETTIROSSI", "CLAVE_BAR": "00001014", "CLV_AREA": "00001", "CLAVE": "0000", "nombre": "Tte. Silvio Pettirossi", "fuente": "INE Cartografía Censal 2022" }, "geometry": { "type": "MultiPolygon", "coordinates": [ [ [ [ -57.631910948767384, -25.306389831886801 ], [ -57.631922360384067, -25.306227246292927 ], [ -57.631948571041157, -25.305784078812838 ], [ -57.631950008620336, -25.305759773736238 ], [ -57.631984866554866, -25.305170425284057 ], [ -57.632046742925183, -25.304316781114238 ], [ -57.632065404822285, -25.30405934460136 ], [ -57.632274819373457, -25.302956741577667 ], [ -57.632478600397562, -25.302025739389684 ], [ -57.632483210915211, -25.301585569048378 ], [ -57.632483345791059, -25.301572692332112 ], [ -57.632484912675565, -25.301447768462168 ], [ -57.632426448005049, -25.301068743520069 ], [ -57.632267356246487, -25.300156592114739 ], [ -57.632194569237598, -25.299745985926599 ], [ -57.632118732089793, -25.299318170085542 ], [ -57.631962910355291, -25.298542225488159 ], [ -57.631940028496373, -25.298384922854154 ], [ -57.631902051772578, -25.298284199735082 ], [ -57.631881982428254, -25.298143629305159 ], [ -57.631853548382615, -25.297626110716386 ], [ -57.631821961397577, -25.296848398095911 ], [ -57.631789365215695, -25.296599261853803 ], [ -57.631739464145824, -25.296217860247214 ], [ -57.631608805954379, -25.295212151833883 ], [ -57.631698751431031, -25.29516177083541 ], [ -57.630985632017783, -25.294153129611395 ], [ -57.630567582214226, -25.293567942397321 ], [ -57.630164551757822, -25.293005266144924 ], [ -57.628523607064054, -25.293946912013674 ], [ -57.62768919633951, -25.292857788242667 ], [ -57.626878365929315, -25.291764043966079 ], [ -57.626172125774318, -25.290805225223519 ], [ -57.625566899591462, -25.291957371631799 ], [ -57.625215827737946, -25.292854746998106 ], [ -57.624991355493961, -25.293451704105497 ], [ -57.624554449446023, -25.294442405395362 ], [ -57.624488717580441, -25.294587147055086 ], [ -57.623924506128304, -25.295763485490379 ], [ -57.623228137564404, -25.297105084602009 ], [ -57.623067190741459, -25.297415155660477 ], [ -57.622885085898361, -25.297741018844324 ], [ -57.622305767363649, -25.298578775304779 ], [ -57.622022926580968, -25.299004368766891 ], [ -57.621953297900134, -25.299099509448141 ], [ -57.621848228383236, -25.299253469100936 ], [ -57.621736418643152, -25.299432871863807 ], [ -57.621521368567471, -25.299964390149999 ], [ -57.621464365142934, -25.300012079315771 ], [ -57.621135274060741, -25.300632852999851 ], [ -57.620755120201252, -25.301357619366577 ], [ -57.620746226367864, -25.301383470055594 ], [ -57.620675607010924, -25.301499917281962 ], [ -57.620304359107749, -25.302890186343237 ], [ -57.620157984073927, -25.303468746608427 ], [ -57.619986931905359, -25.304079016803456 ], [ -57.619982519718128, -25.304099552566434 ], [ -57.619936044231494, -25.304205657028383 ], [ -57.621468608735299, -25.306077524208003 ], [ -57.622551555370983, -25.307436543347357 ], [ -57.623507823378553, -25.308606450883158 ], [ -57.624773373415103, -25.307788359938247 ], [ -57.625774382495841, -25.307147473329692 ], [ -57.626009620845188, -25.307011019384614 ], [ -57.626368640315391, -25.306797280890272 ], [ -57.627095290165023, -25.306414916559962 ], [ -57.627940741574122, -25.306220797101719 ], [ -57.628144639024256, -25.306194314792371 ], [ -57.628777772989977, -25.306209083220693 ], [ -57.629986990397015, -25.306276164672433 ], [ -57.630871088221618, -25.306326566857528 ], [ -57.631910948767384, -25.306389831886801 ] ] ] ] } },
{ "type": "Feature", "properties": { "DPTO": "00", "DPTO_DESC": "ASUNCIÓN", "DISTRITO": "00", "DIST_DESC": "ASUNCIÓN", "AREA": "1", "BAR_LOC": "030", "BARLO_DESC": "ITA ENRAMADA", "CLAVE_BAR": "00001030", "CLV_AREA": "00001", "CLAVE": "0000", "nombre": "Ita Enramada", "fuente": "INE Cartografía Censal 2022" }, "geometry": { "type": "MultiPolygon", "coordinates": [ [ [ [ -57.638439884953186, -25.343118767723489 ], [ -57.637797485575213, -25.343042532778309 ], [ -57.634517920135643, -25.342671594280677 ], [ -57.636433950438317, -25.349092708485585 ], [ -57.635305490197645, -25.349388197240803 ], [ -57.636385912940028, -25.352992813769685 ], [ -57.636413636482061, -25.353099140604815 ], [ -57.636359376443757, -25.353695885792813 ], [ -57.636081429270718, -25.35369348168582 ], [ -57.63596947534613, -25.354300547286819 ], [ -57.636024494892823, -25.354306478205711 ], [ -57.635967510646651, -25.355025556244183 ], [ -57.636685015062433, -25.35508024554003 ], [ -57.636547428667136, -25.358479423987067 ], [ -57.636667531651206, -25.359519216460015 ], [ -57.63679019774569, -25.360644447593135 ], [ -57.636900497328703, -25.362259515211914 ], [ -57.637675988763974, -25.362243681780367 ], [ -57.638160334932145, -25.364645269316771 ], [ -57.638617061533722, -25.365375921012703 ], [ -57.637455873971341, -25.366017461374483 ], [ -57.637367986397294, -25.366088780298099 ], [ -57.636188840154325, -25.367185491435951 ], [ -57.636111827035108, -25.367231695128886 ], [ -57.636031554951892, -25.367266585901909 ], [ -57.635461601025007, -25.367464899141723 ], [ -57.635297713075047, -25.367544564058537 ], [ -57.641446777998596, -25.380902999298264 ], [ -57.645094061532149, -25.376817561395569 ], [ -57.646644960584752, -25.374055003803349 ], [ -57.64832713913254, -25.368402757769807 ], [ -57.650131311967222, -25.366113866431984 ], [ -57.651621017218005, -25.365086858308814 ], [ -57.653728871857943, -25.363154064111733 ], [ -57.656582361947898, -25.360874766255158 ], [ -57.659188830860572, -25.359052549048023 ], [ -57.66179091954433, -25.356440157281874 ], [ -57.663466776728427, -25.353841254724856 ], [ -57.663767740295526, -25.353374511416458 ], [ -57.666609649041561, -25.349058747834757 ], [ -57.667834713708274, -25.345314662650207 ], [ -57.667903022468039, -25.342767813628374 ], [ -57.667384448873818, -25.33903614111421 ], [ -57.667325510833109, -25.337677350579757 ], [ -57.667241904684715, -25.335749762209897 ], [ -57.6677664339188, -25.333220161574758 ], [ -57.667778910737447, -25.333159991258846 ], [ -57.667970045779121, -25.332238192804134 ], [ -57.669443951223663, -25.328497476063568 ], [ -57.671786775049, -25.324183877731766 ], [ -57.672484372866322, -25.321951226777433 ], [ -57.668103661874135, -25.320760250943255 ], [ -57.666442523945705, -25.321527357868423 ], [ -57.665455465301378, -25.3222030011237 ], [ -57.665076824255323, -25.322394785675666 ], [ -57.664610009602399, -25.322631231692842 ], [ -57.664290623380033, -25.322892931511017 ], [ -57.664282423469636, -25.322899649997989 ], [ -57.663492925319773, -25.323546545665664 ], [ -57.662817487347851, -25.324185282781919 ], [ -57.662146688244334, -25.324728666633455 ], [ -57.661311871349739, -25.325091261697288 ], [ -57.659914666553291, -25.325841512576869 ], [ -57.658094592241795, -25.326886181885335 ], [ -57.656943626013145, -25.327658718944715 ], [ -57.656056759483079, -25.3279536881872 ], [ -57.655017641008094, -25.328450857245748 ], [ -57.654516830416384, -25.328690467393692 ], [ -57.654155169794272, -25.328874424340068 ], [ -57.654263876244116, -25.328975370212795 ], [ -57.654272198855416, -25.3291225328128 ], [ -57.654196801292194, -25.329190432390043 ], [ -57.654066482204669, -25.32928222792707 ], [ -57.653972346353918, -25.329348536345645 ], [ -57.653675605907601, -25.329571429880914 ], [ -57.653170431885314, -25.329981981198198 ], [ -57.652839170858613, -25.330236485909314 ], [ -57.652826907272619, -25.330247530137608 ], [ -57.652497140762868, -25.330500842693947 ], [ -57.652205124277344, -25.330709616076366 ], [ -57.652192971365423, -25.330720565847649 ], [ -57.652010866091018, -25.330895546703985 ], [ -57.651917497415063, -25.331007576342156 ], [ -57.651865357328177, -25.331070139679159 ], [ -57.651838071765063, -25.331103777309313 ], [ -57.651837979420897, -25.33114923993735 ], [ -57.651847749764165, -25.33122178238775 ], [ -57.651897091295822, -25.331294151571388 ], [ -57.651962768425932, -25.331357309777356 ], [ -57.652015087909405, -25.331417240028234 ], [ -57.652024893425484, -25.331426219727433 ], [ -57.652017284449563, -25.331552055736786 ], [ -57.652159013486269, -25.331547402573587 ], [ -57.652331923085519, -25.331574818562967 ], [ -57.652394392195561, -25.331659086223521 ], [ -57.652412619397374, -25.331747739028071 ], [ -57.652421682676604, -25.33179182062533 ], [ -57.65243998428155, -25.331900439325253 ], [ -57.652493486268696, -25.331964617062575 ], [ -57.652715404173186, -25.332044152458298 ], [ -57.652888595367671, -25.332123903439271 ], [ -57.653578569801297, -25.332541552587589 ], [ -57.653707637819167, -25.332653705622949 ], [ -57.653960457804679, -25.332712972418722 ], [ -57.654359135032152, -25.332711202338523 ], [ -57.654387559930079, -25.33273251472853 ], [ -57.654391736626103, -25.332805954141101 ], [ -57.654446968412337, -25.33290526076674 ], [ -57.65449258736232, -25.332989330786642 ], [ -57.65449216648539, -25.333000864362152 ], [ -57.654451062895475, -25.333066870681652 ], [ -57.654392476000581, -25.333203983449032 ], [ -57.654333682444744, -25.333246510032932 ], [ -57.654255906118621, -25.33328603974828 ], [ -57.654239721468812, -25.333294498968971 ], [ -57.654175074007163, -25.333328288471929 ], [ -57.65411366196598, -25.333367653344716 ], [ -57.654062937800092, -25.333395982664616 ], [ -57.65392537986812, -25.333386708685438 ], [ -57.653908986537324, -25.333386665856342 ], [ -57.653830281147386, -25.333389435273926 ], [ -57.653816921095085, -25.333422068697001 ], [ -57.653826442591985, -25.333460612959382 ], [ -57.653812786862545, -25.333537342698651 ], [ -57.653789411026516, -25.333616611546969 ], [ -57.653746589958665, -25.333710014225204 ], [ -57.653697602887476, -25.333788365437215 ], [ -57.65368783959849, -25.333802842802932 ], [ -57.653613292011066, -25.333877883098936 ], [ -57.653546781220847, -25.333932993934976 ], [ -57.653477195192991, -25.333989429582498 ], [ -57.653414105003321, -25.334081289385853 ], [ -57.653416779565909, -25.334155244792594 ], [ -57.653416660063222, -25.334169999042828 ], [ -57.653379814258066, -25.334296328520686 ], [ -57.653376494925816, -25.334305109865873 ], [ -57.653356403382844, -25.334383954102794 ], [ -57.653356320888861, -25.334395608986256 ], [ -57.65331043863246, -25.334462333323511 ], [ -57.653323128093795, -25.334508701875095 ], [ -57.653329275684676, -25.334560681972381 ], [ -57.653315933712477, -25.334629673100601 ], [ -57.653260862857138, -25.33468396189226 ], [ -57.653214288716178, -25.33474251503127 ], [ -57.653146697257064, -25.334809303059689 ], [ -57.653065971282032, -25.334887879651902 ], [ -57.653059227221213, -25.334896927213308 ], [ -57.652982031719802, -25.334993118886793 ], [ -57.652978634013316, -25.335002117297719 ], [ -57.652948039895257, -25.335091837173 ], [ -57.652904852564397, -25.335139416022141 ], [ -57.652825765032887, -25.33517785452953 ], [ -57.652769887105194, -25.335198478111845 ], [ -57.652681329216662, -25.335207142227649 ], [ -57.652609216433397, -25.335230646097976 ], [ -57.652573280093407, -25.335292576208975 ], [ -57.652547236148791, -25.335339604024373 ], [ -57.652563662610447, -25.335392465133737 ], [ -57.652573567390142, -25.335471391315984 ], [ -57.652541167375468, -25.335514974226726 ], [ -57.652456668913672, -25.335500211862822 ], [ -57.652440426336973, -25.335500170013116 ], [ -57.65235916435018, -25.335494138211612 ], [ -57.652346143556095, -25.335491194192389 ], [ -57.652251432453212, -25.335450137323413 ], [ -57.652202242091832, -25.335420795278676 ], [ -57.652154167662182, -25.335473217732151 ], [ -57.652106322688795, -25.335525447711994 ], [ -57.652093473766506, -25.335531211740349 ], [ -57.652077498010613, -25.33554276358737 ], [ -57.652039342250085, -25.335577395737957 ], [ -57.651992413489438, -25.335652276867396 ], [ -57.651982928375467, -25.335660875965338 ], [ -57.651970349912723, -25.335675208550146 ], [ -57.651928635455796, -25.335686597955501 ], [ -57.651928267104338, -25.335666438516 ], [ -57.651945313062093, -25.335556782081611 ], [ -57.65191348874577, -25.335576926849903 ], [ -57.651875304331703, -25.335599915403979 ], [ -57.651862942810574, -25.335628776788489 ], [ -57.651832125368223, -25.335700733002295 ], [ -57.651813568838882, -25.335738032622583 ], [ -57.651794547252734, -25.335752328680861 ], [ -57.651759767116047, -25.335780895518234 ], [ -57.651753529116874, -25.335789467594005 ], [ -57.651718335389582, -25.335797960066696 ], [ -57.651666423239938, -25.335780652839521 ], [ -57.65163048787533, -25.335760504428663 ], [ -57.651610472131416, -25.335734634429766 ], [ -57.651586965938911, -25.3357000945133 ], [ -57.651521191903818, -25.335656736496411 ], [ -57.651478507287244, -25.335633549395105 ], [ -57.651462350143248, -25.335633507060027 ], [ -57.651407634204084, -25.335633315545657 ], [ -57.651324865209517, -25.33565316528917 ], [ -57.6512883688358, -25.335713457666735 ], [ -57.651272842099239, -25.335733546504258 ], [ -57.651222605878374, -25.335776490972023 ], [ -57.651190248920066, -25.335770668573893 ], [ -57.651146484486823, -25.335710210833351 ], [ -57.651132018843171, -25.335661204060049 ], [ -57.651094944634679, -25.335649554459899 ], [ -57.651017437876867, -25.335637809002666 ], [ -57.650981709118028, -25.335600160581411 ], [ -57.651026676281013, -25.335548173046373 ], [ -57.65107502017861, -25.335504787297769 ], [ -57.651065176743487, -25.335472800285583 ], [ -57.650994069966139, -25.335501673766935 ], [ -57.650977900544056, -25.335504533774664 ], [ -57.650932086492602, -25.335434621255565 ], [ -57.650928574833578, -25.335396716688418 ], [ -57.650889495416905, -25.335379103246296 ], [ -57.650873264776358, -25.335379061170791 ], [ -57.650779092755464, -25.335375895762766 ], [ -57.650756365488888, -25.335375837220031 ], [ -57.650740083189127, -25.335375797164083 ], [ -57.650612913708507, -25.335369647490005 ], [ -57.65052800105839, -25.335363592869943 ], [ -57.65045938433768, -25.335360498632252 ], [ -57.650403185184878, -25.335325210663072 ], [ -57.650320306747027, -25.335272147780156 ], [ -57.650205012290513, -25.335248276624444 ], [ -57.650132419291737, -25.335233330339477 ], [ -57.650057367833348, -25.335256667136026 ], [ -57.650044376017298, -25.335265456772046 ], [ -57.650011861782595, -25.335285959972378 ], [ -57.64999887590259, -25.335294745966142 ], [ -57.649946095598523, -25.335300478281798 ], [ -57.649926402612358, -25.335306304824798 ], [ -57.649893011761868, -25.33529738027195 ], [ -57.649878047959959, -25.335241322887615 ], [ -57.649833491247847, -25.335196832021371 ], [ -57.649800956059572, -25.335202623082523 ], [ -57.649735823010985, -25.335184605900494 ], [ -57.64968693445865, -25.335166621806355 ], [ -57.649664376526275, -25.335127923444723 ], [ -57.649635023341084, -25.335109948908194 ], [ -57.649582799368439, -25.335070976783761 ], [ -57.649582888716047, -25.335059049152207 ], [ -57.649543766567191, -25.335008059498286 ], [ -57.649511090919169, -25.334962958074456 ], [ -57.649494660859418, -25.334950863063046 ], [ -57.649442056694568, -25.334899466850828 ], [ -57.649428848265607, -25.334893364594883 ], [ -57.649359454519441, -25.334844787575491 ], [ -57.649303150772042, -25.33480841599896 ], [ -57.649279965435163, -25.334769046677366 ], [ -57.649256740565072, -25.33473567365435 ], [ -57.649203560101995, -25.334720375863373 ], [ -57.64919026057963, -25.334717308172308 ], [ -57.649160322238266, -25.334705095650353 ], [ -57.649150242204264, -25.334644297420272 ], [ -57.649146802998011, -25.334583357953015 ], [ -57.649136713820113, -25.334540586074457 ], [ -57.6490531598674, -25.334506725687191 ], [ -57.648989322716531, -25.334442075330827 ], [ -57.648979199064328, -25.334429715885086 ], [ -57.648891335535154, -25.334336743885824 ], [ -57.648884538960921, -25.33432742563809 ], [ -57.648803265252539, -25.334261995917135 ], [ -57.648789788500643, -25.334258849502504 ], [ -57.648705289565747, -25.334224371787855 ], [ -57.64868835388819, -25.334218049280221 ], [ -57.648593173268765, -25.334179840246573 ], [ -57.648377598901583, -25.334203661091376 ], [ -57.648258091316052, -25.334235477018346 ], [ -57.648188117778169, -25.334329723648231 ], [ -57.648178725633151, -25.334345362130321 ], [ -57.648169221377792, -25.334357862167309 ], [ -57.648150118581334, -25.334379712880192 ], [ -57.648010295728113, -25.334558402149181 ], [ -57.647997152199324, -25.33456745234697 ], [ -57.647987277573272, -25.334573477459099 ], [ -57.647926008503589, -25.334655122706934 ], [ -57.647916414718317, -25.334670225658538 ], [ -57.647903573765483, -25.334688331923953 ], [ -57.647887489569108, -25.334709432454773 ], [ -57.647862312595201, -25.33478785587182 ], [ -57.647682027299894, -25.334898610700414 ], [ -57.647672035207947, -25.334901616570679 ], [ -57.647535000262586, -25.334994602669934 ], [ -57.647521639595219, -25.335006557929887 ], [ -57.647504997796659, -25.335018498712255 ], [ -57.647395389364441, -25.33511071215294 ], [ -57.647385426474223, -25.335122573003197 ], [ -57.647237484337012, -25.33521101213362 ], [ -57.647224375201745, -25.335219827324334 ], [ -57.647208006799765, -25.335228629740964 ], [ -57.64718837293767, -25.335240365098645 ], [ -57.647077406331441, -25.33527831749381 ], [ -57.647064366811712, -25.335284157778712 ], [ -57.647051334957645, -25.335292934687498 ], [ -57.646888399433408, -25.335283695182703 ], [ -57.646868830335436, -25.335280705380729 ], [ -57.646804989868841, -25.335252983448843 ], [ -57.646698535077064, -25.335206640442603 ], [ -57.646678906310349, -25.335203638234578 ], [ -57.646662566627441, -25.335200650484186 ], [ -57.646553181648933, -25.335087852471414 ], [ -57.646543187778619, -25.335075945608693 ], [ -57.646481202780109, -25.335081796545154 ], [ -57.646469995127006, -25.335179573616969 ], [ -57.646470377458357, -25.335197298450666 ], [ -57.646475835087998, -25.335300249007133 ], [ -57.646479264238003, -25.335309045742541 ], [ -57.646485160971913, -25.335434418451388 ], [ -57.646478956503699, -25.335446002675972 ], [ -57.646455934594499, -25.335570037561521 ], [ -57.646446630536246, -25.335584360734888 ], [ -57.646431792579378, -25.335635866133895 ], [ -57.646410125956969, -25.335845941331403 ], [ -57.646417155794389, -25.335930607624118 ], [ -57.646417205813208, -25.335939648556714 ], [ -57.646469894510197, -25.336032539783684 ], [ -57.64647645852969, -25.336044485178306 ], [ -57.646574388958179, -25.336142624916512 ], [ -57.646584148052334, -25.336157455014451 ], [ -57.64665226227968, -25.336246164256554 ], [ -57.646655477093333, -25.336255008884578 ], [ -57.646671280851429, -25.336348955930028 ], [ -57.64667713724225, -25.336471173595029 ], [ -57.646677048644207, -25.336488530248864 ], [ -57.646708613793699, -25.336598137101905 ], [ -57.646708306553307, -25.336655741370024 ], [ -57.646708154920468, -25.336684170922606 ], [ -57.646803928909598, -25.336724572901733 ], [ -57.646849500120851, -25.33676036945489 ], [ -57.646915120788741, -25.33682104857764 ], [ -57.646986845323539, -25.336908762907989 ], [ -57.646996601780153, -25.336920833323042 ], [ -57.64708074198483, -25.337038182942187 ], [ -57.647096941174418, -25.337056183251931 ], [ -57.647134147775709, -25.337196583870693 ], [ -57.647137231863255, -25.337208488530564 ], [ -57.64713698300659, -25.337223351713412 ], [ -57.64713842270865, -25.337332989646541 ], [ -57.647138175320819, -25.337347755295312 ], [ -57.647137975772679, -25.337359558791185 ], [ -57.647153511426325, -25.337406737143482 ], [ -57.64715325778068, -25.337421446831648 ], [ -57.647099875596098, -25.337494693212619 ], [ -57.647089971502389, -25.337503450968711 ], [ -57.647080069375349, -25.337512205103376 ], [ -57.646998396791346, -25.337538300214089 ], [ -57.646988120775561, -25.337541213372173 ], [ -57.647034851340663, -25.337606412884167 ], [ -57.647035119290614, -25.337622790888943 ], [ -57.647087871857352, -25.337840305308504 ], [ -57.647037829545582, -25.338098401940805 ], [ -57.646890475708737, -25.338366602784117 ], [ -57.646780559240483, -25.338566751034978 ], [ -57.646723148058086, -25.338788440788608 ], [ -57.64673406896955, -25.339029254736424 ], [ -57.64674417080257, -25.339363091700996 ], [ -57.646775866635096, -25.339701966667882 ], [ -57.646803371490357, -25.339969865518178 ], [ -57.646814614511662, -25.340316428351848 ], [ -57.646815795898981, -25.340342009644552 ], [ -57.646821408042115, -25.340363264023811 ], [ -57.646826425656606, -25.34037175396131 ], [ -57.646862506230526, -25.34056373884253 ], [ -57.646938360143388, -25.340951407409335 ], [ -57.647005286529499, -25.341231728499839 ], [ -57.647077335957, -25.341434552413151 ], [ -57.647128257041977, -25.341618261640996 ], [ -57.647133259730786, -25.341635512835882 ], [ -57.64712307036158, -25.341830549038537 ], [ -57.647123417813944, -25.341847295120846 ], [ -57.647092029672187, -25.342077288658412 ], [ -57.647032133490519, -25.342421944218753 ], [ -57.647007250187649, -25.342793220810368 ], [ -57.647012452868957, -25.342983318420131 ], [ -57.647004668318338, -25.34322548221898 ], [ -57.646936206144034, -25.343446577529662 ], [ -57.646788397681313, -25.343657401614308 ], [ -57.646596347936601, -25.343853272340564 ], [ -57.646383134452641, -25.343987686940302 ], [ -57.646070027399944, -25.344045147912524 ], [ -57.645882055794921, -25.344099104826149 ], [ -57.645638931771416, -25.344233523097074 ], [ -57.64548030772086, -25.344377578067583 ], [ -57.645366841324076, -25.344572346072809 ], [ -57.645279776881765, -25.344791977956731 ], [ -57.645210915692807, -25.344962582174858 ], [ -57.643456334475061, -25.34440525967679 ], [ -57.64299540659934, -25.344241881172376 ], [ -57.642002950077654, -25.343876312941045 ], [ -57.641136854996176, -25.343582085185101 ], [ -57.640640007723839, -25.343408155936512 ], [ -57.640026102742198, -25.343292119086353 ], [ -57.639999170444639, -25.343289175910964 ], [ -57.638439884953186, -25.343118767723489 ] ] ] ] } },
{ "type": "Feature", "properties": { "DPTO": "00", "DPTO_DESC": "ASUNCIÓN", "DISTRITO": "00", "DIST_DESC": "ASUNCIÓN", "AREA": "1", "BAR_LOC": "029", "BARLO_DESC": "SANTA ANA", "CLAVE_BAR": "00001029", "CLV_AREA": "00001", "CLAVE": "0000", "nombre": "Santa Ana", "fuente": "INE Cartografía Censal 2022" }, "geometry": { "type": "MultiPolygon", "coordinates": [ [ [ [ -57.665076824255323, -25.322394785675666 ], [ -57.663694772324412, -25.320492460099956 ], [ -57.663686678346743, -25.320481224005583 ], [ -57.661233147267673, -25.317075079575456 ], [ -57.657396962184251, -25.311831160274629 ], [ -57.655247493429179, -25.30889267074004 ], [ -57.650258746896533, -25.311724479921665 ], [ -57.65011799603537, -25.31210140363682 ], [ -57.649756646101267, -25.31258968225913 ], [ -57.649726290636011, -25.312631716500835 ], [ -57.649369480402775, -25.312420735917033 ], [ -57.649136165966532, -25.312262984816666 ], [ -57.64901144648401, -25.312356864765434 ], [ -57.64614802101142, -25.314017080052956 ], [ -57.646240538807824, -25.314133678976372 ], [ -57.646474483043924, -25.314504045155065 ], [ -57.646534607028336, -25.314566183366633 ], [ -57.646559287622388, -25.314626464047929 ], [ -57.646584267462494, -25.314743106410845 ], [ -57.646572770127584, -25.315080328344649 ], [ -57.646571378428966, -25.315235332687656 ], [ -57.646616252062934, -25.31534484239976 ], [ -57.646676611687028, -25.315451264714177 ], [ -57.646900099461973, -25.315832747266015 ], [ -57.64698391843752, -25.315977816040299 ], [ -57.64706644583773, -25.316088166805763 ], [ -57.647177752181854, -25.316196378208506 ], [ -57.647275781954527, -25.316306660785592 ], [ -57.64738900108425, -25.316462168264742 ], [ -57.647532136353192, -25.316725237780958 ], [ -57.647672907782834, -25.316960136038645 ], [ -57.647880037811568, -25.317283816118081 ], [ -57.648148132881801, -25.317722973189905 ], [ -57.648524993550112, -25.318312120181211 ], [ -57.64890092881749, -25.318830816491111 ], [ -57.649021344587105, -25.318985284431413 ], [ -57.649079321865266, -25.319059508740924 ], [ -57.649165745987034, -25.319069192943349 ], [ -57.649238839425813, -25.319070883964393 ], [ -57.64934935611317, -25.319030137875078 ], [ -57.649457400434713, -25.318941091500523 ], [ -57.649589934312573, -25.318876092670209 ], [ -57.649848454455132, -25.318764240185565 ], [ -57.650003177109099, -25.318707195008724 ], [ -57.65014534825611, -25.318684425393627 ], [ -57.6502095614889, -25.318682129181266 ], [ -57.650364552632411, -25.318675406500102 ], [ -57.650579564326655, -25.318710690954518 ], [ -57.650854231034955, -25.318719543180279 ], [ -57.651009426643597, -25.318751065196818 ], [ -57.651418178540666, -25.318881611525796 ], [ -57.651619827725007, -25.318902862773726 ], [ -57.651779409897536, -25.318926312732117 ], [ -57.651945700662566, -25.318961810614432 ], [ -57.652063388342896, -25.319019665910471 ], [ -57.652280885274394, -25.319105260910295 ], [ -57.652414428428898, -25.319125554342914 ], [ -57.652529740051577, -25.319153225353407 ], [ -57.652596383848802, -25.319191176568182 ], [ -57.652660737534688, -25.31921504716216 ], [ -57.652853518140752, -25.319234323017586 ], [ -57.653046223233567, -25.319239508224658 ], [ -57.653163728130927, -25.319263143094453 ], [ -57.653256990934587, -25.319309027888668 ], [ -57.653437207772299, -25.319360062799287 ], [ -57.653508151582265, -25.319373838996473 ], [ -57.653647759783546, -25.319389323628979 ], [ -57.653864988211481, -25.319424593421818 ], [ -57.654048835089277, -25.319429816608913 ], [ -57.654252786712561, -25.319467157702608 ], [ -57.654485690975072, -25.31953456436705 ], [ -57.654650511702542, -25.319605292512421 ], [ -57.654757095594427, -25.319657156057968 ], [ -57.65488148327686, -25.319725044107471 ], [ -57.655010094636857, -25.319754667025023 ], [ -57.655136285643863, -25.319746054333855 ], [ -57.655346621999648, -25.319735054463393 ], [ -57.655508247141817, -25.31972628389963 ], [ -57.655561398420609, -25.319726047505689 ], [ -57.65561014210175, -25.319729856619194 ], [ -57.655650157303825, -25.319757860071189 ], [ -57.655681433205935, -25.31980804495581 ], [ -57.655761582959776, -25.319886193842713 ], [ -57.655897744661942, -25.319981203601589 ], [ -57.655966572041024, -25.320013104666362 ], [ -57.65602883144517, -25.320059125655089 ], [ -57.656060085890388, -25.320105284628433 ], [ -57.656106962179884, -25.320173516618556 ], [ -57.65617850336217, -25.320298001674949 ], [ -57.656251966418267, -25.320368128208134 ], [ -57.656347456694384, -25.320416014050871 ], [ -57.656460664241564, -25.320463820919585 ], [ -57.656602760025564, -25.320529615649065 ], [ -57.656831640014737, -25.320671515993933 ], [ -57.656913929707208, -25.320735563968125 ], [ -57.657027867938503, -25.32081607773344 ], [ -57.657105587293522, -25.320853977491176 ], [ -57.657291998755426, -25.320923599877091 ], [ -57.657414033160897, -25.320965327752667 ], [ -57.657633751831597, -25.321050904807571 ], [ -57.65784236487147, -25.321130492219464 ], [ -57.657957897087037, -25.321198417134003 ], [ -57.658004666076998, -25.321246519370618 ], [ -57.65807156291212, -25.321330764994222 ], [ -57.65812287013366, -25.321398976522843 ], [ -57.658172932623351, -25.321544189290197 ], [ -57.658197609547969, -25.321602454912146 ], [ -57.658246593460298, -25.321650547173892 ], [ -57.658288857214281, -25.321684578718536 ], [ -57.658337601744485, -25.321688386911553 ], [ -57.65847497666627, -25.321699850972298 ], [ -57.658643400566454, -25.321719227989771 ], [ -57.658760919738363, -25.321744871230027 ], [ -57.658893996130658, -25.321780509622091 ], [ -57.659024857925118, -25.321816157795212 ], [ -57.659104771402149, -25.321850020744492 ], [ -57.65916491632337, -25.321914166451819 ], [ -57.659354270574902, -25.322015477118445 ], [ -57.65952082927582, -25.322099276154606 ], [ -57.659618482311707, -25.322137085352598 ], [ -57.65976477108736, -25.32215857309987 ], [ -57.659908867052621, -25.322184096437162 ], [ -57.660117308839915, -25.32223147398944 ], [ -57.660321168579905, -25.322250690351517 ], [ -57.660509994650418, -25.322254373377334 ], [ -57.660729280774326, -25.32225942932649 ], [ -57.660877555092817, -25.322238634932003 ], [ -57.660943689520799, -25.322181975521367 ], [ -57.661018168951962, -25.322030669600764 ], [ -57.661105625809419, -25.322069805177094 ], [ -57.661043859979408, -25.322519940875949 ], [ -57.661362478231823, -25.322564713127015 ], [ -57.661571169224544, -25.322566208152026 ], [ -57.662613767905341, -25.322487069763632 ], [ -57.663125304319877, -25.322575072158205 ], [ -57.663779794270681, -25.322743701792199 ], [ -57.664282423469636, -25.322899649997989 ], [ -57.664290623380033, -25.322892931511017 ], [ -57.664610009602399, -25.322631231692842 ], [ -57.665076824255323, -25.322394785675666 ] ] ] ] } },
{ "type": "Feature", "properties": { "DPTO": "00", "DPTO_DESC": "ASUNCIÓN", "DISTRITO": "00", "DIST_DESC": "ASUNCIÓN", "AREA": "1", "BAR_LOC": "031", "BARLO_DESC": "SANTA LIBRADA", "CLAVE_BAR": "00001031", "CLV_AREA": "00001", "CLAVE": "0000", "nombre": "Santa Librada", "fuente": "INE Cartografía Censal 2022" }, "geometry": { "type": "MultiPolygon", "coordinates": [ [ [ [ -57.640955295785119, -25.324081278615122 ], [ -57.640446686105705, -25.323855384076079 ], [ -57.640020620721955, -25.323702068643257 ], [ -57.639238385761594, -25.323398526058948 ], [ -57.6383187335272, -25.323045813694822 ], [ -57.637896584372854, -25.322889610519876 ], [ -57.636786064255567, -25.322966655715856 ], [ -57.635692046637175, -25.323052651726346 ], [ -57.635205900275452, -25.32312699059003 ], [ -57.633601914676184, -25.323364168929398 ], [ -57.633522657473755, -25.324064361385961 ], [ -57.633471890298729, -25.324511581657045 ], [ -57.633461004743609, -25.324746418334804 ], [ -57.633520535011868, -25.325148011777831 ], [ -57.633587823975219, -25.325310268671796 ], [ -57.633699585712321, -25.325485879811374 ], [ -57.633854187660134, -25.325720003824006 ], [ -57.634697908291649, -25.326895428700833 ], [ -57.630586934177593, -25.327403549818261 ], [ -57.629842195486205, -25.327285646393431 ], [ -57.629116388559531, -25.327127127567007 ], [ -57.628376016736595, -25.326979384700053 ], [ -57.627285892016133, -25.326743660481657 ], [ -57.625992588772576, -25.331667153691217 ], [ -57.626068868323159, -25.331706717823099 ], [ -57.626114913196162, -25.331730600016616 ], [ -57.626212785940986, -25.331773127647335 ], [ -57.626262473022543, -25.331787230986404 ], [ -57.626292538544533, -25.331814300782558 ], [ -57.626324296980421, -25.331864266609504 ], [ -57.626359205504727, -25.331914219037625 ], [ -57.626414655781225, -25.331976967194102 ], [ -57.626447893553681, -25.332008317826038 ], [ -57.626498769885409, -25.332100430162122 ], [ -57.626600028974771, -25.332188749591619 ], [ -57.626666593201413, -25.332268627805348 ], [ -57.626723663066322, -25.332339957660892 ], [ -57.626787136363355, -25.332431300578914 ], [ -57.626850506530204, -25.332502603579581 ], [ -57.626904603510837, -25.332608300852062 ], [ -57.626907886322947, -25.332634053017294 ], [ -57.626951313312695, -25.332773908051383 ], [ -57.626969443598185, -25.332885512370016 ], [ -57.626981278923132, -25.332973391246078 ], [ -57.627008479395009, -25.333079459276682 ], [ -57.627053010739303, -25.333204246635123 ], [ -57.627086160469574, -25.333301782337518 ], [ -57.627177970696664, -25.333390141550289 ], [ -57.627291507102896, -25.333415424331772 ], [ -57.627370185812239, -25.333400774812631 ], [ -57.627413992000875, -25.333343330209349 ], [ -57.627473548632665, -25.333285818515865 ], [ -57.62750791920832, -25.333231276972498 ], [ -57.627529600799427, -25.333159612046828 ], [ -57.627589216345186, -25.33311355166942 ], [ -57.627658400246936, -25.333090353733006 ], [ -57.62773703439467, -25.333067115501226 ], [ -57.627787421081415, -25.333064037913097 ], [ -57.627859270282897, -25.33309951804182 ], [ -57.627941438576677, -25.333150700122577 ], [ -57.628048984997029, -25.333236128815479 ], [ -57.628153337137185, -25.333312982336313 ], [ -57.62826412263091, -25.333415574473797 ], [ -57.628374730913777, -25.333483812445497 ], [ -57.628494715698963, -25.333537695820006 ], [ -57.628630421530495, -25.333585786213167 ], [ -57.628785116854466, -25.33365097285391 ], [ -57.628886142158073, -25.333693485206339 ], [ -57.628993423352583, -25.333727382073164 ], [ -57.629078727847592, -25.333775687210309 ], [ -57.62917938399147, -25.33389907792743 ], [ -57.629337289336029, -25.333975701876223 ], [ -57.629429086876797, -25.334061196798114 ], [ -57.629501998649495, -25.334149635256292 ], [ -57.629568742138986, -25.334204259060634 ], [ -57.629647452174368, -25.334254941085582 ], [ -57.629739101985876, -25.334311807415592 ], [ -57.629821227423292, -25.334354399892746 ], [ -57.629953819575888, -25.334561393406691 ], [ -57.630004562539952, -25.334627023173443 ], [ -57.630067891262108, -25.334689736195894 ], [ -57.630178516526364, -25.334760835598345 ], [ -57.630336571908167, -25.334866086815634 ], [ -57.630466113147342, -25.334939967964992 ], [ -57.630564227323816, -25.335028298016081 ], [ -57.630643544652216, -25.335136748770754 ], [ -57.630671854027248, -25.33528048838242 ], [ -57.630760399459902, -25.335345956043533 ], [ -57.630886746784881, -25.335411261777431 ], [ -57.630994104258932, -25.335459471327699 ], [ -57.631104582271412, -25.335501941628443 ], [ -57.631236658059073, -25.335608734581331 ], [ -57.631300002780115, -25.335674309881128 ], [ -57.631426335872611, -25.335736752299983 ], [ -57.631511613011135, -25.335779330295352 ], [ -57.631571659208845, -25.335816290604253 ], [ -57.631660131199588, -25.335867443517735 ], [ -57.631796671164075, -25.335916113926796 ], [ -57.631884225410829, -25.335989302670409 ], [ -57.631942624356611, -25.336043753797593 ], [ -57.63198439950358, -25.336094503688479 ], [ -57.632121796187199, -25.336173137251468 ], [ -57.632303457723701, -25.336301276141896 ], [ -57.632392153563018, -25.336395371146665 ], [ -57.632487358240112, -25.336529518754304 ], [ -57.632585460277056, -25.336614984551158 ], [ -57.63266464647311, -25.336697668614228 ], [ -57.632721811263636, -25.336786173012943 ], [ -57.632756820613245, -25.336854732248916 ], [ -57.632766814610548, -25.336959185172876 ], [ -57.632792626586713, -25.33707645320067 ], [ -57.632789982635941, -25.337173803153949 ], [ -57.632796729714272, -25.337259661168378 ], [ -57.632803432133805, -25.337336930673743 ], [ -57.632832409325893, -25.337457047990416 ], [ -57.63295077225996, -25.337527686800009 ], [ -57.63304436856815, -25.337565009872655 ], [ -57.63306574245567, -25.337683752528825 ], [ -57.633138926878765, -25.337787182420659 ], [ -57.633181091835958, -25.337870670177772 ], [ -57.633291468470425, -25.33789309892013 ], [ -57.633332555358187, -25.337918688381901 ], [ -57.633480779344872, -25.337949542962757 ], [ -57.63365414547895, -25.337968837653285 ], [ -57.633754937422829, -25.337965541179067 ], [ -57.63389036679775, -25.337959232697916 ], [ -57.633925004233916, -25.337956220751771 ], [ -57.634130312143071, -25.338019974120709 ], [ -57.634001017783774, -25.338067629749293 ], [ -57.633928892998803, -25.338079516855995 ], [ -57.633801547710249, -25.338087782609367 ], [ -57.633650798146427, -25.338086501657095 ], [ -57.633512907692896, -25.338108318693621 ], [ -57.633417559400833, -25.338145388314999 ], [ -57.63334988402562, -25.338171937495417 ], [ -57.633243735235787, -25.338204600380134 ], [ -57.633130582421771, -25.338253396570099 ], [ -57.632985517797721, -25.338299109141882 ], [ -57.632808491081995, -25.338332076250051 ], [ -57.632695270974175, -25.338367989774682 ], [ -57.632532386134685, -25.338394454503067 ], [ -57.632440362247998, -25.338417394196224 ], [ -57.632367063325084, -25.33843104414882 ], [ -57.632545879510687, -25.339738652518946 ], [ -57.633303784750325, -25.339658765308069 ], [ -57.633476834221803, -25.341121042324428 ], [ -57.633914166451973, -25.341192813987121 ], [ -57.633967413380788, -25.342619746325589 ], [ -57.634517920135643, -25.342671594280677 ], [ -57.637797485575213, -25.343042532778309 ], [ -57.638439884953186, -25.343118767723489 ], [ -57.638602274909957, -25.342226378419809 ], [ -57.638658210236308, -25.341172729504365 ], [ -57.638659413061731, -25.341100321907433 ], [ -57.638705942635553, -25.339795398912504 ], [ -57.638658015892432, -25.33950640258476 ], [ -57.638398945281693, -25.338085968920225 ], [ -57.638679632199896, -25.338024703520873 ], [ -57.639036323199335, -25.337745537828003 ], [ -57.63905985483143, -25.33744370474453 ], [ -57.639481503244255, -25.337172991615923 ], [ -57.639840595762209, -25.33669247513555 ], [ -57.639682400796289, -25.336596030382637 ], [ -57.63941987704608, -25.33649602464002 ], [ -57.639351752783774, -25.336424073579877 ], [ -57.639267793516616, -25.336232827042338 ], [ -57.639184530860078, -25.336174134467736 ], [ -57.63900181123244, -25.336132207307614 ], [ -57.638937891119348, -25.336070917762203 ], [ -57.638721731049728, -25.335716275500566 ], [ -57.638645726425892, -25.335407921132006 ], [ -57.638541949030973, -25.334916686569159 ], [ -57.638420395197087, -25.33441085786907 ], [ -57.638336171907056, -25.334168725004897 ], [ -57.638286017545219, -25.333832209584578 ], [ -57.638338286272258, -25.333254009040871 ], [ -57.638349705676411, -25.33279534965661 ], [ -57.638324885046202, -25.332544164078545 ], [ -57.638350572469527, -25.332527599073185 ], [ -57.638333800727722, -25.332257992154751 ], [ -57.638356915791491, -25.332230806379425 ], [ -57.639570892330426, -25.330780828261179 ], [ -57.639514658236926, -25.330633018497181 ], [ -57.639461906834534, -25.33048834367434 ], [ -57.639387435165602, -25.33033273779369 ], [ -57.639358447686448, -25.330258049128695 ], [ -57.639346761242798, -25.330177772744502 ], [ -57.639344854498042, -25.330144705156002 ], [ -57.639323012110289, -25.330110542785711 ], [ -57.639289928023352, -25.330080760548714 ], [ -57.639267262597606, -25.330054870705975 ], [ -57.639256657819594, -25.330015540686933 ], [ -57.639253801881232, -25.329966726803111 ], [ -57.639249274996949, -25.329929732976332 ], [ -57.639293071260781, -25.329854334754216 ], [ -57.639329257236732, -25.329814801724794 ], [ -57.63938099045388, -25.329765750978087 ], [ -57.639408569350152, -25.329737280564959 ], [ -57.639425779261181, -25.329714367787268 ], [ -57.639429145942977, -25.329695452684053 ], [ -57.639420365155296, -25.329673440212421 ], [ -57.639379476514762, -25.3296425105788 ], [ -57.639343834430584, -25.329620614655692 ], [ -57.639297856481754, -25.329610576376197 ], [ -57.639256148965785, -25.329588706746879 ], [ -57.639236999247949, -25.329572251891065 ], [ -57.639195312434815, -25.329554319757236 ], [ -57.639151934002363, -25.329544270155047 ], [ -57.639115384141036, -25.329514502906793 ], [ -57.639079700790482, -25.329484731890922 ], [ -57.639052744407543, -25.329466735827324 ], [ -57.63899141420039, -25.329462079795988 ], [ -57.638952417890565, -25.329461461378553 ], [ -57.638892646422995, -25.329464870633451 ], [ -57.638926303292735, -25.329302379530258 ], [ -57.639033068065238, -25.329197417549796 ], [ -57.639109208165756, -25.329099554322379 ], [ -57.639169396191839, -25.328883327443322 ], [ -57.639214692069039, -25.328750764345408 ], [ -57.639237285095611, -25.328674034031309 ], [ -57.639352490436288, -25.328439257587014 ], [ -57.639347797024016, -25.328405243734679 ], [ -57.639283500881987, -25.328391639250739 ], [ -57.639276283919237, -25.328323075248491 ], [ -57.639210848914708, -25.327954259590989 ], [ -57.639228694635591, -25.327680620863351 ], [ -57.639442846084286, -25.327186882940119 ], [ -57.63978644172267, -25.326393407510611 ], [ -57.639951430934218, -25.325720182414628 ], [ -57.640270417384066, -25.32578939829391 ], [ -57.640492647469294, -25.325235886520808 ], [ -57.6407550103647, -25.324548558506898 ], [ -57.640775145729698, -25.324501218850422 ], [ -57.640955295785119, -25.324081278615122 ] ] ] ] } },
{ "type": "Feature", "properties": { "DPTO": "00", "DPTO_DESC": "ASUNCIÓN", "DISTRITO": "00", "DIST_DESC": "ASUNCIÓN", "AREA": "1", "BAR_LOC": "017", "BARLO_DESC": "VISTA ALEGRE", "CLAVE_BAR": "00001017", "CLV_AREA": "00001", "CLAVE": "0000", "nombre": "Vista Alegre", "fuente": "INE Cartografía Censal 2022" }, "geometry": { "type": "MultiPolygon", "coordinates": [ [ [ [ -57.612225771317284, -25.314904273183515 ], [ -57.611973187019863, -25.31438697253413 ], [ -57.611790860570274, -25.314001522535971 ], [ -57.611376695338272, -25.313180247962332 ], [ -57.610996663353006, -25.312325165255992 ], [ -57.610887379747112, -25.312077282589957 ], [ -57.61066788204382, -25.31158152082504 ], [ -57.61044437342121, -25.311090290474866 ], [ -57.610248655695095, -25.310621641303257 ], [ -57.610244840645898, -25.310612506068161 ], [ -57.610207512080976, -25.310535902289402 ], [ -57.610010947862222, -25.310131323845809 ], [ -57.609997339085965, -25.310103313459614 ], [ -57.609792858617929, -25.309633109366153 ], [ -57.609785656596223, -25.309616548199074 ], [ -57.609760859534923, -25.309562468428407 ], [ -57.609558992308529, -25.309139634768151 ], [ -57.609550024786358, -25.309120851205183 ], [ -57.609326762631134, -25.308647770867804 ], [ -57.609320339051123, -25.308634159590518 ], [ -57.609090852265943, -25.308124890761558 ], [ -57.608872594468131, -25.307687818273518 ], [ -57.608847488274634, -25.307633739600256 ], [ -57.60863056040337, -25.307151509247273 ], [ -57.608397951468326, -25.306637736847449 ], [ -57.608317599597562, -25.306461975704419 ], [ -57.608152173863154, -25.30609692714933 ], [ -57.608034784420397, -25.305840045034511 ], [ -57.607601364044832, -25.304898155340911 ], [ -57.605621994389558, -25.305524880464613 ], [ -57.603329954495898, -25.30627025414439 ], [ -57.602243078122072, -25.306617710770418 ], [ -57.60171295414986, -25.306796109699512 ], [ -57.601312593333162, -25.306929328552012 ], [ -57.601201494943332, -25.306957938376641 ], [ -57.599761330529503, -25.307458765226087 ], [ -57.599048754367708, -25.307691937305041 ], [ -57.597867072613212, -25.308112132153944 ], [ -57.5963310288695, -25.308633085728108 ], [ -57.596699268785663, -25.309846185002684 ], [ -57.596941609805683, -25.310644394470359 ], [ -57.597080133547749, -25.311099868725396 ], [ -57.597092441525319, -25.311142886617816 ], [ -57.59738337125868, -25.312159712163435 ], [ -57.597662331078539, -25.313142894809808 ], [ -57.597689186721439, -25.313237605094077 ], [ -57.597949503502058, -25.314153134608219 ], [ -57.598180461985372, -25.314969448298552 ], [ -57.598215212586823, -25.315091217596343 ], [ -57.59876578243405, -25.316944727836219 ], [ -57.599075623177221, -25.318145038869918 ], [ -57.599210901570117, -25.318556292124111 ], [ -57.599347817956726, -25.318942593583181 ], [ -57.599829780869115, -25.320539011392274 ], [ -57.599899532093616, -25.320769002329889 ], [ -57.600143799831415, -25.321508499420009 ], [ -57.600442699949639, -25.322496108942165 ], [ -57.600610593282475, -25.323046278124988 ], [ -57.600621857714508, -25.323083228428104 ], [ -57.600892422038534, -25.32397074333516 ], [ -57.601530156241417, -25.324658965708984 ], [ -57.601572030163119, -25.324712977056503 ], [ -57.602346597852282, -25.32559893801248 ], [ -57.603136488239848, -25.326519118136275 ], [ -57.604923573673602, -25.325174761480646 ], [ -57.604889835650667, -25.325130826808998 ], [ -57.60541231538452, -25.324693739264344 ], [ -57.604450932581564, -25.323702511061217 ], [ -57.605828478091524, -25.322585115353586 ], [ -57.606910545085029, -25.321643987293911 ], [ -57.607862983397887, -25.320798066815016 ], [ -57.609456236366576, -25.322372733213154 ], [ -57.609420179798867, -25.321724230496663 ], [ -57.608350162505502, -25.319782456095659 ], [ -57.607876348479458, -25.318274804889874 ], [ -57.611465781300502, -25.317348569003272 ], [ -57.611153025344052, -25.316742437739748 ], [ -57.612705638402652, -25.315879238942841 ], [ -57.612225771317284, -25.314904273183515 ] ] ] ] } },
{ "type": "Feature", "properties": { "DPTO": "00", "DPTO_DESC": "ASUNCIÓN", "DISTRITO": "00", "DIST_DESC": "ASUNCIÓN", "AREA": "1", "BAR_LOC": "007", "BARLO_DESC": "JUKYTY", "CLAVE_BAR": "00001007", "CLV_AREA": "00001", "CLAVE": "0000", "nombre": "Jukyty", "fuente": "INE Cartografía Censal 2022" }, "geometry": { "type": "MultiPolygon", "coordinates": [ [ [ [ -57.654066482204669, -25.32928222792707 ], [ -57.65015621921674, -25.32867651487469 ], [ -57.649519254526986, -25.328288669704502 ], [ -57.649143585761315, -25.328093205995604 ], [ -57.649067344829099, -25.328062146408627 ], [ -57.648657993236284, -25.327895380815722 ], [ -57.647615687509997, -25.327568451183215 ], [ -57.647073895376835, -25.327466151632905 ], [ -57.646262812130153, -25.32714625627084 ], [ -57.645820806935284, -25.326895523050077 ], [ -57.645621775167065, -25.32675421722168 ], [ -57.645260896914714, -25.326533305211672 ], [ -57.644746665337905, -25.326232709105614 ], [ -57.644542675583764, -25.326061570083532 ], [ -57.644224150976477, -25.325750750592224 ], [ -57.643978464877641, -25.325537190592808 ], [ -57.643825862846676, -25.325389121881631 ], [ -57.643745837730812, -25.325279017687112 ], [ -57.643783411145712, -25.325237459389765 ], [ -57.643231994201059, -25.325044391890163 ], [ -57.641927432659188, -25.324527128105672 ], [ -57.641873271010411, -25.324461700613519 ], [ -57.640955295785119, -25.324081278615122 ], [ -57.640775145729698, -25.324501218850422 ], [ -57.6407550103647, -25.324548558506898 ], [ -57.640492647469294, -25.325235886520808 ], [ -57.640270417384066, -25.32578939829391 ], [ -57.639951430934218, -25.325720182414628 ], [ -57.63978644172267, -25.326393407510611 ], [ -57.639442846084286, -25.327186882940119 ], [ -57.639228694635591, -25.327680620863351 ], [ -57.639210848914708, -25.327954259590989 ], [ -57.639276283919237, -25.328323075248491 ], [ -57.639283500881987, -25.328391639250739 ], [ -57.639347797024016, -25.328405243734679 ], [ -57.639352490436288, -25.328439257587014 ], [ -57.639237285095611, -25.328674034031309 ], [ -57.639214692069039, -25.328750764345408 ], [ -57.639169396191839, -25.328883327443322 ], [ -57.639109208165756, -25.329099554322379 ], [ -57.639033068065238, -25.329197417549796 ], [ -57.638926303292735, -25.329302379530258 ], [ -57.638892646422995, -25.329464870633451 ], [ -57.638952417890565, -25.329461461378553 ], [ -57.63899141420039, -25.329462079795988 ], [ -57.639052744407543, -25.329466735827324 ], [ -57.639079700790482, -25.329484731890922 ], [ -57.639115384141036, -25.329514502906793 ], [ -57.639151934002363, -25.329544270155047 ], [ -57.639195312434815, -25.329554319757236 ], [ -57.639236999247949, -25.329572251891065 ], [ -57.639256148965785, -25.329588706746879 ], [ -57.639297856481754, -25.329610576376197 ], [ -57.639343834430584, -25.329620614655692 ], [ -57.639379476514762, -25.3296425105788 ], [ -57.639420365155296, -25.329673440212421 ], [ -57.639429145942977, -25.329695452684053 ], [ -57.639425779261181, -25.329714367787268 ], [ -57.639408569350152, -25.329737280564959 ], [ -57.63938099045388, -25.329765750978087 ], [ -57.639329257236732, -25.329814801724794 ], [ -57.639293071260781, -25.329854334754216 ], [ -57.639249274996949, -25.329929732976332 ], [ -57.639253801881232, -25.329966726803111 ], [ -57.639256657819594, -25.330015540686933 ], [ -57.639267262597606, -25.330054870705975 ], [ -57.639289928023352, -25.330080760548714 ], [ -57.639323012110289, -25.330110542785711 ], [ -57.639344854498042, -25.330144705156002 ], [ -57.639346761242798, -25.330177772744502 ], [ -57.639358447686448, -25.330258049128695 ], [ -57.639387435165602, -25.33033273779369 ], [ -57.639461906834534, -25.33048834367434 ], [ -57.639514658236926, -25.330633018497181 ], [ -57.639570892330426, -25.330780828261179 ], [ -57.638356915791491, -25.332230806379425 ], [ -57.638333800727722, -25.332257992154751 ], [ -57.638350572469527, -25.332527599073185 ], [ -57.638324885046202, -25.332544164078545 ], [ -57.638349705676411, -25.33279534965661 ], [ -57.638338286272258, -25.333254009040871 ], [ -57.638286017545219, -25.333832209584578 ], [ -57.638336171907056, -25.334168725004897 ], [ -57.638420395197087, -25.33441085786907 ], [ -57.638541949030973, -25.334916686569159 ], [ -57.638645726425892, -25.335407921132006 ], [ -57.638721731049728, -25.335716275500566 ], [ -57.638937891119348, -25.336070917762203 ], [ -57.63900181123244, -25.336132207307614 ], [ -57.639184530860078, -25.336174134467736 ], [ -57.639267793516616, -25.336232827042338 ], [ -57.639351752783774, -25.336424073579877 ], [ -57.63941987704608, -25.33649602464002 ], [ -57.639682400796289, -25.336596030382637 ], [ -57.639840595762209, -25.33669247513555 ], [ -57.639481503244255, -25.337172991615923 ], [ -57.63905985483143, -25.33744370474453 ], [ -57.639036323199335, -25.337745537828003 ], [ -57.638679632199896, -25.338024703520873 ], [ -57.638398945281693, -25.338085968920225 ], [ -57.638658015892432, -25.33950640258476 ], [ -57.638705942635553, -25.339795398912504 ], [ -57.638659413061731, -25.341100321907433 ], [ -57.638658210236308, -25.341172729504365 ], [ -57.638602274909957, -25.342226378419809 ], [ -57.638439884953186, -25.343118767723489 ], [ -57.639999170444639, -25.343289175910964 ], [ -57.640026102742198, -25.343292119086353 ], [ -57.640640007723839, -25.343408155936512 ], [ -57.641136854996176, -25.343582085185101 ], [ -57.642002950077654, -25.343876312941045 ], [ -57.64299540659934, -25.344241881172376 ], [ -57.643456334475061, -25.34440525967679 ], [ -57.645210915692807, -25.344962582174858 ], [ -57.645279776881765, -25.344791977956731 ], [ -57.645366841324076, -25.344572346072809 ], [ -57.64548030772086, -25.344377578067583 ], [ -57.645638931771416, -25.344233523097074 ], [ -57.645882055794921, -25.344099104826149 ], [ -57.646070027399944, -25.344045147912524 ], [ -57.646383134452641, -25.343987686940302 ], [ -57.646596347936601, -25.343853272340564 ], [ -57.646788397681313, -25.343657401614308 ], [ -57.646936206144034, -25.343446577529662 ], [ -57.647004668318338, -25.34322548221898 ], [ -57.647012452868957, -25.342983318420131 ], [ -57.647007250187649, -25.342793220810368 ], [ -57.647032133490519, -25.342421944218753 ], [ -57.647092029672187, -25.342077288658412 ], [ -57.647123417813944, -25.341847295120846 ], [ -57.64712307036158, -25.341830549038537 ], [ -57.647133259730786, -25.341635512835882 ], [ -57.647128257041977, -25.341618261640996 ], [ -57.647077335957, -25.341434552413151 ], [ -57.647005286529499, -25.341231728499839 ], [ -57.646938360143388, -25.340951407409335 ], [ -57.646862506230526, -25.34056373884253 ], [ -57.646826425656606, -25.34037175396131 ], [ -57.646821408042115, -25.340363264023811 ], [ -57.646815795898981, -25.340342009644552 ], [ -57.646814614511662, -25.340316428351848 ], [ -57.646803371490357, -25.339969865518178 ], [ -57.646775866635096, -25.339701966667882 ], [ -57.64674417080257, -25.339363091700996 ], [ -57.64673406896955, -25.339029254736424 ], [ -57.646723148058086, -25.338788440788608 ], [ -57.646780559240483, -25.338566751034978 ], [ -57.646890475708737, -25.338366602784117 ], [ -57.647037829545582, -25.338098401940805 ], [ -57.647087871857352, -25.337840305308504 ], [ -57.647035119290614, -25.337622790888943 ], [ -57.647034851340663, -25.337606412884167 ], [ -57.646988120775561, -25.337541213372173 ], [ -57.646998396791346, -25.337538300214089 ], [ -57.647080069375349, -25.337512205103376 ], [ -57.647089971502389, -25.337503450968711 ], [ -57.647099875596098, -25.337494693212619 ], [ -57.64715325778068, -25.337421446831648 ], [ -57.647153511426325, -25.337406737143482 ], [ -57.647137975772679, -25.337359558791185 ], [ -57.647138175320819, -25.337347755295312 ], [ -57.64713842270865, -25.337332989646541 ], [ -57.64713698300659, -25.337223351713412 ], [ -57.647137231863255, -25.337208488530564 ], [ -57.647134147775709, -25.337196583870693 ], [ -57.647096941174418, -25.337056183251931 ], [ -57.64708074198483, -25.337038182942187 ], [ -57.646996601780153, -25.336920833323042 ], [ -57.646986845323539, -25.336908762907989 ], [ -57.646915120788741, -25.33682104857764 ], [ -57.646849500120851, -25.33676036945489 ], [ -57.646803928909598, -25.336724572901733 ], [ -57.646708154920468, -25.336684170922606 ], [ -57.646708306553307, -25.336655741370024 ], [ -57.646708613793699, -25.336598137101905 ], [ -57.646677048644207, -25.336488530248864 ], [ -57.64667713724225, -25.336471173595029 ], [ -57.646671280851429, -25.336348955930028 ], [ -57.646655477093333, -25.336255008884578 ], [ -57.64665226227968, -25.336246164256554 ], [ -57.646584148052334, -25.336157455014451 ], [ -57.646574388958179, -25.336142624916512 ], [ -57.64647645852969, -25.336044485178306 ], [ -57.646469894510197, -25.336032539783684 ], [ -57.646417205813208, -25.335939648556714 ], [ -57.646417155794389, -25.335930607624118 ], [ -57.646410125956969, -25.335845941331403 ], [ -57.646431792579378, -25.335635866133895 ], [ -57.646446630536246, -25.335584360734888 ], [ -57.646455934594499, -25.335570037561521 ], [ -57.646478956503699, -25.335446002675972 ], [ -57.646485160971913, -25.335434418451388 ], [ -57.646479264238003, -25.335309045742541 ], [ -57.646475835087998, -25.335300249007133 ], [ -57.646470377458357, -25.335197298450666 ], [ -57.646469995127006, -25.335179573616969 ], [ -57.646481202780109, -25.335081796545154 ], [ -57.646543187778619, -25.335075945608693 ], [ -57.646553181648933, -25.335087852471414 ], [ -57.646662566627441, -25.335200650484186 ], [ -57.646678906310349, -25.335203638234578 ], [ -57.646698535077064, -25.335206640442603 ], [ -57.646804989868841, -25.335252983448843 ], [ -57.646868830335436, -25.335280705380729 ], [ -57.646888399433408, -25.335283695182703 ], [ -57.647051334957645, -25.335292934687498 ], [ -57.647064366811712, -25.335284157778712 ], [ -57.647077406331441, -25.33527831749381 ], [ -57.64718837293767, -25.335240365098645 ], [ -57.647208006799765, -25.335228629740964 ], [ -57.647224375201745, -25.335219827324334 ], [ -57.647237484337012, -25.33521101213362 ], [ -57.647385426474223, -25.335122573003197 ], [ -57.647395389364441, -25.33511071215294 ], [ -57.647504997796659, -25.335018498712255 ], [ -57.647521639595219, -25.335006557929887 ], [ -57.647535000262586, -25.334994602669934 ], [ -57.647672035207947, -25.334901616570679 ], [ -57.647682027299894, -25.334898610700414 ], [ -57.647862312595201, -25.33478785587182 ], [ -57.647887489569108, -25.334709432454773 ], [ -57.647903573765483, -25.334688331923953 ], [ -57.647916414718317, -25.334670225658538 ], [ -57.647926008503589, -25.334655122706934 ], [ -57.647987277573272, -25.334573477459099 ], [ -57.647997152199324, -25.33456745234697 ], [ -57.648010295728113, -25.334558402149181 ], [ -57.648150118581334, -25.334379712880192 ], [ -57.648169221377792, -25.334357862167309 ], [ -57.648178725633151, -25.334345362130321 ], [ -57.648188117778169, -25.334329723648231 ], [ -57.648258091316052, -25.334235477018346 ], [ -57.648377598901583, -25.334203661091376 ], [ -57.648593173268765, -25.334179840246573 ], [ -57.64868835388819, -25.334218049280221 ], [ -57.648705289565747, -25.334224371787855 ], [ -57.648789788500643, -25.334258849502504 ], [ -57.648803265252539, -25.334261995917135 ], [ -57.648884538960921, -25.33432742563809 ], [ -57.648891335535154, -25.334336743885824 ], [ -57.648979199064328, -25.334429715885086 ], [ -57.648989322716531, -25.334442075330827 ], [ -57.6490531598674, -25.334506725687191 ], [ -57.649136713820113, -25.334540586074457 ], [ -57.649146802998011, -25.334583357953015 ], [ -57.649150242204264, -25.334644297420272 ], [ -57.649160322238266, -25.334705095650353 ], [ -57.64919026057963, -25.334717308172308 ], [ -57.649203560101995, -25.334720375863373 ], [ -57.649256740565072, -25.33473567365435 ], [ -57.649279965435163, -25.334769046677366 ], [ -57.649303150772042, -25.33480841599896 ], [ -57.649359454519441, -25.334844787575491 ], [ -57.649428848265607, -25.334893364594883 ], [ -57.649442056694568, -25.334899466850828 ], [ -57.649494660859418, -25.334950863063046 ], [ -57.649511090919169, -25.334962958074456 ], [ -57.649543766567191, -25.335008059498286 ], [ -57.649582888716047, -25.335059049152207 ], [ -57.649582799368439, -25.335070976783761 ], [ -57.649635023341084, -25.335109948908194 ], [ -57.649664376526275, -25.335127923444723 ], [ -57.64968693445865, -25.335166621806355 ], [ -57.649735823010985, -25.335184605900494 ], [ -57.649800956059572, -25.335202623082523 ], [ -57.649833491247847, -25.335196832021371 ], [ -57.649878047959959, -25.335241322887615 ], [ -57.649893011761868, -25.33529738027195 ], [ -57.649926402612358, -25.335306304824798 ], [ -57.649946095598523, -25.335300478281798 ], [ -57.64999887590259, -25.335294745966142 ], [ -57.650011861782595, -25.335285959972378 ], [ -57.650044376017298, -25.335265456772046 ], [ -57.650057367833348, -25.335256667136026 ], [ -57.650132419291737, -25.335233330339477 ], [ -57.650205012290513, -25.335248276624444 ], [ -57.650320306747027, -25.335272147780156 ], [ -57.650403185184878, -25.335325210663072 ], [ -57.65045938433768, -25.335360498632252 ], [ -57.65052800105839, -25.335363592869943 ], [ -57.650612913708507, -25.335369647490005 ], [ -57.650740083189127, -25.335375797164083 ], [ -57.650756365488888, -25.335375837220031 ], [ -57.650779092755464, -25.335375895762766 ], [ -57.650873264776358, -25.335379061170791 ], [ -57.650889495416905, -25.335379103246296 ], [ -57.650928574833578, -25.335396716688418 ], [ -57.650932086492602, -25.335434621255565 ], [ -57.650977900544056, -25.335504533774664 ], [ -57.650994069966139, -25.335501673766935 ], [ -57.651065176743487, -25.335472800285583 ], [ -57.65107502017861, -25.335504787297769 ], [ -57.651026676281013, -25.335548173046373 ], [ -57.650981709118028, -25.335600160581411 ], [ -57.651017437876867, -25.335637809002666 ], [ -57.651094944634679, -25.335649554459899 ], [ -57.651132018843171, -25.335661204060049 ], [ -57.651146484486823, -25.335710210833351 ], [ -57.651190248920066, -25.335770668573893 ], [ -57.651222605878374, -25.335776490972023 ], [ -57.651272842099239, -25.335733546504258 ], [ -57.6512883688358, -25.335713457666735 ], [ -57.651324865209517, -25.33565316528917 ], [ -57.651407634204084, -25.335633315545657 ], [ -57.651462350143248, -25.335633507060027 ], [ -57.651478507287244, -25.335633549395105 ], [ -57.651521191903818, -25.335656736496411 ], [ -57.651586965938911, -25.3357000945133 ], [ -57.651610472131416, -25.335734634429766 ], [ -57.65163048787533, -25.335760504428663 ], [ -57.651666423239938, -25.335780652839521 ], [ -57.651718335389582, -25.335797960066696 ], [ -57.651753529116874, -25.335789467594005 ], [ -57.651759767116047, -25.335780895518234 ], [ -57.651794547252734, -25.335752328680861 ], [ -57.651813568838882, -25.335738032622583 ], [ -57.651832125368223, -25.335700733002295 ], [ -57.651862942810574, -25.335628776788489 ], [ -57.651875304331703, -25.335599915403979 ], [ -57.65191348874577, -25.335576926849903 ], [ -57.651945313062093, -25.335556782081611 ], [ -57.651928267104338, -25.335666438516 ], [ -57.651928635455796, -25.335686597955501 ], [ -57.651970349912723, -25.335675208550146 ], [ -57.651982928375467, -25.335660875965338 ], [ -57.651992413489438, -25.335652276867396 ], [ -57.652039342250085, -25.335577395737957 ], [ -57.652077498010613, -25.33554276358737 ], [ -57.652093473766506, -25.335531211740349 ], [ -57.652106322688795, -25.335525447711994 ], [ -57.652154167662182, -25.335473217732151 ], [ -57.652202242091832, -25.335420795278676 ], [ -57.652251432453212, -25.335450137323413 ], [ -57.652346143556095, -25.335491194192389 ], [ -57.65235916435018, -25.335494138211612 ], [ -57.652440426336973, -25.335500170013116 ], [ -57.652456668913672, -25.335500211862822 ], [ -57.652541167375468, -25.335514974226726 ], [ -57.652573567390142, -25.335471391315984 ], [ -57.652563662610447, -25.335392465133737 ], [ -57.652547236148791, -25.335339604024373 ], [ -57.652573280093407, -25.335292576208975 ], [ -57.652609216433397, -25.335230646097976 ], [ -57.652681329216662, -25.335207142227649 ], [ -57.652769887105194, -25.335198478111845 ], [ -57.652825765032887, -25.33517785452953 ], [ -57.652904852564397, -25.335139416022141 ], [ -57.652948039895257, -25.335091837173 ], [ -57.652978634013316, -25.335002117297719 ], [ -57.652982031719802, -25.334993118886793 ], [ -57.653059227221213, -25.334896927213308 ], [ -57.653065971282032, -25.334887879651902 ], [ -57.653146697257064, -25.334809303059689 ], [ -57.653214288716178, -25.33474251503127 ], [ -57.653260862857138, -25.33468396189226 ], [ -57.653315933712477, -25.334629673100601 ], [ -57.653329275684676, -25.334560681972381 ], [ -57.653323128093795, -25.334508701875095 ], [ -57.65331043863246, -25.334462333323511 ], [ -57.653356320888861, -25.334395608986256 ], [ -57.653356403382844, -25.334383954102794 ], [ -57.653376494925816, -25.334305109865873 ], [ -57.653379814258066, -25.334296328520686 ], [ -57.653416660063222, -25.334169999042828 ], [ -57.653416779565909, -25.334155244792594 ], [ -57.653414105003321, -25.334081289385853 ], [ -57.653477195192991, -25.333989429582498 ], [ -57.653546781220847, -25.333932993934976 ], [ -57.653613292011066, -25.333877883098936 ], [ -57.65368783959849, -25.333802842802932 ], [ -57.653697602887476, -25.333788365437215 ], [ -57.653746589958665, -25.333710014225204 ], [ -57.653789411026516, -25.333616611546969 ], [ -57.653812786862545, -25.333537342698651 ], [ -57.653826442591985, -25.333460612959382 ], [ -57.653816921095085, -25.333422068697001 ], [ -57.653830281147386, -25.333389435273926 ], [ -57.653908986537324, -25.333386665856342 ], [ -57.65392537986812, -25.333386708685438 ], [ -57.654062937800092, -25.333395982664616 ], [ -57.65411366196598, -25.333367653344716 ], [ -57.654175074007163, -25.333328288471929 ], [ -57.654239721468812, -25.333294498968971 ], [ -57.654255906118621, -25.33328603974828 ], [ -57.654333682444744, -25.333246510032932 ], [ -57.654392476000581, -25.333203983449032 ], [ -57.654451062895475, -25.333066870681652 ], [ -57.65449216648539, -25.333000864362152 ], [ -57.65449258736232, -25.332989330786642 ], [ -57.654446968412337, -25.33290526076674 ], [ -57.654391736626103, -25.332805954141101 ], [ -57.654387559930079, -25.33273251472853 ], [ -57.654359135032152, -25.332711202338523 ], [ -57.653960457804679, -25.332712972418722 ], [ -57.653707637819167, -25.332653705622949 ], [ -57.653578569801297, -25.332541552587589 ], [ -57.652888595367671, -25.332123903439271 ], [ -57.652715404173186, -25.332044152458298 ], [ -57.652493486268696, -25.331964617062575 ], [ -57.65243998428155, -25.331900439325253 ], [ -57.652421682676604, -25.33179182062533 ], [ -57.652412619397374, -25.331747739028071 ], [ -57.652394392195561, -25.331659086223521 ], [ -57.652331923085519, -25.331574818562967 ], [ -57.652159013486269, -25.331547402573587 ], [ -57.652017284449563, -25.331552055736786 ], [ -57.652024893425484, -25.331426219727433 ], [ -57.652015087909405, -25.331417240028234 ], [ -57.651962768425932, -25.331357309777356 ], [ -57.651897091295822, -25.331294151571388 ], [ -57.651847749764165, -25.33122178238775 ], [ -57.651837979420897, -25.33114923993735 ], [ -57.651838071765063, -25.331103777309313 ], [ -57.651865357328177, -25.331070139679159 ], [ -57.651917497415063, -25.331007576342156 ], [ -57.652010866091018, -25.330895546703985 ], [ -57.652192971365423, -25.330720565847649 ], [ -57.652205124277344, -25.330709616076366 ], [ -57.652497140762868, -25.330500842693947 ], [ -57.652826907272619, -25.330247530137608 ], [ -57.652839170858613, -25.330236485909314 ], [ -57.653170431885314, -25.329981981198198 ], [ -57.653675605907601, -25.329571429880914 ], [ -57.653972346353918, -25.329348536345645 ], [ -57.654066482204669, -25.32928222792707 ] ] ] ] } },
{ "type": "Feature", "properties": { "DPTO": "00", "DPTO_DESC": "ASUNCIÓN", "DISTRITO": "00", "DIST_DESC": "ASUNCIÓN", "AREA": "1", "BAR_LOC": "015", "BARLO_DESC": "SAN VICENTE", "CLAVE_BAR": "00001015", "CLV_AREA": "00001", "CLAVE": "0000", "nombre": "San Vicente", "fuente": "INE Cartografía Censal 2022" }, "geometry": { "type": "MultiPolygon", "coordinates": [ [ [ [ -57.619936044231494, -25.304205657028383 ], [ -57.619459460280957, -25.305354517675706 ], [ -57.619430624577511, -25.305422366683597 ], [ -57.619291890798443, -25.305734497621433 ], [ -57.618945398649331, -25.306521595732907 ], [ -57.618773812492385, -25.306784196977315 ], [ -57.618623408575964, -25.306938345125847 ], [ -57.618245722689245, -25.30726953764189 ], [ -57.617976289799167, -25.307460305163815 ], [ -57.617637961777334, -25.307655876008607 ], [ -57.617368056963116, -25.307815038075535 ], [ -57.616606297583438, -25.308260714471661 ], [ -57.616556476579824, -25.308292529155793 ], [ -57.615754558171211, -25.30877900676694 ], [ -57.61619057455372, -25.309666676844238 ], [ -57.616649445017188, -25.310590372268027 ], [ -57.615797265569704, -25.311393122773573 ], [ -57.615577560596336, -25.311597223843876 ], [ -57.615016060692632, -25.31214257125751 ], [ -57.614872092001697, -25.312282394951403 ], [ -57.614625083002281, -25.312522296559735 ], [ -57.615376692265308, -25.313133226795156 ], [ -57.615538894155335, -25.313265926625728 ], [ -57.61574435649365, -25.31345155242327 ], [ -57.616309472835653, -25.314109895114331 ], [ -57.618093909888152, -25.317538508258661 ], [ -57.618371408776888, -25.317844895032692 ], [ -57.619697781525183, -25.319227279234003 ], [ -57.619291728792454, -25.319684478837168 ], [ -57.619790602778863, -25.320500042048099 ], [ -57.620546443396854, -25.321824631176284 ], [ -57.621587724360381, -25.323518133230891 ], [ -57.620026804655531, -25.325070791903645 ], [ -57.620056883547804, -25.325094948047632 ], [ -57.620177164554882, -25.325209316136988 ], [ -57.620379616802055, -25.325454316303791 ], [ -57.620424167695532, -25.325542878919141 ], [ -57.620528610590668, -25.325639778066474 ], [ -57.620639236694878, -25.325713747827397 ], [ -57.62075622114169, -25.32579914235313 ], [ -57.620879432561381, -25.325870196005589 ], [ -57.620967776047785, -25.325898452856954 ], [ -57.621071839912553, -25.325920917585762 ], [ -57.621210552830512, -25.325943236184226 ], [ -57.621283103052313, -25.325962970694217 ], [ -57.621380233167969, -25.326015524970892 ], [ -57.621424521931758, -25.326052556022756 ], [ -57.621424843456381, -25.326115538645222 ], [ -57.621403261709567, -25.326207242710218 ], [ -57.621340760201711, -25.326304845125033 ], [ -57.621309713982008, -25.326393726172693 ], [ -57.62125969511569, -25.3264683726598 ], [ -57.621222275893018, -25.326542966015928 ], [ -57.621175523715245, -25.326640501967493 ], [ -57.621122427777394, -25.326729475918711 ], [ -57.621097622732371, -25.326806878982584 ], [ -57.621072715407841, -25.326864242117548 ], [ -57.621067459933919, -25.327068962181226 ], [ -57.621074285672385, -25.327171998095231 ], [ -57.621074621639302, -25.327237843558535 ], [ -57.621078165982901, -25.327315127130024 ], [ -57.621189338184195, -25.327495737442877 ], [ -57.621255837831093, -25.327564166883729 ], [ -57.621312931529758, -25.327641224674249 ], [ -57.621366729200311, -25.327689667264139 ], [ -57.621423720718035, -25.327746685087142 ], [ -57.621499509717005, -25.327783583255808 ], [ -57.621600439952488, -25.3278089237042 ], [ -57.621701297116473, -25.327819949854344 ], [ -57.621817918717625, -25.327833772321018 ], [ -57.621931405011587, -25.327850470834953 ], [ -57.622013362476572, -25.327861576536222 ], [ -57.622169435473118, -25.327890262452485 ], [ -57.622289324237506, -25.327926974006413 ], [ -57.622384057290816, -25.327972380433163 ], [ -57.622481911095491, -25.328012047800737 ], [ -57.622567018676399, -25.328023139884376 ], [ -57.622702467108013, -25.328022567569395 ], [ -57.622822136420787, -25.328016336009121 ], [ -57.622926085206664, -25.328015896621903 ], [ -57.623052069077424, -25.328012501088207 ], [ -57.623127638876809, -25.328006455733629 ], [ -57.623174961604597, -25.328020570147231 ], [ -57.623235078423825, -25.328072563948599 ], [ -57.623266797959282, -25.328115373390506 ], [ -57.623308055379646, -25.328175319920749 ], [ -57.623317798494327, -25.328232536840488 ], [ -57.623333958847766, -25.328312629866257 ], [ -57.623391171505865, -25.32841258956821 ], [ -57.623426187795076, -25.328484014089661 ], [ -57.623454904172519, -25.32855546525635 ], [ -57.623486653243795, -25.328604000333051 ], [ -57.623518314346555, -25.328635358336076 ], [ -57.623643171234058, -25.328719285700096 ], [ -57.623728440779026, -25.328761868386579 ], [ -57.62377277527488, -25.328807487218846 ], [ -57.623839438488538, -25.328907406725261 ], [ -57.623969307048789, -25.329047139253667 ], [ -57.624159128538388, -25.329206658064614 ], [ -57.624440506074443, -25.329405869337883 ], [ -57.624607830619361, -25.329478164257694 ], [ -57.624655345093032, -25.329529495142936 ], [ -57.624674494889931, -25.329578083357244 ], [ -57.624703139705687, -25.32964229683067 ], [ -57.624801817677167, -25.329835205026487 ], [ -57.624818008638151, -25.329921023542425 ], [ -57.624831049606371, -25.330006855406161 ], [ -57.624853614131908, -25.330106961408639 ], [ -57.624863372844715, -25.330167041037541 ], [ -57.624905138888536, -25.330325755157634 ], [ -57.624930500762794, -25.330357139552973 ], [ -57.625003086106062, -25.330409479418002 ], [ -57.625081476750587, -25.330466005279479 ], [ -57.625176558655738, -25.330546425468988 ], [ -57.625185883473968, -25.330554312382638 ], [ -57.625293381543351, -25.330631154669781 ], [ -57.625414027882876, -25.330814584276546 ], [ -57.625452269671008, -25.330900309099167 ], [ -57.625506349990623, -25.331003144102326 ], [ -57.625547859667066, -25.331111758261233 ], [ -57.62556218933365, -25.331141757855054 ], [ -57.625605178507961, -25.331231756901541 ], [ -57.625608789353485, -25.33124541726486 ], [ -57.625630879248085, -25.331328986535027 ], [ -57.62566918023014, -25.331426162657788 ], [ -57.625729399164435, -25.331497479548982 ], [ -57.625789544564491, -25.331554482203718 ], [ -57.625868546178921, -25.331602816024645 ], [ -57.625992588772576, -25.331667153691217 ], [ -57.627285892016133, -25.326743660481657 ], [ -57.627512060687259, -25.325846479924952 ], [ -57.6283936375115, -25.322433766949167 ], [ -57.62855468729439, -25.321814500299265 ], [ -57.628920962279196, -25.320413233765706 ], [ -57.629461387738658, -25.318347489939672 ], [ -57.629633656938864, -25.317678507807432 ], [ -57.630667363806175, -25.313582118916184 ], [ -57.630898777219478, -25.312512248540614 ], [ -57.631017941048299, -25.312082796352882 ], [ -57.631319330261398, -25.310632132852067 ], [ -57.631663140321777, -25.308802011498699 ], [ -57.631752563926945, -25.308391615460639 ], [ -57.631762601200947, -25.30834555190377 ], [ -57.631846909502272, -25.307302183348099 ], [ -57.631910948767384, -25.306389831886801 ], [ -57.630871088221618, -25.306326566857528 ], [ -57.629986990397015, -25.306276164672433 ], [ -57.628777772989977, -25.306209083220693 ], [ -57.628144639024256, -25.306194314792371 ], [ -57.627940741574122, -25.306220797101719 ], [ -57.627095290165023, -25.306414916559962 ], [ -57.626368640315391, -25.306797280890272 ], [ -57.626009620845188, -25.307011019384614 ], [ -57.625774382495841, -25.307147473329692 ], [ -57.624773373415103, -25.307788359938247 ], [ -57.623507823378553, -25.308606450883158 ], [ -57.622551555370983, -25.307436543347357 ], [ -57.621468608735299, -25.306077524208003 ], [ -57.619936044231494, -25.304205657028383 ] ] ] ] } },
{ "type": "Feature", "properties": { "DPTO": "00", "DPTO_DESC": "ASUNCIÓN", "DISTRITO": "00", "DIST_DESC": "ASUNCIÓN", "AREA": "1", "BAR_LOC": "050", "BARLO_DESC": "TABLADA NUEVA", "CLAVE_BAR": "00001050", "CLV_AREA": "00001", "CLAVE": "0000", "nombre": "Tablada Nueva", "fuente": "INE Cartografía Censal 2022" }, "geometry": { "type": "MultiPolygon", "coordinates": [ [ [ [ -57.59224314782697, -25.262447819870392 ], [ -57.593830030639843, -25.263630985286852 ], [ -57.59759995816006, -25.26642290247954 ], [ -57.598168376314248, -25.265812387454389 ], [ -57.598651157238614, -25.265272687732782 ], [ -57.599146830690124, -25.264770287563088 ], [ -57.599559527852058, -25.264313448031352 ], [ -57.599617774689861, -25.264258893467499 ], [ -57.599835192699324, -25.264018763858687 ], [ -57.599940846629643, -25.263919403195256 ], [ -57.600146608209187, -25.263809869360067 ], [ -57.600366208631982, -25.264242577872544 ], [ -57.60040906817521, -25.2642286246769 ], [ -57.600446947551319, -25.26422847061394 ], [ -57.600610048952234, -25.264250979942588 ], [ -57.60095870706018, -25.263679842887534 ], [ -57.60270656035425, -25.26126328881875 ], [ -57.603806967498912, -25.259741826221159 ], [ -57.611468744038184, -25.24914710787748 ], [ -57.600798290641308, -25.244919875917638 ], [ -57.600388335756222, -25.245655830190788 ], [ -57.599920644300767, -25.246390304169747 ], [ -57.599708792735505, -25.246874351349 ], [ -57.59959957633626, -25.247319014913746 ], [ -57.599510672657715, -25.24753758920313 ], [ -57.599313318472831, -25.247834062753462 ], [ -57.599290333393398, -25.247857360833308 ], [ -57.599183876314754, -25.24796526743517 ], [ -57.599161625034114, -25.247987821656526 ], [ -57.59905520966015, -25.24809568566555 ], [ -57.599008649961377, -25.248142879099316 ], [ -57.598934133364224, -25.248218409853926 ], [ -57.59887489176792, -25.248327376879875 ], [ -57.598756452672617, -25.248554371247941 ], [ -57.598717624179237, -25.248762921682573 ], [ -57.598688193527053, -25.249364436049675 ], [ -57.59868113238263, -25.249448274904239 ], [ -57.598707037897221, -25.249652032609841 ], [ -57.598666734148914, -25.25006784940831 ], [ -57.598657260020929, -25.25016755402406 ], [ -57.598628182599853, -25.250333027191637 ], [ -57.598596581148342, -25.25049171515813 ], [ -57.598509412032897, -25.251001158890016 ], [ -57.598469938725351, -25.251078333648799 ], [ -57.598454415186715, -25.251124227340309 ], [ -57.598433111405321, -25.251187209647739 ], [ -57.598282283168558, -25.251540050160997 ], [ -57.598245311322287, -25.2516194798656 ], [ -57.598173769424335, -25.251760208391737 ], [ -57.59800913954799, -25.252219566136809 ], [ -57.597967152673093, -25.252292220655818 ], [ -57.597932848521538, -25.252407881729166 ], [ -57.597915549566814, -25.25246723219534 ], [ -57.597891205276397, -25.25255075419502 ], [ -57.597830539950643, -25.252878312612665 ], [ -57.597806508779087, -25.253057355997754 ], [ -57.597790060545506, -25.25325902008418 ], [ -57.597750985182351, -25.253417738088601 ], [ -57.597715540515985, -25.25359449655852 ], [ -57.597700229007778, -25.253670853133706 ], [ -57.597684728831972, -25.253748150476714 ], [ -57.597662788976891, -25.253845640308079 ], [ -57.597606289269649, -25.25400669392722 ], [ -57.597534590135652, -25.254115710801898 ], [ -57.597467972070689, -25.254245093346277 ], [ -57.597451412567167, -25.254289788400722 ], [ -57.597408903633877, -25.254390301299178 ], [ -57.597380818838218, -25.254481610223813 ], [ -57.597365784935562, -25.254514436075738 ], [ -57.59728854979393, -25.25473678831737 ], [ -57.597276605672768, -25.254841033074314 ], [ -57.597252451509526, -25.254995160295984 ], [ -57.597255584769677, -25.255126525745546 ], [ -57.597290923822861, -25.25534949909505 ], [ -57.597291311574963, -25.255428777424285 ], [ -57.59730675466708, -25.255530646252804 ], [ -57.59729291509629, -25.255696281092415 ], [ -57.597290283206554, -25.255727780047543 ], [ -57.597269246832347, -25.255902685662988 ], [ -57.597251987484086, -25.256046187087918 ], [ -57.597220083825469, -25.256143717135018 ], [ -57.597170822243619, -25.256257173352669 ], [ -57.597116479337785, -25.256350263844521 ], [ -57.597027221171288, -25.256434434933201 ], [ -57.596848452603766, -25.256551246042701 ], [ -57.596781544718127, -25.256621735804075 ], [ -57.596657381960199, -25.256699252320242 ], [ -57.59649820422301, -25.25674746337166 ], [ -57.596198042656347, -25.256744145352869 ], [ -57.596095909462534, -25.256742292558606 ], [ -57.595914236994268, -25.256774737814286 ], [ -57.595767413316516, -25.256802511965159 ], [ -57.595558020357863, -25.256896793691393 ], [ -57.595461023246926, -25.256926631703216 ], [ -57.595257143014422, -25.25700220337135 ], [ -57.595120370374431, -25.257048057484457 ], [ -57.594919157079929, -25.257159860181979 ], [ -57.594792567970309, -25.257250975764887 ], [ -57.594520879130357, -25.25746839081264 ], [ -57.594448899569436, -25.257520778834699 ], [ -57.594364499015121, -25.257580012241725 ], [ -57.594295109341111, -25.257652776024994 ], [ -57.594193548548034, -25.257768706903718 ], [ -57.593903462853952, -25.258045088504574 ], [ -57.593836486343726, -25.258101986388784 ], [ -57.593786956482241, -25.258161079222216 ], [ -57.593745042203714, -25.25824958823544 ], [ -57.59372053054598, -25.258331231840305 ], [ -57.593696261152942, -25.258462707545519 ], [ -57.593662083484531, -25.258605548783425 ], [ -57.593654093774369, -25.259139587623135 ], [ -57.593639324975854, -25.259175889239664 ], [ -57.593599801984723, -25.259244002333947 ], [ -57.593525583398751, -25.259348497129267 ], [ -57.593441269214779, -25.259425850788769 ], [ -57.593344533739618, -25.259510049737568 ], [ -57.593275098350681, -25.259573752671542 ], [ -57.593240732808852, -25.259678087182166 ], [ -57.593231561825121, -25.25984121408732 ], [ -57.593262002311704, -25.259954348757269 ], [ -57.593440122222454, -25.260086709883222 ], [ -57.59364982746731, -25.260183267844877 ], [ -57.593817199486843, -25.260282260910664 ], [ -57.593862277298044, -25.260331912668168 ], [ -57.593889952186892, -25.260388429832645 ], [ -57.593900257189127, -25.260458607698993 ], [ -57.59386343414242, -25.260569747641398 ], [ -57.5937542107052, -25.260647201666654 ], [ -57.593649957847241, -25.260722370486963 ], [ -57.59348710065214, -25.260783617702497 ], [ -57.593395114701522, -25.260820229666354 ], [ -57.593303161716868, -25.260863636858989 ], [ -57.593218901393207, -25.260952315872697 ], [ -57.593142344660528, -25.261088531815545 ], [ -57.593045871749311, -25.261227092859414 ], [ -57.593003911916853, -25.261306541274244 ], [ -57.592981901073593, -25.2613904398332 ], [ -57.592980048291096, -25.261521825349842 ], [ -57.592997761169961, -25.261706929333556 ], [ -57.592961024957262, -25.261836189813362 ], [ -57.592924101654347, -25.26192694366971 ], [ -57.592857232584805, -25.262006492076036 ], [ -57.59274799622974, -25.262081680281828 ], [ -57.592626448201486, -25.262186364637163 ], [ -57.592522391222921, -25.262302304391433 ], [ -57.592332872311623, -25.262388007606365 ], [ -57.59224314782697, -25.262447819870392 ] ] ] ] } },
{ "type": "Feature", "properties": { "DPTO": "00", "DPTO_DESC": "ASUNCIÓN", "DISTRITO": "00", "DIST_DESC": "ASUNCIÓN", "AREA": "1", "BAR_LOC": "026", "BARLO_DESC": "BANCO SAN MIGUEL", "CLAVE_BAR": "00001026", "CLV_AREA": "00001", "CLAVE": "0000", "nombre": "Banco San Miguel", "fuente": "INE Cartografía Censal 2022" }, "geometry": { "type": "MultiPolygon", "coordinates": [ [ [ [ -57.639351218514811, -25.275866127154597 ], [ -57.639460470370139, -25.275944823198483 ], [ -57.63949732863076, -25.275991272039199 ], [ -57.641466460119467, -25.275849558738976 ], [ -57.643247462254649, -25.274749835145045 ], [ -57.64438671136692, -25.274158929351405 ], [ -57.646256379674575, -25.273218583505727 ], [ -57.647103755504183, -25.272828685642871 ], [ -57.647863820591297, -25.272545700037846 ], [ -57.648376542461847, -25.272570081949002 ], [ -57.649461772211239, -25.272844961569195 ], [ -57.650970757416182, -25.269205523613383 ], [ -57.639574170563527, -25.261949877249485 ], [ -57.635985660602167, -25.259573615497665 ], [ -57.635326609466823, -25.259137180574672 ], [ -57.631830582766369, -25.257115821444135 ], [ -57.627836046855293, -25.25498361718995 ], [ -57.622844978094278, -25.252738112837079 ], [ -57.616984251810464, -25.250726348627207 ], [ -57.611468744038184, -25.24914710787748 ], [ -57.603806967498912, -25.259741826221159 ], [ -57.60270656035425, -25.26126328881875 ], [ -57.60095870706018, -25.263679842887534 ], [ -57.600610048952234, -25.264250979942588 ], [ -57.600446947551319, -25.26422847061394 ], [ -57.60040906817521, -25.2642286246769 ], [ -57.600366208631982, -25.264242577872544 ], [ -57.600291151281631, -25.264315622050191 ], [ -57.600582976338195, -25.264942812989261 ], [ -57.600621838364638, -25.26503660281794 ], [ -57.600761009709444, -25.265200653253284 ], [ -57.600929968890284, -25.265348508606134 ], [ -57.601011440185189, -25.265306607055987 ], [ -57.601061216293751, -25.265264834515254 ], [ -57.601203651513096, -25.265353647111905 ], [ -57.601295630458239, -25.265394637229534 ], [ -57.601325193885216, -25.265401773780042 ], [ -57.60145376750787, -25.2654854044921 ], [ -57.601705492409828, -25.265649138287102 ], [ -57.60201264580239, -25.26595231592152 ], [ -57.602037276913343, -25.265984450080296 ], [ -57.602322561928212, -25.266329865551221 ], [ -57.602441676518076, -25.266461343567922 ], [ -57.602855126375964, -25.2660661688539 ], [ -57.603009403268196, -25.265905379357996 ], [ -57.603078119538324, -25.265963286820234 ], [ -57.603102383292928, -25.265984765297691 ], [ -57.603144266920403, -25.266060299692981 ], [ -57.603280474611644, -25.266240433454648 ], [ -57.603665392770544, -25.266422140977859 ], [ -57.603826690793078, -25.26650092170896 ], [ -57.60414512217006, -25.266716434378274 ], [ -57.604233906211206, -25.266810031975851 ], [ -57.604316715671175, -25.26686112846933 ], [ -57.604366267990486, -25.266947554438016 ], [ -57.604443174636309, -25.267073280366816 ], [ -57.604465450054711, -25.267109696347383 ], [ -57.604644389848296, -25.267332306337327 ], [ -57.604677516588197, -25.267369770332483 ], [ -57.604856666639229, -25.267595199411936 ], [ -57.605267784800063, -25.267430504388305 ], [ -57.605945896048368, -25.268186624780895 ], [ -57.606147158459088, -25.268209077562329 ], [ -57.606360328822788, -25.26841993108097 ], [ -57.606349627012513, -25.268474292962022 ], [ -57.606624360931661, -25.268316861569268 ], [ -57.607139272179822, -25.26870603511966 ], [ -57.607693426847888, -25.269191380259393 ], [ -57.608008945288397, -25.269467716494102 ], [ -57.60804725645275, -25.269501270208441 ], [ -57.609379083254431, -25.270667685974754 ], [ -57.611045367776455, -25.272126974176341 ], [ -57.611200163978815, -25.272249855395106 ], [ -57.611457569545721, -25.271883041091698 ], [ -57.611520675796342, -25.271802954400023 ], [ -57.612191296694128, -25.271193559140865 ], [ -57.612251077647265, -25.271140472738235 ], [ -57.612944943918862, -25.270440000929096 ], [ -57.613226397003743, -25.270174182413793 ], [ -57.613406216518094, -25.270080365787891 ], [ -57.613504757969288, -25.270076575168137 ], [ -57.613609488900352, -25.270072547586228 ], [ -57.613922214568341, -25.270174183275124 ], [ -57.617946272871592, -25.271045129347421 ], [ -57.618316077600291, -25.271021165158913 ], [ -57.618472055031653, -25.271244465936 ], [ -57.618589373685182, -25.271486107053502 ], [ -57.618707808259586, -25.271793248866423 ], [ -57.618848187107176, -25.271982736438265 ], [ -57.61908396231788, -25.272268058223037 ], [ -57.619203387631877, -25.272713669011857 ], [ -57.619322678676831, -25.273132646692119 ], [ -57.619207678668168, -25.273559265787419 ], [ -57.619238152040964, -25.273792181357155 ], [ -57.619466034377922, -25.273964343001762 ], [ -57.619700766641422, -25.274043258158969 ], [ -57.619897938492841, -25.273935895990274 ], [ -57.62020461196078, -25.273761489613658 ], [ -57.620467111472635, -25.273540659647118 ], [ -57.620576545248547, -25.273460298947182 ], [ -57.620708929112723, -25.27357293474266 ], [ -57.620738931135762, -25.273712634590005 ], [ -57.620958577812466, -25.273705052224766 ], [ -57.621169614219149, -25.273500771388932 ], [ -57.621301760802403, -25.273510514832687 ], [ -57.621390039763185, -25.273590043759643 ], [ -57.621515440967585, -25.273769292032583 ], [ -57.621669794104243, -25.273881834424621 ], [ -57.621890255445393, -25.274034048386117 ], [ -57.62209603796228, -25.27417966550092 ], [ -57.622257171572173, -25.274185644585295 ], [ -57.622717381026973, -25.273963976942113 ], [ -57.62307602320756, -25.273929171360464 ], [ -57.623361744377156, -25.273954598346947 ], [ -57.623573898404295, -25.273913751832559 ], [ -57.623594852653341, -25.2738716667007 ], [ -57.623653631278145, -25.273753613809138 ], [ -57.623783941903334, -25.273460094380539 ], [ -57.623892624405308, -25.273233250065914 ], [ -57.624003965616012, -25.273203474322059 ], [ -57.624142996482547, -25.273334369273634 ], [ -57.62434130719118, -25.273351517298966 ], [ -57.624422959748692, -25.273288491743966 ], [ -57.62436511792415, -25.273123422041394 ], [ -57.624419536479344, -25.273088424714569 ], [ -57.624617556511538, -25.273057204866703 ], [ -57.624877653367491, -25.273036630683045 ], [ -57.625129779291449, -25.27309325289886 ], [ -57.62524239521624, -25.27288668552195 ], [ -57.625120714994033, -25.272815233990773 ], [ -57.625061895242062, -25.272768874453554 ], [ -57.625097894402273, -25.272648871153908 ], [ -57.625214680988215, -25.272575134299753 ], [ -57.625422577050621, -25.272589489675752 ], [ -57.625661872326361, -25.272673114953427 ], [ -57.62580117276805, -25.272705816265521 ], [ -57.625954981899859, -25.272711822395888 ], [ -57.626087096488504, -25.272771187427697 ], [ -57.626210863498819, -25.272630836393606 ], [ -57.62648111649473, -25.272496521920214 ], [ -57.626538945222244, -25.272349792110056 ], [ -57.626414426914501, -25.272343662267694 ], [ -57.626158580222629, -25.272431306846073 ], [ -57.62598276948038, -25.272418735860665 ], [ -57.625982222979957, -25.272312204109856 ], [ -57.62608446600354, -25.272258503397403 ], [ -57.626318549682544, -25.272210901579321 ], [ -57.626531109834744, -25.272249949688046 ], [ -57.626722146896377, -25.272375647806928 ], [ -57.626971525709351, -25.272454489196338 ], [ -57.627242461950317, -25.272453338006329 ], [ -57.62760106391076, -25.272411863298238 ], [ -57.627798568516873, -25.272371073055247 ], [ -57.62792066430692, -25.272231051148182 ], [ -57.62803911756307, -25.272156981570831 ], [ -57.628215956421435, -25.272369297059988 ], [ -57.628268311578786, -25.272582142278964 ], [ -57.628268722955639, -25.272662041054243 ], [ -57.628283745285316, -25.272735219254333 ], [ -57.628364568359054, -25.272788142189135 ], [ -57.62862099723403, -25.272813683728661 ], [ -57.628745790551903, -25.272873077541263 ], [ -57.628717048957327, -25.272979734005272 ], [ -57.628475607907369, -25.273020712584415 ], [ -57.628284808045869, -25.272941624417143 ], [ -57.628137635701044, -25.272802424933715 ], [ -57.627754688181554, -25.27281647283538 ], [ -57.627624367302147, -25.272671440938161 ], [ -57.627484929496525, -25.272612108426323 ], [ -57.627309221080417, -25.272619513726415 ], [ -57.627031304002145, -25.272687278484124 ], [ -57.62687790534234, -25.272761172271466 ], [ -57.626791025735713, -25.272954634227638 ], [ -57.626814019710928, -25.273154287913901 ], [ -57.627012449571616, -25.273293270973799 ], [ -57.627195892321595, -25.273365733674499 ], [ -57.627277536849299, -25.273578454763644 ], [ -57.62730001830581, -25.273678234867102 ], [ -57.627446916886903, -25.273764169317321 ], [ -57.627542454152156, -25.273830346887141 ], [ -57.627682804765826, -25.273952398223184 ], [ -57.628099834886399, -25.273994435227817 ], [ -57.628333852445678, -25.273933513715402 ], [ -57.628435752814177, -25.273813229079721 ], [ -57.628640444837053, -25.273745773579424 ], [ -57.628867447801845, -25.273744806489916 ], [ -57.629014313207946, -25.273824081127191 ], [ -57.62909156591089, -25.274023638326607 ], [ -57.62916940594652, -25.274224711979937 ], [ -57.629270362348755, -25.274485497931884 ], [ -57.629395844618472, -25.274678055703752 ], [ -57.629435033117268, -25.274760132352068 ], [ -57.629484679223815, -25.274864111303089 ], [ -57.629646425596299, -25.275014090833036 ], [ -57.629657271890309, -25.275024148053053 ], [ -57.62973485523451, -25.275096087092276 ], [ -57.630068305999224, -25.275251295884502 ], [ -57.630115237286809, -25.275273140540843 ], [ -57.630136465612168, -25.275283021478298 ], [ -57.630145926795727, -25.275287425279785 ], [ -57.630317098037644, -25.275431967896022 ], [ -57.630381287357743, -25.27548617132317 ], [ -57.630601693384378, -25.275625055522632 ], [ -57.630850702544869, -25.275630649668479 ], [ -57.630903443361305, -25.275637198228662 ], [ -57.631251001382296, -25.275680352258053 ], [ -57.631719030102481, -25.275738463008462 ], [ -57.632290380347548, -25.275769308043607 ], [ -57.632482517168874, -25.275747080083853 ], [ -57.632631354497995, -25.275729861186576 ], [ -57.632648990026155, -25.275727820933145 ], [ -57.632956305391225, -25.275679894592344 ], [ -57.633153675094015, -25.27561246424364 ], [ -57.633271185197067, -25.275678543748143 ], [ -57.633329732921702, -25.275671634132156 ], [ -57.633387658462134, -25.275544876497015 ], [ -57.633539811842795, -25.275231279986055 ], [ -57.634020934148012, -25.274809736477064 ], [ -57.63418123829593, -25.274655905190833 ], [ -57.634466443643589, -25.274581437274318 ], [ -57.634613521362098, -25.274700655568349 ], [ -57.634643297118849, -25.274793744708575 ], [ -57.634877485918757, -25.274766103964151 ], [ -57.635081933162901, -25.274652032030982 ], [ -57.635309180212268, -25.274697662544092 ], [ -57.635624542944591, -25.274789521807378 ], [ -57.635844710590881, -25.274881790561338 ], [ -57.636167153905987, -25.274927009562344 ], [ -57.636496711778776, -25.274932246960624 ], [ -57.636841540687179, -25.275057268350498 ], [ -57.637332407936036, -25.275101757908764 ], [ -57.637647425170215, -25.275127030624539 ], [ -57.638314874900964, -25.275330554639808 ], [ -57.638718463106542, -25.275488609261476 ], [ -57.638894871955316, -25.275614354611754 ], [ -57.639276702795605, -25.27581245205759 ], [ -57.639351218514811, -25.275866127154597 ] ] ] ] } },
{ "type": "Feature", "properties": { "DPTO": "00", "DPTO_DESC": "ASUNCIÓN", "DISTRITO": "00", "DIST_DESC": "ASUNCIÓN", "AREA": "1", "BAR_LOC": "003", "BARLO_DESC": "DR. GASPAR RODRIGUEZ DE FRANCIA", "CLAVE_BAR": "00001003", "CLV_AREA": "00001", "CLAVE": "0000", "nombre": "Dr. Gaspar Rodriguez De Francia", "fuente": "INE Cartografía Censal 2022" }, "geometry": { "type": "MultiPolygon", "coordinates": [ [ [ [ -57.646986849993382, -25.286435086909993 ], [ -57.647557596358659, -25.287240801310517 ], [ -57.647895694571261, -25.287722441821241 ], [ -57.648800029945335, -25.287867468589205 ], [ -57.649867468087955, -25.288038862488655 ], [ -57.650983402310722, -25.288223580174066 ], [ -57.652035303567907, -25.288390511657365 ], [ -57.653069252198165, -25.288566545431436 ], [ -57.653321900602684, -25.287405024763476 ], [ -57.65359778016181, -25.286293067662005 ], [ -57.653766328970939, -25.285425405549397 ], [ -57.653987900796992, -25.284548477790498 ], [ -57.654176236307897, -25.283667181826655 ], [ -57.654380658396249, -25.282776783845989 ], [ -57.654580447755222, -25.281890921260512 ], [ -57.654788157617887, -25.280977932079288 ], [ -57.654991665810492, -25.2800920523134 ], [ -57.655213720492277, -25.279192544296766 ], [ -57.655393323305056, -25.278306770000885 ], [ -57.65561441622993, -25.277402750346603 ], [ -57.65610501504716, -25.275317184384864 ], [ -57.656425438233441, -25.274262998018514 ], [ -57.656428504467677, -25.274252910089839 ], [ -57.656889099613373, -25.272737530808712 ], [ -57.650970757416182, -25.269205523613383 ], [ -57.649461772211239, -25.272844961569195 ], [ -57.648376542461847, -25.272570081949002 ], [ -57.647863820591297, -25.272545700037846 ], [ -57.647103755504183, -25.272828685642871 ], [ -57.646256379674575, -25.273218583505727 ], [ -57.64438671136692, -25.274158929351405 ], [ -57.643247462254649, -25.274749835145045 ], [ -57.641466460119467, -25.275849558738976 ], [ -57.63949732863076, -25.275991272039199 ], [ -57.639460470370139, -25.275944823198483 ], [ -57.639351218514811, -25.275866127154597 ], [ -57.638890135098222, -25.276171448014345 ], [ -57.639553087770132, -25.27654658885217 ], [ -57.639733507883392, -25.276560180828568 ], [ -57.639957514101653, -25.276594371427311 ], [ -57.640127456516012, -25.27667606740415 ], [ -57.64015216315228, -25.276712081810167 ], [ -57.640618200772302, -25.277361262816687 ], [ -57.640661391588985, -25.277421427237403 ], [ -57.64076934874462, -25.277571806454215 ], [ -57.641312819035718, -25.278341543458207 ], [ -57.641742254762299, -25.27896728866072 ], [ -57.642240640643244, -25.279660460327161 ], [ -57.642662947471663, -25.280227536106633 ], [ -57.643192715124201, -25.280983781359627 ], [ -57.643908736528729, -25.28203721239748 ], [ -57.644718002302994, -25.2831715067055 ], [ -57.645454940329287, -25.284242899949536 ], [ -57.646206168093258, -25.285314226572126 ], [ -57.646986849993382, -25.286435086909993 ] ] ] ] } },
{ "type": "Feature", "properties": { "DPTO": "00", "DPTO_DESC": "ASUNCIÓN", "DISTRITO": "00", "DIST_DESC": "ASUNCIÓN", "AREA": "1", "BAR_LOC": "021", "BARLO_DESC": "LAS MERCEDES", "CLAVE_BAR": "00001021", "CLV_AREA": "00001", "CLAVE": "0000", "nombre": "Las Mercedes", "fuente": "INE Cartografía Censal 2022" }, "geometry": { "type": "MultiPolygon", "coordinates": [ [ [ [ -57.611200163978815, -25.272249855395106 ], [ -57.611106015454354, -25.272377112554921 ], [ -57.611031449361661, -25.2724779006207 ], [ -57.610945199139543, -25.272590147651638 ], [ -57.610581796915405, -25.27305460620336 ], [ -57.609962563583508, -25.273868940725482 ], [ -57.609841434955243, -25.274099717283455 ], [ -57.609846478540042, -25.274239668120114 ], [ -57.609786397818723, -25.275445478785635 ], [ -57.609741547932408, -25.275414057592208 ], [ -57.609728019956364, -25.276147231632027 ], [ -57.609727383922866, -25.276181702573979 ], [ -57.609719189787207, -25.276529407918336 ], [ -57.609698941272299, -25.277446079972776 ], [ -57.609680334607852, -25.278132469268535 ], [ -57.609663940406456, -25.278516330104726 ], [ -57.609643388492607, -25.278999542775608 ], [ -57.609620837400151, -25.279704009073882 ], [ -57.609615097339102, -25.279983975937679 ], [ -57.60961286859397, -25.280096865444737 ], [ -57.609597120477794, -25.280770062786853 ], [ -57.609583712754258, -25.28134318429024 ], [ -57.609563260153976, -25.282219219708278 ], [ -57.609555342335888, -25.282684319104977 ], [ -57.609554279889657, -25.282717770366709 ], [ -57.609543004460811, -25.283072678160575 ], [ -57.609539391825621, -25.283591942238008 ], [ -57.609535756228198, -25.284355027686633 ], [ -57.609541349770545, -25.284666554020617 ], [ -57.609530490343246, -25.285723157767961 ], [ -57.609550714270874, -25.287533672631856 ], [ -57.610078635272437, -25.289567848614663 ], [ -57.610172962649322, -25.289933190156663 ], [ -57.610477443832785, -25.291105883775341 ], [ -57.610888905288036, -25.292689017030725 ], [ -57.611199720154346, -25.293884258307717 ], [ -57.611599822466353, -25.29375617419452 ], [ -57.612150986837044, -25.293482975681759 ], [ -57.613017141737792, -25.293009797494751 ], [ -57.61390022812455, -25.292509452610947 ], [ -57.614023116848408, -25.292441213086253 ], [ -57.614764945422408, -25.292000148664549 ], [ -57.615430085338517, -25.29161809816005 ], [ -57.6156145602599, -25.291513478756443 ], [ -57.61594358200621, -25.291326982002097 ], [ -57.616473171334725, -25.291026766425642 ], [ -57.616899357866629, -25.290781163854398 ], [ -57.61736702276221, -25.290512810476184 ], [ -57.617824775726298, -25.290249012350198 ], [ -57.618246300308485, -25.290003425465926 ], [ -57.618674033094109, -25.289757811357578 ], [ -57.619112270755615, -25.289503121537237 ], [ -57.617710031385748, -25.287635190787793 ], [ -57.617215253575466, -25.286959981108897 ], [ -57.616670166867294, -25.286217251855913 ], [ -57.616610604015939, -25.285978194967669 ], [ -57.61655599364736, -25.285490781080441 ], [ -57.616466245881377, -25.284868057795066 ], [ -57.616440192376551, -25.284687558435323 ], [ -57.616273933172543, -25.283419480117882 ], [ -57.616242995981388, -25.283193849012978 ], [ -57.616149806842685, -25.282503411564104 ], [ -57.616098139329139, -25.282106289087022 ], [ -57.616083338433306, -25.282002501120051 ], [ -57.616041496785385, -25.281645974431616 ], [ -57.615903189297278, -25.280748025438221 ], [ -57.615761809299833, -25.279917817130144 ], [ -57.615826995322834, -25.279817772643995 ], [ -57.61591227607699, -25.279692279971098 ], [ -57.615938441042921, -25.279586574922018 ], [ -57.615946082769675, -25.279513718309374 ], [ -57.615941967493193, -25.279466723037828 ], [ -57.615912213770791, -25.279415546312933 ], [ -57.615903747812617, -25.279325157624996 ], [ -57.615930212996929, -25.279278924839989 ], [ -57.61596214033942, -25.279256944156025 ], [ -57.615976744589652, -25.279241104504983 ], [ -57.615977926274468, -25.279210755939751 ], [ -57.615971797566658, -25.279184028745668 ], [ -57.615962911416752, -25.279145276369277 ], [ -57.615965348334313, -25.279099143874951 ], [ -57.615976444934979, -25.279069570143161 ], [ -57.615986989955246, -25.279041466423543 ], [ -57.615993800773978, -25.279023314783267 ], [ -57.616007940092061, -25.278985631804566 ], [ -57.61602989117781, -25.278927129480401 ], [ -57.616045791823467, -25.278900945164892 ], [ -57.616061665175621, -25.278874805782102 ], [ -57.616076024185979, -25.278810417331186 ], [ -57.616170421409777, -25.278668621864259 ], [ -57.616209085073464, -25.278631307921867 ], [ -57.616242928866747, -25.278598645564788 ], [ -57.616284390358651, -25.278550905786126 ], [ -57.61632577972432, -25.278502300106936 ], [ -57.616388123900144, -25.278426177347072 ], [ -57.616423755104769, -25.278344707570813 ], [ -57.616469570175099, -25.278250531034089 ], [ -57.616490601584225, -25.278207299240165 ], [ -57.616508836161159, -25.278169816538504 ], [ -57.616536769410622, -25.278112732866848 ], [ -57.616561515336009, -25.278062623540009 ], [ -57.616585280147049, -25.278014500881341 ], [ -57.616706888830755, -25.277839227481373 ], [ -57.616737510734083, -25.277791539037619 ], [ -57.616773426023229, -25.277735160060882 ], [ -57.616817268019965, -25.277677786870903 ], [ -57.616850646508418, -25.277634106554103 ], [ -57.616873217925821, -25.277604568745932 ], [ -57.616889234302661, -25.277575929575896 ], [ -57.616944657176823, -25.277476826827503 ], [ -57.617035359860878, -25.277330116836367 ], [ -57.61707028992388, -25.277272262653138 ], [ -57.617091047517199, -25.277238293602124 ], [ -57.617095852213637, -25.277229592862916 ], [ -57.617106401642495, -25.277212546958566 ], [ -57.617120232200136, -25.277188353819511 ], [ -57.617142341606915, -25.277152522546515 ], [ -57.617172724370796, -25.277103970164521 ], [ -57.617179429429711, -25.277092251350883 ], [ -57.617222900412678, -25.27702434881564 ], [ -57.617228084038899, -25.277014623666226 ], [ -57.617296350262706, -25.276920272328422 ], [ -57.617347532151854, -25.276861542711213 ], [ -57.617396486256773, -25.276802271181463 ], [ -57.617425876924152, -25.276739790088634 ], [ -57.617476589846866, -25.276626181518523 ], [ -57.617518355078296, -25.276578116408462 ], [ -57.617568645004603, -25.276525387264233 ], [ -57.617579550109994, -25.276461135532195 ], [ -57.617564691619343, -25.276383067401547 ], [ -57.617566915675901, -25.276360865399305 ], [ -57.617571162559742, -25.276316822949468 ], [ -57.617584109315594, -25.276294548044813 ], [ -57.617598870231802, -25.276269306651333 ], [ -57.617621906656616, -25.276248594670584 ], [ -57.617630902433824, -25.276244147687493 ], [ -57.617640364705345, -25.276239627213034 ], [ -57.617679754796896, -25.276221399538432 ], [ -57.617778088831578, -25.276177159526767 ], [ -57.617850638463914, -25.276141254272485 ], [ -57.617891537517082, -25.276108247059689 ], [ -57.617987699531866, -25.27603165528253 ], [ -57.61801819119971, -25.27601153907516 ], [ -57.618031549574397, -25.276005578512066 ], [ -57.6181146813948, -25.275956141563753 ], [ -57.618221958991704, -25.275892345443417 ], [ -57.618315426422647, -25.275838252629139 ], [ -57.618352905424224, -25.275814473683589 ], [ -57.618520530295072, -25.27567826455185 ], [ -57.618662306465993, -25.275563059252963 ], [ -57.618729647716577, -25.275508338588089 ], [ -57.618789613173369, -25.275457373771609 ], [ -57.618828490262693, -25.2754443675903 ], [ -57.618972007818897, -25.275392400847426 ], [ -57.618980803439236, -25.275385114850899 ], [ -57.619186579526456, -25.275280180118067 ], [ -57.619450422429878, -25.27514563680533 ], [ -57.619509512977551, -25.275087835354782 ], [ -57.619562508670619, -25.275036093293657 ], [ -57.619609073936687, -25.274991340318152 ], [ -57.619650733863473, -25.274952332323043 ], [ -57.6196799907448, -25.274923768893174 ], [ -57.619698823351072, -25.274906180498625 ], [ -57.619711689595846, -25.274893285253629 ], [ -57.619722017720015, -25.274883185508209 ], [ -57.619756050651155, -25.274850088622983 ], [ -57.619789328102101, -25.274819006177989 ], [ -57.619799438373626, -25.274808481500177 ], [ -57.619813454336743, -25.274795233692572 ], [ -57.619854934549046, -25.27475436983374 ], [ -57.619870848538874, -25.274738522218257 ], [ -57.6199107293805, -25.274721210310776 ], [ -57.619979538423159, -25.27469099410537 ], [ -57.620001576784389, -25.274681347946391 ], [ -57.620196804011989, -25.274592805117077 ], [ -57.62039874224746, -25.274418677270383 ], [ -57.620599299821151, -25.274240841834125 ], [ -57.620635051237727, -25.274211518952796 ], [ -57.620701306645074, -25.274157177005918 ], [ -57.620820138920777, -25.274052941797201 ], [ -57.620871080097388, -25.274009937690423 ], [ -57.620921571071541, -25.273973727543662 ], [ -57.620923126968023, -25.273961537016838 ], [ -57.620967518748813, -25.273924528437647 ], [ -57.621032396213977, -25.273867320892457 ], [ -57.621037099370113, -25.273855310807484 ], [ -57.621169614219149, -25.273500771388932 ], [ -57.620958577812466, -25.273705052224766 ], [ -57.620738931135762, -25.273712634590005 ], [ -57.620708929112723, -25.27357293474266 ], [ -57.620576545248547, -25.273460298947182 ], [ -57.620467111472635, -25.273540659647118 ], [ -57.62020461196078, -25.273761489613658 ], [ -57.619897938492841, -25.273935895990274 ], [ -57.619700766641422, -25.274043258158969 ], [ -57.619466034377922, -25.273964343001762 ], [ -57.619238152040964, -25.273792181357155 ], [ -57.619207678668168, -25.273559265787419 ], [ -57.619322678676831, -25.273132646692119 ], [ -57.619203387631877, -25.272713669011857 ], [ -57.61908396231788, -25.272268058223037 ], [ -57.618848187107176, -25.271982736438265 ], [ -57.618707808259586, -25.271793248866423 ], [ -57.618589373685182, -25.271486107053502 ], [ -57.618472055031653, -25.271244465936 ], [ -57.618316077600291, -25.271021165158913 ], [ -57.617946272871592, -25.271045129347421 ], [ -57.613922214568341, -25.270174183275124 ], [ -57.613609488900352, -25.270072547586228 ], [ -57.613504757969288, -25.270076575168137 ], [ -57.613406216518094, -25.270080365787891 ], [ -57.613226397003743, -25.270174182413793 ], [ -57.612944943918862, -25.270440000929096 ], [ -57.612251077647265, -25.271140472738235 ], [ -57.612191296694128, -25.271193559140865 ], [ -57.611520675796342, -25.271802954400023 ], [ -57.611457569545721, -25.271883041091698 ], [ -57.611200163978815, -25.272249855395106 ] ] ] ] } },
{ "type": "Feature", "properties": { "DPTO": "00", "DPTO_DESC": "ASUNCIÓN", "DISTRITO": "00", "DIST_DESC": "ASUNCIÓN", "AREA": "1", "BAR_LOC": "028", "BARLO_DESC": "REPUBLICANO", "CLAVE_BAR": "00001028", "CLV_AREA": "00001", "CLAVE": "0000", "nombre": "Republicano", "fuente": "INE Cartografía Censal 2022" }, "geometry": { "type": "MultiPolygon", "coordinates": [ [ [ [ -57.63871924990034, -25.318216724423916 ], [ -57.638678540907904, -25.31814576559978 ], [ -57.63869143796672, -25.318071229999145 ], [ -57.63865760644974, -25.317954624598848 ], [ -57.638612242757503, -25.317750505155402 ], [ -57.638574298864917, -25.317694306509544 ], [ -57.638531735809721, -25.317601894483971 ], [ -57.638509188689206, -25.317525499465155 ], [ -57.638453549198452, -25.317473403367991 ], [ -57.638413411970809, -25.317421240107528 ], [ -57.638389406796819, -25.317277920275068 ], [ -57.638249876469231, -25.317276511539479 ], [ -57.638136942433988, -25.31727901346439 ], [ -57.638070346236738, -25.31724910727311 ], [ -57.637997032455395, -25.317205139366514 ], [ -57.637925817334377, -25.31713901971634 ], [ -57.637881187987745, -25.317074797949413 ], [ -57.637834428437316, -25.317026689112087 ], [ -57.637703461631077, -25.316968879754448 ], [ -57.637603699495919, -25.316949181656341 ], [ -57.637508408728941, -25.31693751601572 ], [ -57.637450072812598, -25.316899018707126 ], [ -57.637312020105924, -25.316756695065571 ], [ -57.637129365293838, -25.316555181576689 ], [ -57.637026883586984, -25.316438872458598 ], [ -57.636837010261715, -25.316339044576779 ], [ -57.636717043897491, -25.316267096029375 ], [ -57.636603447838425, -25.316142782744652 ], [ -57.63645636509699, -25.315967283310069 ], [ -57.636380543571264, -25.315866962336852 ], [ -57.636304501313106, -25.315724369976422 ], [ -57.636237254419591, -25.315569661810038 ], [ -57.636085802363382, -25.315193387400026 ], [ -57.636060821921312, -25.315074730149206 ], [ -57.63603364799657, -25.314960108289359 ], [ -57.635969026377168, -25.314883894354672 ], [ -57.635884347721152, -25.314783611306588 ], [ -57.635764478024271, -25.314729778223015 ], [ -57.635649279170515, -25.314722223140436 ], [ -57.635527625733616, -25.314750929201224 ], [ -57.635397240034663, -25.314803828405992 ], [ -57.635181772245183, -25.31489131456922 ], [ -57.635086714212115, -25.314923931605076 ], [ -57.635002602979199, -25.314932345820278 ], [ -57.634925366275091, -25.314985015654791 ], [ -57.634757437438005, -25.315058205670194 ], [ -57.634670880750264, -25.315022344950371 ], [ -57.634559722736334, -25.314940291835558 ], [ -57.634537178625337, -25.314863896123882 ], [ -57.63450340754261, -25.31465167343995 ], [ -57.634463115648927, -25.314569315200163 ], [ -57.634431682013073, -25.314486918824297 ], [ -57.634395924171614, -25.314424670723337 ], [ -57.634328942531738, -25.31432028465661 ], [ -57.634272960357279, -25.314201760457717 ], [ -57.634245997966822, -25.314127396666777 ], [ -57.634179226245934, -25.314063268971271 ], [ -57.633971303745398, -25.314004780756804 ], [ -57.633858288771407, -25.313991175966848 ], [ -57.633710948425737, -25.313977718651167 ], [ -57.633679976261533, -25.313983890693599 ], [ -57.63362028835278, -25.314004276931406 ], [ -57.633542768906629, -25.314002597135168 ], [ -57.633474086691308, -25.313996853387764 ], [ -57.633420770184259, -25.313964875004604 ], [ -57.633354124589459, -25.313924901997588 ], [ -57.633300703479449, -25.313872794341055 ], [ -57.633220613760962, -25.313802684509209 ], [ -57.633178192199225, -25.313736438782421 ], [ -57.633144702076308, -25.313684245458081 ], [ -57.633075852651814, -25.313646294753212 ], [ -57.63294298049793, -25.313646865304023 ], [ -57.632874455396163, -25.313671315118572 ], [ -57.632806202181719, -25.313748100901883 ], [ -57.632746817495978, -25.313826861556599 ], [ -57.632707374057475, -25.313907549569862 ], [ -57.632687934643208, -25.314002242495214 ], [ -57.63270083846858, -25.314088241491824 ], [ -57.632657858751557, -25.314127678826324 ], [ -57.63262051992487, -25.314187221620237 ], [ -57.632564367867204, -25.314248858102154 ], [ -57.632497101198155, -25.314302490380076 ], [ -57.632447462014454, -25.314338936775282 ], [ -57.632331213880839, -25.314342454915565 ], [ -57.632232763027964, -25.3143081534872 ], [ -57.632173952121342, -25.314284250087681 ], [ -57.632085192613694, -25.314250410240525 ], [ -57.632008644497169, -25.314222556890194 ], [ -57.631956435535464, -25.314190573225691 ], [ -57.631897810241853, -25.314095711793037 ], [ -57.631798004330328, -25.314066951539125 ], [ -57.63174253631977, -25.314047059572911 ], [ -57.631674752621812, -25.314001051772117 ], [ -57.631595802318657, -25.313936975068135 ], [ -57.631528013518164, -25.313889960735178 ], [ -57.631339185397373, -25.313776533595387 ], [ -57.631243688975793, -25.313724605366723 ], [ -57.631152600847187, -25.313668632264246 ], [ -57.631048382022811, -25.313642909839185 ], [ -57.63078802018903, -25.313614332849355 ], [ -57.630667363806175, -25.313582118916184 ], [ -57.629633656938864, -25.317678507807432 ], [ -57.629461387738658, -25.318347489939672 ], [ -57.628920962279196, -25.320413233765706 ], [ -57.62855468729439, -25.321814500299265 ], [ -57.6283936375115, -25.322433766949167 ], [ -57.627512060687259, -25.325846479924952 ], [ -57.627285892016133, -25.326743660481657 ], [ -57.628376016736595, -25.326979384700053 ], [ -57.629116388559531, -25.327127127567007 ], [ -57.629842195486205, -25.327285646393431 ], [ -57.630586934177593, -25.327403549818261 ], [ -57.634697908291649, -25.326895428700833 ], [ -57.633854187660134, -25.325720003824006 ], [ -57.633699585712321, -25.325485879811374 ], [ -57.633587823975219, -25.325310268671796 ], [ -57.633520535011868, -25.325148011777831 ], [ -57.633461004743609, -25.324746418334804 ], [ -57.633471890298729, -25.324511581657045 ], [ -57.633522657473755, -25.324064361385961 ], [ -57.633601914676184, -25.323364168929398 ], [ -57.635205900275452, -25.32312699059003 ], [ -57.635692046637175, -25.323052651726346 ], [ -57.636786064255567, -25.322966655715856 ], [ -57.637896584372854, -25.322889610519876 ], [ -57.6383187335272, -25.323045813694822 ], [ -57.639238385761594, -25.323398526058948 ], [ -57.640020620721955, -25.323702068643257 ], [ -57.640446686105705, -25.323855384076079 ], [ -57.640955295785119, -25.324081278615122 ], [ -57.641873271010411, -25.324461700613519 ], [ -57.642136147586122, -25.323688444920123 ], [ -57.64219965480109, -25.3234662011923 ], [ -57.642365992090753, -25.322921137224512 ], [ -57.642604226724764, -25.322309278497869 ], [ -57.642840430976442, -25.321725466605535 ], [ -57.642847774897774, -25.321708946070604 ], [ -57.643121623937979, -25.321097071212211 ], [ -57.64296423546606, -25.320987030317006 ], [ -57.64266731797602, -25.320791906722985 ], [ -57.642318032784502, -25.320535856778367 ], [ -57.6421699457551, -25.320359878496678 ], [ -57.641616943604745, -25.320435269437723 ], [ -57.641178428606274, -25.320699639306774 ], [ -57.64038961211088, -25.32042161106807 ], [ -57.639977512383467, -25.320306281574769 ], [ -57.639501014496766, -25.320092538547964 ], [ -57.63941033332793, -25.320053819604496 ], [ -57.638719636268199, -25.319743486781391 ], [ -57.637958806382869, -25.319417174262156 ], [ -57.637146178735584, -25.319100112001848 ], [ -57.638147351543033, -25.318544929722115 ], [ -57.63871924990034, -25.318216724423916 ] ] ] ] } },
{ "type": "Feature", "properties": { "DPTO": "00", "DPTO_DESC": "ASUNCIÓN", "DISTRITO": "00", "DIST_DESC": "ASUNCIÓN", "AREA": "1", "BAR_LOC": "011", "BARLO_DESC": "ROBERTO L. PETIT", "CLAVE_BAR": "00001011", "CLV_AREA": "00001", "CLAVE": "0000", "nombre": "Roberto L. Petit", "fuente": "INE Cartografía Censal 2022" }, "geometry": { "type": "MultiPolygon", "coordinates": [ [ [ [ -57.63871924990034, -25.318216724423916 ], [ -57.639002429320023, -25.318053355688907 ], [ -57.644337611401362, -25.315023257289024 ], [ -57.645049921321913, -25.314631837317567 ], [ -57.645069361124207, -25.314609176394288 ], [ -57.645083904404679, -25.31454138518048 ], [ -57.645313999049662, -25.314314619530624 ], [ -57.645449046366082, -25.314196633834278 ], [ -57.645581798210344, -25.314107409313241 ], [ -57.64575384202103, -25.314064359017845 ], [ -57.646106733142226, -25.313965045418641 ], [ -57.64614802101142, -25.314017080052956 ], [ -57.64901144648401, -25.312356864765434 ], [ -57.649136165966532, -25.312262984816666 ], [ -57.649369480402775, -25.312420735917033 ], [ -57.649726290636011, -25.312631716500835 ], [ -57.649756646101267, -25.31258968225913 ], [ -57.65011799603537, -25.31210140363682 ], [ -57.650258746896533, -25.311724479921665 ], [ -57.655247493429179, -25.30889267074004 ], [ -57.652483182843461, -25.304956769847209 ], [ -57.652054499930365, -25.3052094659595 ], [ -57.652032909151529, -25.305218245361406 ], [ -57.651644622906765, -25.304669457081868 ], [ -57.651265599608386, -25.30409318930856 ], [ -57.650896014409959, -25.303539454675548 ], [ -57.650713610834529, -25.303273864372436 ], [ -57.649811120403392, -25.30378805893627 ], [ -57.649199228139508, -25.304133907453465 ], [ -57.64844866719374, -25.304557121326063 ], [ -57.647716153135228, -25.304989282512626 ], [ -57.64685368269614, -25.305503283442317 ], [ -57.646126626306931, -25.305912837027208 ], [ -57.645402262745087, -25.306304314586711 ], [ -57.644853149399744, -25.30660923393916 ], [ -57.643666078136249, -25.307269121416866 ], [ -57.642869411675512, -25.307728629981099 ], [ -57.642084489344185, -25.308179052805514 ], [ -57.641197114846932, -25.308688614407078 ], [ -57.640321767509818, -25.309184572978751 ], [ -57.639549459154559, -25.309616867008387 ], [ -57.638750876130651, -25.310071846776033 ], [ -57.637931533835584, -25.31053594246259 ], [ -57.63721955744051, -25.310931841968699 ], [ -57.636418092583185, -25.311373276201284 ], [ -57.635660347925054, -25.311805487276946 ], [ -57.63533280366434, -25.312041688486818 ], [ -57.634875968495408, -25.312251354753631 ], [ -57.634363942551722, -25.31247480265656 ], [ -57.63426915637757, -25.31251584710343 ], [ -57.633340908715617, -25.312939749533871 ], [ -57.633234347018913, -25.312985359091446 ], [ -57.633094497642595, -25.313017565992521 ], [ -57.632917894204667, -25.313027354665852 ], [ -57.632832091334009, -25.313005147120453 ], [ -57.631615952515482, -25.312694300016926 ], [ -57.630898777219478, -25.312512248540614 ], [ -57.630667363806175, -25.313582118916184 ], [ -57.63078802018903, -25.313614332849355 ], [ -57.631048382022811, -25.313642909839185 ], [ -57.631152600847187, -25.313668632264246 ], [ -57.631243688975793, -25.313724605366723 ], [ -57.631339185397373, -25.313776533595387 ], [ -57.631528013518164, -25.313889960735178 ], [ -57.631595802318657, -25.313936975068135 ], [ -57.631674752621812, -25.314001051772117 ], [ -57.63174253631977, -25.314047059572911 ], [ -57.631798004330328, -25.314066951539125 ], [ -57.631897810241853, -25.314095711793037 ], [ -57.631956435535464, -25.314190573225691 ], [ -57.632008644497169, -25.314222556890194 ], [ -57.632085192613694, -25.314250410240525 ], [ -57.632173952121342, -25.314284250087681 ], [ -57.632232763027964, -25.3143081534872 ], [ -57.632331213880839, -25.314342454915565 ], [ -57.632447462014454, -25.314338936775282 ], [ -57.632497101198155, -25.314302490380076 ], [ -57.632564367867204, -25.314248858102154 ], [ -57.63262051992487, -25.314187221620237 ], [ -57.632657858751557, -25.314127678826324 ], [ -57.63270083846858, -25.314088241491824 ], [ -57.632687934643208, -25.314002242495214 ], [ -57.632707374057475, -25.313907549569862 ], [ -57.632746817495978, -25.313826861556599 ], [ -57.632806202181719, -25.313748100901883 ], [ -57.632874455396163, -25.313671315118572 ], [ -57.63294298049793, -25.313646865304023 ], [ -57.633075852651814, -25.313646294753212 ], [ -57.633144702076308, -25.313684245458081 ], [ -57.633178192199225, -25.313736438782421 ], [ -57.633220613760962, -25.313802684509209 ], [ -57.633300703479449, -25.313872794341055 ], [ -57.633354124589459, -25.313924901997588 ], [ -57.633420770184259, -25.313964875004604 ], [ -57.633474086691308, -25.313996853387764 ], [ -57.633542768906629, -25.314002597135168 ], [ -57.63362028835278, -25.314004276931406 ], [ -57.633679976261533, -25.313983890693599 ], [ -57.633710948425737, -25.313977718651167 ], [ -57.633858288771407, -25.313991175966848 ], [ -57.633971303745398, -25.314004780756804 ], [ -57.634179226245934, -25.314063268971271 ], [ -57.634245997966822, -25.314127396666777 ], [ -57.634272960357279, -25.314201760457717 ], [ -57.634328942531738, -25.31432028465661 ], [ -57.634395924171614, -25.314424670723337 ], [ -57.634431682013073, -25.314486918824297 ], [ -57.634463115648927, -25.314569315200163 ], [ -57.63450340754261, -25.31465167343995 ], [ -57.634537178625337, -25.314863896123882 ], [ -57.634559722736334, -25.314940291835558 ], [ -57.634670880750264, -25.315022344950371 ], [ -57.634757437438005, -25.315058205670194 ], [ -57.634925366275091, -25.314985015654791 ], [ -57.635002602979199, -25.314932345820278 ], [ -57.635086714212115, -25.314923931605076 ], [ -57.635181772245183, -25.31489131456922 ], [ -57.635397240034663, -25.314803828405992 ], [ -57.635527625733616, -25.314750929201224 ], [ -57.635649279170515, -25.314722223140436 ], [ -57.635764478024271, -25.314729778223015 ], [ -57.635884347721152, -25.314783611306588 ], [ -57.635969026377168, -25.314883894354672 ], [ -57.63603364799657, -25.314960108289359 ], [ -57.636060821921312, -25.315074730149206 ], [ -57.636085802363382, -25.315193387400026 ], [ -57.636237254419591, -25.315569661810038 ], [ -57.636304501313106, -25.315724369976422 ], [ -57.636380543571264, -25.315866962336852 ], [ -57.63645636509699, -25.315967283310069 ], [ -57.636603447838425, -25.316142782744652 ], [ -57.636717043897491, -25.316267096029375 ], [ -57.636837010261715, -25.316339044576779 ], [ -57.637026883586984, -25.316438872458598 ], [ -57.637129365293838, -25.316555181576689 ], [ -57.637312020105924, -25.316756695065571 ], [ -57.637450072812598, -25.316899018707126 ], [ -57.637508408728941, -25.31693751601572 ], [ -57.637603699495919, -25.316949181656341 ], [ -57.637703461631077, -25.316968879754448 ], [ -57.637834428437316, -25.317026689112087 ], [ -57.637881187987745, -25.317074797949413 ], [ -57.637925817334377, -25.31713901971634 ], [ -57.637997032455395, -25.317205139366514 ], [ -57.638070346236738, -25.31724910727311 ], [ -57.638136942433988, -25.31727901346439 ], [ -57.638249876469231, -25.317276511539479 ], [ -57.638389406796819, -25.317277920275068 ], [ -57.638413411970809, -25.317421240107528 ], [ -57.638453549198452, -25.317473403367991 ], [ -57.638509188689206, -25.317525499465155 ], [ -57.638531735809721, -25.317601894483971 ], [ -57.638574298864917, -25.317694306509544 ], [ -57.638612242757503, -25.317750505155402 ], [ -57.63865760644974, -25.317954624598848 ], [ -57.63869143796672, -25.318071229999145 ], [ -57.638678540907904, -25.31814576559978 ], [ -57.63871924990034, -25.318216724423916 ] ] ] ] } },
{ "type": "Feature", "properties": { "DPTO": "00", "DPTO_DESC": "ASUNCIÓN", "DISTRITO": "00", "DIST_DESC": "ASUNCIÓN", "AREA": "1", "BAR_LOC": "027", "BARLO_DESC": "SAN CAYETANO", "CLAVE_BAR": "00001027", "CLV_AREA": "00001", "CLAVE": "0000", "nombre": "San Cayetano", "fuente": "INE Cartografía Censal 2022" }, "geometry": { "type": "MultiPolygon", "coordinates": [ [ [ [ -57.64614802101142, -25.314017080052956 ], [ -57.646106733142226, -25.313965045418641 ], [ -57.64575384202103, -25.314064359017845 ], [ -57.645581798210344, -25.314107409313241 ], [ -57.645449046366082, -25.314196633834278 ], [ -57.645313999049662, -25.314314619530624 ], [ -57.645083904404679, -25.31454138518048 ], [ -57.645069361124207, -25.314609176394288 ], [ -57.645049921321913, -25.314631837317567 ], [ -57.644337611401362, -25.315023257289024 ], [ -57.639002429320023, -25.318053355688907 ], [ -57.63871924990034, -25.318216724423916 ], [ -57.638147351543033, -25.318544929722115 ], [ -57.637146178735584, -25.319100112001848 ], [ -57.637958806382869, -25.319417174262156 ], [ -57.638719636268199, -25.319743486781391 ], [ -57.63941033332793, -25.320053819604496 ], [ -57.639501014496766, -25.320092538547964 ], [ -57.639977512383467, -25.320306281574769 ], [ -57.64038961211088, -25.32042161106807 ], [ -57.641178428606274, -25.320699639306774 ], [ -57.641616943604745, -25.320435269437723 ], [ -57.6421699457551, -25.320359878496678 ], [ -57.642318032784502, -25.320535856778367 ], [ -57.64266731797602, -25.320791906722985 ], [ -57.64296423546606, -25.320987030317006 ], [ -57.643121623937979, -25.321097071212211 ], [ -57.642847774897774, -25.321708946070604 ], [ -57.642840430976442, -25.321725466605535 ], [ -57.642604226724764, -25.322309278497869 ], [ -57.642365992090753, -25.322921137224512 ], [ -57.64219965480109, -25.3234662011923 ], [ -57.642136147586122, -25.323688444920123 ], [ -57.641873271010411, -25.324461700613519 ], [ -57.641927432659188, -25.324527128105672 ], [ -57.643231994201059, -25.325044391890163 ], [ -57.643783411145712, -25.325237459389765 ], [ -57.643745837730812, -25.325279017687112 ], [ -57.643825862846676, -25.325389121881631 ], [ -57.643978464877641, -25.325537190592808 ], [ -57.644224150976477, -25.325750750592224 ], [ -57.644542675583764, -25.326061570083532 ], [ -57.644746665337905, -25.326232709105614 ], [ -57.645260896914714, -25.326533305211672 ], [ -57.645621775167065, -25.32675421722168 ], [ -57.645820806935284, -25.326895523050077 ], [ -57.646262812130153, -25.32714625627084 ], [ -57.647073895376835, -25.327466151632905 ], [ -57.647615687509997, -25.327568451183215 ], [ -57.648657993236284, -25.327895380815722 ], [ -57.649067344829099, -25.328062146408627 ], [ -57.649143585761315, -25.328093205995604 ], [ -57.649519254526986, -25.328288669704502 ], [ -57.65015621921674, -25.32867651487469 ], [ -57.654066482204669, -25.32928222792707 ], [ -57.654196801292194, -25.329190432390043 ], [ -57.654272198855416, -25.3291225328128 ], [ -57.654263876244116, -25.328975370212795 ], [ -57.654155169794272, -25.328874424340068 ], [ -57.654516830416384, -25.328690467393692 ], [ -57.655017641008094, -25.328450857245748 ], [ -57.656056759483079, -25.3279536881872 ], [ -57.656943626013145, -25.327658718944715 ], [ -57.658094592241795, -25.326886181885335 ], [ -57.659914666553291, -25.325841512576869 ], [ -57.661311871349739, -25.325091261697288 ], [ -57.662146688244334, -25.324728666633455 ], [ -57.662817487347851, -25.324185282781919 ], [ -57.663492925319773, -25.323546545665664 ], [ -57.664282423469636, -25.322899649997989 ], [ -57.663779794270681, -25.322743701792199 ], [ -57.663125304319877, -25.322575072158205 ], [ -57.662613767905341, -25.322487069763632 ], [ -57.661571169224544, -25.322566208152026 ], [ -57.661362478231823, -25.322564713127015 ], [ -57.661043859979408, -25.322519940875949 ], [ -57.661105625809419, -25.322069805177094 ], [ -57.661018168951962, -25.322030669600764 ], [ -57.660943689520799, -25.322181975521367 ], [ -57.660877555092817, -25.322238634932003 ], [ -57.660729280774326, -25.32225942932649 ], [ -57.660509994650418, -25.322254373377334 ], [ -57.660321168579905, -25.322250690351517 ], [ -57.660117308839915, -25.32223147398944 ], [ -57.659908867052621, -25.322184096437162 ], [ -57.65976477108736, -25.32215857309987 ], [ -57.659618482311707, -25.322137085352598 ], [ -57.65952082927582, -25.322099276154606 ], [ -57.659354270574902, -25.322015477118445 ], [ -57.65916491632337, -25.321914166451819 ], [ -57.659104771402149, -25.321850020744492 ], [ -57.659024857925118, -25.321816157795212 ], [ -57.658893996130658, -25.321780509622091 ], [ -57.658760919738363, -25.321744871230027 ], [ -57.658643400566454, -25.321719227989771 ], [ -57.65847497666627, -25.321699850972298 ], [ -57.658337601744485, -25.321688386911553 ], [ -57.658288857214281, -25.321684578718536 ], [ -57.658246593460298, -25.321650547173892 ], [ -57.658197609547969, -25.321602454912146 ], [ -57.658172932623351, -25.321544189290197 ], [ -57.65812287013366, -25.321398976522843 ], [ -57.65807156291212, -25.321330764994222 ], [ -57.658004666076998, -25.321246519370618 ], [ -57.657957897087037, -25.321198417134003 ], [ -57.65784236487147, -25.321130492219464 ], [ -57.657633751831597, -25.321050904807571 ], [ -57.657414033160897, -25.320965327752667 ], [ -57.657291998755426, -25.320923599877091 ], [ -57.657105587293522, -25.320853977491176 ], [ -57.657027867938503, -25.32081607773344 ], [ -57.656913929707208, -25.320735563968125 ], [ -57.656831640014737, -25.320671515993933 ], [ -57.656602760025564, -25.320529615649065 ], [ -57.656460664241564, -25.320463820919585 ], [ -57.656347456694384, -25.320416014050871 ], [ -57.656251966418267, -25.320368128208134 ], [ -57.65617850336217, -25.320298001674949 ], [ -57.656106962179884, -25.320173516618556 ], [ -57.656060085890388, -25.320105284628433 ], [ -57.65602883144517, -25.320059125655089 ], [ -57.655966572041024, -25.320013104666362 ], [ -57.655897744661942, -25.319981203601589 ], [ -57.655761582959776, -25.319886193842713 ], [ -57.655681433205935, -25.31980804495581 ], [ -57.655650157303825, -25.319757860071189 ], [ -57.65561014210175, -25.319729856619194 ], [ -57.655561398420609, -25.319726047505689 ], [ -57.655508247141817, -25.31972628389963 ], [ -57.655346621999648, -25.319735054463393 ], [ -57.655136285643863, -25.319746054333855 ], [ -57.655010094636857, -25.319754667025023 ], [ -57.65488148327686, -25.319725044107471 ], [ -57.654757095594427, -25.319657156057968 ], [ -57.654650511702542, -25.319605292512421 ], [ -57.654485690975072, -25.31953456436705 ], [ -57.654252786712561, -25.319467157702608 ], [ -57.654048835089277, -25.319429816608913 ], [ -57.653864988211481, -25.319424593421818 ], [ -57.653647759783546, -25.319389323628979 ], [ -57.653508151582265, -25.319373838996473 ], [ -57.653437207772299, -25.319360062799287 ], [ -57.653256990934587, -25.319309027888668 ], [ -57.653163728130927, -25.319263143094453 ], [ -57.653046223233567, -25.319239508224658 ], [ -57.652853518140752, -25.319234323017586 ], [ -57.652660737534688, -25.31921504716216 ], [ -57.652596383848802, -25.319191176568182 ], [ -57.652529740051577, -25.319153225353407 ], [ -57.652414428428898, -25.319125554342914 ], [ -57.652280885274394, -25.319105260910295 ], [ -57.652063388342896, -25.319019665910471 ], [ -57.651945700662566, -25.318961810614432 ], [ -57.651779409897536, -25.318926312732117 ], [ -57.651619827725007, -25.318902862773726 ], [ -57.651418178540666, -25.318881611525796 ], [ -57.651009426643597, -25.318751065196818 ], [ -57.650854231034955, -25.318719543180279 ], [ -57.650579564326655, -25.318710690954518 ], [ -57.650364552632411, -25.318675406500102 ], [ -57.6502095614889, -25.318682129181266 ], [ -57.65014534825611, -25.318684425393627 ], [ -57.650003177109099, -25.318707195008724 ], [ -57.649848454455132, -25.318764240185565 ], [ -57.649589934312573, -25.318876092670209 ], [ -57.649457400434713, -25.318941091500523 ], [ -57.64934935611317, -25.319030137875078 ], [ -57.649238839425813, -25.319070883964393 ], [ -57.649165745987034, -25.319069192943349 ], [ -57.649079321865266, -25.319059508740924 ], [ -57.649021344587105, -25.318985284431413 ], [ -57.64890092881749, -25.318830816491111 ], [ -57.648524993550112, -25.318312120181211 ], [ -57.648148132881801, -25.317722973189905 ], [ -57.647880037811568, -25.317283816118081 ], [ -57.647672907782834, -25.316960136038645 ], [ -57.647532136353192, -25.316725237780958 ], [ -57.64738900108425, -25.316462168264742 ], [ -57.647275781954527, -25.316306660785592 ], [ -57.647177752181854, -25.316196378208506 ], [ -57.64706644583773, -25.316088166805763 ], [ -57.64698391843752, -25.315977816040299 ], [ -57.646900099461973, -25.315832747266015 ], [ -57.646676611687028, -25.315451264714177 ], [ -57.646616252062934, -25.31534484239976 ], [ -57.646571378428966, -25.315235332687656 ], [ -57.646572770127584, -25.315080328344649 ], [ -57.646584267462494, -25.314743106410845 ], [ -57.646559287622388, -25.314626464047929 ], [ -57.646534607028336, -25.314566183366633 ], [ -57.646474483043924, -25.314504045155065 ], [ -57.646240538807824, -25.314133678976372 ], [ -57.64614802101142, -25.314017080052956 ] ] ] ] } },
{ "type": "Feature", "properties": { "DPTO": "00", "DPTO_DESC": "ASUNCIÓN", "DISTRITO": "00", "DIST_DESC": "ASUNCIÓN", "AREA": "1", "BAR_LOC": "067", "BARLO_DESC": "BOTANICO", "CLAVE_BAR": "00001067", "CLV_AREA": "00001", "CLAVE": "0000", "nombre": "Botanico", "fuente": "INE Cartografía Censal 2022" }, "geometry": { "type": "MultiPolygon", "coordinates": [ [ [ [ -57.586133132797023, -25.247313260138878 ], [ -57.58675728434531, -25.247118249563837 ], [ -57.587448312348542, -25.246936253261694 ], [ -57.587791440451873, -25.246691134074613 ], [ -57.588111614547188, -25.246425783738633 ], [ -57.589382853606573, -25.245257631390803 ], [ -57.593055527739409, -25.241125572995614 ], [ -57.579974923639774, -25.229197669709887 ], [ -57.578394253180477, -25.230952204619562 ], [ -57.574512168785368, -25.234407401760176 ], [ -57.575426393411888, -25.234783699266377 ], [ -57.575895900357651, -25.235025121636951 ], [ -57.576010091789975, -25.235101153056359 ], [ -57.576198797647542, -25.235277368227162 ], [ -57.577367266193903, -25.23651088985266 ], [ -57.577629175300046, -25.236803357685133 ], [ -57.57783529312087, -25.237027211054556 ], [ -57.577885483952208, -25.237195871659388 ], [ -57.577994322921285, -25.23801517845666 ], [ -57.578106743897528, -25.238377855299358 ], [ -57.578253343381981, -25.238703373177195 ], [ -57.578502485760481, -25.23898216288228 ], [ -57.578783899809395, -25.239177474144789 ], [ -57.579296250907049, -25.239517541515152 ], [ -57.579446806351797, -25.239671282392091 ], [ -57.579555191127469, -25.239825976749646 ], [ -57.579614117977123, -25.240008366900749 ], [ -57.579642478366139, -25.240272849382904 ], [ -57.579805700003178, -25.2424261641961 ], [ -57.579825282454159, -25.242681921412437 ], [ -57.579883720918573, -25.24292370942214 ], [ -57.58036402176981, -25.244442350434127 ], [ -57.580369690884922, -25.244560063106508 ], [ -57.580336646864325, -25.244732807164617 ], [ -57.58028201795117, -25.244852246557429 ], [ -57.580248542437857, -25.244913378908027 ], [ -57.578228144258048, -25.246043136407444 ], [ -57.578066437197791, -25.246134756697241 ], [ -57.577977055705695, -25.246200993859865 ], [ -57.577915331417024, -25.246279672734889 ], [ -57.577884078580666, -25.246371012670942 ], [ -57.577876674064541, -25.246498486364892 ], [ -57.579357570841118, -25.249336173544467 ], [ -57.580258452787497, -25.251017232888152 ], [ -57.584583573443908, -25.248602103711779 ], [ -57.584853296536785, -25.248331062948733 ], [ -57.585254756263531, -25.247825156222007 ], [ -57.585343977713009, -25.247729991636923 ], [ -57.585414093228991, -25.247655205511201 ], [ -57.585611613241873, -25.247516054072829 ], [ -57.5857593747062, -25.24743718074301 ], [ -57.586133132797023, -25.247313260138878 ] ] ] ] } },
{ "type": "Feature", "properties": { "DPTO": "00", "DPTO_DESC": "ASUNCIÓN", "DISTRITO": "00", "DIST_DESC": "ASUNCIÓN", "AREA": "1", "BAR_LOC": "022", "BARLO_DESC": "BAÑADO CARA CARA", "CLAVE_BAR": "00001022", "CLV_AREA": "00001", "CLAVE": "0000", "nombre": "Bañado Cara Cara", "fuente": "INE Cartografía Censal 2022" }, "geometry": { "type": "MultiPolygon", "coordinates": [ [ [ [ -57.600798290641308, -25.244919875917638 ], [ -57.600798290641308, -25.244919875917638 ], [ -57.593055527739409, -25.24112557299561 ], [ -57.589382853606573, -25.245257631390803 ], [ -57.588111614547188, -25.246425783738616 ], [ -57.587791440451859, -25.246691134074606 ], [ -57.587448312348528, -25.246936253261691 ], [ -57.586757284345296, -25.247118249563826 ], [ -57.586133132797023, -25.247313260138878 ], [ -57.586245795585938, -25.247325102300419 ], [ -57.586344521932553, -25.247352930275461 ], [ -57.586412838141442, -25.247405457523779 ], [ -57.586429237456379, -25.247485500435637 ], [ -57.58640972584972, -25.247591174843571 ], [ -57.586352136265795, -25.247659516530586 ], [ -57.586688949309035, -25.247671345265449 ], [ -57.587090621264537, -25.24780011890434 ], [ -57.587576532118071, -25.248102232923731 ], [ -57.587741564492333, -25.248233979116186 ], [ -57.587849386033348, -25.248330092206587 ], [ -57.588177173116279, -25.248636929884572 ], [ -57.588276813482963, -25.248750322803659 ], [ -57.588321832924841, -25.248849368150747 ], [ -57.588486810715729, -25.249019850675122 ], [ -57.588703606314134, -25.24914210719059 ], [ -57.588742926011463, -25.249165556338411 ], [ -57.588920436354542, -25.249271418206646 ], [ -57.589139370970507, -25.249381496621549 ], [ -57.58917730442527, -25.249400569177865 ], [ -57.589067031848366, -25.249662729196725 ], [ -57.588943984240878, -25.249861655749758 ], [ -57.588779920718878, -25.250009312611645 ], [ -57.588603552757249, -25.250120055666486 ], [ -57.588474004282354, -25.250205363282543 ], [ -57.588385785093749, -25.250177494920568 ], [ -57.588053859662573, -25.250345997778489 ], [ -57.587971303947313, -25.250387907227424 ], [ -57.588032643224153, -25.25062009205956 ], [ -57.588085254198113, -25.250793536453145 ], [ -57.588036687025394, -25.250841194334907 ], [ -57.58841866559704, -25.251368169741635 ], [ -57.588531087739199, -25.251565188037784 ], [ -57.588616977834583, -25.251862394918042 ], [ -57.588729215992608, -25.251835899442934 ], [ -57.588741572071868, -25.25180913420856 ], [ -57.588836647952377, -25.251667936400583 ], [ -57.588821152203003, -25.251559022554488 ], [ -57.589155877175159, -25.25125812858515 ], [ -57.589209223274032, -25.251202726811488 ], [ -57.589230957312509, -25.251180155611966 ], [ -57.589302185404257, -25.251226907888363 ], [ -57.589663765277173, -25.251471758533004 ], [ -57.589698201936315, -25.251489791508142 ], [ -57.589781084509113, -25.251533193438007 ], [ -57.589850443161936, -25.251569513430255 ], [ -57.589912990529371, -25.251614072556841 ], [ -57.5899668879686, -25.251652469373685 ], [ -57.590005962651233, -25.251680306353581 ], [ -57.590408611601163, -25.251987610683532 ], [ -57.590640497019187, -25.252173612463096 ], [ -57.590553858003865, -25.252349863768533 ], [ -57.590721677070839, -25.252493881311835 ], [ -57.590809447319153, -25.252614223395906 ], [ -57.590929985773947, -25.252528186435626 ], [ -57.591025332728094, -25.252513138357557 ], [ -57.591256695069497, -25.25238189413216 ], [ -57.591606443192468, -25.252669027052942 ], [ -57.591623990240279, -25.252776571786416 ], [ -57.591840985699022, -25.252904645385232 ], [ -57.592110249309513, -25.253002564963907 ], [ -57.592114907068733, -25.253166322341016 ], [ -57.592193585937714, -25.253514404584198 ], [ -57.592268167995933, -25.253715654219615 ], [ -57.592451938497227, -25.25366018875631 ], [ -57.592644304314419, -25.253384349154501 ], [ -57.592760758341122, -25.253426047970308 ], [ -57.592871393206259, -25.253514825108866 ], [ -57.593007319512381, -25.253553390025584 ], [ -57.593208169878899, -25.25367724866317 ], [ -57.593417497914928, -25.253851641851789 ], [ -57.593461065716838, -25.253828855900501 ], [ -57.593689608970038, -25.25356699562607 ], [ -57.593869416441905, -25.253232609562332 ], [ -57.593895245520358, -25.253154895411882 ], [ -57.594095410514818, -25.2529580517635 ], [ -57.594672473749874, -25.253611110095871 ], [ -57.594857131686744, -25.253939195847963 ], [ -57.595008887299258, -25.254192192778653 ], [ -57.595077662393479, -25.254368439013668 ], [ -57.595108155656916, -25.254430123461646 ], [ -57.595244042086314, -25.25456356039917 ], [ -57.5953869699972, -25.254659538674929 ], [ -57.595659028813486, -25.254227001854243 ], [ -57.59574151538331, -25.254243557132263 ], [ -57.595754543376643, -25.254246171881167 ], [ -57.595918485208678, -25.254241843759893 ], [ -57.596637712491578, -25.254422270846192 ], [ -57.596672785379788, -25.254999011515977 ], [ -57.596732635396158, -25.255145434672688 ], [ -57.596842690831615, -25.255378911616258 ], [ -57.596854398255935, -25.255393287675112 ], [ -57.597269246832347, -25.255902685662988 ], [ -57.597290283206554, -25.255727780047543 ], [ -57.59729291509629, -25.255696281092415 ], [ -57.59730675466708, -25.255530646252804 ], [ -57.597291311574963, -25.255428777424285 ], [ -57.597290923822861, -25.25534949909505 ], [ -57.597255584769677, -25.255126525745546 ], [ -57.597252451509526, -25.254995160295984 ], [ -57.597276605672768, -25.254841033074314 ], [ -57.59728854979393, -25.25473678831737 ], [ -57.597365784935562, -25.254514436075738 ], [ -57.597380818838218, -25.254481610223813 ], [ -57.597408903633877, -25.254390301299178 ], [ -57.597451412567167, -25.254289788400722 ], [ -57.597467972070689, -25.254245093346277 ], [ -57.597534590135652, -25.254115710801898 ], [ -57.597606289269649, -25.25400669392722 ], [ -57.597662788976891, -25.253845640308079 ], [ -57.597684728831972, -25.253748150476714 ], [ -57.597700229007778, -25.253670853133706 ], [ -57.597715540515985, -25.25359449655852 ], [ -57.597750985182351, -25.253417738088601 ], [ -57.597790060545506, -25.25325902008418 ], [ -57.597806508779087, -25.253057355997754 ], [ -57.597830539950643, -25.252878312612665 ], [ -57.597891205276397, -25.25255075419502 ], [ -57.597915549566814, -25.25246723219534 ], [ -57.597932848521538, -25.252407881729166 ], [ -57.597967152673093, -25.252292220655818 ], [ -57.59800913954799, -25.252219566136809 ], [ -57.598173769424335, -25.251760208391737 ], [ -57.598245311322287, -25.2516194798656 ], [ -57.598282283168558, -25.251540050160997 ], [ -57.598433111405321, -25.251187209647739 ], [ -57.598454415186715, -25.251124227340309 ], [ -57.598469938725351, -25.251078333648799 ], [ -57.598509412032897, -25.251001158890016 ], [ -57.598596581148342, -25.25049171515813 ], [ -57.598628182599853, -25.250333027191637 ], [ -57.598657260020929, -25.25016755402406 ], [ -57.598666734148914, -25.25006784940831 ], [ -57.598707037897221, -25.249652032609841 ], [ -57.59868113238263, -25.249448274904239 ], [ -57.598688193527053, -25.249364436049675 ], [ -57.598717624179237, -25.248762921682573 ], [ -57.598756452672617, -25.248554371247941 ], [ -57.59887489176792, -25.248327376879875 ], [ -57.598934133364224, -25.248218409853926 ], [ -57.599008649961377, -25.248142879099316 ], [ -57.59905520966015, -25.24809568566555 ], [ -57.599161625034114, -25.247987821656526 ], [ -57.599183876314754, -25.24796526743517 ], [ -57.599290333393398, -25.247857360833308 ], [ -57.599313318472831, -25.247834062753462 ], [ -57.599510672657715, -25.24753758920313 ], [ -57.59959957633626, -25.247319014913746 ], [ -57.599708792735505, -25.246874351349 ], [ -57.599920644300767, -25.246390304169747 ], [ -57.600388335756222, -25.245655830190788 ], [ -57.600798290641308, -25.244919875917638 ] ] ] ] } },
{ "type": "Feature", "properties": { "DPTO": "00", "DPTO_DESC": "ASUNCIÓN", "DISTRITO": "00", "DIST_DESC": "ASUNCIÓN", "AREA": "1", "BAR_LOC": "038", "BARLO_DESC": "VILLA AURELIA", "CLAVE_BAR": "00001038", "CLV_AREA": "00001", "CLAVE": "0000", "nombre": "Villa Aurelia", "fuente": "INE Cartografía Censal 2022" }, "geometry": { "type": "MultiPolygon", "coordinates": [ [ [ [ -57.553232728211547, -25.307471874530254 ], [ -57.553323700390322, -25.308010681057866 ], [ -57.553489653314095, -25.309025984226672 ], [ -57.553559288662228, -25.309301557377147 ], [ -57.553567751626055, -25.309335797075335 ], [ -57.553615890795619, -25.309530559493684 ], [ -57.553655000280251, -25.309672214909043 ], [ -57.553762907301085, -25.309904909275161 ], [ -57.553846639859714, -25.310096320480085 ], [ -57.55385792234879, -25.310122112006969 ], [ -57.553869455311862, -25.310139832242186 ], [ -57.553984354108721, -25.310316372285214 ], [ -57.554188867573032, -25.310645828095133 ], [ -57.554400018504531, -25.311024792290649 ], [ -57.554475493346146, -25.311174080672746 ], [ -57.554948943053894, -25.312017285103082 ], [ -57.555136456832038, -25.312366714024744 ], [ -57.555303921057245, -25.31265405833572 ], [ -57.55559488370811, -25.313193947105674 ], [ -57.555730450331552, -25.313398369401447 ], [ -57.555749575804136, -25.313513569105268 ], [ -57.557079126401241, -25.31578088866064 ], [ -57.558704666998544, -25.317945451686757 ], [ -57.560000830799453, -25.319800793221201 ], [ -57.560359891687185, -25.320215215128691 ], [ -57.570296999330886, -25.317568427618443 ], [ -57.574088911284854, -25.316392711163967 ], [ -57.573272372685047, -25.31547027110096 ], [ -57.572569525605005, -25.314624143266084 ], [ -57.572513633954124, -25.314556632187678 ], [ -57.57188415892719, -25.313796004884402 ], [ -57.57186824014974, -25.313778005793161 ], [ -57.571766148805295, -25.313656491089215 ], [ -57.571158294819931, -25.312936413518816 ], [ -57.571109876899691, -25.312873388128107 ], [ -57.570449162358116, -25.312067723174497 ], [ -57.569754138699729, -25.311226065939074 ], [ -57.569045068507414, -25.310366398559307 ], [ -57.568335388473265, -25.309506729885385 ], [ -57.567615120227174, -25.308638067890914 ], [ -57.566564375393291, -25.30733269628584 ], [ -57.565731434723411, -25.306329000824856 ], [ -57.565117297970097, -25.305577314231485 ], [ -57.564694534007252, -25.305055168374807 ], [ -57.564304374806554, -25.304600624756926 ], [ -57.56352954433919, -25.303601208822283 ], [ -57.563144669079584, -25.303146641733768 ], [ -57.562468521125446, -25.302347676397638 ], [ -57.56166440938452, -25.302791069417374 ], [ -57.560452736273284, -25.303459417288167 ], [ -57.559241590703067, -25.304109692424461 ], [ -57.557992349078617, -25.304782678008795 ], [ -57.555750692400807, -25.306035617113505 ], [ -57.555633712184516, -25.306100999533037 ], [ -57.554695436695525, -25.306623782992464 ], [ -57.553798523424646, -25.307139470720877 ], [ -57.553232728211547, -25.307471874530254 ] ] ] ] } },
{ "type": "Feature", "properties": { "DPTO": "00", "DPTO_DESC": "ASUNCIÓN", "DISTRITO": "00", "DIST_DESC": "ASUNCIÓN", "AREA": "1", "BAR_LOC": "048", "BARLO_DESC": "YTAY", "CLAVE_BAR": "00001048", "CLV_AREA": "00001", "CLAVE": "0000", "nombre": "Ytay", "fuente": "INE Cartografía Censal 2022" }, "geometry": { "type": "MultiPolygon", "coordinates": [ [ [ [ -57.545209531661378, -25.298712517995714 ], [ -57.545311053196343, -25.29863275850278 ], [ -57.546565481750257, -25.297226341534646 ], [ -57.547717524760834, -25.295926195768171 ], [ -57.548657884452453, -25.294843559889511 ], [ -57.549090921865705, -25.294399854677494 ], [ -57.54954068801603, -25.293939003850348 ], [ -57.550129198005024, -25.29333598234799 ], [ -57.55029161051668, -25.293166651717105 ], [ -57.550282864637737, -25.293115316563799 ], [ -57.550152701545834, -25.292680681642828 ], [ -57.549871138897224, -25.291839656791435 ], [ -57.549675846446078, -25.291176048803553 ], [ -57.549412876917764, -25.29019217957784 ], [ -57.549091327217653, -25.289009421171276 ], [ -57.548987004396963, -25.288617423762908 ], [ -57.54893054385834, -25.28841561350654 ], [ -57.548904187917756, -25.288256426289522 ], [ -57.54877416200987, -25.287849955528447 ], [ -57.548682905361517, -25.287512299318319 ], [ -57.548470115000057, -25.286755514059408 ], [ -57.548188891384612, -25.285746457119508 ], [ -57.548097533281712, -25.285385490734594 ], [ -57.547950085153417, -25.284904297311812 ], [ -57.547741633908345, -25.284160120784854 ], [ -57.547671835276297, -25.2838418090959 ], [ -57.547367638846687, -25.282709486209122 ], [ -57.547133274396217, -25.281902273206157 ], [ -57.54703410516187, -25.281465577142519 ], [ -57.54694287586419, -25.281131804351698 ], [ -57.546851960584128, -25.280867960529253 ], [ -57.546747748195472, -25.280497328080532 ], [ -57.546556521235132, -25.279779309258217 ], [ -57.546383231846626, -25.279249646791644 ], [ -57.546279257216483, -25.278931460688945 ], [ -57.546097502949671, -25.278419311690548 ], [ -57.545998706756791, -25.278303126868668 ], [ -57.545956278994765, -25.278295870968524 ], [ -57.545231495750961, -25.275683185962656 ], [ -57.545202102380138, -25.275534038279435 ], [ -57.545182012048123, -25.275445424614315 ], [ -57.545144806692548, -25.275291538077976 ], [ -57.544323864613922, -25.275040237405211 ], [ -57.543659690963658, -25.274806083923632 ], [ -57.543136839537745, -25.274576495596197 ], [ -57.542638087576286, -25.27431666168 ], [ -57.542550622984194, -25.274488132626121 ], [ -57.542444825202281, -25.274717737509558 ], [ -57.542385853900257, -25.274908320063133 ], [ -57.542394025381917, -25.275785332476438 ], [ -57.542420870709627, -25.27605718493389 ], [ -57.542447733441968, -25.276332922326841 ], [ -57.542475674669781, -25.276476257940061 ], [ -57.542364675257794, -25.276562958537191 ], [ -57.542263281231449, -25.276644286329944 ], [ -57.542197573278195, -25.276699354552061 ], [ -57.54206782838061, -25.276761511326981 ], [ -57.541929765566515, -25.276860106952739 ], [ -57.541826401063091, -25.276922166640194 ], [ -57.541736112695872, -25.276958478194938 ], [ -57.541679628149495, -25.277059683371334 ], [ -57.541595358984743, -25.277157393998955 ], [ -57.541625625748111, -25.277241093366936 ], [ -57.541670819804771, -25.277320207642266 ], [ -57.54165609368814, -25.277370094933943 ], [ -57.541614064595898, -25.277442733905318 ], [ -57.541574637721197, -25.277513763821798 ], [ -57.541542908063015, -25.277582413752501 ], [ -57.541481074438046, -25.277661454162676 ], [ -57.541381439710968, -25.277714933171644 ], [ -57.541304333464922, -25.277749482769551 ], [ -57.541267117777856, -25.277855846183467 ], [ -57.541324241278964, -25.277989276951843 ], [ -57.541399790264492, -25.278028406553659 ], [ -57.541464177657794, -25.278100130475995 ], [ -57.541494768406324, -25.2781993917805 ], [ -57.541487748105808, -25.278315924462163 ], [ -57.541488371699558, -25.278456415811856 ], [ -57.541466413372049, -25.278603843368174 ], [ -57.541440625432045, -25.27873757827459 ], [ -57.541495889904049, -25.278876584119004 ], [ -57.541511362212127, -25.278966049196402 ], [ -57.541517403191925, -25.279053407209961 ], [ -57.541529418631626, -25.279213131779638 ], [ -57.541516745205307, -25.279329685192799 ], [ -57.541522771000906, -25.279413616583717 ], [ -57.54152685918995, -25.279485561726442 ], [ -57.541459580615872, -25.279611738863075 ], [ -57.541424195678118, -25.279706102220629 ], [ -57.541422813186351, -25.279819187518179 ], [ -57.541444242909982, -25.279977164199696 ], [ -57.541437116027453, -25.280069710530803 ], [ -57.541409544147967, -25.280226153666078 ], [ -57.541357214711724, -25.280324005845607 ], [ -57.541274772960989, -25.280430535149911 ], [ -57.541196145459999, -25.280547330438814 ], [ -57.541073063554826, -25.280625738626146 ], [ -57.540950760329721, -25.280667307120122 ], [ -57.540820942228862, -25.280714043066691 ], [ -57.540751401902412, -25.280755418004354 ], [ -57.540727299696755, -25.280844599833717 ], [ -57.54065086335995, -25.281030776938326 ], [ -57.540591314284427, -25.281200615436649 ], [ -57.540573119455445, -25.281347172369525 ], [ -57.54055284656463, -25.281450046829729 ], [ -57.540536532270487, -25.28159574019686 ], [ -57.540551842808121, -25.281737518449173 ], [ -57.540596232225454, -25.281885075343819 ], [ -57.540654306774826, -25.282020216136498 ], [ -57.540685140948604, -25.282174303422977 ], [ -57.540712206364283, -25.282328404509737 ], [ -57.540754605491358, -25.282540702824029 ], [ -57.540819131689354, -25.28264326650141 ], [ -57.540913869603564, -25.282759426084532 ], [ -57.540993509474916, -25.282870500952594 ], [ -57.541026140805478, -25.283002811124909 ], [ -57.541035726896006, -25.283041679762878 ], [ -57.541043327792899, -25.283096976984194 ], [ -57.541050221249456, -25.283147127464886 ], [ -57.541057114712075, -25.283197277944833 ], [ -57.541078567699785, -25.283353349821191 ], [ -57.541094768135466, -25.283606864130839 ], [ -57.541083644218986, -25.283860478636839 ], [ -57.54114168649221, -25.284200362928782 ], [ -57.541158111473273, -25.28450441977925 ], [ -57.541155057177768, -25.284665484535886 ], [ -57.541076692954711, -25.284842245513115 ], [ -57.541018647158431, -25.284926411819356 ], [ -57.540741589505267, -25.285130457781602 ], [ -57.540685359443536, -25.285199197282765 ], [ -57.540623498707788, -25.285273097401991 ], [ -57.540554549981067, -25.285448538599212 ], [ -57.540552672616215, -25.285468192023515 ], [ -57.54054914718008, -25.285505098468359 ], [ -57.540549735721534, -25.28563787981826 ], [ -57.540506878871959, -25.285747690306323 ], [ -57.540591324604996, -25.285879736079753 ], [ -57.540668838735336, -25.28593599210862 ], [ -57.540776595729795, -25.286012697271794 ], [ -57.540895836406762, -25.286129195300127 ], [ -57.540979042275133, -25.286193996969761 ], [ -57.541101784311969, -25.286250086915857 ], [ -57.541171624131081, -25.286275530782842 ], [ -57.541205788098019, -25.286330232191066 ], [ -57.541224914255899, -25.286393555433335 ], [ -57.541225127164118, -25.286441528039205 ], [ -57.541204587937678, -25.286484436766443 ], [ -57.541163281350876, -25.286518854992057 ], [ -57.541146503457583, -25.286560036579093 ], [ -57.541113339160489, -25.286730635074395 ], [ -57.541115580963236, -25.286811153605747 ], [ -57.541112032455302, -25.286860853340784 ], [ -57.541108142006841, -25.286883479875023 ], [ -57.541086312880225, -25.287010436163669 ], [ -57.541105591138454, -25.287108025559476 ], [ -57.541124871329707, -25.287206043277767 ], [ -57.541177872901102, -25.287258962252174 ], [ -57.541247789362252, -25.287301539141296 ], [ -57.541274362435878, -25.287344275025511 ], [ -57.541289790149698, -25.287423460166245 ], [ -57.541324099007873, -25.28751071436686 ], [ -57.541317002130413, -25.287610113835079 ], [ -57.54129089480066, -25.28767231801838 ], [ -57.541255347817845, -25.287730701825954 ], [ -57.541240712856094, -25.287830128944186 ], [ -57.541250530825252, -25.287919186339568 ], [ -57.54123960021608, -25.288004036518419 ], [ -57.541217290299265, -25.288072651760999 ], [ -57.541277739069237, -25.288104983348838 ], [ -57.541351303374874, -25.288120133436077 ], [ -57.541390976955888, -25.288142261200967 ], [ -57.541474292890612, -25.288231477169475 ], [ -57.541502872498036, -25.28830161899511 ], [ -57.541518389895131, -25.288400935452298 ], [ -57.541543301360178, -25.288493792417139 ], [ -57.541598424102112, -25.288599816810411 ], [ -57.541662802094571, -25.288668113836103 ], [ -57.541715804543756, -25.288721032592409 ], [ -57.541736833011065, -25.288788203757225 ], [ -57.541748398936754, -25.288846414660892 ], [ -57.541752373504437, -25.288892660099002 ], [ -57.541748733867713, -25.288921800152661 ], [ -57.541688543349416, -25.288947721195921 ], [ -57.541635875673265, -25.288970187925525 ], [ -57.541600161070782, -25.288990879063338 ], [ -57.541577645726072, -25.289013235071533 ], [ -57.541568420960715, -25.289057815635758 ], [ -57.54155926847902, -25.28911867261224 ], [ -57.54156518838797, -25.289178617589513 ], [ -57.541563562588109, -25.28923687693241 ], [ -57.541550629623551, -25.289295177783675 ], [ -57.541548889674985, -25.289327737526918 ], [ -57.541565573339348, -25.289371366310714 ], [ -57.541595938877329, -25.289419228198796 ], [ -57.541656441696098, -25.289463552758573 ], [ -57.541713175497662, -25.289507891133002 ], [ -57.541790677247903, -25.289560719885284 ], [ -57.541813466727646, -25.289600042877542 ], [ -57.541832669881572, -25.289680499063632 ], [ -57.541844213104959, -25.289733570031398 ], [ -57.541829418532807, -25.289797017742959 ], [ -57.541805052808932, -25.289827090585749 ], [ -57.541726039337725, -25.289858220780896 ], [ -57.541669594594921, -25.289878988060611 ], [ -57.541645270675467, -25.289918484062905 ], [ -57.541626653628022, -25.289969952448615 ], [ -57.541615567108622, -25.290019679849351 ], [ -57.541630879351466, -25.290072736994169 ], [ -57.541668745198201, -25.290112004650183 ], [ -57.541698090664362, -25.290127222183337 ], [ -57.541731079646418, -25.290144329104876 ], [ -57.541768861806851, -25.290164750364294 ], [ -57.541793475032485, -25.290190359983082 ], [ -57.541818305253564, -25.290264798826925 ], [ -57.541833830802553, -25.290365828522511 ], [ -57.541856871717719, -25.290461690607053 ], [ -57.541874327560166, -25.290572993209675 ], [ -57.541901023423989, -25.290643141845639 ], [ -57.541924209136923, -25.290771556731137 ], [ -57.541962490356461, -25.290904199486111 ], [ -57.54197801611663, -25.291005229154475 ], [ -57.542012410305176, -25.29111132949448 ], [ -57.542043020207601, -25.291214017061673 ], [ -57.542062162849533, -25.291280766745771 ], [ -57.542087001086848, -25.291356918833035 ], [ -57.542104183037395, -25.291406542375629 ], [ -57.542085596440955, -25.291464864033241 ], [ -57.542025579940152, -25.291530191261295 ], [ -57.541939110956157, -25.291580195644833 ], [ -57.541863975931534, -25.291636155013851 ], [ -57.541818936760599, -25.291679153800018 ], [ -57.541813397277579, -25.291704874155595 ], [ -57.541820512692759, -25.291730221513802 ], [ -57.5418516824978, -25.291838373572755 ], [ -57.541889647970308, -25.291899914129107 ], [ -57.541899367801477, -25.291966698442824 ], [ -57.54197251282379, -25.292023420256676 ], [ -57.541981151562176, -25.292028535915485 ], [ -57.542058807730271, -25.292074522072546 ], [ -57.542122981297531, -25.292127940742059 ], [ -57.542209335994343, -25.292192455873199 ], [ -57.542263812731122, -25.292277208580902 ], [ -57.542328205276434, -25.292379809644075 ], [ -57.542419727009857, -25.29250019575208 ], [ -57.542486310269567, -25.292542427374087 ], [ -57.542609421832879, -25.292577744224293 ], [ -57.54273007441703, -25.292613070018096 ], [ -57.54288267480063, -25.292643806928069 ], [ -57.542946849026379, -25.292697225224039 ], [ -57.542974336671321, -25.292795490616811 ], [ -57.54302888391603, -25.292895891992156 ], [ -57.543107902303916, -25.292969376000219 ], [ -57.543172146523425, -25.293038443161098 ], [ -57.543207001647559, -25.293134445768892 ], [ -57.54335986185842, -25.293223306911905 ], [ -57.543421617397826, -25.293285676314795 ], [ -57.543445715348952, -25.293348381362993 ], [ -57.543491235740802, -25.293413320310112 ], [ -57.543658664347618, -25.293503891971071 ], [ -57.543727857209852, -25.293579647448361 ], [ -57.543799529171991, -25.293659864958478 ], [ -57.54383678420853, -25.293742444932462 ], [ -57.543839522522525, -25.293805031731484 ], [ -57.543827516371678, -25.293869908495381 ], [ -57.543805878344017, -25.293921448918862 ], [ -57.543785302524107, -25.293956219769751 ], [ -57.543706508523805, -25.294037036885911 ], [ -57.543629541718111, -25.294104997228413 ], [ -57.543541217560296, -25.294161862718536 ], [ -57.543492439424419, -25.294211729115791 ], [ -57.543419337063852, -25.294301091773615 ], [ -57.543372641983865, -25.294395497115943 ], [ -57.54335034744944, -25.294467539231146 ], [ -57.543343122115395, -25.29453781250033 ], [ -57.543388181482456, -25.294611512336918 ], [ -57.543450097213423, -25.294709650768183 ], [ -57.543512052914892, -25.294816731436217 ], [ -57.543549248318598, -25.29488589806898 ], [ -57.543544589300069, -25.294944040919138 ], [ -57.543513425957151, -25.295008779939653 ], [ -57.543449669846837, -25.295080974840154 ], [ -57.543400929499896, -25.295139407731153 ], [ -57.543348542058069, -25.295225267366845 ], [ -57.54332644591522, -25.295341855394994 ], [ -57.543304502456273, -25.295492709511866 ], [ -57.543305235535342, -25.295657186756788 ], [ -57.543305999166186, -25.2958285172163 ], [ -57.543313888954501, -25.295907301457405 ], [ -57.543242350353957, -25.295953168733362 ], [ -57.543218912250673, -25.296005353305461 ], [ -57.543224498537541, -25.296102779221542 ], [ -57.543216361313, -25.296160029897663 ], [ -57.543141403455316, -25.296209256501573 ], [ -57.543202982629111, -25.296330178269198 ], [ -57.544164883715474, -25.297451813351923 ], [ -57.545187338151685, -25.29872452562255 ], [ -57.545209531661378, -25.298712517995714 ] ] ] ] } },
{ "type": "Feature", "properties": { "DPTO": "00", "DPTO_DESC": "ASUNCIÓN", "DISTRITO": "00", "DIST_DESC": "ASUNCIÓN", "AREA": "1", "BAR_LOC": "047", "BARLO_DESC": "SANTA MARIA", "CLAVE_BAR": "00001047", "CLV_AREA": "00001", "CLAVE": "0000", "nombre": "Santa Maria", "fuente": "INE Cartografía Censal 2022" }, "geometry": { "type": "MultiPolygon", "coordinates": [ [ [ [ -57.550332056431991, -25.293404054036642 ], [ -57.55029161051668, -25.293166651717105 ], [ -57.550129198005024, -25.29333598234799 ], [ -57.54954068801603, -25.293939003850348 ], [ -57.549090921865705, -25.294399854677494 ], [ -57.548657884452453, -25.294843559889511 ], [ -57.547717524760834, -25.295926195768171 ], [ -57.546565481750257, -25.297226341534646 ], [ -57.545311053196343, -25.29863275850278 ], [ -57.545209531661378, -25.298712517995714 ], [ -57.546714401302189, -25.300933990077077 ], [ -57.551334287802277, -25.307793689872724 ], [ -57.552089524244032, -25.308928769554697 ], [ -57.552220831414012, -25.309074832631033 ], [ -57.55246296946968, -25.309354845658174 ], [ -57.553567751626055, -25.309335797075335 ], [ -57.553559288662228, -25.309301557377147 ], [ -57.553489653314095, -25.309025984226672 ], [ -57.553323700390322, -25.308010681057866 ], [ -57.553232728211547, -25.307471874530254 ], [ -57.553213899584001, -25.307360356413916 ], [ -57.553135207106642, -25.306972152114923 ], [ -57.55300810163579, -25.306275272166349 ], [ -57.552955300007575, -25.305941360537368 ], [ -57.552902260694196, -25.305555002312776 ], [ -57.552879587436266, -25.305267597599823 ], [ -57.552817657536373, -25.304805515202609 ], [ -57.552786428406996, -25.304516200019176 ], [ -57.552742387130778, -25.304228875340716 ], [ -57.552567607136879, -25.303384543478579 ], [ -57.552493157973821, -25.302988552673028 ], [ -57.552330423399951, -25.301972264038657 ], [ -57.552256046382944, -25.301591812740988 ], [ -57.552195484245466, -25.301194798407259 ], [ -57.552103521027171, -25.300705632855127 ], [ -57.552012306438023, -25.300381576874599 ], [ -57.551825587624194, -25.299729595733957 ], [ -57.551686468776559, -25.2992075837257 ], [ -57.55161686146289, -25.298935894081236 ], [ -57.551534222973608, -25.298617633117583 ], [ -57.551425091488433, -25.298111048610959 ], [ -57.551181972372795, -25.297270854667993 ], [ -57.551097703130068, -25.296854357660337 ], [ -57.551081434469083, -25.296773950169396 ], [ -57.551006599465438, -25.296290547045501 ], [ -57.550988136018809, -25.295987585867667 ], [ -57.550952824872525, -25.295739077638686 ], [ -57.55087451651552, -25.295432454950046 ], [ -57.550623097048373, -25.294644738202713 ], [ -57.550379438345715, -25.293682166787924 ], [ -57.550332056431991, -25.293404054036642 ] ] ] ] } },
{ "type": "Feature", "properties": { "DPTO": "00", "DPTO_DESC": "ASUNCIÓN", "DISTRITO": "00", "DIST_DESC": "ASUNCIÓN", "AREA": "1", "BAR_LOC": "046", "BARLO_DESC": "LUIS ALBERTO DE HERRERA", "CLAVE_BAR": "00001046", "CLV_AREA": "00001", "CLAVE": "0000", "nombre": "Luis Alberto De Herrera", "fuente": "INE Cartografía Censal 2022" }, "geometry": { "type": "MultiPolygon", "coordinates": [ [ [ [ -57.562468521125446, -25.302347676397638 ], [ -57.562886310819039, -25.30212267266516 ], [ -57.562345968677604, -25.301275872205071 ], [ -57.561812526955215, -25.300442588953807 ], [ -57.561279153000456, -25.29962284899937 ], [ -57.560738544195324, -25.298780558308717 ], [ -57.560177474936083, -25.297942858382179 ], [ -57.559650932615959, -25.297118570796606 ], [ -57.55910914615994, -25.29628530847679 ], [ -57.5585524052293, -25.295438554920288 ], [ -57.557995050293748, -25.294591801385987 ], [ -57.557509945281694, -25.293862168474774 ], [ -57.557002953964769, -25.293028766152393 ], [ -57.556941492121069, -25.293028998227939 ], [ -57.555301684954614, -25.293120969973014 ], [ -57.555233415613117, -25.293125742196779 ], [ -57.553672678234506, -25.29319933727993 ], [ -57.552047143402554, -25.29329121932745 ], [ -57.550903240969312, -25.293354194062807 ], [ -57.550332056431991, -25.293404054036642 ], [ -57.550379438345715, -25.293682166787924 ], [ -57.550623097048373, -25.294644738202713 ], [ -57.55087451651552, -25.295432454950046 ], [ -57.550952824872525, -25.295739077638686 ], [ -57.550988136018809, -25.295987585867667 ], [ -57.551006599465438, -25.296290547045501 ], [ -57.551081434469083, -25.296773950169396 ], [ -57.551097703130068, -25.296854357660337 ], [ -57.551181972372795, -25.297270854667993 ], [ -57.551425091488433, -25.298111048610959 ], [ -57.551534222973608, -25.298617633117583 ], [ -57.55161686146289, -25.298935894081236 ], [ -57.551686468776559, -25.2992075837257 ], [ -57.551825587624194, -25.299729595733957 ], [ -57.552012306438023, -25.300381576874599 ], [ -57.552103521027171, -25.300705632855127 ], [ -57.552195484245466, -25.301194798407259 ], [ -57.552256046382944, -25.301591812740988 ], [ -57.552330423399951, -25.301972264038657 ], [ -57.552493157973821, -25.302988552673028 ], [ -57.552567607136879, -25.303384543478579 ], [ -57.552742387130778, -25.304228875340716 ], [ -57.552786428406996, -25.304516200019176 ], [ -57.552817657536373, -25.304805515202609 ], [ -57.552879587436266, -25.305267597599823 ], [ -57.552902260694196, -25.305555002312776 ], [ -57.552955300007575, -25.305941360537368 ], [ -57.55300810163579, -25.306275272166349 ], [ -57.553135207106642, -25.306972152114923 ], [ -57.553213899584001, -25.307360356413916 ], [ -57.553232728211547, -25.307471874530254 ], [ -57.553798523424646, -25.307139470720877 ], [ -57.554695436695525, -25.306623782992464 ], [ -57.555633712184516, -25.306100999533037 ], [ -57.555750692400807, -25.306035617113505 ], [ -57.557992349078617, -25.304782678008795 ], [ -57.559241590703067, -25.304109692424461 ], [ -57.560452736273284, -25.303459417288167 ], [ -57.56166440938452, -25.302791069417374 ], [ -57.562468521125446, -25.302347676397638 ] ] ] ] } },
{ "type": "Feature", "properties": { "DPTO": "00", "DPTO_DESC": "ASUNCIÓN", "DISTRITO": "00", "DIST_DESC": "ASUNCIÓN", "AREA": "1", "BAR_LOC": "063", "BARLO_DESC": "MBOCAYATY", "CLAVE_BAR": "00001063", "CLV_AREA": "00001", "CLAVE": "0000", "nombre": "Mbocayaty", "fuente": "INE Cartografía Censal 2022" }, "geometry": { "type": "MultiPolygon", "coordinates": [ [ [ [ -57.566481985344311, -25.258672797171371 ], [ -57.566885684770185, -25.258448699775819 ], [ -57.566905050445236, -25.25843775426582 ], [ -57.56702879316456, -25.25836781458041 ], [ -57.567160500824095, -25.258293372890684 ], [ -57.567334494829005, -25.258195030473882 ], [ -57.567479950402422, -25.258112817866152 ], [ -57.567694802740306, -25.257991381211816 ], [ -57.568171091534154, -25.257722175506846 ], [ -57.568472521495409, -25.257561367015018 ], [ -57.568589329133083, -25.257494413995726 ], [ -57.571069111221476, -25.256064626354942 ], [ -57.568489172148247, -25.256061232011767 ], [ -57.568448942712443, -25.256110742906536 ], [ -57.567957061740564, -25.25622849686463 ], [ -57.567001332204107, -25.256264092753081 ], [ -57.566281028280663, -25.256434179607609 ], [ -57.56618297170192, -25.256457333603013 ], [ -57.565703258220559, -25.256487240293112 ], [ -57.559075750821087, -25.256571580453315 ], [ -57.55811404557253, -25.256588884235278 ], [ -57.553537581143104, -25.256715257839428 ], [ -57.551384697269427, -25.256798639182275 ], [ -57.551330054614347, -25.256804153614109 ], [ -57.550336439589195, -25.256904423727327 ], [ -57.548953463123112, -25.257112826289504 ], [ -57.548884646086819, -25.257831251507387 ], [ -57.548821108973833, -25.258124979345027 ], [ -57.548437924848685, -25.259881378337472 ], [ -57.54840889334907, -25.260036464185184 ], [ -57.54815717448276, -25.261202334749388 ], [ -57.547663983462932, -25.2633308498079 ], [ -57.546922528289699, -25.266643278947527 ], [ -57.546815034980206, -25.267171961641765 ], [ -57.546497932338802, -25.268505135137946 ], [ -57.546197003379987, -25.269901250317897 ], [ -57.546708155105122, -25.269614806875843 ], [ -57.546849459208055, -25.269537177251948 ], [ -57.546874016582258, -25.269521920446962 ], [ -57.546886052159927, -25.269515114722413 ], [ -57.547386717329942, -25.269238853893945 ], [ -57.548104895032417, -25.26884233592293 ], [ -57.549170858016261, -25.268236095569133 ], [ -57.550906877643314, -25.267287689666425 ], [ -57.552707457706369, -25.266314695510175 ], [ -57.553687908441852, -25.265782737156421 ], [ -57.554509362116278, -25.26533878309916 ], [ -57.554521208506323, -25.265332381129909 ], [ -57.55758759882842, -25.263654922883738 ], [ -57.558877532509285, -25.262945666546887 ], [ -57.559855138263693, -25.262413678472669 ], [ -57.561307078215776, -25.261577359764743 ], [ -57.561964799865358, -25.26120009214123 ], [ -57.564380908317538, -25.259827271272982 ], [ -57.56557607777232, -25.259177017524529 ], [ -57.565852529753393, -25.259022208714669 ], [ -57.566481985344311, -25.258672797171371 ] ] ] ] } },
{ "type": "Feature", "properties": { "DPTO": "00", "DPTO_DESC": "ASUNCIÓN", "DISTRITO": "00", "DIST_DESC": "ASUNCIÓN", "AREA": "1", "BAR_LOC": "064", "BARLO_DESC": "ÑU GUASU", "CLAVE_BAR": "00001064", "CLV_AREA": "00001", "CLAVE": "0000", "nombre": "Ñu Guasu", "fuente": "INE Cartografía Censal 2022" }, "geometry": { "type": "MultiPolygon", "coordinates": [ [ [ [ -57.548953463123112, -25.257112826289504 ], [ -57.548170606115121, -25.257230790011228 ], [ -57.535910209575192, -25.259288829277519 ], [ -57.53593662650853, -25.259453948242182 ], [ -57.536053066177367, -25.259702167280807 ], [ -57.536176837605709, -25.259917336859125 ], [ -57.536224479799131, -25.260064794861098 ], [ -57.536238217702397, -25.260274536413785 ], [ -57.536209404418777, -25.260523282767561 ], [ -57.536218929887568, -25.260746637200263 ], [ -57.536326400348401, -25.260897762873146 ], [ -57.536489682896558, -25.261110846085181 ], [ -57.536640473825706, -25.261397790002359 ], [ -57.536726618434585, -25.261556762922243 ], [ -57.537036517035453, -25.262078171939656 ], [ -57.537476871887442, -25.262633099326056 ], [ -57.537610406900903, -25.262881254713086 ], [ -57.537782581220583, -25.26317200448824 ], [ -57.537967479076109, -25.263441340042647 ], [ -57.538092557023219, -25.263708950881004 ], [ -57.538187506718621, -25.263926166121081 ], [ -57.538278201576297, -25.264147281827274 ], [ -57.53833435841775, -25.26428693791717 ], [ -57.538459789372254, -25.264634190088778 ], [ -57.53854200915513, -25.26487087660481 ], [ -57.538598320920357, -25.265045497217134 ], [ -57.538633116814111, -25.265185231099277 ], [ -57.538951380469285, -25.265661927335898 ], [ -57.53914880158321, -25.265863227621264 ], [ -57.539247941461227, -25.266061001654602 ], [ -57.539304168988927, -25.266216197145493 ], [ -57.5395483355164, -25.266601864629127 ], [ -57.539741950589935, -25.266908073565677 ], [ -57.539875185707523, -25.267086297348531 ], [ -57.539926953064501, -25.267198773638892 ], [ -57.54004321940176, -25.267404254471309 ], [ -57.540146376558198, -25.267543737808204 ], [ -57.540267457741571, -25.267871578993738 ], [ -57.540426725035687, -25.26813906243278 ], [ -57.540543010340002, -25.268348427774562 ], [ -57.540735174400517, -25.268808098891949 ], [ -57.54088999931232, -25.269036747839731 ], [ -57.541014659051292, -25.269207231874681 ], [ -57.541216430773318, -25.269424053314776 ], [ -57.541426506927692, -25.269586453725864 ], [ -57.541529521012436, -25.269692913868756 ], [ -57.541628254148009, -25.269797447134934 ], [ -57.5416628997733, -25.269902215527591 ], [ -57.541676544994715, -25.270088646386739 ], [ -57.541720253144497, -25.270309932081123 ], [ -57.541755209436246, -25.270484629647108 ], [ -57.541803130056351, -25.270692302273289 ], [ -57.541829782981956, -25.270921420553993 ], [ -57.54194610792387, -25.27113855453889 ], [ -57.542087947858093, -25.271328399582714 ], [ -57.542186958989383, -25.27149509170356 ], [ -57.542294411954252, -25.271638442624287 ], [ -57.542414760612886, -25.271799228651645 ], [ -57.542471064014613, -25.271969962524199 ], [ -57.542497131296351, -25.272066992165769 ], [ -57.542485384330419, -25.272307906456863 ], [ -57.54257374087166, -25.272521572834226 ], [ -57.54265022745097, -25.272915427464248 ], [ -57.542703649488701, -25.273164397351831 ], [ -57.542727057090922, -25.273386295805224 ], [ -57.542726109422546, -25.273595876017019 ], [ -57.542786963291817, -25.273828753250161 ], [ -57.542779351202029, -25.274038572160286 ], [ -57.542663143770945, -25.274266975855646 ], [ -57.542638087576286, -25.27431666168 ], [ -57.543136839537745, -25.274576495596197 ], [ -57.543659690963658, -25.274806083923632 ], [ -57.544323864613922, -25.275040237405211 ], [ -57.545144806692548, -25.275291538077976 ], [ -57.545176470074153, -25.275032207213737 ], [ -57.545193486398887, -25.274896783240283 ], [ -57.545534107743627, -25.273228500194346 ], [ -57.545741987198923, -25.272180807996651 ], [ -57.545974428567156, -25.271130407241778 ], [ -57.546197003379987, -25.269901250317897 ], [ -57.546497932338802, -25.268505135137946 ], [ -57.546815034980206, -25.267171961641765 ], [ -57.546922528289699, -25.266643278947527 ], [ -57.547663983462932, -25.2633308498079 ], [ -57.54815717448276, -25.261202334749388 ], [ -57.54840889334907, -25.260036464185184 ], [ -57.548437924848685, -25.259881378337472 ], [ -57.548821108973833, -25.258124979345041 ], [ -57.548884646086819, -25.25783125150739 ], [ -57.548953463123112, -25.257112826289504 ] ] ] ] } },
{ "type": "Feature", "properties": { "DPTO": "00", "DPTO_DESC": "ASUNCIÓN", "DISTRITO": "00", "DIST_DESC": "ASUNCIÓN", "AREA": "1", "BAR_LOC": "052", "BARLO_DESC": "SANTA ROSA", "CLAVE_BAR": "00001052", "CLV_AREA": "00001", "CLAVE": "0000", "nombre": "Santa Rosa", "fuente": "INE Cartografía Censal 2022" }, "geometry": { "type": "MultiPolygon", "coordinates": [ [ [ [ -57.580258452787497, -25.251017232888152 ], [ -57.578281524738699, -25.252072207782675 ], [ -57.579112909071924, -25.252645171343765 ], [ -57.579133049652164, -25.252658585589828 ], [ -57.579219107817643, -25.252726029246908 ], [ -57.580022877848322, -25.253327917160789 ], [ -57.580153678273909, -25.253426738710608 ], [ -57.580863151731414, -25.25395112242229 ], [ -57.580915598986358, -25.25399057412989 ], [ -57.581822455186568, -25.254672719531758 ], [ -57.581954006194799, -25.254775907225472 ], [ -57.582022057112098, -25.254821322432004 ], [ -57.583779652831225, -25.256148684095756 ], [ -57.584877711548089, -25.256961339162846 ], [ -57.584904080941968, -25.256980854477284 ], [ -57.584911721321504, -25.256972296472185 ], [ -57.585636652359867, -25.256160292508401 ], [ -57.586357282766819, -25.25537399624238 ], [ -57.586388362543211, -25.255343666368272 ], [ -57.586590002360893, -25.255138407683692 ], [ -57.587173317651214, -25.254586094969255 ], [ -57.58779562147209, -25.253953916103953 ], [ -57.587840662866448, -25.253904542975587 ], [ -57.588115575810605, -25.253603189871129 ], [ -57.588192035382683, -25.253538273600906 ], [ -57.588675570522931, -25.252969670345298 ], [ -57.588691840450196, -25.252950537938716 ], [ -57.588969987762347, -25.252626765471014 ], [ -57.589113519953059, -25.252466389019769 ], [ -57.589487612714166, -25.252008400831251 ], [ -57.589850443161936, -25.251569513430255 ], [ -57.589781084509113, -25.251533193438007 ], [ -57.589698201936315, -25.251489791508142 ], [ -57.589663765277173, -25.251471758533004 ], [ -57.589302185404257, -25.251226907888363 ], [ -57.589230957312509, -25.251180155611966 ], [ -57.589209223274032, -25.251202726811488 ], [ -57.589155877175159, -25.25125812858515 ], [ -57.588821152203003, -25.251559022554488 ], [ -57.588836647952377, -25.251667936400583 ], [ -57.588741572071868, -25.25180913420856 ], [ -57.588729215992608, -25.251835899442934 ], [ -57.588616977834583, -25.251862394918042 ], [ -57.588531087739199, -25.251565188037784 ], [ -57.58841866559704, -25.251368169741635 ], [ -57.588036687025394, -25.250841194334907 ], [ -57.588085254198113, -25.250793536453145 ], [ -57.588032643224153, -25.25062009205956 ], [ -57.587971303947313, -25.250387907227424 ], [ -57.588053859662573, -25.250345997778489 ], [ -57.588385785093749, -25.250177494920568 ], [ -57.588474004282354, -25.250205363282543 ], [ -57.588603552757249, -25.250120055666486 ], [ -57.588779920718878, -25.250009312611645 ], [ -57.588943984240878, -25.249861655749758 ], [ -57.589067031848366, -25.249662729196725 ], [ -57.58917730442527, -25.249400569177865 ], [ -57.589139370970507, -25.249381496621549 ], [ -57.588920436354542, -25.249271418206646 ], [ -57.588742926011463, -25.249165556338411 ], [ -57.588703606314134, -25.24914210719059 ], [ -57.588486810715729, -25.249019850675122 ], [ -57.588321832924841, -25.248849368150747 ], [ -57.588276813482963, -25.248750322803659 ], [ -57.588177173116279, -25.248636929884572 ], [ -57.587849386033348, -25.248330092206587 ], [ -57.587741564492333, -25.248233979116186 ], [ -57.587576532118071, -25.248102232923731 ], [ -57.587090621264537, -25.24780011890434 ], [ -57.586688949309035, -25.247671345265449 ], [ -57.586352136265795, -25.247659516530586 ], [ -57.58640972584972, -25.247591174843571 ], [ -57.586429237456379, -25.247485500435637 ], [ -57.586412838141442, -25.247405457523779 ], [ -57.586344521932553, -25.247352930275461 ], [ -57.586245795585938, -25.247325102300419 ], [ -57.586133132797023, -25.247313260138878 ], [ -57.585759374706193, -25.247437180742999 ], [ -57.585611613241873, -25.247516054072825 ], [ -57.585414093228991, -25.24765520551118 ], [ -57.585343977713009, -25.247729991636902 ], [ -57.585254756263531, -25.247825156221992 ], [ -57.584853296536785, -25.248331062948722 ], [ -57.584583573443879, -25.248602103711761 ], [ -57.580258452787497, -25.251017232888152 ] ] ] ] } },
{ "type": "Feature", "properties": { "DPTO": "00", "DPTO_DESC": "ASUNCIÓN", "DISTRITO": "00", "DIST_DESC": "ASUNCIÓN", "AREA": "1", "BAR_LOC": "065", "BARLO_DESC": "LOMA PYTA", "CLAVE_BAR": "00001065", "CLV_AREA": "00001", "CLAVE": "0000", "nombre": "Loma Pyta", "fuente": "INE Cartografía Censal 2022" }, "geometry": { "type": "MultiPolygon", "coordinates": [ [ [ [ -57.54518613507549, -25.234383635481457 ], [ -57.544905750951735, -25.234474975230761 ], [ -57.544180517925149, -25.234721472784948 ], [ -57.543454640321343, -25.234963453906822 ], [ -57.54209310516778, -25.235433528730407 ], [ -57.54187502051149, -25.235511088366291 ], [ -57.541384923538118, -25.2356799501136 ], [ -57.540997984641926, -25.235812310370747 ], [ -57.539847710830159, -25.236209346590098 ], [ -57.539887491905333, -25.236294991431514 ], [ -57.539898778821879, -25.236316860674965 ], [ -57.54090396482119, -25.238264447747049 ], [ -57.541243758084995, -25.238764398457562 ], [ -57.541753584389625, -25.239403698289131 ], [ -57.542302762435916, -25.239924218753359 ], [ -57.542503730065803, -25.24012152319969 ], [ -57.542517447752303, -25.240134845557652 ], [ -57.542529925281045, -25.240146498803526 ], [ -57.543204608566803, -25.240780086629506 ], [ -57.543188281561953, -25.240793648520956 ], [ -57.542580262170205, -25.241242894629821 ], [ -57.542171731808807, -25.241561784594378 ], [ -57.541754974703764, -25.241887091817031 ], [ -57.541480948767827, -25.24208676838068 ], [ -57.540961046305355, -25.242467955841075 ], [ -57.540897211689241, -25.242503806039995 ], [ -57.540410726242982, -25.242777008463218 ], [ -57.539091844596172, -25.243513301276099 ], [ -57.535823731878473, -25.24531775466756 ], [ -57.534358436489406, -25.246077113086155 ], [ -57.533136696029807, -25.246763333869286 ], [ -57.533054429765073, -25.246754600248643 ], [ -57.531985900106179, -25.247364674776321 ], [ -57.531120483120901, -25.248295890373289 ], [ -57.531166275572829, -25.248307546886444 ], [ -57.531333161619685, -25.248372992203972 ], [ -57.531521119320438, -25.248372315907076 ], [ -57.531726079526322, -25.248352152986339 ], [ -57.531935497508179, -25.24837470910877 ], [ -57.532213771594151, -25.248513567864922 ], [ -57.532511396308209, -25.248681494075946 ], [ -57.532725628907954, -25.248828352802061 ], [ -57.532850120621738, -25.248967764937174 ], [ -57.533025941915355, -25.249122531855221 ], [ -57.53318038771539, -25.249273490690527 ], [ -57.533288030649715, -25.24946735373106 ], [ -57.533378637582956, -25.249672933310233 ], [ -57.533563678745992, -25.249982096325301 ], [ -57.533615857059644, -25.250191699596449 ], [ -57.533680969882461, -25.250428451331882 ], [ -57.533685869761392, -25.250572179841967 ], [ -57.533678089908882, -25.250747034431278 ], [ -57.533687295606015, -25.250898517440728 ], [ -57.533662275544415, -25.251038469028632 ], [ -57.533628601380087, -25.251153199169242 ], [ -57.53362916148496, -25.251281403218758 ], [ -57.533625687344241, -25.251464012296928 ], [ -57.533630264733063, -25.251533926339995 ], [ -57.533579799899385, -25.251716705199559 ], [ -57.533559255105345, -25.251903260975318 ], [ -57.533530471933105, -25.252159777085588 ], [ -57.533510635501244, -25.252508530369823 ], [ -57.533532673880956, -25.252663852024838 ], [ -57.533533284836516, -25.252803710961413 ], [ -57.533556002183332, -25.25311443141689 ], [ -57.533612335048069, -25.25329682435359 ], [ -57.533725281431472, -25.253725712142973 ], [ -57.533811739302863, -25.253958501502293 ], [ -57.533872361910689, -25.254144763833253 ], [ -57.533988418431498, -25.254307515503861 ], [ -57.534087353374865, -25.2544625589404 ], [ -57.53418639053141, -25.254640912117608 ], [ -57.534380580471748, -25.255086016743448 ], [ -57.53448850265292, -25.255342038138302 ], [ -57.534600595269289, -25.255574734162174 ], [ -57.534674342164699, -25.255830879117113 ], [ -57.53477380664517, -25.256106356033627 ], [ -57.534932224914037, -25.256430182173361 ], [ -57.535052948627659, -25.256682271673423 ], [ -57.535182693722007, -25.257043109171445 ], [ -57.535281700571225, -25.257213691557514 ], [ -57.535367985146507, -25.257405687655439 ], [ -57.535467043664816, -25.257587924799939 ], [ -57.535497646790617, -25.257747099980723 ], [ -57.535536862348053, -25.257921784027204 ], [ -57.535563500269113, -25.258150904073251 ], [ -57.535598392827502, -25.258313948687178 ], [ -57.535788713948719, -25.258848420772317 ], [ -57.535857715905266, -25.258995801413839 ], [ -57.535872196222584, -25.259057134226744 ], [ -57.535880647889726, -25.259102382876666 ], [ -57.535890284855377, -25.259164289554523 ], [ -57.535900921083133, -25.259230771470008 ], [ -57.53590347080474, -25.259246708534988 ], [ -57.535910142716496, -25.25928841137679 ], [ -57.535910209575192, -25.259288829277519 ], [ -57.548170606115121, -25.257230790011228 ], [ -57.548953463123112, -25.257112826289504 ], [ -57.550336439589195, -25.256904423727327 ], [ -57.551330054614347, -25.256804153614109 ], [ -57.551384697269427, -25.256798639182275 ], [ -57.553537581143104, -25.256715257839428 ], [ -57.55811404557253, -25.256588884235278 ], [ -57.559075750821087, -25.256571580453315 ], [ -57.565703258220559, -25.256487240293112 ], [ -57.56618297170192, -25.256457333603013 ], [ -57.566281028280663, -25.256434179607609 ], [ -57.567001332204107, -25.256264092753081 ], [ -57.567957061740564, -25.25622849686463 ], [ -57.568448942712443, -25.256110742906536 ], [ -57.568489172148247, -25.256061232011767 ], [ -57.571069111221476, -25.256064626354942 ], [ -57.575153103995753, -25.253684689870418 ], [ -57.578281524738699, -25.252072207782675 ], [ -57.580258452787497, -25.251017232888152 ], [ -57.579357570841118, -25.249336173544467 ], [ -57.577876674064541, -25.246498486364892 ], [ -57.577884078580666, -25.246371012670942 ], [ -57.577915331417024, -25.246279672734889 ], [ -57.577977055705695, -25.246200993859865 ], [ -57.578066437197791, -25.246134756697241 ], [ -57.578228144258048, -25.246043136407444 ], [ -57.580248542437857, -25.244913378908027 ], [ -57.58028201795117, -25.244852246557429 ], [ -57.580336646864325, -25.244732807164617 ], [ -57.580369690884922, -25.244560063106508 ], [ -57.58036402176981, -25.244442350434127 ], [ -57.579883720918573, -25.24292370942214 ], [ -57.579825282454159, -25.242681921412437 ], [ -57.579805700003178, -25.2424261641961 ], [ -57.579642478366139, -25.240272849382904 ], [ -57.579614117977123, -25.240008366900749 ], [ -57.579555191127469, -25.239825976749646 ], [ -57.579446806351797, -25.239671282392091 ], [ -57.579296250907049, -25.239517541515152 ], [ -57.578783899809395, -25.239177474144789 ], [ -57.578502485760481, -25.23898216288228 ], [ -57.578253343381981, -25.238703373177195 ], [ -57.578106743897528, -25.238377855299358 ], [ -57.577994322921285, -25.23801517845666 ], [ -57.577885483952208, -25.237195871659388 ], [ -57.57783529312087, -25.237027211054556 ], [ -57.577629175300046, -25.236803357685133 ], [ -57.577367266193903, -25.23651088985266 ], [ -57.576198797647528, -25.235277368227159 ], [ -57.576010091789975, -25.235101153056352 ], [ -57.575895900357622, -25.235025121636937 ], [ -57.575426393411888, -25.234783699266369 ], [ -57.574067609556572, -25.235217934342327 ], [ -57.572469658833668, -25.235763836000295 ], [ -57.572500629510529, -25.235801487759563 ], [ -57.572876693135107, -25.236258674475806 ], [ -57.571739554857423, -25.236761009743443 ], [ -57.564740397264849, -25.240257672694629 ], [ -57.564740397264849, -25.24025767269465 ], [ -57.564740397264835, -25.240257672694657 ], [ -57.563803124927567, -25.238705685525364 ], [ -57.563781531955016, -25.238665028223945 ], [ -57.56319743239164, -25.238921646794946 ], [ -57.561041145923014, -25.240099304036466 ], [ -57.555500237079336, -25.243046133555517 ], [ -57.554842653077536, -25.241865606120676 ], [ -57.554672232889246, -25.241523824799724 ], [ -57.553762093314838, -25.241968996531483 ], [ -57.553245921265223, -25.242205724310239 ], [ -57.552720769990174, -25.242446999165509 ], [ -57.552167178971324, -25.242661779965378 ], [ -57.551442384102039, -25.242031857335942 ], [ -57.550612810115354, -25.24137120778671 ], [ -57.55044309930571, -25.241236382281659 ], [ -57.55000654545146, -25.240894848076532 ], [ -57.549220607972472, -25.240274665338063 ], [ -57.547919792328329, -25.23925210432677 ], [ -57.547351993429984, -25.239834589041706 ], [ -57.546781394468233, -25.238933648323712 ], [ -57.546472944829873, -25.238162678564002 ], [ -57.546462585303971, -25.238135625265866 ], [ -57.546155727025841, -25.237233705988427 ], [ -57.545917908562892, -25.236549606113034 ], [ -57.545905400679978, -25.236560530191017 ], [ -57.545909039982497, -25.236534750775668 ], [ -57.54518613507549, -25.234383635481457 ] ] ] ] } }
]
}
